{"type":"FeatureCollection","features":[{"type":"Feature","properties":{"_area":5621071261,"OBJECTID_1":1,"OBJECTID":1,"Name_rgn":"25 de Mayo","state":"San Juan","official":1,"country":"Argentina","class":"Indicación Geográfica","altname":null,"gen":3,"color":4,"ppt_yr":322,"ppt_gs":290,"GDD_1":2952,"style":null,"latitude":-31.9903,"elev":null,"climate":null,"GI_area":null,"auv":null,"_bbox":[-68.4107183093597,-32.382029669029734,-67.23988315307925,-31.6947033550251]},"geometry":{"type":"Point","coordinates":[-67.49585,-32.08602]},"tippecanoe":{"minzoom":4}}
,
{"type":"Feature","properties":{"_area":191665119,"OBJECTID_1":2,"OBJECTID":2,"Name_rgn":"9 de Julio","state":"San Juan","official":1,"country":"Argentina","class":"Indicación Geográfica","altname":null,"gen":3,"color":0,"ppt_yr":271,"ppt_gs":248,"GDD_1":2782,"style":null,"latitude":-31.6455,"elev":null,"climate":null,"GI_area":null,"auv":null,"_bbox":[-68.44939096469908,-31.791470234275835,-68.3366541213074,-31.53145299319554]},"geometry":{"type":"Point","coordinates":[-68.39038,-31.63205]},"tippecanoe":{"minzoom":6}}
,
{"type":"Feature","properties":{"_area":791840621,"OBJECTID_1":3,"OBJECTID":4,"Name_rgn":"Abona","state":null,"official":1,"country":"Spain","class":"Denominación de Origen","altname":"D.O.Abona","gen":1,"color":5,"ppt_yr":286,"ppt_gs":66,"GDD_1":2268,"style":null,"latitude":28.1413,"elev":null,"climate":null,"GI_area":null,"auv":null,"_bbox":[-16.802314889972664,27.99787487856633,-16.40704445003049,28.304067628666004]},"geometry":{"type":"Point","coordinates":[-16.60437,28.13004]},"tippecanoe":{"minzoom":5}}
,
{"type":"Feature","properties":{"_area":183446375,"OBJECTID_1":4,"OBJECTID":5,"Name_rgn":"Adamclisi","state":null,"official":1,"country":"Romania","class":"D.O.C.","altname":"D.O.C. Adamclisi","gen":1,"color":5,"ppt_yr":487,"ppt_gs":301,"GDD_1":1876,"style":null,"latitude":44.1209,"elev":null,"climate":null,"GI_area":null,"auv":null,"_bbox":[27.869517999874525,44.03154999271116,28.037325999775376,44.19088599188266]},"geometry":{"type":"Point","coordinates":[27.95354,44.11309]},"tippecanoe":{"minzoom":6}}
,
{"type":"Feature","properties":{"_area":6361575736,"OBJECTID_1":5,"OBJECTID":9,"Name_rgn":"Agenais","state":null,"official":1,"country":"France","class":"Indication géographique protégée","altname":null,"gen":1,"color":4,"ppt_yr":929,"ppt_gs":498,"GDD_1":1699,"style":null,"latitude":44.3673,"elev":null,"climate":null,"GI_area":null,"auv":null,"_bbox":[-0.140688476819264,43.97272944864987,1.078002854170888,44.76395875048336]},"geometry":{"type":"Point","coordinates":[0.33876,44.37414]},"tippecanoe":{"minzoom":4}}
,
{"type":"Feature","properties":{"_area":613731021,"OBJECTID_1":6,"OBJECTID":10,"Name_rgn":"Aiud","state":null,"official":1,"country":"Romania","class":"D.O.C.","altname":"D.O.C. Aiud","gen":1,"color":0,"ppt_yr":612,"ppt_gs":456,"GDD_1":1484,"style":null,"latitude":46.3212,"elev":null,"climate":null,"GI_area":null,"auv":null,"_bbox":[23.55907399963126,46.21008499045725,23.98256599967596,46.45521599107243]},"geometry":{"type":"Point","coordinates":[23.78841,46.33026]},"tippecanoe":{"minzoom":5}}
,
{"type":"Feature","properties":{"_area":1656686308,"OBJECTID_1":7,"OBJECTID":11,"Name_rgn":"Ajaccio","state":null,"official":1,"country":"France","class":"Appellation d'origine protégée","altname":null,"gen":1,"color":2,"ppt_yr":691,"ppt_gs":299,"GDD_1":2061,"style":null,"latitude":41.9756,"elev":null,"climate":null,"GI_area":null,"auv":null,"_bbox":[8.539570923526394,41.69938019758066,8.978441431753252,42.26346592320568]},"geometry":{"type":"Point","coordinates":[8.78601,41.97325]},"tippecanoe":{"minzoom":5}}
,
{"type":"Feature","properties":{"_area":686522251,"OBJECTID_1":8,"OBJECTID":12,"Name_rgn":"Alba Iulia","state":null,"official":1,"country":"Romania","class":"D.O.C.","altname":"D.O.C. Alba Iulia","gen":1,"color":1,"ppt_yr":649,"ppt_gs":479,"GDD_1":1463,"style":null,"latitude":46.1338,"elev":null,"climate":null,"GI_area":null,"auv":null,"_bbox":[23.335499000117263,45.995661991481846,23.79468500012269,46.27507599111854]},"geometry":{"type":"Point","coordinates":[23.52978,46.14628]},"tippecanoe":{"minzoom":5}}
,
{"type":"Feature","properties":{"_area":1158663015,"OBJECTID_1":9,"OBJECTID":13,"Name_rgn":"Albardón","state":"San Juan","official":1,"country":"Argentina","class":"Indicación Geográfica","altname":null,"gen":3,"color":2,"ppt_yr":226,"ppt_gs":206,"GDD_1":2602,"style":null,"latitude":-31.2101,"elev":null,"climate":null,"GI_area":null,"auv":null,"_bbox":[-68.6420912945976,-31.504263420008034,-68.33430309007167,-30.929490455870713]},"geometry":{"type":"Point","coordinates":[-68.45093,-31.25539]},"tippecanoe":{"minzoom":5}}
,
{"type":"Feature","properties":{"_area":214994180,"OBJECTID_1":10,"OBJECTID":14,"Name_rgn":"Alella","state":null,"official":1,"country":"Spain","class":"Denominación de Origen","altname":"D.O.Alella","gen":1,"color":3,"ppt_yr":636,"ppt_gs":384,"GDD_1":2092,"style":null,"latitude":41.5416,"elev":null,"climate":null,"GI_area":null,"auv":null,"_bbox":[2.203950992334468,41.4608231822448,2.426705572177555,41.63628382218832]},"geometry":{"type":"Point","coordinates":[2.34309,41.55472]},"tippecanoe":{"minzoom":6}}
,
{"type":"Feature","properties":{"_area":7639724802,"OBJECTID_1":11,"OBJECTID":15,"Name_rgn":"Alicante","state":null,"official":1,"country":"Spain","class":"Denominación de Origen","altname":"D.O.Alicante","gen":1,"color":2,"ppt_yr":334,"ppt_gs":186,"GDD_1":2360,"style":null,"latitude":38.5289,"elev":null,"climate":null,"GI_area":null,"auv":null,"_bbox":[-1.094162418746541,37.88831577549884,0.234174661725786,38.886931524617154]},"geometry":{"type":"Point","coordinates":[-0.69579,38.43492]},"tippecanoe":{"minzoom":4}}
,
{"type":"Feature","properties":{"_area":2543965143,"OBJECTID_1":12,"OBJECTID":16,"Name_rgn":"Almansa","state":null,"official":1,"country":"Spain","class":"Denominación de Origen","altname":"D.O.Almansa","gen":1,"color":3,"ppt_yr":383,"ppt_gs":223,"GDD_1":2119,"style":null,"latitude":38.8857,"elev":null,"climate":null,"GI_area":null,"auv":null,"_bbox":[-1.819975467514823,38.67985243371143,-0.924537367774395,39.07984166339729]},"geometry":{"type":"Point","coordinates":[-1.54303,38.87633]},"tippecanoe":{"minzoom":5}}
,
{"type":"Feature","properties":{"_area":40204469,"OBJECTID_1":13,"OBJECTID":17,"Name_rgn":"Aloxe-Corton","state":null,"official":1,"country":"France","class":"Appellation d'origine protégée","altname":null,"gen":1,"color":2,"ppt_yr":789,"ppt_gs":482,"GDD_1":1439,"style":null,"latitude":47.0657,"elev":null,"climate":null,"GI_area":null,"auv":null,"_bbox":[4.833937833935138,47.04085324158339,4.96423852698211,47.093788824585815]},"geometry":{"type":"Point","coordinates":[4.89308,47.06773]},"tippecanoe":{"minzoom":6}}
,
{"type":"Feature","properties":{"_area":32592810,"OBJECTID_1":14,"OBJECTID":18,"Name_rgn":"Aloxe-Corton premier cru","state":null,"official":1,"country":"France","class":"Appellation d'origine protégée","altname":null,"gen":1,"color":0,"ppt_yr":789,"ppt_gs":482,"GDD_1":1451,"style":null,"latitude":47.0626,"elev":null,"climate":null,"GI_area":null,"auv":null,"_bbox":[4.851120416126018,47.04085324158339,4.96423852698211,47.093788824585815]},"geometry":{"type":"Point","coordinates":[4.89703,47.06608]},"tippecanoe":{"minzoom":7}}
,
{"type":"Feature","properties":{"_area":819792364,"OBJECTID_1":15,"OBJECTID":19,"Name_rgn":"Alpilles","state":null,"official":1,"country":"France","class":"Indication géographique protégée","altname":null,"gen":1,"color":2,"ppt_yr":696,"ppt_gs":416,"GDD_1":2132,"style":null,"latitude":43.7638,"elev":null,"climate":null,"GI_area":null,"auv":null,"_bbox":[4.628118268675513,43.64795760896392,5.1279087303775,43.91427608551542]},"geometry":{"type":"Point","coordinates":[4.83306,43.79256]},"tippecanoe":{"minzoom":5}}
,
{"type":"Feature","properties":{"_area":4288487518,"OBJECTID_1":16,"OBJECTID":20,"Name_rgn":"Alpine Valleys","state":"Victoria","official":1,"country":"Australia","class":"Region","altname":null,"gen":1,"color":1,"ppt_yr":1031,"ppt_gs":486,"GDD_1":1519,"style":"Prosecco, Pinot Noir, Pinot Gris/Grigio, Chardonnay, Sauvignon Blanc","latitude":-36.6292,"elev":null,"climate":null,"GI_area":null,"auv":241,"_bbox":[146.45191599982684,-36.98277399991183,147.30586299978697,-36.22915699991874]},"geometry":{"type":"Point","coordinates":[146.88466,-36.60302]},"tippecanoe":{"minzoom":4}}
,
{"type":"Feature","properties":{"_area":3336588187,"OBJECTID_1":17,"OBJECTID":21,"Name_rgn":"Alsace","state":null,"official":1,"country":"France","class":"Appellation d'origine protégée","altname":"Vin d'Alsace","gen":1,"color":5,"ppt_yr":804,"ppt_gs":498,"GDD_1":1278,"style":null,"latitude":48.2774,"elev":null,"climate":null,"GI_area":null,"auv":null,"_bbox":[7.050827924263476,47.76758725821196,8.068136473673741,49.05780913199811]},"geometry":{"type":"Point","coordinates":[7.50683,48.4958]},"tippecanoe":{"minzoom":5}}
,
{"type":"Feature","properties":{"_area":1354905194,"OBJECTID_1":18,"OBJECTID":22,"Name_rgn":"Alsace grand cru","state":null,"official":1,"country":"France","class":"Appellation d'origine protégée","altname":null,"gen":1,"color":3,"ppt_yr":801,"ppt_gs":495,"GDD_1":1297,"style":null,"latitude":48.1706,"elev":null,"climate":null,"GI_area":null,"auv":null,"_bbox":[7.050827924263476,47.79020651702449,7.547076995350088,48.64180083200692]},"geometry":{"type":"Point","coordinates":[7.25582,48.01846]},"tippecanoe":{"minzoom":5}}
,
{"type":"Feature","properties":{"_area":298814894,"OBJECTID_1":19,"OBJECTID":23,"Name_rgn":"Alta Mesa","state":"California","official":1,"country":"United States","class":"American Viticultural Area","altname":null,"gen":2,"color":0,"ppt_yr":465,"ppt_gs":83,"GDD_1":2336,"style":null,"latitude":38.3474,"elev":null,"climate":null,"GI_area":null,"auv":null,"_bbox":[-121.40182913877108,38.239086592329976,-121.17139508254965,38.43812707836478]},"geometry":{"type":"Point","coordinates":[-121.2716,38.35144]},"tippecanoe":{"minzoom":6}}
,
{"type":"Feature","properties":{"_area":395315527,"OBJECTID_1":20,"OBJECTID":24,"Name_rgn":"Amarone Valpolicella","state":"Veneto","official":1,"country":"Italy","class":"Denominazione di origine controllata e garantita","altname":null,"gen":5,"color":4,"ppt_yr":815,"ppt_gs":552,"GDD_1":1984,"style":null,"latitude":45.5052,"elev":null,"climate":null,"GI_area":null,"auv":null,"_bbox":[10.81278585558113,45.42277361816695,11.242729900051094,45.58098776313751]},"geometry":{"type":"Point","coordinates":[11.10573,45.49076]},"tippecanoe":{"minzoom":5}}
,
{"type":"Feature","properties":{"_area":772196592,"OBJECTID_1":21,"OBJECTID":25,"Name_rgn":"Ancient Lakes of Columbia Valley","state":"Washington","official":1,"country":"United States","class":"American Viticultural Area","altname":null,"gen":2,"color":1,"ppt_yr":186,"ppt_gs":71,"GDD_1":1627,"style":null,"latitude":47.1307,"elev":null,"climate":null,"GI_area":null,"auv":null,"_bbox":[-120.09543067104842,46.97178388685988,-119.74748633242467,47.27872053327784]},"geometry":{"type":"Point","coordinates":[-119.9012,47.12765]},"tippecanoe":{"minzoom":5}}
,
{"type":"Feature","properties":{"_area":13769511509,"OBJECTID_1":22,"OBJECTID":26,"Name_rgn":"Añelo","state":"Neuquén","official":1,"country":"Argentina","class":"Indicación Geográfica","altname":null,"gen":3,"color":3,"ppt_yr":169,"ppt_gs":96,"GDD_1":1864,"style":null,"latitude":-38.1,"elev":null,"climate":null,"GI_area":null,"auv":null,"_bbox":[-69.88815799515045,-38.68423702528312,-68.24958089512818,-37.69136079771968]},"geometry":{"type":"Point","coordinates":[-68.72802,-38.17859]},"tippecanoe":{"minzoom":4}}
,
{"type":"Feature","properties":{"_area":2945503714,"OBJECTID_1":23,"OBJECTID":27,"Name_rgn":"Angaco","state":"San Juan","official":1,"country":"Argentina","class":"Indicación Geográfica","altname":null,"gen":3,"color":3,"ppt_yr":253,"ppt_gs":233,"GDD_1":2326,"style":null,"latitude":-31.1927,"elev":null,"climate":null,"GI_area":null,"auv":null,"_bbox":[-68.47006370658458,-31.464693871026792,-67.81371262305616,-30.929928284950147]},"geometry":{"type":"Point","coordinates":[-68.1374,-31.18843]},"tippecanoe":{"minzoom":5}}
,
{"type":"Feature","properties":{"_area":5368598707,"OBJECTID_1":24,"OBJECTID":28,"Name_rgn":"Anjou","state":null,"official":1,"country":"France","class":"Appellation d'origine protégée","altname":null,"gen":1,"color":2,"ppt_yr":746,"ppt_gs":391,"GDD_1":1450,"style":null,"latitude":47.2511,"elev":null,"climate":null,"GI_area":null,"auv":null,"_bbox":[-1.354202907556868,46.92463244832523,0.117863873671188,47.68315484819424]},"geometry":{"type":"Point","coordinates":[-0.38272,47.31315]},"tippecanoe":{"minzoom":4}}
,
{"type":"Feature","properties":{"_area":562336021,"OBJECTID_1":25,"OBJECTID":29,"Name_rgn":"Anjou-Coteaux de la Loire","state":null,"official":1,"country":"France","class":"Appellation d'origine protégée","altname":null,"gen":1,"color":0,"ppt_yr":765,"ppt_gs":397,"GDD_1":1427,"style":null,"latitude":47.3695,"elev":null,"climate":null,"GI_area":null,"auv":null,"_bbox":[-1.101885136429395,47.28167932717647,-0.587098167034967,47.46335741967811]},"geometry":{"type":"Point","coordinates":[-0.82937,47.37252]},"tippecanoe":{"minzoom":5}}
,
{"type":"Feature","properties":{"_area":307222093,"OBJECTID_1":26,"OBJECTID":30,"Name_rgn":"Anjou Brissac","state":null,"official":1,"country":"France","class":"Appellation d'origine protégée","altname":null,"gen":1,"color":2,"ppt_yr":739,"ppt_gs":386,"GDD_1":1448,"style":null,"latitude":47.3601,"elev":null,"climate":null,"GI_area":null,"auv":null,"_bbox":[-0.642961149839577,47.26323829381152,-0.289650624254831,47.41886263190517]},"geometry":{"type":"Point","coordinates":[-0.40892,47.34287]},"tippecanoe":{"minzoom":6}}
,
{"type":"Feature","properties":{"_area":5775602549,"OBJECTID_1":27,"OBJECTID":31,"Name_rgn":"Anjou gamay","state":null,"official":1,"country":"France","class":"Appellation d'origine protégée","altname":null,"gen":1,"color":5,"ppt_yr":754,"ppt_gs":394,"GDD_1":1429,"style":null,"latitude":47.299,"elev":null,"climate":null,"GI_area":null,"auv":null,"_bbox":[-1.354202907556868,46.92463244832523,0.117863873671188,47.72524246507005]},"geometry":{"type":"Point","coordinates":[-0.33976,47.3222]},"tippecanoe":{"minzoom":4}}
,
{"type":"Feature","properties":{"_area":2204518134,"OBJECTID_1":28,"OBJECTID":32,"Name_rgn":"Anjou Villages","state":null,"official":1,"country":"France","class":"Appellation d'origine protégée","altname":null,"gen":1,"color":5,"ppt_yr":759,"ppt_gs":395,"GDD_1":1448,"style":null,"latitude":47.2942,"elev":null,"climate":null,"GI_area":null,"auv":null,"_bbox":[-1.101885136429395,46.97526707167658,-0.206268787580409,47.46335741967811]},"geometry":{"type":"Point","coordinates":[-0.45221,47.23314]},"tippecanoe":{"minzoom":5}}
,
{"type":"Feature","properties":{"_area":505065757,"OBJECTID_1":29,"OBJECTID":34,"Name_rgn":"Arabako Txakolina / Txakolí de Álava / Chacolí de Álava","state":null,"official":1,"country":"Spain","class":"Denominación de Origen","altname":"D.O.Arabako Txakolina / Txakolí de Álava / Chacolí de Álava","gen":1,"color":3,"ppt_yr":988,"ppt_gs":495,"GDD_1":1431,"style":null,"latitude":43.0813,"elev":null,"climate":null,"GI_area":null,"auv":null,"_bbox":[-3.18178637699447,42.93659803033719,-2.886050076321505,43.21696902984013]},"geometry":{"type":"Point","coordinates":[-3.03558,43.08609]},"tippecanoe":{"minzoom":5}}
,
{"type":"Feature","properties":{"_area":2961244627,"OBJECTID_1":30,"OBJECTID":35,"Name_rgn":"Arauco","state":"La Rioja","official":1,"country":"Argentina","class":"Indicación Geográfica","altname":null,"gen":3,"color":1,"ppt_yr":284,"ppt_gs":261,"GDD_1":2889,"style":null,"latitude":-28.5334,"elev":null,"climate":null,"GI_area":null,"auv":null,"_bbox":[-67.02334594716656,-28.852306365682846,-66.35101318435336,-28.266170628384344]},"geometry":{"type":"Point","coordinates":[-66.72742,-28.52661]},"tippecanoe":{"minzoom":5}}
,
{"type":"Feature","properties":{"_area":147717514,"OBJECTID_1":31,"OBJECTID":36,"Name_rgn":"Arbois","state":null,"official":1,"country":"France","class":"Appellation d'origine protégée","altname":null,"gen":1,"color":2,"ppt_yr":1135,"ppt_gs":677,"GDD_1":1358,"style":null,"latitude":46.9164,"elev":null,"climate":null,"GI_area":null,"auv":null,"_bbox":[5.659082596504883,46.83503467774498,5.844641630711791,46.97980872897319]},"geometry":{"type":"Point","coordinates":[5.75918,46.91704]},"tippecanoe":{"minzoom":6}}
,
{"type":"Feature","properties":{"_area":610535466,"OBJECTID_1":32,"OBJECTID":37,"Name_rgn":"Arcole","state":"Veneto","official":1,"country":"Italy","class":"Denominazione di origine controllata","altname":null,"gen":5,"color":4,"ppt_yr":848,"ppt_gs":534,"GDD_1":2157,"style":null,"latitude":45.358,"elev":null,"climate":null,"GI_area":null,"auv":null,"_bbox":[11.037960250661218,45.25291240714207,11.564016262799766,45.454073536815294]},"geometry":{"type":"Point","coordinates":[11.39667,45.3531]},"tippecanoe":{"minzoom":5}}
,
{"type":"Feature","properties":{"_area":3193716619,"OBJECTID_1":33,"OBJECTID":38,"Name_rgn":"Ardèche Coteaux de l'Ardèche","state":null,"official":1,"country":"France","class":"Indication géographique protégée","altname":"Coteaux de l'Ardèche","gen":1,"color":1,"ppt_yr":862,"ppt_gs":542,"GDD_1":1621,"style":null,"latitude":44.5489,"elev":null,"climate":null,"GI_area":null,"auv":null,"_bbox":[3.96024492169742,44.264424848398534,4.781589464763923,44.838846962578806]},"geometry":{"type":"Point","coordinates":[4.34675,44.55444]},"tippecanoe":{"minzoom":5}}
,
{"type":"Feature","properties":{"_area":13389531197,"OBJECTID_1":34,"OBJECTID":39,"Name_rgn":"Arkansas Mountain","state":"Arkansas","official":1,"country":"United States","class":"American Viticultural Area","altname":null,"gen":2,"color":0,"ppt_yr":1245,"ppt_gs":756,"GDD_1":2553,"style":null,"latitude":35.4269,"elev":null,"climate":null,"GI_area":null,"auv":null,"_bbox":[-94.3057540408219,35.05222776545705,-92.3884205408299,35.86560146609891]},"geometry":{"type":"Point","coordinates":[-93.52534,35.45852]},"tippecanoe":{"minzoom":4}}
,
{"type":"Feature","properties":{"_area":2798705532,"OBJECTID_1":35,"OBJECTID":40,"Name_rgn":"Arlanza","state":null,"official":1,"country":"Spain","class":"Denominación de Origen","altname":"D.O.Arlanza","gen":1,"color":2,"ppt_yr":430,"ppt_gs":234,"GDD_1":1514,"style":null,"latitude":42.0218,"elev":null,"climate":null,"GI_area":null,"auv":null,"_bbox":[-4.366875826828416,41.832134411455954,-3.372107176604867,42.280831600641385]},"geometry":{"type":"Point","coordinates":[-4.01283,42.067]},"tippecanoe":{"minzoom":5}}
,
{"type":"Feature","properties":{"_area":4673303450,"OBJECTID_1":36,"OBJECTID":41,"Name_rgn":"Arribes","state":null,"official":1,"country":"Spain","class":"Denominación de Origen","altname":"D.O.Arribes","gen":1,"color":3,"ppt_yr":977,"ppt_gs":395,"GDD_1":1713,"style":null,"latitude":41.2397,"elev":null,"climate":null,"GI_area":null,"auv":null,"_bbox":[-6.931360936899144,40.672747851573554,-5.864213626455467,41.70874117071761]},"geometry":{"type":"Point","coordinates":[-6.2176,41.44823]},"tippecanoe":{"minzoom":4}}
,
{"type":"Feature","properties":{"_area":197843623,"OBJECTID_1":37,"OBJECTID":42,"Name_rgn":"Arroyo Grande Valley","state":"California","official":1,"country":"United States","class":"American Viticultural Area","altname":null,"gen":2,"color":5,"ppt_yr":500,"ppt_gs":76,"GDD_1":1570,"style":null,"latitude":35.1482,"elev":null,"climate":null,"GI_area":null,"auv":null,"_bbox":[-120.58898266278388,35.07708829893841,-120.38310115509216,35.21939572712625]},"geometry":{"type":"Point","coordinates":[-120.52283,35.13768]},"tippecanoe":{"minzoom":6}}
,
{"type":"Feature","properties":{"_area":12620947821,"OBJECTID_1":38,"OBJECTID":43,"Name_rgn":"Auckland","state":null,"official":1,"country":"New Zealand","class":"Region","altname":null,"gen":1,"color":0,"ppt_yr":1394,"ppt_gs":686,"GDD_1":1444,"style":null,"latitude":-36.7111,"elev":null,"climate":null,"GI_area":null,"auv":null,"_bbox":[174.16212398243817,-37.29246457397734,175.55101299278346,-35.898836993924185]},"geometry":{"type":"Point","coordinates":[174.86335,-36.6048]},"tippecanoe":{"minzoom":4}}
,
{"type":"Feature","properties":{"_area":307961092,"OBJECTID_1":39,"OBJECTID":44,"Name_rgn":"Aude Côtes de Lastours","state":"Aude","official":1,"country":"France","class":"Indication géographique protégée","altname":"Côtes de Lastours","gen":1,"color":2,"ppt_yr":721,"ppt_gs":385,"GDD_1":1893,"style":null,"latitude":43.299,"elev":null,"climate":null,"GI_area":null,"auv":null,"_bbox":[2.121514071947859,43.22660128241584,2.433528414202632,43.36988395413025]},"geometry":{"type":"Point","coordinates":[2.31797,43.30552]},"tippecanoe":{"minzoom":6}}
,
{"type":"Feature","properties":{"_area":767903845,"OBJECTID_1":40,"OBJECTID":45,"Name_rgn":"Aude Côtes de Prouilhe","state":"Aude","official":1,"country":"France","class":"Indication géographique protégée","altname":"Côtes de Prouilhe","gen":1,"color":1,"ppt_yr":740,"ppt_gs":403,"GDD_1":1845,"style":null,"latitude":43.2052,"elev":null,"climate":null,"GI_area":null,"auv":null,"_bbox":[1.908377988312142,43.06477848619348,2.296365742228538,43.39474997383358]},"geometry":{"type":"Point","coordinates":[2.05725,43.20205]},"tippecanoe":{"minzoom":5}}
,
{"type":"Feature","properties":{"_area":1508283898,"OBJECTID_1":41,"OBJECTID":46,"Name_rgn":"Aude Hauterive","state":"Aude","official":1,"country":"France","class":"Indication géographique protégée","altname":null,"gen":1,"color":2,"ppt_yr":619,"ppt_gs":332,"GDD_1":1914,"style":null,"latitude":43.1166,"elev":null,"climate":null,"GI_area":null,"auv":null,"_bbox":[2.451898641064346,42.84541015445779,3.182089303281352,43.26457821621048]},"geometry":{"type":"Point","coordinates":[2.7585,43.11107]},"tippecanoe":{"minzoom":5}}
,
{"type":"Feature","properties":{"_area":563986872,"OBJECTID_1":42,"OBJECTID":47,"Name_rgn":"Aude La côte rêvée","state":"Aude","official":1,"country":"France","class":"Indication géographique protégée","altname":"La côte rêvée","gen":1,"color":3,"ppt_yr":551,"ppt_gs":293,"GDD_1":2033,"style":null,"latitude":43.0028,"elev":null,"climate":null,"GI_area":null,"auv":null,"_bbox":[2.858912480034712,42.83815011447234,3.149904200075528,43.15864610518061]},"geometry":{"type":"Point","coordinates":[2.97883,43.01036]},"tippecanoe":{"minzoom":5}}
,
{"type":"Feature","properties":{"_area":66667680,"OBJECTID_1":43,"OBJECTID":48,"Name_rgn":"Augusta","state":"Missouri","official":1,"country":"United States","class":"American Viticultural Area","altname":null,"gen":2,"color":2,"ppt_yr":1029,"ppt_gs":697,"GDD_1":2275,"style":null,"latitude":38.5735,"elev":null,"climate":null,"GI_area":null,"auv":null,"_bbox":[-90.96446739596354,38.53414108633668,-90.85295417297323,38.605113055767774]},"geometry":{"type":"Point","coordinates":[-90.92399,38.56907]},"tippecanoe":{"minzoom":6}}
,
{"type":"Feature","properties":{"_area":25062030333,"OBJECTID_1":44,"OBJECTID":49,"Name_rgn":"Avellaneda","state":"Río Negro","official":1,"country":"Argentina","class":"Indicación Geográfica","altname":null,"gen":3,"color":0,"ppt_yr":297,"ppt_gs":189,"GDD_1":2156,"style":null,"latitude":-39.4126,"elev":null,"climate":null,"GI_area":null,"auv":null,"_bbox":[-67.87219950395726,-39.92530989677363,-65.21365855312243,-38.53794350812496]},"geometry":{"type":"Point","coordinates":[-66.42251,-39.25601]},"tippecanoe":{"minzoom":4}}
,
{"type":"Feature","properties":{"_area":253548,"OBJECTID_1":45,"OBJECTID":50,"Name_rgn":"Aylés","state":null,"official":1,"country":"Spain","class":"Vino de Pago","altname":"V.P.Aylés","gen":1,"color":5,"ppt_yr":368,"ppt_gs":244,"GDD_1":1929,"style":null,"latitude":41.3979,"elev":null,"climate":null,"GI_area":null,"auv":null,"_bbox":[-1.072233066729118,41.39313584913228,-1.065137513251766,41.40148775728438]},"geometry":{"type":"Point","coordinates":[-1.0678,41.39934]},"tippecanoe":{"minzoom":9}}
,
{"type":"Feature","properties":{"_area":4484236951,"OBJECTID_1":46,"OBJECTID":51,"Name_rgn":"Babadag","state":null,"official":1,"country":"Romania","class":"D.O.C.","altname":"D.O.C. Babadag","gen":1,"color":1,"ppt_yr":430,"ppt_gs":267,"GDD_1":1844,"style":null,"latitude":44.7884,"elev":null,"climate":null,"GI_area":null,"auv":null,"_bbox":[28.073173999721845,44.4561639924334,29.02927899931848,45.166410991687655]},"geometry":{"type":"Point","coordinates":[28.61696,44.80019]},"tippecanoe":{"minzoom":4}}
,
{"type":"Feature","properties":{"_area":360077770,"OBJECTID_1":47,"OBJECTID":52,"Name_rgn":"Bagnoli Friularo","state":"Veneto","official":1,"country":"Italy","class":"Denominazione di origine controllata","altname":"Friularo di Bagnoli","gen":5,"color":4,"ppt_yr":743,"ppt_gs":465,"GDD_1":2137,"style":null,"latitude":45.2327,"elev":null,"climate":null,"GI_area":null,"auv":null,"_bbox":[11.696556140541375,45.14689006220566,12.021885430514978,45.33242615162394]},"geometry":{"type":"Point","coordinates":[11.85818,45.23748]},"tippecanoe":{"minzoom":6}}
,
{"type":"Feature","properties":{"_area":12315138185,"OBJECTID_1":48,"OBJECTID":53,"Name_rgn":"Banat","state":null,"official":1,"country":"Romania","class":"D.O.C.","altname":"D.O.C. Banat","gen":1,"color":2,"ppt_yr":673,"ppt_gs":434,"GDD_1":1834,"style":null,"latitude":44.7699,"elev":null,"climate":null,"GI_area":null,"auv":null,"_bbox":[21.330619000131804,44.24295899217504,23.248424999590295,45.69356999085893]},"geometry":{"type":"Point","coordinates":[21.7765,45.07345]},"tippecanoe":{"minzoom":4}}
,
{"type":"Feature","properties":{"_area":270999454,"OBJECTID_1":49,"OBJECTID":54,"Name_rgn":"Bandol","state":null,"official":1,"country":"France","class":"Appellation d'origine protégée","altname":null,"gen":1,"color":1,"ppt_yr":633,"ppt_gs":331,"GDD_1":2034,"style":null,"latitude":43.1895,"elev":null,"climate":null,"GI_area":null,"auv":null,"_bbox":[5.671875007697714,43.112422008636216,5.93958937189061,43.26733798236608]},"geometry":{"type":"Point","coordinates":[5.7923,43.18564]},"tippecanoe":{"minzoom":6}}
,
{"type":"Feature","properties":{"_area":1255820524,"OBJECTID_1":50,"OBJECTID":55,"Name_rgn":"Banu Mărăcine","state":null,"official":1,"country":"Romania","class":"D.O.C.","altname":"D.O.C. Banu Mărăcine","gen":1,"color":3,"ppt_yr":632,"ppt_gs":406,"GDD_1":1977,"style":null,"latitude":44.3755,"elev":null,"climate":null,"GI_area":null,"auv":null,"_bbox":[23.217773999700793,44.2149009924147,24.000004999676428,44.55704499254601]},"geometry":{"type":"Point","coordinates":[23.6087,44.41872]},"tippecanoe":{"minzoom":5}}
,
{"type":"Feature","properties":{"_area":94467120,"OBJECTID_1":51,"OBJECTID":56,"Name_rgn":"Banyuls","state":null,"official":1,"country":"France","class":"Appellation d'origine protégée","altname":null,"gen":1,"color":4,"ppt_yr":551,"ppt_gs":317,"GDD_1":1914,"style":null,"latitude":42.4751,"elev":null,"climate":null,"GI_area":null,"auv":null,"_bbox":[3.040459416298845,42.424932487467274,3.17766847368093,42.53418111871573]},"geometry":{"type":"Point","coordinates":[3.10149,42.47572]},"tippecanoe":{"minzoom":6}}
,
{"type":"Feature","properties":{"_area":353700484,"OBJECTID_1":52,"OBJECTID":57,"Name_rgn":"Bardolino","state":"Veneto","official":1,"country":"Italy","class":"Denominazione di origine controllata","altname":null,"gen":5,"color":1,"ppt_yr":782,"ppt_gs":532,"GDD_1":1980,"style":null,"latitude":45.494,"elev":null,"climate":null,"GI_area":null,"auv":null,"_bbox":[10.671102544890374,45.35569116556637,10.852846081047707,45.63257197949603]},"geometry":{"type":"Point","coordinates":[10.76126,45.5424]},"tippecanoe":{"minzoom":6}}
,
{"type":"Feature","properties":{"_area":353700484,"OBJECTID_1":53,"OBJECTID":58,"Name_rgn":"Bardolino Superiore","state":"Veneto","official":1,"country":"Italy","class":"Denominazione di origine controllata e garantita","altname":null,"gen":5,"color":5,"ppt_yr":782,"ppt_gs":532,"GDD_1":1942,"style":null,"latitude":45.494,"elev":null,"climate":null,"GI_area":null,"auv":null,"_bbox":[10.671102544890374,45.35569116556637,10.852846081047707,45.63257197949603]},"geometry":{"type":"Point","coordinates":[10.76126,45.5424]},"tippecanoe":{"minzoom":6}}
,
{"type":"Feature","properties":{"_area":2792197597,"OBJECTID_1":54,"OBJECTID":62,"Name_rgn":"Béarn","state":null,"official":1,"country":"France","class":"Appellation d'origine protégée","altname":null,"gen":1,"color":4,"ppt_yr":1304,"ppt_gs":667,"GDD_1":1660,"style":null,"latitude":43.4021,"elev":null,"climate":null,"GI_area":null,"auv":null,"_bbox":[-1.031087307191777,43.14584443023336,-0.001665766692607,43.63115116646588]},"geometry":{"type":"Point","coordinates":[-0.39886,43.37807]},"tippecanoe":{"minzoom":5}}
,
{"type":"Feature","properties":{"_area":1134854368,"OBJECTID_1":55,"OBJECTID":63,"Name_rgn":"Beaujolais","state":null,"official":1,"country":"France","class":"Appellation d'origine protégée","altname":null,"gen":1,"color":2,"ppt_yr":818,"ppt_gs":527,"GDD_1":1469,"style":null,"latitude":46.0446,"elev":null,"climate":null,"GI_area":null,"auv":null,"_bbox":[4.418791063404027,45.82264812709628,4.811560453458041,46.285803705486856]},"geometry":{"type":"Point","coordinates":[4.58833,45.99372]},"tippecanoe":{"minzoom":5}}
,
{"type":"Feature","properties":{"_area":518298483,"OBJECTID_1":56,"OBJECTID":64,"Name_rgn":"Beaujolais Villages","state":null,"official":1,"country":"France","class":"Appellation d'origine protégée","altname":null,"gen":1,"color":4,"ppt_yr":838,"ppt_gs":533,"GDD_1":1431,"style":null,"latitude":46.1369,"elev":null,"climate":null,"GI_area":null,"auv":null,"_bbox":[4.480048088129943,45.98928676740673,4.797847473914925,46.2742726713708]},"geometry":{"type":"Point","coordinates":[4.62421,46.13011]},"tippecanoe":{"minzoom":5}}
,
{"type":"Feature","properties":{"_area":51023546,"OBJECTID_1":57,"OBJECTID":65,"Name_rgn":"Beaumes de Venise","state":null,"official":1,"country":"France","class":"Appellation d'origine protégée","altname":null,"gen":1,"color":1,"ppt_yr":794,"ppt_gs":485,"GDD_1":2048,"style":null,"latitude":44.1396,"elev":null,"climate":null,"GI_area":null,"auv":null,"_bbox":[4.984916577911045,44.10069592101905,5.084891576185725,44.18773723891152]},"geometry":{"type":"Point","coordinates":[5.04952,44.1381]},"tippecanoe":{"minzoom":6}}
,
{"type":"Feature","properties":{"_area":39473768,"OBJECTID_1":58,"OBJECTID":66,"Name_rgn":"Beaune","state":null,"official":1,"country":"France","class":"Appellation d'origine protégée","altname":null,"gen":1,"color":1,"ppt_yr":798,"ppt_gs":489,"GDD_1":1473,"style":null,"latitude":47.0254,"elev":null,"climate":null,"GI_area":null,"auv":null,"_bbox":[4.78672838334796,46.99552070914177,4.897228527683333,47.05885736950999]},"geometry":{"type":"Point","coordinates":[4.83769,47.02471]},"tippecanoe":{"minzoom":6}}
,
{"type":"Feature","properties":{"_area":436213326,"OBJECTID_1":59,"OBJECTID":67,"Name_rgn":"Beechworth","state":"Victoria","official":1,"country":"Australia","class":"Region","altname":null,"gen":1,"color":4,"ppt_yr":883,"ppt_gs":418,"GDD_1":1664,"style":"Chardonnay, Pinot Noir, Pinot Gris/Grigio, Sangiovese, Shiraz","latitude":-36.3512,"elev":null,"climate":null,"GI_area":null,"auv":127,"_bbox":[146.54310399958916,-36.459231999896986,146.811891999667,-36.25153800029794]},"geometry":{"type":"Point","coordinates":[146.7082,-36.35336]},"tippecanoe":{"minzoom":5}}
,
{"type":"Feature","properties":{"_area":15737287802,"OBJECTID_1":60,"OBJECTID":68,"Name_rgn":"Belén","state":"Catamarca","official":1,"country":"Argentina","class":"Indicación Geográfica","altname":null,"gen":3,"color":5,"ppt_yr":142,"ppt_gs":134,"GDD_1":1278,"style":null,"latitude":-27.1041,"elev":null,"climate":null,"GI_area":null,"auv":null,"_bbox":[-67.3617457748298,-28.053970013962388,-66.44942475830084,-25.917021205228718]},"geometry":{"type":"Point","coordinates":[-66.89222,-26.80933]},"tippecanoe":{"minzoom":4}}
,
{"type":"Feature","properties":{"_area":27757983,"OBJECTID_1":61,"OBJECTID":69,"Name_rgn":"Bell Mountain","state":"Texas","official":1,"country":"United States","class":"American Viticultural Area","altname":null,"gen":2,"color":1,"ppt_yr":782,"ppt_gs":549,"GDD_1":2998,"style":null,"latitude":30.4116,"elev":null,"climate":null,"GI_area":null,"auv":null,"_bbox":[-98.75000829292543,30.38273720194909,-98.69876586934487,30.44665685971496]},"geometry":{"type":"Point","coordinates":[-98.72479,30.41036]},"tippecanoe":{"minzoom":7}}
,
{"type":"Feature","properties":{"_area":107277700,"OBJECTID_1":62,"OBJECTID":70,"Name_rgn":"Bellet","state":null,"official":1,"country":"France","class":"Appellation d'origine protégée","altname":null,"gen":1,"color":2,"ppt_yr":761,"ppt_gs":391,"GDD_1":2118,"style":null,"latitude":43.7123,"elev":null,"climate":null,"GI_area":null,"auv":null,"_bbox":[7.18189318602515,43.645098853586106,7.32342347948702,43.760845152358094]},"geometry":{"type":"Point","coordinates":[7.2357,43.71066]},"tippecanoe":{"minzoom":6}}
,
{"type":"Feature","properties":{"_area":172613552,"OBJECTID_1":63,"OBJECTID":71,"Name_rgn":"Ben Lomond Mountain","state":"California","official":1,"country":"United States","class":"American Viticultural Area","altname":null,"gen":2,"color":4,"ppt_yr":940,"ppt_gs":152,"GDD_1":1394,"style":null,"latitude":37.081,"elev":null,"climate":null,"GI_area":null,"auv":null,"_bbox":[-122.24288276139197,36.996878570048,-122.05162957250045,37.16192334930147]},"geometry":{"type":"Point","coordinates":[-122.1739,37.09165]},"tippecanoe":{"minzoom":6}}
,
{"type":"Feature","properties":{"_area":8020994697,"OBJECTID_1":64,"OBJECTID":72,"Name_rgn":"Bendigo","state":"Victoria","official":1,"country":"Australia","class":"Region","altname":null,"gen":1,"color":3,"ppt_yr":495,"ppt_gs":245,"GDD_1":1758,"style":"Shiraz, Cabernet Sauvignon, Merlot, Pinot Noir, Pinot Gris/Grigio","latitude":-36.8109,"elev":null,"climate":null,"GI_area":null,"auv":610,"_bbox":[143.45967200260472,-37.26774099650385,144.6652330013451,-36.448100996640335]},"geometry":{"type":"Point","coordinates":[143.96154,-36.85552]},"tippecanoe":{"minzoom":4}}
,
{"type":"Feature","properties":{"_area":5920160,"OBJECTID_1":65,"OBJECTID":73,"Name_rgn":"Benmore Valley","state":"California","official":1,"country":"United States","class":"American Viticultural Area","altname":null,"gen":2,"color":0,"ppt_yr":1138,"ppt_gs":195,"GDD_1":1745,"style":null,"latitude":39.01,"elev":null,"climate":null,"GI_area":null,"auv":null,"_bbox":[-123.04107645925043,38.99661799597742,-123.00185782135615,39.023728736120084]},"geometry":{"type":"Point","coordinates":[-123.01778,39.00721]},"tippecanoe":{"minzoom":7}}
,
{"type":"Feature","properties":{"_area":5169015972,"OBJECTID_1":66,"OBJECTID":74,"Name_rgn":"Beqaa Valley","state":"Beqaa","official":6,"country":"Lebanon","class":"Region","altname":null,"gen":6,"color":0,"ppt_yr":669,"ppt_gs":102,"GDD_1":2197,"style":null,"latitude":33.9927,"elev":null,"climate":null,"GI_area":null,"auv":null,"_bbox":[35.61356815009394,33.4187424629511,36.60410119614219,34.50014333091834]},"geometry":{"type":"Point","coordinates":[36.1867,33.98994]},"tippecanoe":{"minzoom":4}}
,
{"type":"Feature","properties":{"_area":2042626047,"OBJECTID_1":67,"OBJECTID":75,"Name_rgn":"Bergerac","state":null,"official":1,"country":"France","class":"Appellation d'origine protégée","altname":null,"gen":1,"color":3,"ppt_yr":930,"ppt_gs":489,"GDD_1":1689,"style":null,"latitude":44.8369,"elev":null,"climate":null,"GI_area":null,"auv":null,"_bbox":[-0.034235026344782,44.645082486347825,0.841228088025568,45.02431138034183]},"geometry":{"type":"Point","coordinates":[0.41091,44.82655]},"tippecanoe":{"minzoom":5}}
,
{"type":"Feature","properties":{"_area":192068650,"OBJECTID_1":68,"OBJECTID":77,"Name_rgn":"Bianco di Custoza","state":"Veneto","official":1,"country":"Italy","class":"Denominazione di origine controllata","altname":null,"gen":5,"color":5,"ppt_yr":771,"ppt_gs":519,"GDD_1":2021,"style":null,"latitude":45.4169,"elev":null,"climate":null,"GI_area":null,"auv":null,"_bbox":[10.643611678931565,45.33613024606556,10.852822441880988,45.488108995477425]},"geometry":{"type":"Point","coordinates":[10.77778,45.42043]},"tippecanoe":{"minzoom":6}}
,
{"type":"Feature","properties":{"_area":2029015710,"OBJECTID_1":69,"OBJECTID":78,"Name_rgn":"Bierzo","state":null,"official":1,"country":"Spain","class":"Denominación de Origen","altname":"D.O.Bierzo","gen":1,"color":4,"ppt_yr":1068,"ppt_gs":486,"GDD_1":1345,"style":null,"latitude":42.5956,"elev":null,"climate":null,"GI_area":null,"auv":null,"_bbox":[-6.946328775757582,42.378827110106016,-6.336403095931341,42.84517118014468]},"geometry":{"type":"Point","coordinates":[-6.7045,42.5997]},"tippecanoe":{"minzoom":5}}
,
{"type":"Feature","properties":{"_area":198336041,"OBJECTID_1":70,"OBJECTID":79,"Name_rgn":"Binissalem-Mallorca","state":null,"official":1,"country":"Spain","class":"Denominación de Origen","altname":"D.O.Binissalem","gen":1,"color":5,"ppt_yr":547,"ppt_gs":269,"GDD_1":2365,"style":null,"latitude":39.6541,"elev":null,"climate":null,"GI_area":null,"auv":null,"_bbox":[2.731461791041323,39.58831418368979,2.956793611383353,39.71849485393552]},"geometry":{"type":"Point","coordinates":[2.84384,39.65188]},"tippecanoe":{"minzoom":6}}
,
{"type":"Feature","properties":{"_area":3116086614,"OBJECTID_1":71,"OBJECTID":80,"Name_rgn":"Bizkaiko Txakolina / Chacolí de Bizkaia / Txakolí de Bizkaia","state":null,"official":1,"country":"Spain","class":"Denominación de Origen","altname":"D.O.Bizkaiko Txakolina / Chacolí de Bizkaia / Txakolí de Bizkaia","gen":1,"color":3,"ppt_yr":1127,"ppt_gs":561,"GDD_1":1463,"style":null,"latitude":43.2382,"elev":null,"climate":null,"GI_area":null,"auv":null,"_bbox":[-3.450329096575467,42.98187736046996,-2.412603696676502,43.45721024018069]},"geometry":{"type":"Point","coordinates":[-2.88309,43.22047]},"tippecanoe":{"minzoom":5}}
,
{"type":"Feature","properties":{"_area":30741084,"OBJECTID_1":72,"OBJECTID":82,"Name_rgn":"Blagny","state":null,"official":1,"country":"France","class":"Appellation d'origine protégée","altname":null,"gen":1,"color":3,"ppt_yr":799,"ppt_gs":491,"GDD_1":1484,"style":null,"latitude":46.9631,"elev":null,"climate":null,"GI_area":null,"auv":null,"_bbox":[4.731762984598799,46.93461713380617,4.818092661742685,46.992044765889304]},"geometry":{"type":"Point","coordinates":[4.77493,46.96333]},"tippecanoe":{"minzoom":7}}
,
{"type":"Feature","properties":{"_area":739298925,"OBJECTID_1":73,"OBJECTID":83,"Name_rgn":"Blaye","state":null,"official":1,"country":"France","class":"Appellation d'origine protégée","altname":null,"gen":1,"color":0,"ppt_yr":891,"ppt_gs":461,"GDD_1":1652,"style":null,"latitude":45.1851,"elev":null,"climate":null,"GI_area":null,"auv":null,"_bbox":[-0.718798857502807,45.04334886787048,-0.294686082070893,45.342839365673996]},"geometry":{"type":"Point","coordinates":[-0.55852,45.19894]},"tippecanoe":{"minzoom":5}}
,
{"type":"Feature","properties":{"_area":414669424,"OBJECTID_1":74,"OBJECTID":84,"Name_rgn":"Bohotin","state":null,"official":1,"country":"Romania","class":"D.O.C.","altname":"D.O.C. Bohotin","gen":1,"color":4,"ppt_yr":541,"ppt_gs":360,"GDD_1":1555,"style":null,"latitude":46.9124,"elev":null,"climate":null,"GI_area":null,"auv":null,"_bbox":[27.79629399981924,46.819354989578514,28.126557998854867,47.01309098982195]},"geometry":{"type":"Point","coordinates":[27.96846,46.9166]},"tippecanoe":{"minzoom":5}}
,
{"type":"Feature","properties":{"_area":117332446,"OBJECTID_1":75,"OBJECTID":85,"Name_rgn":"Bonnezeaux","state":null,"official":1,"country":"France","class":"Appellation d'origine protégée","altname":null,"gen":1,"color":3,"ppt_yr":756,"ppt_gs":394,"GDD_1":1450,"style":null,"latitude":47.2716,"elev":null,"climate":null,"GI_area":null,"auv":null,"_bbox":[-0.613633939692113,47.207203713673806,-0.465172426957644,47.336246408921106]},"geometry":{"type":"Point","coordinates":[-0.52945,47.27223]},"tippecanoe":{"minzoom":6}}
,
{"type":"Feature","properties":{"_area":70390776,"OBJECTID_1":76,"OBJECTID":86,"Name_rgn":"Bonvillars","state":"Vaud","official":1,"country":"Switzerland","class":"Appellation d'origine contrôlée","altname":null,"gen":3,"color":4,"ppt_yr":1109,"ppt_gs":697,"GDD_1":1280,"style":null,"latitude":46.8396,"elev":null,"climate":null,"GI_area":null,"auv":null,"_bbox":[6.5825658685485,46.780685323771706,6.755261268635272,46.88301023239417]},"geometry":{"type":"Point","coordinates":[6.66331,46.84384]},"tippecanoe":{"minzoom":6}}
,
{"type":"Feature","properties":{"_area":113400815,"OBJECTID_1":77,"OBJECTID":87,"Name_rgn":"Bordeaux Haut-Benauge","state":null,"official":1,"country":"France","class":"Appellation d'origine protégée","altname":null,"gen":1,"color":1,"ppt_yr":897,"ppt_gs":465,"GDD_1":1670,"style":null,"latitude":44.6925,"elev":null,"climate":null,"GI_area":null,"auv":null,"_bbox":[-0.316494572953296,44.62481019717491,-0.162451663865215,44.76872173295199]},"geometry":{"type":"Point","coordinates":[-0.26534,44.71082]},"tippecanoe":{"minzoom":6}}
,
{"type":"Feature","properties":{"_area":314245852,"OBJECTID_1":78,"OBJECTID":88,"Name_rgn":"Borden Ranch","state":"California","official":1,"country":"United States","class":"American Viticultural Area","altname":null,"gen":2,"color":3,"ppt_yr":511,"ppt_gs":96,"GDD_1":2472,"style":null,"latitude":38.319,"elev":null,"climate":null,"GI_area":null,"auv":null,"_bbox":[-121.22648009467376,38.234618075187655,-121.00441405373306,38.42471330240456]},"geometry":{"type":"Point","coordinates":[-121.10581,38.32335]},"tippecanoe":{"minzoom":6}}
,
{"type":"Feature","properties":{"_area":15875836549,"OBJECTID_1":79,"OBJECTID":89,"Name_rgn":"Bourgogne","state":null,"official":1,"country":"France","class":"Appellation d'origine protégée","altname":"Burgundy","gen":1,"color":4,"ppt_yr":802,"ppt_gs":485,"GDD_1":1385,"style":null,"latitude":47.0834,"elev":null,"climate":null,"GI_area":null,"auv":null,"_bbox":[3.498628889915271,46.060504767395244,5.101246130873545,47.97833499245625]},"geometry":{"type":"Point","coordinates":[4.38602,47.38924]},"tippecanoe":{"minzoom":4}}
,
{"type":"Feature","properties":{"_area":14390930908,"OBJECTID_1":80,"OBJECTID":90,"Name_rgn":"Bourgogne aligoté","state":null,"official":1,"country":"France","class":"Appellation d'origine protégée","altname":null,"gen":1,"color":5,"ppt_yr":801,"ppt_gs":483,"GDD_1":1389,"style":null,"latitude":47.125,"elev":null,"climate":null,"GI_area":null,"auv":null,"_bbox":[3.498628889915271,46.172257196285244,5.101246130873545,47.97833499245625]},"geometry":{"type":"Point","coordinates":[4.4044,47.42156]},"tippecanoe":{"minzoom":4}}
,
{"type":"Feature","properties":{"_area":570402599,"OBJECTID_1":81,"OBJECTID":91,"Name_rgn":"Bourgogne Côte Chalonnaise","state":null,"official":1,"country":"France","class":"Appellation d'origine protégée","altname":null,"gen":1,"color":3,"ppt_yr":813,"ppt_gs":498,"GDD_1":1385,"style":null,"latitude":46.7607,"elev":null,"climate":null,"GI_area":null,"auv":null,"_bbox":[4.534227826619719,46.58544352493593,4.826311757010527,46.92443514578895]},"geometry":{"type":"Point","coordinates":[4.68312,46.73434]},"tippecanoe":{"minzoom":5}}
,
{"type":"Feature","properties":{"_area":801279736,"OBJECTID_1":82,"OBJECTID":92,"Name_rgn":"Bourgogne Côte d'Or","state":null,"official":1,"country":"France","class":"Appellation d'origine protégée","altname":null,"gen":1,"color":4,"ppt_yr":806,"ppt_gs":490,"GDD_1":1385,"style":null,"latitude":47.1065,"elev":null,"climate":null,"GI_area":null,"auv":null,"_bbox":[4.635420501143531,46.88025230254642,5.101246130873545,47.37749525996093]},"geometry":{"type":"Point","coordinates":[4.88562,47.11226]},"tippecanoe":{"minzoom":5}}
,
{"type":"Feature","properties":{"_area":148566986,"OBJECTID_1":83,"OBJECTID":93,"Name_rgn":"Bourgogne Côtes d'Auxerre","state":null,"official":1,"country":"France","class":"Appellation d'origine protégée","altname":null,"gen":1,"color":4,"ppt_yr":688,"ppt_gs":412,"GDD_1":1385,"style":null,"latitude":47.7723,"elev":null,"climate":null,"GI_area":null,"auv":null,"_bbox":[3.526639762744253,47.69802050435637,3.721258166454292,47.85232326173782]},"geometry":{"type":"Point","coordinates":[3.61163,47.78301]},"tippecanoe":{"minzoom":6}}
,
{"type":"Feature","properties":{"_area":110294383,"OBJECTID_1":84,"OBJECTID":94,"Name_rgn":"Bourgogne Côtes du Couchois","state":null,"official":1,"country":"France","class":"Appellation d'origine protégée","altname":null,"gen":1,"color":2,"ppt_yr":828,"ppt_gs":503,"GDD_1":1385,"style":null,"latitude":46.8662,"elev":null,"climate":null,"GI_area":null,"auv":null,"_bbox":[4.470412891343135,46.81237566975877,4.645928582807095,46.91736436967606]},"geometry":{"type":"Point","coordinates":[4.57294,46.86897]},"tippecanoe":{"minzoom":6}}
,
{"type":"Feature","properties":{"_area":91700842,"OBJECTID_1":85,"OBJECTID":95,"Name_rgn":"Bourgogne Coulanges-la-Vineuse","state":null,"official":1,"country":"France","class":"Appellation d'origine protégée","altname":null,"gen":1,"color":4,"ppt_yr":710,"ppt_gs":423,"GDD_1":1385,"style":null,"latitude":47.6792,"elev":null,"climate":null,"GI_area":null,"auv":null,"_bbox":[3.498628889915271,47.627264726504876,3.632959996655304,47.74101725237963]},"geometry":{"type":"Point","coordinates":[3.56039,47.6757]},"tippecanoe":{"minzoom":6}}
,
{"type":"Feature","properties":{"_area":428557568,"OBJECTID_1":86,"OBJECTID":96,"Name_rgn":"Bourgogne Hautes Côtes de Beaune","state":null,"official":1,"country":"France","class":"Appellation d'origine protégée","altname":null,"gen":1,"color":1,"ppt_yr":848,"ppt_gs":514,"GDD_1":1385,"style":null,"latitude":47.0121,"elev":null,"climate":null,"GI_area":null,"auv":null,"_bbox":[4.573661328055305,46.88025230254642,4.899915211730019,47.14936505250932]},"geometry":{"type":"Point","coordinates":[4.80808,47.0474]},"tippecanoe":{"minzoom":5}}
,
{"type":"Feature","properties":{"_area":168489227,"OBJECTID_1":87,"OBJECTID":97,"Name_rgn":"Bourgogne Hautes Côtes de Nuits","state":null,"official":1,"country":"France","class":"Appellation d'origine protégée","altname":null,"gen":1,"color":5,"ppt_yr":825,"ppt_gs":500,"GDD_1":1385,"style":null,"latitude":47.1482,"elev":null,"climate":null,"GI_area":null,"auv":null,"_bbox":[4.802572150575352,47.08044630287813,5.015056233384583,47.20772794612412]},"geometry":{"type":"Point","coordinates":[4.89654,47.14359]},"tippecanoe":{"minzoom":6}}
,
{"type":"Feature","properties":{"_area":28537196,"OBJECTID_1":88,"OBJECTID":98,"Name_rgn":"Bourgogne La Chapelle Notre-Dame","state":null,"official":1,"country":"France","class":"Appellation d'origine protégée","altname":null,"gen":1,"color":4,"ppt_yr":783,"ppt_gs":479,"GDD_1":1439,"style":null,"latitude":47.0621,"elev":null,"climate":null,"GI_area":null,"auv":null,"_bbox":[4.866669527855405,47.04085324158339,4.96423852698211,47.093788824585815]},"geometry":{"type":"Point","coordinates":[4.90224,47.06484]},"tippecanoe":{"minzoom":7}}
,
{"type":"Feature","properties":{"_area":63772031,"OBJECTID_1":89,"OBJECTID":99,"Name_rgn":"Bourgogne Montrecul","state":null,"official":1,"country":"France","class":"Appellation d'origine protégée","altname":null,"gen":1,"color":1,"ppt_yr":764,"ppt_gs":465,"GDD_1":1385,"style":null,"latitude":47.323,"elev":null,"climate":null,"GI_area":null,"auv":null,"_bbox":[4.9627113002693,47.28648719228647,5.101246130873545,47.37749525996093]},"geometry":{"type":"Point","coordinates":[5.04625,47.33092]},"tippecanoe":{"minzoom":6}}
,
{"type":"Feature","properties":{"_area":18426513448,"OBJECTID_1":90,"OBJECTID":100,"Name_rgn":"Bourgogne mousseux","state":null,"official":1,"country":"France","class":"Appellation d'origine protégée","altname":null,"gen":1,"color":4,"ppt_yr":805,"ppt_gs":492,"GDD_1":1494,"style":null,"latitude":46.908,"elev":null,"climate":null,"GI_area":null,"auv":null,"_bbox":[3.498628889915271,45.82264812709628,5.101246130873545,47.97833499245625]},"geometry":{"type":"Point","coordinates":[4.4494,47.19442]},"tippecanoe":{"minzoom":4}}
,
{"type":"Feature","properties":{"_area":18426513448,"OBJECTID_1":91,"OBJECTID":101,"Name_rgn":"Bourgogne Passe-tout-grains","state":null,"official":1,"country":"France","class":"Appellation d'origine protégée","altname":null,"gen":1,"color":4,"ppt_yr":805,"ppt_gs":492,"GDD_1":1385,"style":null,"latitude":46.908,"elev":null,"climate":null,"GI_area":null,"auv":null,"_bbox":[3.498628889915271,45.82264812709628,5.101246130873545,47.97833499245625]},"geometry":{"type":"Point","coordinates":[4.4494,47.19442]},"tippecanoe":{"minzoom":4}}
,
{"type":"Feature","properties":{"_area":137772735,"OBJECTID_1":92,"OBJECTID":102,"Name_rgn":"Bourgogne Tonnerre","state":null,"official":1,"country":"France","class":"Appellation d'origine protégée","altname":null,"gen":1,"color":2,"ppt_yr":765,"ppt_gs":440,"GDD_1":1385,"style":null,"latitude":47.8668,"elev":null,"climate":null,"GI_area":null,"auv":null,"_bbox":[3.911895111959257,47.79897580893556,4.079317528889002,47.94237142120281]},"geometry":{"type":"Point","coordinates":[3.98191,47.86451]},"tippecanoe":{"minzoom":6}}
,
{"type":"Feature","properties":{"_area":241545669,"OBJECTID_1":93,"OBJECTID":103,"Name_rgn":"Bourgueil","state":null,"official":1,"country":"France","class":"Appellation d'origine protégée","altname":null,"gen":1,"color":3,"ppt_yr":693,"ppt_gs":375,"GDD_1":1475,"style":null,"latitude":47.2895,"elev":null,"climate":null,"GI_area":null,"auv":null,"_bbox":[0.067925493066125,47.2144439685843,0.368266342289796,47.364420450871684]},"geometry":{"type":"Point","coordinates":[0.17338,47.29646]},"tippecanoe":{"minzoom":6}}
,
{"type":"Feature","properties":{"_area":1187451873,"OBJECTID_1":94,"OBJECTID":104,"Name_rgn":"Breedekloof","state":"Western Cape","official":1,"country":"South Africa","class":"District","altname":null,"gen":1,"color":0,"ppt_yr":562,"ppt_gs":176,"GDD_1":1940,"style":null,"latitude":-33.626,"elev":null,"climate":null,"GI_area":null,"auv":null,"_bbox":[19.086219630178018,-33.89802188385352,19.4630665507043,-33.41053366198938]},"geometry":{"type":"Point","coordinates":[19.27685,-33.62054]},"tippecanoe":{"minzoom":5}}
,
{"type":"Feature","properties":{"_area":167456088,"OBJECTID_1":95,"OBJECTID":105,"Name_rgn":"Breganze","state":"Veneto","official":1,"country":"Italy","class":"Denominazione di origine controllata","altname":null,"gen":5,"color":3,"ppt_yr":1029,"ppt_gs":660,"GDD_1":2067,"style":null,"latitude":45.7205,"elev":null,"climate":null,"GI_area":null,"auv":null,"_bbox":[11.49871824761663,45.648922124734646,11.730801261255042,45.79244747966825]},"geometry":{"type":"Point","coordinates":[11.57328,45.7134]},"tippecanoe":{"minzoom":6}}
,
{"type":"Feature","properties":{"_area":79839945,"OBJECTID_1":96,"OBJECTID":106,"Name_rgn":"Brouilly","state":null,"official":1,"country":"France","class":"Appellation d'origine protégée","altname":null,"gen":1,"color":4,"ppt_yr":805,"ppt_gs":518,"GDD_1":1469,"style":null,"latitude":46.1013,"elev":null,"climate":null,"GI_area":null,"auv":null,"_bbox":[4.578404842387233,46.060504767395244,4.722557198687519,46.14369348724162]},"geometry":{"type":"Point","coordinates":[4.6343,46.1008]},"tippecanoe":{"minzoom":6}}
,
{"type":"Feature","properties":{"_area":595348311,"OBJECTID_1":97,"OBJECTID":107,"Name_rgn":"Brulhois","state":null,"official":1,"country":"France","class":"Appellation d'origine protégée","altname":null,"gen":1,"color":0,"ppt_yr":883,"ppt_gs":486,"GDD_1":1741,"style":null,"latitude":44.0879,"elev":null,"climate":null,"GI_area":null,"auv":null,"_bbox":[0.378224645117984,44.002705166417236,0.922593047885289,44.16501785671902]},"geometry":{"type":"Point","coordinates":[0.78781,44.08006]},"tippecanoe":{"minzoom":5}}
,
{"type":"Feature","properties":{"_area":1925964745,"OBJECTID_1":98,"OBJECTID":108,"Name_rgn":"Bugey","state":null,"official":1,"country":"France","class":"Appellation d'origine protégée","altname":null,"gen":1,"color":2,"ppt_yr":1056,"ppt_gs":641,"GDD_1":1494,"style":null,"latitude":45.8832,"elev":null,"climate":null,"GI_area":null,"auv":null,"_bbox":[5.281393411974938,45.63797653520413,5.831226416634164,46.21694345118947]},"geometry":{"type":"Point","coordinates":[5.60356,45.89142]},"tippecanoe":{"minzoom":5}}
,
{"type":"Feature","properties":{"_area":6459659937,"OBJECTID_1":99,"OBJECTID":109,"Name_rgn":"Bullas","state":null,"official":1,"country":"Spain","class":"Denominación de Origen","altname":"D.O.Bullas","gen":1,"color":1,"ppt_yr":354,"ppt_gs":157,"GDD_1":2251,"style":null,"latitude":37.9556,"elev":null,"climate":null,"GI_area":null,"auv":null,"_bbox":[-2.344411418344053,37.42102431527249,-1.347835369446958,38.381290373970266]},"geometry":{"type":"Point","coordinates":[-1.75456,37.95086]},"tippecanoe":{"minzoom":4}}
,
{"type":"Feature","properties":{"_area":652371318,"OBJECTID_1":100,"OBJECTID":110,"Name_rgn":"Buzet","state":null,"official":1,"country":"France","class":"Appellation d'origine protégée","altname":null,"gen":1,"color":1,"ppt_yr":945,"ppt_gs":507,"GDD_1":1710,"style":null,"latitude":44.2141,"elev":null,"climate":null,"GI_area":null,"auv":null,"_bbox":[0.136146318061636,44.08913953516978,0.547959187248519,44.36553669669364]},"geometry":{"type":"Point","coordinates":[0.27111,44.23274]},"tippecanoe":{"minzoom":5}}
,
{"type":"Feature","properties":{"_area":353721919,"OBJECTID_1":101,"OBJECTID":111,"Name_rgn":"Cabardès","state":null,"official":1,"country":"France","class":"Appellation d'origine protégée","altname":null,"gen":1,"color":5,"ppt_yr":720,"ppt_gs":385,"GDD_1":1872,"style":null,"latitude":43.2911,"elev":null,"climate":null,"GI_area":null,"auv":null,"_bbox":[2.133127782096826,43.21905003494702,2.445453393292491,43.37597304809152]},"geometry":{"type":"Point","coordinates":[2.35993,43.29629]},"tippecanoe":{"minzoom":6}}
,
{"type":"Feature","properties":{"_area":3563105905,"OBJECTID_1":102,"OBJECTID":112,"Name_rgn":"Cachi","state":"Salta","official":1,"country":"Argentina","class":"Indicación Geográfica","altname":null,"gen":3,"color":5,"ppt_yr":160,"ppt_gs":157,"GDD_1":997,"style":null,"latitude":-25.0389,"elev":null,"climate":null,"GI_area":null,"auv":null,"_bbox":[-66.6257015357112,-25.311372993732768,-65.83287766209239,-24.739094981712597]},"geometry":{"type":"Point","coordinates":[-66.14675,-25.01238]},"tippecanoe":{"minzoom":5}}
,
{"type":"Feature","properties":{"_area":210750404,"OBJECTID_1":103,"OBJECTID":113,"Name_rgn":"Cadillac","state":null,"official":1,"country":"France","class":"Appellation d'origine protégée","altname":null,"gen":1,"color":3,"ppt_yr":891,"ppt_gs":461,"GDD_1":1684,"style":null,"latitude":44.6754,"elev":null,"climate":null,"GI_area":null,"auv":null,"_bbox":[-0.458048239680578,44.55932179010208,-0.188147226067466,44.75862358935203]},"geometry":{"type":"Point","coordinates":[-0.34633,44.69829]},"tippecanoe":{"minzoom":6}}
,
{"type":"Feature","properties":{"_area":1933981681,"OBJECTID_1":104,"OBJECTID":114,"Name_rgn":"Cafayate","state":"Salta","official":1,"country":"Argentina","class":"Indicación Geográfica","altname":"Valle de Cafayate","gen":3,"color":2,"ppt_yr":183,"ppt_gs":180,"GDD_1":1568,"style":null,"latitude":-26.1259,"elev":null,"climate":null,"GI_area":null,"auv":null,"_bbox":[-66.1814195627381,-26.35277704071482,-65.616596958431,-25.86685471938521]},"geometry":{"type":"Point","coordinates":[-65.8464,-26.11266]},"tippecanoe":{"minzoom":5}}
,
{"type":"Feature","properties":{"_area":964636016,"OBJECTID_1":105,"OBJECTID":115,"Name_rgn":"Cahors","state":null,"official":1,"country":"France","class":"Appellation d'origine protégée","altname":null,"gen":1,"color":3,"ppt_yr":835,"ppt_gs":473,"GDD_1":1671,"style":null,"latitude":44.4622,"elev":null,"climate":null,"GI_area":null,"auv":null,"_bbox":[0.981519646033116,44.34509560497368,1.591374277205222,44.58827943682438]},"geometry":{"type":"Point","coordinates":[1.3349,44.47049]},"tippecanoe":{"minzoom":5}}
,
{"type":"Feature","properties":{"_area":26403677,"OBJECTID_1":106,"OBJECTID":116,"Name_rgn":"Cairanne","state":null,"official":1,"country":"France","class":"Appellation d'origine protégée","altname":null,"gen":1,"color":3,"ppt_yr":808,"ppt_gs":499,"GDD_1":2036,"style":null,"latitude":44.2301,"elev":null,"climate":null,"GI_area":null,"auv":null,"_bbox":[4.897652009677953,44.198300590901475,4.970474177136962,44.25681527008401]},"geometry":{"type":"Point","coordinates":[4.93468,44.22802]},"tippecanoe":{"minzoom":7}}
,
{"type":"Feature","properties":{"_area":2330259027,"OBJECTID_1":107,"OBJECTID":117,"Name_rgn":"Calatayud","state":null,"official":1,"country":"Spain","class":"Denominación de Origen","altname":"D.O.Calatayud","gen":1,"color":1,"ppt_yr":417,"ppt_gs":262,"GDD_1":1801,"style":null,"latitude":41.314,"elev":null,"climate":null,"GI_area":null,"auv":null,"_bbox":[-2.104315826731688,41.081991721663954,-1.290540307687806,41.558933542050355]},"geometry":{"type":"Point","coordinates":[-1.70329,41.30323]},"tippecanoe":{"minzoom":5}}
,
{"type":"Feature","properties":{"_area":26980103455,"OBJECTID_1":108,"OBJECTID":118,"Name_rgn":"Calingasta","state":"San Juan","official":1,"country":"Argentina","class":"Indicación Geográfica","altname":"Valle de Calingasta","gen":3,"color":4,"ppt_yr":199,"ppt_gs":75,"GDD_1":332,"style":null,"latitude":-31.4553,"elev":null,"climate":null,"GI_area":null,"auv":null,"_bbox":[-70.56929168036292,-32.62636049978622,-69.10230869080486,-30.272036471652836]},"geometry":{"type":"Point","coordinates":[-69.83293,-31.48315]},"tippecanoe":{"minzoom":4}}
,
{"type":"Feature","properties":{"_area":1175116215,"OBJECTID_1":109,"OBJECTID":119,"Name_rgn":"Calitzdorp","state":"Western Cape","official":1,"country":"South Africa","class":"District","altname":null,"gen":1,"color":5,"ppt_yr":252,"ppt_gs":159,"GDD_1":2195,"style":null,"latitude":-33.5593,"elev":null,"climate":null,"GI_area":null,"auv":null,"_bbox":[21.564472197038242,-33.73720549448713,21.975994109091136,-33.396739948778254]},"geometry":{"type":"Point","coordinates":[21.79389,-33.56099]},"tippecanoe":{"minzoom":5}}
,
{"type":"Feature","properties":{"_area":768304490,"OBJECTID_1":110,"OBJECTID":120,"Name_rgn":"Campo de Borja","state":null,"official":1,"country":"Spain","class":"Denominación de Origen","altname":"D.O.Campo de Borja","gen":1,"color":4,"ppt_yr":406,"ppt_gs":248,"GDD_1":1938,"style":null,"latitude":41.7935,"elev":null,"climate":null,"GI_area":null,"auv":null,"_bbox":[-1.743035817153814,41.62092836178565,-1.31736906677315,41.92490499124943]},"geometry":{"type":"Point","coordinates":[-1.49902,41.78657]},"tippecanoe":{"minzoom":5}}
,
{"type":"Feature","properties":{"_area":33931,"OBJECTID_1":111,"OBJECTID":121,"Name_rgn":"Campo de la Guardia","state":null,"official":1,"country":"Spain","class":"Vino de Pago","altname":"V.P.Campo de la Guardia","gen":1,"color":3,"ppt_yr":394,"ppt_gs":200,"GDD_1":2088,"style":null,"latitude":39.777,"elev":null,"climate":null,"GI_area":null,"auv":null,"_bbox":[-3.490147069766086,39.77617258808027,-3.48609864395329,39.7785305036202]},"geometry":{"type":"Point","coordinates":[-3.48784,39.77705]},"tippecanoe":{"minzoom":9}}
,
{"type":"Feature","properties":{"_area":2926625679,"OBJECTID_1":112,"OBJECTID":123,"Name_rgn":"Cangas","state":null,"official":1,"country":"Spain","class":"Vino de Calidad","altname":"V.C.Cangas","gen":1,"color":3,"ppt_yr":1207,"ppt_gs":563,"GDD_1":1055,"style":null,"latitude":43.1741,"elev":null,"climate":null,"GI_area":null,"auv":null,"_bbox":[-6.997171776023461,42.88254278960317,-6.299079375975472,43.45995774972115]},"geometry":{"type":"Point","coordinates":[-6.61317,43.17633]},"tippecanoe":{"minzoom":5}}
,
{"type":"Feature","properties":{"_area":27895392,"OBJECTID_1":113,"OBJECTID":124,"Name_rgn":"Canon Fronsac","state":null,"official":1,"country":"France","class":"Appellation d'origine protégée","altname":null,"gen":1,"color":1,"ppt_yr":884,"ppt_gs":460,"GDD_1":1690,"style":null,"latitude":44.9226,"elev":null,"climate":null,"GI_area":null,"auv":null,"_bbox":[-0.317689564944857,44.88892912087534,-0.24202508750267,44.953328682468694]},"geometry":{"type":"Point","coordinates":[-0.28599,44.92063]},"tippecanoe":{"minzoom":7}}
,
{"type":"Feature","properties":{"_area":1794846907,"OBJECTID_1":114,"OBJECTID":126,"Name_rgn":"Cape Agulhas","state":"Western Cape","official":1,"country":"South Africa","class":"District","altname":"Kaap Agulhas","gen":1,"color":2,"ppt_yr":471,"ppt_gs":193,"GDD_1":1912,"style":null,"latitude":-34.6434,"elev":null,"climate":null,"GI_area":null,"auv":null,"_bbox":[19.29233550742913,-34.833675375062356,20.06489372061488,-34.49519760824478]},"geometry":{"type":"Point","coordinates":[19.82253,-34.65254]},"tippecanoe":{"minzoom":5}}
,
{"type":"Feature","properties":{"_area":625114216,"OBJECTID_1":115,"OBJECTID":127,"Name_rgn":"Cape May Peninsula","state":"New Jersey","official":1,"country":"United States","class":"American Viticultural Area","altname":null,"gen":2,"color":0,"ppt_yr":1121,"ppt_gs":667,"GDD_1":2069,"style":null,"latitude":39.1689,"elev":null,"climate":null,"GI_area":null,"auv":null,"_bbox":[-74.97204028357173,38.930868808806295,-74.62190943207169,39.30822806925397]},"geometry":{"type":"Point","coordinates":[-74.82501,39.20236]},"tippecanoe":{"minzoom":5}}
,
{"type":"Feature","properties":{"_area":2344976516,"OBJECTID_1":116,"OBJECTID":128,"Name_rgn":"Cape Town","state":"Western Cape","official":1,"country":"South Africa","class":"District","altname":"Kaapstad","gen":1,"color":3,"ppt_yr":523,"ppt_gs":144,"GDD_1":2078,"style":null,"latitude":-33.9317,"elev":null,"climate":null,"GI_area":null,"auv":null,"_bbox":[18.308406825942416,-34.358989705565904,18.72811507889122,-33.61660609896622]},"geometry":{"type":"Point","coordinates":[18.52359,-33.99543]},"tippecanoe":{"minzoom":5}}
,
{"type":"Feature","properties":{"_area":876531941,"OBJECTID_1":117,"OBJECTID":129,"Name_rgn":"Cariñena","state":null,"official":1,"country":"Spain","class":"Denominación de Origen","altname":"D.O.Cariñena","gen":1,"color":2,"ppt_yr":381,"ppt_gs":253,"GDD_1":1929,"style":null,"latitude":41.3781,"elev":null,"climate":null,"GI_area":null,"auv":null,"_bbox":[-1.418588077206168,41.22600113194058,-0.956620178022138,41.525040301793304]},"geometry":{"type":"Point","coordinates":[-1.17737,41.37494]},"tippecanoe":{"minzoom":5}}
,
{"type":"Feature","properties":{"_area":112918969,"OBJECTID_1":118,"OBJECTID":130,"Name_rgn":"Carmel Valley","state":"California","official":1,"country":"United States","class":"American Viticultural Area","altname":null,"gen":2,"color":5,"ppt_yr":758,"ppt_gs":123,"GDD_1":1319,"style":null,"latitude":36.422,"elev":null,"climate":null,"GI_area":null,"auv":null,"_bbox":[-121.77098197451585,36.37240688048548,-121.61066794259897,36.48983688120963]},"geometry":{"type":"Point","coordinates":[-121.68245,36.41323]},"tippecanoe":{"minzoom":6}}
,
{"type":"Feature","properties":{"_area":1085788293,"OBJECTID_1":119,"OBJECTID":131,"Name_rgn":"Carnuntum","state":"Lower Austria","official":1,"country":"Austria","class":"Districtus Austriae Controllatus","altname":null,"gen":4,"color":2,"ppt_yr":624,"ppt_gs":436,"GDD_1":1536,"style":"Grüner Veltliner, Chardonnay or Weissburgunder, Zweigelt, Blaufränkisch","latitude":48.0644,"elev":null,"climate":null,"GI_area":null,"auv":906,"_bbox":[16.37558450015972,47.88691199395311,17.06670800020223,48.175643993685746]},"geometry":{"type":"Point","coordinates":[16.59834,48.03184]},"tippecanoe":{"minzoom":5}}
,
{"type":"Feature","properties":{"_area":222988,"OBJECTID_1":120,"OBJECTID":132,"Name_rgn":"Casa del Blanco","state":null,"official":1,"country":"Spain","class":"Vino de Pago","altname":"V.P.Casa del Blanco","gen":1,"color":0,"ppt_yr":396,"ppt_gs":191,"GDD_1":2290,"style":null,"latitude":38.9585,"elev":null,"climate":null,"GI_area":null,"auv":null,"_bbox":[-3.40569846752209,38.954129166192914,-3.399365683433987,38.96326463693197]},"geometry":{"type":"Point","coordinates":[-3.40372,38.95927]},"tippecanoe":{"minzoom":9}}
,
{"type":"Feature","properties":{"_area":36270738,"OBJECTID_1":121,"OBJECTID":133,"Name_rgn":"Cassis","state":null,"official":1,"country":"France","class":"Appellation d'origine protégée","altname":null,"gen":1,"color":2,"ppt_yr":587,"ppt_gs":317,"GDD_1":2030,"style":null,"latitude":43.2231,"elev":null,"climate":null,"GI_area":null,"auv":null,"_bbox":[5.506386413842992,43.1883783046001,5.594331839484433,43.248631795400215]},"geometry":{"type":"Point","coordinates":[5.54922,43.21898]},"tippecanoe":{"minzoom":7}}
,
{"type":"Feature","properties":{"_area":1618222720,"OBJECTID_1":122,"OBJECTID":134,"Name_rgn":"Castro Barros","state":"La Rioja","official":1,"country":"Argentina","class":"Indicación Geográfica","altname":null,"gen":3,"color":2,"ppt_yr":263,"ppt_gs":245,"GDD_1":1959,"style":null,"latitude":-28.8602,"elev":null,"climate":null,"GI_area":null,"auv":null,"_bbox":[-67.14218139642826,-29.174427032159954,-66.73471069316894,-28.603784561004225]},"geometry":{"type":"Point","coordinates":[-66.94203,-28.82068]},"tippecanoe":{"minzoom":5}}
,
{"type":"Feature","properties":{"_area":10144365020,"OBJECTID_1":123,"OBJECTID":136,"Name_rgn":"Caucete","state":"San Juan","official":1,"country":"Argentina","class":"Indicación Geográfica","altname":null,"gen":3,"color":5,"ppt_yr":334,"ppt_gs":304,"GDD_1":2760,"style":null,"latitude":-31.5078,"elev":null,"climate":null,"GI_area":null,"auv":null,"_bbox":[-68.36484633794113,-31.92053602772724,-66.66178829708046,-30.929547204099247]},"geometry":{"type":"Point","coordinates":[-67.68403,-31.37811]},"tippecanoe":{"minzoom":4}}
,
{"type":"Feature","properties":{"_area":713538699,"OBJECTID_1":124,"OBJECTID":137,"Name_rgn":"Cayuga Lake","state":"New York","official":1,"country":"United States","class":"American Viticultural Area","altname":null,"gen":2,"color":1,"ppt_yr":951,"ppt_gs":634,"GDD_1":1496,"style":null,"latitude":42.6996,"elev":null,"climate":null,"GI_area":null,"auv":null,"_bbox":[-76.8215804596254,42.43999389269029,-76.49881535762972,42.96308659813989]},"geometry":{"type":"Point","coordinates":[-76.72009,42.72557]},"tippecanoe":{"minzoom":5}}
,
{"type":"Feature","properties":{"_area":5880854696,"OBJECTID_1":125,"OBJECTID":138,"Name_rgn":"Central Drakensberg","state":"Kwazulu-Natal","official":1,"country":"South Africa","class":"District","altname":"Sentraal Drakensberg","gen":1,"color":0,"ppt_yr":882,"ppt_gs":796,"GDD_1":1861,"style":null,"latitude":-28.8226,"elev":null,"climate":null,"GI_area":null,"auv":null,"_bbox":[28.873480003325852,-29.29608698600432,29.854809068178188,-28.373172076863053]},"geometry":{"type":"Point","coordinates":[29.33674,-28.76433]},"tippecanoe":{"minzoom":4}}
,
{"type":"Feature","properties":{"_area":24549037418,"OBJECTID_1":126,"OBJECTID":139,"Name_rgn":"Central Otago","state":null,"official":1,"country":"New Zealand","class":"Region","altname":null,"gen":1,"color":2,"ppt_yr":1723,"ppt_gs":1023,"GDD_1":684,"style":null,"latitude":-44.9273,"elev":null,"climate":null,"GI_area":null,"auv":null,"_bbox":[168.11639456430956,-45.813156173956706,170.43947997780865,-43.955410950623296]},"geometry":{"type":"Point","coordinates":[169.33735,-44.86796]},"tippecanoe":{"minzoom":4}}
,
{"type":"Feature","properties":{"_area":3481463829,"OBJECTID_1":127,"OBJECTID":140,"Name_rgn":"Ceres Plateau","state":"Western Cape","official":1,"country":"South Africa","class":"District","altname":"Ceres Plato","gen":1,"color":1,"ppt_yr":326,"ppt_gs":112,"GDD_1":1753,"style":null,"latitude":-33.076,"elev":null,"climate":null,"GI_area":null,"auv":null,"_bbox":[19.136877201999603,-33.43486003193202,19.734335860191912,-32.568845867573714]},"geometry":{"type":"Point","coordinates":[19.44903,-33.18106]},"tippecanoe":{"minzoom":5}}
,
{"type":"Feature","properties":{"_area":48041980,"OBJECTID_1":128,"OBJECTID":141,"Name_rgn":"Cérons","state":null,"official":1,"country":"France","class":"Appellation d'origine protégée","altname":null,"gen":1,"color":1,"ppt_yr":873,"ppt_gs":451,"GDD_1":1696,"style":null,"latitude":44.6173,"elev":null,"climate":null,"GI_area":null,"auv":null,"_bbox":[-0.423476164542834,44.57647006615947,-0.319754397422608,44.665353797057634]},"geometry":{"type":"Point","coordinates":[-0.37556,44.61188]},"tippecanoe":{"minzoom":6}}
,
{"type":"Feature","properties":{"_area":5573304775,"OBJECTID_1":129,"OBJECTID":142,"Name_rgn":"Cévennes","state":null,"official":1,"country":"France","class":"Indication géographique protégée","altname":null,"gen":1,"color":5,"ppt_yr":786,"ppt_gs":461,"GDD_1":1751,"style":null,"latitude":44.0819,"elev":null,"climate":null,"GI_area":null,"auv":null,"_bbox":[3.262454335821905,43.77474408119947,4.597401391733002,44.45979754630725]},"geometry":{"type":"Point","coordinates":[4.03381,44.11526]},"tippecanoe":{"minzoom":4}}
,
{"type":"Feature","properties":{"_area":488490984,"OBJECTID_1":130,"OBJECTID":143,"Name_rgn":"Chablais","state":"Vaud","official":1,"country":"Switzerland","class":"Appellation d'origine contrôlée","altname":null,"gen":3,"color":4,"ppt_yr":1314,"ppt_gs":743,"GDD_1":611,"style":null,"latitude":46.3248,"elev":null,"climate":null,"GI_area":null,"auv":null,"_bbox":[6.858848131257721,46.18707178072127,7.229999411285791,46.44326492512407]},"geometry":{"type":"Point","coordinates":[7.062,46.31417]},"tippecanoe":{"minzoom":5}}
,
{"type":"Feature","properties":{"_area":323098135,"OBJECTID_1":131,"OBJECTID":144,"Name_rgn":"Chablis","state":null,"official":1,"country":"France","class":"Appellation d'origine protégée","altname":null,"gen":1,"color":0,"ppt_yr":727,"ppt_gs":426,"GDD_1":1385,"style":null,"latitude":47.8211,"elev":null,"climate":null,"GI_area":null,"auv":null,"_bbox":[3.687575621975519,47.73100753458698,3.9445681027723,47.965217907145245]},"geometry":{"type":"Point","coordinates":[3.78547,47.83256]},"tippecanoe":{"minzoom":6}}
,
{"type":"Feature","properties":{"_area":53078109,"OBJECTID_1":132,"OBJECTID":145,"Name_rgn":"Chablis Grand Cru","state":null,"official":1,"country":"France","class":"Appellation d'origine protégée","altname":null,"gen":1,"color":5,"ppt_yr":714,"ppt_gs":420,"GDD_1":1385,"style":null,"latitude":47.8078,"elev":null,"climate":null,"GI_area":null,"auv":null,"_bbox":[3.73860859616104,47.76320141627184,3.847565359379832,47.84923944205168]},"geometry":{"type":"Point","coordinates":[3.78499,47.80286]},"tippecanoe":{"minzoom":6}}
,
{"type":"Feature","properties":{"_area":161637675,"OBJECTID_1":133,"OBJECTID":146,"Name_rgn":"Chablis premier cru","state":null,"official":1,"country":"France","class":"Appellation d'origine protégée","altname":null,"gen":1,"color":3,"ppt_yr":721,"ppt_gs":424,"GDD_1":1385,"style":null,"latitude":47.8169,"elev":null,"climate":null,"GI_area":null,"auv":null,"_bbox":[3.687575621975519,47.750251684512094,3.893199818932265,47.890993606094405]},"geometry":{"type":"Point","coordinates":[3.78928,47.82117]},"tippecanoe":{"minzoom":6}}
,
{"type":"Feature","properties":{"_area":2505772732,"OBJECTID_1":134,"OBJECTID":147,"Name_rgn":"Chacol","state":null,"official":1,"country":"Spain","class":"Denominación de Origen","altname":"D.O.Getariako Txakolina-Chacolx de Getaria","gen":1,"color":4,"ppt_yr":1191,"ppt_gs":613,"GDD_1":1410,"style":null,"latitude":43.1442,"elev":null,"climate":null,"GI_area":null,"auv":null,"_bbox":[-2.60268371634975,42.89524524082972,-1.729368876268909,43.395908160031446]},"geometry":{"type":"Point","coordinates":[-2.26483,43.12064]},"tippecanoe":{"minzoom":5}}
,
{"type":"Feature","properties":{"_area":42432803,"OBJECTID_1":135,"OBJECTID":148,"Name_rgn":"Chalone","state":"California","official":1,"country":"United States","class":"American Viticultural Area","altname":null,"gen":2,"color":1,"ppt_yr":469,"ppt_gs":83,"GDD_1":1939,"style":null,"latitude":36.475,"elev":null,"climate":null,"GI_area":null,"auv":null,"_bbox":[-121.29633312440458,36.444235480581746,-121.20582705733396,36.50301832303335]},"geometry":{"type":"Point","coordinates":[-121.24536,36.47409]},"tippecanoe":{"minzoom":6}}
,
{"type":"Feature","properties":{"_area":31687583,"OBJECTID_1":136,"OBJECTID":149,"Name_rgn":"Chambertin","state":null,"official":1,"country":"France","class":"Appellation d'origine protégée","altname":null,"gen":1,"color":4,"ppt_yr":796,"ppt_gs":483,"GDD_1":1385,"style":null,"latitude":47.2202,"elev":null,"climate":null,"GI_area":null,"auv":null,"_bbox":[4.923060736216732,47.20035047029626,5.049816512760853,47.2372744851635]},"geometry":{"type":"Point","coordinates":[4.99633,47.21824]},"tippecanoe":{"minzoom":7}}
,
{"type":"Feature","properties":{"_area":31687583,"OBJECTID_1":137,"OBJECTID":150,"Name_rgn":"Chambertin-Clos de Bèze","state":null,"official":1,"country":"France","class":"Appellation d'origine protégée","altname":null,"gen":1,"color":4,"ppt_yr":796,"ppt_gs":483,"GDD_1":1385,"style":null,"latitude":47.2202,"elev":null,"climate":null,"GI_area":null,"auv":null,"_bbox":[4.923060736216732,47.20035047029626,5.049816512760853,47.2372744851635]},"geometry":{"type":"Point","coordinates":[4.99633,47.21824]},"tippecanoe":{"minzoom":7}}
,
{"type":"Feature","properties":{"_area":15484303633,"OBJECTID_1":138,"OBJECTID":151,"Name_rgn":"Champagne","state":null,"official":1,"country":"France","class":"Appellation d'origine protégée","altname":null,"gen":1,"color":1,"ppt_yr":661,"ppt_gs":392,"GDD_1":1297,"style":null,"latitude":48.8769,"elev":null,"climate":null,"GI_area":null,"auv":null,"_bbox":[3.137044259827889,47.92347405874772,4.899759995425338,49.45542891364428]},"geometry":{"type":"Point","coordinates":[4.17642,48.71376]},"tippecanoe":{"minzoom":4}}
,
{"type":"Feature","properties":{"_area":1387315944,"OBJECTID_1":139,"OBJECTID":152,"Name_rgn":"Changhua","state":"Changhua","official":6,"country":"Taiwan","class":"Region","altname":"彰化縣","gen":5,"color":5,"ppt_yr":1542,"ppt_gs":1323,"GDD_1":3451,"style":null,"latitude":23.9595,"elev":null,"climate":null,"GI_area":null,"auv":null,"_bbox":[120.24393421864998,23.772476915071323,120.68413781058887,24.207094797952973]},"geometry":{"type":"Point","coordinates":[120.50029,23.96092]},"tippecanoe":{"minzoom":5}}
,
{"type":"Feature","properties":{"_area":31687583,"OBJECTID_1":140,"OBJECTID":153,"Name_rgn":"Chapelle-Chambertin","state":null,"official":1,"country":"France","class":"Appellation d'origine protégée","altname":null,"gen":1,"color":4,"ppt_yr":796,"ppt_gs":483,"GDD_1":1385,"style":null,"latitude":47.2202,"elev":null,"climate":null,"GI_area":null,"auv":null,"_bbox":[4.923060736216732,47.20035047029626,5.049816512760853,47.2372744851635]},"geometry":{"type":"Point","coordinates":[4.99633,47.21824]},"tippecanoe":{"minzoom":7}}
,
{"type":"Feature","properties":{"_area":17128940311,"OBJECTID_1":141,"OBJECTID":154,"Name_rgn":"Charentais","state":null,"official":1,"country":"France","class":"Indication géographique protégée","altname":null,"gen":1,"color":2,"ppt_yr":847,"ppt_gs":438,"GDD_1":1591,"style":null,"latitude":45.7536,"elev":null,"climate":null,"GI_area":null,"auv":null,"_bbox":[-1.562927522037386,45.08880702612869,0.946027424753257,46.371055164789645]},"geometry":{"type":"Point","coordinates":[-0.18238,45.69049]},"tippecanoe":{"minzoom":4}}
,
{"type":"Feature","properties":{"_area":31687583,"OBJECTID_1":142,"OBJECTID":155,"Name_rgn":"Charmes-Chambertin","state":null,"official":1,"country":"France","class":"Appellation d'origine protégée","altname":null,"gen":1,"color":4,"ppt_yr":796,"ppt_gs":483,"GDD_1":1385,"style":null,"latitude":47.2202,"elev":null,"climate":null,"GI_area":null,"auv":null,"_bbox":[4.923060736216732,47.20035047029626,5.049816512760853,47.2372744851635]},"geometry":{"type":"Point","coordinates":[4.99633,47.21824]},"tippecanoe":{"minzoom":7}}
,
{"type":"Feature","properties":{"_area":2470513318,"OBJECTID_1":143,"OBJECTID":156,"Name_rgn":"Chasselas de Moissac","state":null,"official":1,"country":"France","class":"Appellation d'origine protégée","altname":null,"gen":1,"color":3,"ppt_yr":785,"ppt_gs":447,"GDD_1":1733,"style":null,"latitude":44.2026,"elev":null,"climate":null,"GI_area":null,"auv":null,"_bbox":[0.886631199951274,43.91592434461307,1.692901395407679,44.401183157280734]},"geometry":{"type":"Point","coordinates":[1.37521,44.15145]},"tippecanoe":{"minzoom":5}}
,
{"type":"Feature","properties":{"_area":50590334,"OBJECTID_1":144,"OBJECTID":157,"Name_rgn":"Château-Chalon","state":null,"official":1,"country":"France","class":"Appellation d'origine protégée","altname":null,"gen":1,"color":4,"ppt_yr":1158,"ppt_gs":691,"GDD_1":1356,"style":null,"latitude":46.758,"elev":null,"climate":null,"GI_area":null,"auv":null,"_bbox":[5.560342874272301,46.7255678287466,5.680235151939913,46.784902342015386]},"geometry":{"type":"Point","coordinates":[5.63868,46.75477]},"tippecanoe":{"minzoom":6}}
,
{"type":"Feature","properties":{"_area":322480265,"OBJECTID_1":145,"OBJECTID":158,"Name_rgn":"Châteaumeillant","state":null,"official":1,"country":"France","class":"Appellation d'origine protégée","altname":null,"gen":1,"color":0,"ppt_yr":716,"ppt_gs":449,"GDD_1":1428,"style":null,"latitude":46.5522,"elev":null,"climate":null,"GI_area":null,"auv":null,"_bbox":[2.073203352399359,46.48565480061445,2.493381898552264,46.60399599250612]},"geometry":{"type":"Point","coordinates":[2.16288,46.54575]},"tippecanoe":{"minzoom":6}}
,
{"type":"Feature","properties":{"_area":237251847,"OBJECTID_1":146,"OBJECTID":159,"Name_rgn":"Châteauneuf-du-Pape","state":null,"official":1,"country":"France","class":"Appellation d'origine protégée","altname":null,"gen":1,"color":4,"ppt_yr":757,"ppt_gs":466,"GDD_1":2199,"style":null,"latitude":44.0821,"elev":null,"climate":null,"GI_area":null,"auv":null,"_bbox":[4.727583508060774,43.98194605566332,4.943669113812156,44.187762269767056]},"geometry":{"type":"Point","coordinates":[4.81642,44.1142]},"tippecanoe":{"minzoom":6}}
,
{"type":"Feature","properties":{"_area":259646985,"OBJECTID_1":147,"OBJECTID":160,"Name_rgn":"Châtillon-en-Diois","state":null,"official":1,"country":"France","class":"Appellation d'origine protégée","altname":null,"gen":1,"color":0,"ppt_yr":1016,"ppt_gs":597,"GDD_1":1285,"style":null,"latitude":44.6682,"elev":null,"climate":null,"GI_area":null,"auv":null,"_bbox":[5.325595643452444,44.57079513273172,5.532159446755361,44.786588230627345]},"geometry":{"type":"Point","coordinates":[5.43493,44.6656]},"tippecanoe":{"minzoom":6}}
,
{"type":"Feature","properties":{"_area":359372053,"OBJECTID_1":148,"OBJECTID":161,"Name_rgn":"Chehalem Mountains","state":"Oregon","official":1,"country":"United States","class":"American Viticultural Area","altname":null,"gen":2,"color":4,"ppt_yr":1240,"ppt_gs":369,"GDD_1":1295,"style":null,"latitude":45.3704,"elev":null,"climate":null,"GI_area":null,"auv":null,"_bbox":[-123.12311232049024,45.25883479457656,-122.79976633908576,45.49667821218641]},"geometry":{"type":"Point","coordinates":[-123.03346,45.39402]},"tippecanoe":{"minzoom":6}}
,
{"type":"Feature","properties":{"_area":26195462,"OBJECTID_1":149,"OBJECTID":162,"Name_rgn":"Chénas","state":null,"official":1,"country":"France","class":"Appellation d'origine protégée","altname":null,"gen":1,"color":3,"ppt_yr":814,"ppt_gs":513,"GDD_1":1469,"style":null,"latitude":46.2178,"elev":null,"climate":null,"GI_area":null,"auv":null,"_bbox":[4.678167612777708,46.19682962373902,4.797847473914925,46.233201638917066]},"geometry":{"type":"Point","coordinates":[4.7242,46.21445]},"tippecanoe":{"minzoom":7}}
,
{"type":"Feature","properties":{"_area":696112439,"OBJECTID_1":150,"OBJECTID":163,"Name_rgn":"Cheverny","state":null,"official":1,"country":"France","class":"Appellation d'origine protégée","altname":null,"gen":1,"color":4,"ppt_yr":660,"ppt_gs":377,"GDD_1":1455,"style":null,"latitude":47.5472,"elev":null,"climate":null,"GI_area":null,"auv":null,"_bbox":[1.218300916879485,47.40723037395096,1.728064799157548,47.76097169629159]},"geometry":{"type":"Point","coordinates":[1.43732,47.53643]},"tippecanoe":{"minzoom":5}}
,
{"type":"Feature","properties":{"_area":5554818087,"OBJECTID_1":151,"OBJECTID":164,"Name_rgn":"Chilecito","state":"La Rioja","official":1,"country":"Argentina","class":"Indicación Geográfica","altname":null,"gen":3,"color":4,"ppt_yr":229,"ppt_gs":211,"GDD_1":2073,"style":null,"latitude":-29.3967,"elev":null,"climate":null,"GI_area":null,"auv":null,"_bbox":[-67.85815429687933,-29.818956374964188,-66.97627258326008,-29.013229370297143]},"geometry":{"type":"Point","coordinates":[-67.43798,-29.32954]},"tippecanoe":{"minzoom":4}}
,
{"type":"Feature","properties":{"_area":81226299,"OBJECTID_1":152,"OBJECTID":165,"Name_rgn":"Chimbas","state":"San Juan","official":1,"country":"Argentina","class":"Indicación Geográfica","altname":null,"gen":3,"color":0,"ppt_yr":252,"ppt_gs":229,"GDD_1":2678,"style":null,"latitude":-31.4874,"elev":null,"climate":null,"GI_area":null,"auv":null,"_bbox":[-68.6420912945976,-31.512014424770584,-68.4306595593976,-31.456596265002954]},"geometry":{"type":"Point","coordinates":[-68.50441,-31.48344]},"tippecanoe":{"minzoom":6}}
,
{"type":"Feature","properties":{"_area":553776474,"OBJECTID_1":153,"OBJECTID":166,"Name_rgn":"Chinon","state":null,"official":1,"country":"France","class":"Appellation d'origine protégée","altname":null,"gen":1,"color":1,"ppt_yr":692,"ppt_gs":376,"GDD_1":1481,"style":null,"latitude":47.1658,"elev":null,"climate":null,"GI_area":null,"auv":null,"_bbox":[0.053277541585398,47.07321831540061,0.505925090913217,47.26197338679382]},"geometry":{"type":"Point","coordinates":[0.27447,47.17055]},"tippecanoe":{"minzoom":5}}
,
{"type":"Feature","properties":{"_area":1168274741,"OBJECTID_1":154,"OBJECTID":167,"Name_rgn":"Cigales","state":null,"official":1,"country":"Spain","class":"Denominación de Origen","altname":"D.O.Cigales","gen":1,"color":5,"ppt_yr":428,"ppt_gs":232,"GDD_1":1702,"style":null,"latitude":41.7637,"elev":null,"climate":null,"GI_area":null,"auv":null,"_bbox":[-4.928180336530521,41.52332884102679,-4.454238006898615,41.9313479008005]},"geometry":{"type":"Point","coordinates":[-4.77318,41.70542]},"tippecanoe":{"minzoom":5}}
,
{"type":"Feature","properties":{"_area":2686397838,"OBJECTID_1":155,"OBJECTID":168,"Name_rgn":"Cilaos","state":null,"official":1,"country":"France","class":"Indication géographique protégée","altname":null,"gen":1,"color":4,"ppt_yr":1500,"ppt_gs":1085,"GDD_1":2026,"style":null,"latitude":-21.1334,"elev":null,"climate":null,"GI_area":null,"auv":null,"_bbox":[55.21649179490686,-21.389577313227207,55.83667988692938,-20.87169725369009]},"geometry":{"type":"Point","coordinates":[55.52348,-21.11698]},"tippecanoe":{"minzoom":5}}
,
{"type":"Feature","properties":{"_area":318909927,"OBJECTID_1":156,"OBJECTID":169,"Name_rgn":"Cité de Carcassonne","state":null,"official":1,"country":"France","class":"Indication géographique protégée","altname":null,"gen":1,"color":1,"ppt_yr":682,"ppt_gs":361,"GDD_1":1898,"style":null,"latitude":43.1996,"elev":null,"climate":null,"GI_area":null,"auv":null,"_bbox":[2.207332487320784,43.10904484825924,2.52034849243985,43.276999141624756]},"geometry":{"type":"Point","coordinates":[2.32214,43.19368]},"tippecanoe":{"minzoom":6}}
,
{"type":"Feature","properties":{"_area":1045239426,"OBJECTID_1":157,"OBJECTID":170,"Name_rgn":"Citrusdal Mountain","state":"Western Cape","official":1,"country":"South Africa","class":"District","altname":"Citrusdalberg","gen":1,"color":2,"ppt_yr":274,"ppt_gs":81,"GDD_1":2311,"style":null,"latitude":-32.3135,"elev":null,"climate":null,"GI_area":null,"auv":null,"_bbox":[18.618487996400695,-32.64939048263465,18.99851777284442,-32.00933957392173]},"geometry":{"type":"Point","coordinates":[18.82817,-32.31278]},"tippecanoe":{"minzoom":5}}
,
{"type":"Feature","properties":{"_area":1390080925,"OBJECTID_1":158,"OBJECTID":171,"Name_rgn":"Citrusdal Valley","state":"Western Cape","official":1,"country":"South Africa","class":"District","altname":"Citrusdal Vallei","gen":1,"color":0,"ppt_yr":254,"ppt_gs":71,"GDD_1":2647,"style":null,"latitude":-32.3531,"elev":null,"climate":null,"GI_area":null,"auv":null,"_bbox":[18.73302399732151,-32.884381988028686,19.105986996919665,-32.00652949843873]},"geometry":{"type":"Point","coordinates":[18.9297,-32.29434]},"tippecanoe":{"minzoom":5}}
,
{"type":"Feature","properties":{"_area":52732620,"OBJECTID_1":159,"OBJECTID":172,"Name_rgn":"Clairette de Bellegarde","state":null,"official":1,"country":"France","class":"Appellation d'origine protégée","altname":null,"gen":1,"color":3,"ppt_yr":703,"ppt_gs":414,"GDD_1":2201,"style":null,"latitude":43.7516,"elev":null,"climate":null,"GI_area":null,"auv":null,"_bbox":[4.441425480629977,43.709012580851024,4.552068254076302,43.7875831650019]},"geometry":{"type":"Point","coordinates":[4.48992,43.75014]},"tippecanoe":{"minzoom":6}}
,
{"type":"Feature","properties":{"_area":750108783,"OBJECTID_1":160,"OBJECTID":173,"Name_rgn":"Clairette de Die","state":null,"official":1,"country":"France","class":"Appellation d'origine protégée","altname":null,"gen":1,"color":4,"ppt_yr":967,"ppt_gs":582,"GDD_1":1535,"style":null,"latitude":44.7048,"elev":null,"climate":null,"GI_area":null,"auv":null,"_bbox":[5.034142436392339,44.57079513273172,5.532159446755361,44.80662510967118]},"geometry":{"type":"Point","coordinates":[5.40769,44.68733]},"tippecanoe":{"minzoom":5}}
,
{"type":"Feature","properties":{"_area":315883313,"OBJECTID_1":161,"OBJECTID":174,"Name_rgn":"Clairette du Languedoc","state":null,"official":1,"country":"France","class":"Appellation d'origine protégée","altname":null,"gen":1,"color":3,"ppt_yr":590,"ppt_gs":325,"GDD_1":2044,"style":null,"latitude":43.5987,"elev":null,"climate":null,"GI_area":null,"auv":null,"_bbox":[3.305954134154576,43.49936982765036,3.537339019374977,43.73322463440847]},"geometry":{"type":"Point","coordinates":[3.41396,43.61461]},"tippecanoe":{"minzoom":6}}
,
{"type":"Feature","properties":{"_area":1008807657,"OBJECTID_1":162,"OBJECTID":176,"Name_rgn":"Clear Lake","state":"California","official":1,"country":"United States","class":"American Viticultural Area","altname":null,"gen":2,"color":0,"ppt_yr":843,"ppt_gs":138,"GDD_1":1981,"style":null,"latitude":39.0156,"elev":null,"climate":null,"GI_area":null,"auv":null,"_bbox":[-122.99883632352491,38.8422286981013,-122.52978039155914,39.21575806732681]},"geometry":{"type":"Point","coordinates":[-122.8252,39.02753]},"tippecanoe":{"minzoom":5}}
,
{"type":"Feature","properties":{"_area":370489999,"OBJECTID_1":163,"OBJECTID":177,"Name_rgn":"Clements Hills","state":"California","official":1,"country":"United States","class":"American Viticultural Area","altname":null,"gen":2,"color":1,"ppt_yr":481,"ppt_gs":79,"GDD_1":2449,"style":null,"latitude":38.1441,"elev":null,"climate":null,"GI_area":null,"auv":null,"_bbox":[-121.1714670789264,38.04538693966267,-120.91869374247399,38.24520408821763]},"geometry":{"type":"Point","coordinates":[-121.06492,38.14412]},"tippecanoe":{"minzoom":6}}
,
{"type":"Feature","properties":{"_area":267560148,"OBJECTID_1":164,"OBJECTID":178,"Name_rgn":"Colli Asolani Prosecco","state":"Veneto","official":1,"country":"Italy","class":"Denominazione di origine controllata e garantita","altname":null,"gen":5,"color":2,"ppt_yr":983,"ppt_gs":654,"GDD_1":1930,"style":null,"latitude":45.8194,"elev":null,"climate":null,"GI_area":null,"auv":null,"_bbox":[11.819155697031828,45.774771398385006,12.211177578276686,45.878425995688694]},"geometry":{"type":"Point","coordinates":[11.95804,45.827]},"tippecanoe":{"minzoom":6}}
,
{"type":"Feature","properties":{"_area":515874852,"OBJECTID_1":165,"OBJECTID":179,"Name_rgn":"Colli Berici","state":"Veneto","official":1,"country":"Italy","class":"Denominazione di origine controllata","altname":null,"gen":5,"color":5,"ppt_yr":940,"ppt_gs":583,"GDD_1":2086,"style":null,"latitude":45.4391,"elev":null,"climate":null,"GI_area":null,"auv":null,"_bbox":[11.383289475813614,45.310150540026456,11.69937296352327,45.580002957715244]},"geometry":{"type":"Point","coordinates":[11.50188,45.43612]},"tippecanoe":{"minzoom":5}}
,
{"type":"Feature","properties":{"_area":431508062,"OBJECTID_1":166,"OBJECTID":180,"Name_rgn":"Colli di Conegliano","state":"Veneto","official":1,"country":"Italy","class":"Denominazione di origine controllata e garantita","altname":null,"gen":5,"color":3,"ppt_yr":1010,"ppt_gs":683,"GDD_1":1860,"style":null,"latitude":45.9375,"elev":null,"climate":null,"GI_area":null,"auv":null,"_bbox":[12.027375902090478,45.83306422324287,12.427465710107219,46.025250204296015]},"geometry":{"type":"Point","coordinates":[12.20905,45.92165]},"tippecanoe":{"minzoom":5}}
,
{"type":"Feature","properties":{"_area":240387757,"OBJECTID_1":167,"OBJECTID":181,"Name_rgn":"Colli Euganei","state":"Veneto","official":1,"country":"Italy","class":"Denominazione di origine controllata","altname":null,"gen":5,"color":1,"ppt_yr":811,"ppt_gs":506,"GDD_1":2089,"style":null,"latitude":45.3056,"elev":null,"climate":null,"GI_area":null,"auv":null,"_bbox":[11.601435019122798,45.217957513666526,11.810881939278973,45.39863406109576]},"geometry":{"type":"Point","coordinates":[11.69954,45.309]},"tippecanoe":{"minzoom":6}}
,
{"type":"Feature","properties":{"_area":240387757,"OBJECTID_1":168,"OBJECTID":182,"Name_rgn":"Colli Euganei Fior D’Arancio","state":"Veneto","official":1,"country":"Italy","class":"Denominazione di origine controllata e garantita","altname":null,"gen":5,"color":1,"ppt_yr":811,"ppt_gs":506,"GDD_1":2105,"style":null,"latitude":45.3056,"elev":null,"climate":null,"GI_area":null,"auv":null,"_bbox":[11.601435019122798,45.217957513666526,11.810881939278973,45.39863406109576]},"geometry":{"type":"Point","coordinates":[11.69954,45.309]},"tippecanoe":{"minzoom":6}}
,
{"type":"Feature","properties":{"_area":7017555143,"OBJECTID_1":169,"OBJECTID":183,"Name_rgn":"Collines Rhodaniennes","state":null,"official":1,"country":"France","class":"Indication géographique protégée","altname":null,"gen":1,"color":2,"ppt_yr":885,"ppt_gs":564,"GDD_1":1596,"style":null,"latitude":45.0684,"elev":null,"climate":null,"GI_area":null,"auv":null,"_bbox":[4.431125067002252,44.57079514169091,5.532159446755361,45.63010912849825]},"geometry":{"type":"Point","coordinates":[4.84647,45.08856]},"tippecanoe":{"minzoom":4}}
,
{"type":"Feature","properties":{"_area":94467120,"OBJECTID_1":170,"OBJECTID":184,"Name_rgn":"Collioure","state":null,"official":1,"country":"France","class":"Appellation d'origine protégée","altname":null,"gen":1,"color":4,"ppt_yr":551,"ppt_gs":317,"GDD_1":1972,"style":null,"latitude":42.4751,"elev":null,"climate":null,"GI_area":null,"auv":null,"_bbox":[3.040459416298845,42.424932487467274,3.17766847368093,42.53418111871573]},"geometry":{"type":"Point","coordinates":[3.10149,42.47572]},"tippecanoe":{"minzoom":6}}
,
{"type":"Feature","properties":{"_area":3053990765,"OBJECTID_1":171,"OBJECTID":185,"Name_rgn":"Colón","state":"Córdoba","official":1,"country":"Argentina","class":"Indicación Geográfica","altname":null,"gen":3,"color":0,"ppt_yr":718,"ppt_gs":645,"GDD_1":1996,"style":null,"latitude":-31.1464,"elev":null,"climate":null,"GI_area":null,"auv":null,"_bbox":[-64.44922266419059,-31.452107992727896,-63.82295592416867,-30.90897656114789]},"geometry":{"type":"Point","coordinates":[-64.10711,-31.17046]},"tippecanoe":{"minzoom":5}}
,
{"type":"Feature","properties":{"_area":608474855,"OBJECTID_1":172,"OBJECTID":186,"Name_rgn":"Comté tolosan Bigorre","state":null,"official":1,"country":"France","class":"Indication géographique protégée","altname":"Bigorre","gen":1,"color":1,"ppt_yr":1316,"ppt_gs":705,"GDD_1":1662,"style":null,"latitude":43.4365,"elev":null,"climate":null,"GI_area":null,"auv":null,"_bbox":[-0.097907294781304,43.296434587768246,0.273116995804983,43.61083956581164]},"geometry":{"type":"Point","coordinates":[0.07096,43.41127]},"tippecanoe":{"minzoom":5}}
,
{"type":"Feature","properties":{"_area":502407280,"OBJECTID_1":173,"OBJECTID":187,"Name_rgn":"Comté tolosan Coteaux et Terrasses de Montauban","state":null,"official":1,"country":"France","class":"Indication géographique protégée","altname":"Coteaux et Terrasses de Montauban","gen":1,"color":5,"ppt_yr":703,"ppt_gs":408,"GDD_1":1791,"style":null,"latitude":44.0087,"elev":null,"climate":null,"GI_area":null,"auv":null,"_bbox":[1.286648388160423,43.88807382864485,1.609860881710308,44.11790472531713]},"geometry":{"type":"Point","coordinates":[1.48371,44.00074]},"tippecanoe":{"minzoom":5}}
,
{"type":"Feature","properties":{"_area":558106629,"OBJECTID_1":174,"OBJECTID":188,"Name_rgn":"Conca de Barberà","state":null,"official":1,"country":"Spain","class":"Denominación de Origen","altname":"D.O.Conca de Barberà","gen":1,"color":1,"ppt_yr":575,"ppt_gs":346,"GDD_1":1783,"style":null,"latitude":41.4155,"elev":null,"climate":null,"GI_area":null,"auv":null,"_bbox":[0.961648092684839,41.3054062126198,1.330933522460528,41.54240770225677]},"geometry":{"type":"Point","coordinates":[1.14125,41.41465]},"tippecanoe":{"minzoom":5}}
,
{"type":"Feature","properties":{"_area":3665990597,"OBJECTID_1":175,"OBJECTID":189,"Name_rgn":"Condado de Huelva","state":null,"official":1,"country":"Spain","class":"Denominación de Origen","altname":"D.O.Condado de Huelva","gen":1,"color":1,"ppt_yr":498,"ppt_gs":185,"GDD_1":2564,"style":null,"latitude":37.2599,"elev":null,"climate":null,"GI_area":null,"auv":null,"_bbox":[-7.102090807872904,36.79497331466225,-6.331008808769926,37.558538573765]},"geometry":{"type":"Point","coordinates":[-6.59168,37.23902]},"tippecanoe":{"minzoom":5}}
,
{"type":"Feature","properties":{"_area":89030109,"OBJECTID_1":176,"OBJECTID":190,"Name_rgn":"Condrieu","state":null,"official":1,"country":"France","class":"Appellation d'origine protégée","altname":null,"gen":1,"color":0,"ppt_yr":802,"ppt_gs":530,"GDD_1":1671,"style":null,"latitude":45.4221,"elev":null,"climate":null,"GI_area":null,"auv":null,"_bbox":[4.693121270831099,45.33633961818022,4.781438412150556,45.49526289483811]},"geometry":{"type":"Point","coordinates":[4.73797,45.42673]},"tippecanoe":{"minzoom":6}}
,
{"type":"Feature","properties":{"_area":312287599,"OBJECTID_1":177,"OBJECTID":191,"Name_rgn":"Conegliano Valdobbiadene Prosecco","state":"Veneto","official":1,"country":"Italy","class":"Denominazione di origine controllata e garantita","altname":null,"gen":5,"color":3,"ppt_yr":999,"ppt_gs":672,"GDD_1":1846,"style":null,"latitude":45.9124,"elev":null,"climate":null,"GI_area":null,"auv":null,"_bbox":[11.952655774099203,45.8330960710214,12.349856900199498,45.97903028074694]},"geometry":{"type":"Point","coordinates":[12.21488,45.90378]},"tippecanoe":{"minzoom":6}}
,
{"type":"Feature","properties":{"_area":10652129517,"OBJECTID_1":178,"OBJECTID":192,"Name_rgn":"Conesa","state":"Río Negro","official":1,"country":"Argentina","class":"Indicación Geográfica","altname":"General Conesa","gen":3,"color":2,"ppt_yr":288,"ppt_gs":178,"GDD_1":2042,"style":null,"latitude":-40.1493,"elev":null,"climate":null,"GI_area":null,"auv":null,"_bbox":[-65.28341745468282,-40.50631453170985,-63.38080207537499,-39.850677610049694]},"geometry":{"type":"Point","coordinates":[-64.0144,-40.1849]},"tippecanoe":{"minzoom":4}}
,
{"type":"Feature","properties":{"_area":8454131628,"OBJECTID_1":179,"OBJECTID":193,"Name_rgn":"Confluencia","state":"Neuquén","official":1,"country":"Argentina","class":"Indicación Geográfica","altname":null,"gen":3,"color":2,"ppt_yr":168,"ppt_gs":105,"GDD_1":1850,"style":null,"latitude":-38.833,"elev":null,"climate":null,"GI_area":null,"auv":null,"_bbox":[-69.54751339437323,-39.36885182388275,-67.99808848530398,-38.36886924373411]},"geometry":{"type":"Point","coordinates":[-68.75993,-38.86154]},"tippecanoe":{"minzoom":4}}
,
{"type":"Feature","properties":{"_area":2403042869,"OBJECTID_1":180,"OBJECTID":195,"Name_rgn":"Corbières","state":null,"official":1,"country":"France","class":"Appellation d'origine protégée","altname":null,"gen":1,"color":5,"ppt_yr":617,"ppt_gs":330,"GDD_1":1824,"style":null,"latitude":43.0524,"elev":null,"climate":null,"GI_area":null,"auv":null,"_bbox":[2.407901373693647,42.83041775734972,3.184757479338205,43.24387444584424]},"geometry":{"type":"Point","coordinates":[2.79794,43.03795]},"tippecanoe":{"minzoom":5}}
,
{"type":"Feature","properties":{"_area":301890013,"OBJECTID_1":181,"OBJECTID":196,"Name_rgn":"Corbières-Boutenac","state":null,"official":1,"country":"France","class":"Appellation d'origine protégée","altname":null,"gen":1,"color":3,"ppt_yr":591,"ppt_gs":314,"GDD_1":1981,"style":null,"latitude":43.1328,"elev":null,"climate":null,"GI_area":null,"auv":null,"_bbox":[2.664931458866592,43.051225058252655,2.891668912659546,43.24124268965117]},"geometry":{"type":"Point","coordinates":[2.77627,43.14475]},"tippecanoe":{"minzoom":6}}
,
{"type":"Feature","properties":{"_area":11005157757,"OBJECTID_1":182,"OBJECTID":197,"Name_rgn":"Coronel Felipe Varela","state":"La Rioja","official":1,"country":"Argentina","class":"Indicación Geográfica","altname":"Felipe Varela","gen":3,"color":3,"ppt_yr":150,"ppt_gs":133,"GDD_1":1595,"style":null,"latitude":-29.4504,"elev":null,"climate":null,"GI_area":null,"auv":null,"_bbox":[-69.0343131300449,-29.979240905827993,-67.61252594010959,-28.97106329625616]},"geometry":{"type":"Point","coordinates":[-68.15019,-29.47712]},"tippecanoe":{"minzoom":4}}
,
{"type":"Feature","properties":{"_area":710537474,"OBJECTID_1":183,"OBJECTID":198,"Name_rgn":"Corrèze","state":null,"official":1,"country":"France","class":"Appellation d'origine protégée","altname":null,"gen":1,"color":1,"ppt_yr":835,"ppt_gs":494,"GDD_1":1614,"style":null,"latitude":45.0948,"elev":null,"climate":null,"GI_area":null,"auv":null,"_bbox":[1.403292001129396,44.92353889805833,1.853713456911248,45.3232113466097]},"geometry":{"type":"Point","coordinates":[1.59649,45.10815]},"tippecanoe":{"minzoom":5}}
,
{"type":"Feature","properties":{"_area":6963993234,"OBJECTID_1":184,"OBJECTID":199,"Name_rgn":"Corrèze","state":null,"official":1,"country":"France","class":"Indication géographique protégée","altname":null,"gen":1,"color":1,"ppt_yr":895,"ppt_gs":536,"GDD_1":1345,"style":null,"latitude":45.3583,"elev":null,"climate":null,"GI_area":null,"auv":null,"_bbox":[1.227059993057862,44.92028797576905,2.528683647347492,45.76512390371865]},"geometry":{"type":"Point","coordinates":[1.9436,45.33487]},"tippecanoe":{"minzoom":4}}
,
{"type":"Feature","properties":{"_area":110956033,"OBJECTID_1":185,"OBJECTID":200,"Name_rgn":"Corrèze Coteaux de la Vézère","state":null,"official":1,"country":"France","class":"Appellation d'origine protégée","altname":null,"gen":1,"color":4,"ppt_yr":882,"ppt_gs":510,"GDD_1":1574,"style":null,"latitude":45.2583,"elev":null,"climate":null,"GI_area":null,"auv":null,"_bbox":[1.403292001129396,45.201268853338036,1.556039165878659,45.3232113466097]},"geometry":{"type":"Point","coordinates":[1.45617,45.26272]},"tippecanoe":{"minzoom":6}}
,
{"type":"Feature","properties":{"_area":310125189,"OBJECTID_1":186,"OBJECTID":201,"Name_rgn":"Corrèze vin de paille","state":null,"official":1,"country":"France","class":"Appellation d'origine protégée","altname":null,"gen":1,"color":3,"ppt_yr":808,"ppt_gs":485,"GDD_1":1597,"style":null,"latitude":45.0244,"elev":null,"climate":null,"GI_area":null,"auv":null,"_bbox":[1.525669273096074,44.92353889805833,1.853713456911248,45.1105630009654]},"geometry":{"type":"Point","coordinates":[1.77479,44.99586]},"tippecanoe":{"minzoom":6}}
,
{"type":"Feature","properties":{"_area":685437244,"OBJECTID_1":187,"OBJECTID":202,"Name_rgn":"Corti Benedettine Del Padovano","state":"Veneto","official":1,"country":"Italy","class":"Denominazione di origine controllata","altname":null,"gen":5,"color":4,"ppt_yr":734,"ppt_gs":462,"GDD_1":2117,"style":null,"latitude":45.244,"elev":null,"climate":null,"GI_area":null,"auv":null,"_bbox":[11.753039245657908,45.12885262129062,12.150656510025385,45.38313032441417]},"geometry":{"type":"Point","coordinates":[11.92835,45.25549]},"tippecanoe":{"minzoom":5}}
,
{"type":"Feature","properties":{"_area":40204469,"OBJECTID_1":188,"OBJECTID":203,"Name_rgn":"Corton","state":null,"official":1,"country":"France","class":"Appellation d'origine protégée","altname":null,"gen":1,"color":2,"ppt_yr":789,"ppt_gs":482,"GDD_1":1439,"style":null,"latitude":47.0657,"elev":null,"climate":null,"GI_area":null,"auv":null,"_bbox":[4.833937833935138,47.04085324158339,4.96423852698211,47.093788824585815]},"geometry":{"type":"Point","coordinates":[4.89308,47.06773]},"tippecanoe":{"minzoom":6}}
,
{"type":"Feature","properties":{"_area":40204469,"OBJECTID_1":189,"OBJECTID":204,"Name_rgn":"Corton-Charlemagne","state":null,"official":1,"country":"France","class":"Appellation d'origine protégée","altname":null,"gen":1,"color":2,"ppt_yr":789,"ppt_gs":482,"GDD_1":1439,"style":null,"latitude":47.0657,"elev":null,"climate":null,"GI_area":null,"auv":null,"_bbox":[4.833937833935138,47.04085324158339,4.96423852698211,47.093788824585815]},"geometry":{"type":"Point","coordinates":[4.89308,47.06773]},"tippecanoe":{"minzoom":6}}
,
{"type":"Feature","properties":{"_area":6025654814,"OBJECTID_1":190,"OBJECTID":205,"Name_rgn":"Costers del Segre","state":null,"official":1,"country":"Spain","class":"Denominación de Origen","altname":"D.O.Costers del Segre","gen":1,"color":2,"ppt_yr":541,"ppt_gs":334,"GDD_1":1927,"style":null,"latitude":41.7891,"elev":null,"climate":null,"GI_area":null,"auv":null,"_bbox":[0.345816351886576,41.311629992184166,1.320942352072705,42.375881551641896]},"geometry":{"type":"Point","coordinates":[0.85433,41.75539]},"tippecanoe":{"minzoom":4}}
,
{"type":"Feature","properties":{"_area":1149799174,"OBJECTID_1":191,"OBJECTID":206,"Name_rgn":"Costières de Nîmes","state":null,"official":1,"country":"France","class":"Appellation d'origine protégée","altname":null,"gen":1,"color":0,"ppt_yr":700,"ppt_gs":407,"GDD_1":2193,"style":null,"latitude":43.751,"elev":null,"climate":null,"GI_area":null,"auv":null,"_bbox":[4.214803136059161,43.53545119883725,4.65482131841837,43.94313265108374]},"geometry":{"type":"Point","coordinates":[4.39396,43.75601]},"tippecanoe":{"minzoom":5}}
,
{"type":"Feature","properties":{"_area":228074817,"OBJECTID_1":192,"OBJECTID":207,"Name_rgn":"Cosumnes River","state":"California","official":1,"country":"United States","class":"American Viticultural Area","altname":null,"gen":2,"color":4,"ppt_yr":440,"ppt_gs":76,"GDD_1":2269,"style":null,"latitude":38.325,"elev":null,"climate":null,"GI_area":null,"auv":null,"_bbox":[-121.47705714278298,38.23642923241148,-121.30199409981424,38.43806007423988]},"geometry":{"type":"Point","coordinates":[-121.39568,38.3055]},"tippecanoe":{"minzoom":6}}
,
{"type":"Feature","properties":{"_area":39473768,"OBJECTID_1":193,"OBJECTID":208,"Name_rgn":"Côte de Beaune","state":null,"official":1,"country":"France","class":"Appellation d'origine protégée","altname":null,"gen":1,"color":1,"ppt_yr":798,"ppt_gs":489,"GDD_1":1473,"style":null,"latitude":47.0254,"elev":null,"climate":null,"GI_area":null,"auv":null,"_bbox":[4.78672838334796,46.99552070914177,4.897228527683333,47.05885736950999]},"geometry":{"type":"Point","coordinates":[4.83769,47.02471]},"tippecanoe":{"minzoom":6}}
,
{"type":"Feature","properties":{"_area":357579609,"OBJECTID_1":194,"OBJECTID":209,"Name_rgn":"Côte de Beaune-Villages","state":null,"official":1,"country":"France","class":"Appellation d'origine protégée","altname":null,"gen":1,"color":4,"ppt_yr":831,"ppt_gs":505,"GDD_1":1385,"style":null,"latitude":47.0063,"elev":null,"climate":null,"GI_area":null,"auv":null,"_bbox":[4.635420501143531,46.88025230254642,4.96423852698211,47.117927176695765]},"geometry":{"type":"Point","coordinates":[4.7965,47.03205]},"tippecanoe":{"minzoom":6}}
,
{"type":"Feature","properties":{"_area":56880428,"OBJECTID_1":195,"OBJECTID":210,"Name_rgn":"Côte de Brouilly","state":null,"official":1,"country":"France","class":"Appellation d'origine protégée","altname":null,"gen":1,"color":2,"ppt_yr":814,"ppt_gs":522,"GDD_1":1469,"style":null,"latitude":46.1104,"elev":null,"climate":null,"GI_area":null,"auv":null,"_bbox":[4.578404842387233,46.07715578598017,4.698540955162255,46.14369348724162]},"geometry":{"type":"Point","coordinates":[4.61947,46.1099]},"tippecanoe":{"minzoom":6}}
,
{"type":"Feature","properties":{"_area":161961020,"OBJECTID_1":196,"OBJECTID":211,"Name_rgn":"Côte de Nuits-Villages","state":null,"official":1,"country":"France","class":"Appellation d'origine protégée","altname":null,"gen":1,"color":2,"ppt_yr":801,"ppt_gs":487,"GDD_1":1385,"style":null,"latitude":47.1552,"elev":null,"climate":null,"GI_area":null,"auv":null,"_bbox":[4.893989733673136,47.06213925870978,5.025108206242346,47.2604072657045]},"geometry":{"type":"Point","coordinates":[4.95648,47.20043]},"tippecanoe":{"minzoom":6}}
,
{"type":"Feature","properties":{"_area":365616574,"OBJECTID_1":197,"OBJECTID":212,"Name_rgn":"Côte roannaise","state":null,"official":1,"country":"France","class":"Appellation d'origine protégée","altname":null,"gen":1,"color":5,"ppt_yr":738,"ppt_gs":498,"GDD_1":1353,"style":null,"latitude":46.052,"elev":null,"climate":null,"GI_area":null,"auv":null,"_bbox":[3.807885740217711,45.91190790881851,4.058844431287141,46.214490624292736]},"geometry":{"type":"Point","coordinates":[3.94464,46.04572]},"tippecanoe":{"minzoom":6}}
,
{"type":"Feature","properties":{"_area":32506832,"OBJECTID_1":198,"OBJECTID":213,"Name_rgn":"Côte Rôtie","state":null,"official":1,"country":"France","class":"Appellation d'origine protégée","altname":null,"gen":1,"color":4,"ppt_yr":815,"ppt_gs":534,"GDD_1":1673,"style":null,"latitude":45.5027,"elev":null,"climate":null,"GI_area":null,"auv":null,"_bbox":[4.753897661845727,45.4696467680902,4.861328434433516,45.52744626683447]},"geometry":{"type":"Point","coordinates":[4.79047,45.50171]},"tippecanoe":{"minzoom":7}}
,
{"type":"Feature","properties":{"_area":18426513448,"OBJECTID_1":199,"OBJECTID":214,"Name_rgn":"Coteaux Bourguignons","state":null,"official":1,"country":"France","class":"Appellation d'origine protégée","altname":null,"gen":1,"color":5,"ppt_yr":805,"ppt_gs":492,"GDD_1":1385,"style":null,"latitude":46.9058,"elev":null,"climate":null,"GI_area":null,"auv":null,"_bbox":[3.498628889915271,45.82264812709628,5.101246130873545,47.97833499245625]},"geometry":{"type":"Point","coordinates":[4.4494,47.19442]},"tippecanoe":{"minzoom":4}}
,
{"type":"Feature","properties":{"_area":3295153568,"OBJECTID_1":200,"OBJECTID":215,"Name_rgn":"Coteaux d'Aix-en-Provence","state":null,"official":1,"country":"France","class":"Appellation d'origine protégée","altname":null,"gen":1,"color":0,"ppt_yr":657,"ppt_gs":385,"GDD_1":2037,"style":null,"latitude":43.6055,"elev":null,"climate":null,"GI_area":null,"auv":null,"_bbox":[4.651883967576413,43.32427125214051,5.830294645393911,43.82983310984112]},"geometry":{"type":"Point","coordinates":[5.13079,43.55434]},"tippecanoe":{"minzoom":5}}
,
{"type":"Feature","properties":{"_area":898247596,"OBJECTID_1":201,"OBJECTID":216,"Name_rgn":"Coteaux d'Ancenis","state":null,"official":1,"country":"France","class":"Appellation d'origine protégée","altname":null,"gen":1,"color":2,"ppt_yr":787,"ppt_gs":405,"GDD_1":1424,"style":null,"latitude":47.3695,"elev":null,"climate":null,"GI_area":null,"auv":null,"_bbox":[-1.532423981500164,47.23957901299601,-0.945807227015838,47.505501050803794]},"geometry":{"type":"Point","coordinates":[-1.2156,47.35696]},"tippecanoe":{"minzoom":5}}
,
{"type":"Feature","properties":{"_area":618483491,"OBJECTID_1":202,"OBJECTID":217,"Name_rgn":"Coteaux d'Ensérune","state":null,"official":1,"country":"France","class":"Indication géographique protégée","altname":null,"gen":1,"color":2,"ppt_yr":562,"ppt_gs":305,"GDD_1":2067,"style":null,"latitude":43.3507,"elev":null,"climate":null,"GI_area":null,"auv":null,"_bbox":[2.990537624882081,43.212808625335384,3.340654003624604,43.50446775582035]},"geometry":{"type":"Point","coordinates":[3.11871,43.37174]},"tippecanoe":{"minzoom":5}}
,
{"type":"Feature","properties":{"_area":508219725,"OBJECTID_1":203,"OBJECTID":218,"Name_rgn":"Coteaux de Béziers","state":"Hérault","official":1,"country":"France","class":"Indication géographique protégée","altname":null,"gen":1,"color":3,"ppt_yr":555,"ppt_gs":302,"GDD_1":2109,"style":null,"latitude":43.3395,"elev":null,"climate":null,"GI_area":null,"auv":null,"_bbox":[3.125361745016438,43.212808633191884,3.460121289229573,43.45546670592189]},"geometry":{"type":"Point","coordinates":[3.26517,43.34219]},"tippecanoe":{"minzoom":5}}
,
{"type":"Feature","properties":{"_area":1155373356,"OBJECTID_1":204,"OBJECTID":219,"Name_rgn":"Coteaux de Cèze","state":null,"official":1,"country":"France","class":"Indication géographique protégée","altname":null,"gen":1,"color":0,"ppt_yr":793,"ppt_gs":487,"GDD_1":2043,"style":null,"latitude":44.1567,"elev":null,"climate":null,"GI_area":null,"auv":null,"_bbox":[4.299558061120063,43.916509598698674,4.845553903060014,44.34173040622092]},"geometry":{"type":"Point","coordinates":[4.55577,44.16857]},"tippecanoe":{"minzoom":5}}
,
{"type":"Feature","properties":{"_area":1720597985,"OBJECTID_1":205,"OBJECTID":220,"Name_rgn":"Coteaux de Chalosse","state":null,"official":1,"country":"France","class":"Indication géographique protégée","altname":null,"gen":1,"color":5,"ppt_yr":1223,"ppt_gs":609,"GDD_1":1716,"style":null,"latitude":43.6502,"elev":null,"climate":null,"GI_area":null,"auv":null,"_bbox":[-1.234578118536508,43.48758750482127,-0.423491219408724,43.806581752035775]},"geometry":{"type":"Point","coordinates":[-0.85203,43.66079]},"tippecanoe":{"minzoom":5}}
,
{"type":"Feature","properties":{"_area":586209190,"OBJECTID_1":206,"OBJECTID":221,"Name_rgn":"Coteaux de Coiffy","state":null,"official":1,"country":"France","class":"Indication géographique protégée","altname":null,"gen":1,"color":3,"ppt_yr":868,"ppt_gs":498,"GDD_1":1260,"style":null,"latitude":47.9353,"elev":null,"climate":null,"GI_area":null,"auv":null,"_bbox":[5.460657703050995,47.8094876463065,5.89086447779215,48.07101997790233]},"geometry":{"type":"Point","coordinates":[5.68592,47.94894]},"tippecanoe":{"minzoom":5}}
,
{"type":"Feature","properties":{"_area":750108783,"OBJECTID_1":207,"OBJECTID":222,"Name_rgn":"Coteaux de Die","state":null,"official":1,"country":"France","class":"Appellation d'origine protégée","altname":null,"gen":1,"color":4,"ppt_yr":967,"ppt_gs":582,"GDD_1":1420,"style":null,"latitude":44.7048,"elev":null,"climate":null,"GI_area":null,"auv":null,"_bbox":[5.034142436392339,44.57079513273172,5.532159446755361,44.80662510967118]},"geometry":{"type":"Point","coordinates":[5.40769,44.68733]},"tippecanoe":{"minzoom":5}}
,
{"type":"Feature","properties":{"_area":307222093,"OBJECTID_1":208,"OBJECTID":223,"Name_rgn":"Coteaux de l'Aubance","state":null,"official":1,"country":"France","class":"Appellation d'origine protégée","altname":null,"gen":1,"color":2,"ppt_yr":739,"ppt_gs":386,"GDD_1":1450,"style":null,"latitude":47.3601,"elev":null,"climate":null,"GI_area":null,"auv":null,"_bbox":[-0.642961149839577,47.26323829381152,-0.289650624254831,47.41886263190517]},"geometry":{"type":"Point","coordinates":[-0.40892,47.34287]},"tippecanoe":{"minzoom":6}}
,
{"type":"Feature","properties":{"_area":2784465115,"OBJECTID_1":209,"OBJECTID":224,"Name_rgn":"Coteaux de l'Auxois","state":null,"official":1,"country":"France","class":"Indication géographique protégée","altname":null,"gen":1,"color":0,"ppt_yr":853,"ppt_gs":496,"GDD_1":1215,"style":null,"latitude":47.3823,"elev":null,"climate":null,"GI_area":null,"auv":null,"_bbox":[4.112403901937898,47.025576305938905,4.769824850223643,47.74233387763182]},"geometry":{"type":"Point","coordinates":[4.47386,47.36649]},"tippecanoe":{"minzoom":5}}
,
{"type":"Feature","properties":{"_area":7849363202,"OBJECTID_1":210,"OBJECTID":225,"Name_rgn":"Coteaux de l’Ain","state":null,"official":1,"country":"France","class":"Indication géographique protégée","altname":null,"gen":1,"color":2,"ppt_yr":1013,"ppt_gs":616,"GDD_1":1404,"style":null,"latitude":46.1007,"elev":null,"climate":null,"GI_area":null,"auv":null,"_bbox":[4.728667613810287,45.610825991978494,6.170188524088227,46.51777036265685]},"geometry":{"type":"Point","coordinates":[5.51117,46.0674]},"tippecanoe":{"minzoom":4}}
,
{"type":"Feature","properties":{"_area":501116336,"OBJECTID_1":211,"OBJECTID":226,"Name_rgn":"Coteaux de l’Ain Pays de Gex","state":"Ain","official":1,"country":"France","class":"Indication géographique protégée","altname":"Pays de Gex","gen":1,"color":3,"ppt_yr":1168,"ppt_gs":682,"GDD_1":1193,"style":null,"latitude":46.2516,"elev":null,"climate":null,"GI_area":null,"auv":null,"_bbox":[5.789733191439853,46.0784200928943,6.169741660743421,46.41750861916977]},"geometry":{"type":"Point","coordinates":[6.05398,46.30028]},"tippecanoe":{"minzoom":5}}
,
{"type":"Feature","properties":{"_area":457337066,"OBJECTID_1":212,"OBJECTID":227,"Name_rgn":"Coteaux de Narbonne","state":null,"official":1,"country":"France","class":"Indication géographique protégée","altname":null,"gen":1,"color":1,"ppt_yr":547,"ppt_gs":292,"GDD_1":2071,"style":null,"latitude":43.1943,"elev":null,"climate":null,"GI_area":null,"auv":null,"_bbox":[2.882378060782424,43.06188290765904,3.184757479338205,43.32013113304494]},"geometry":{"type":"Point","coordinates":[2.99889,43.18243]},"tippecanoe":{"minzoom":5}}
,
{"type":"Feature","properties":{"_area":710317281,"OBJECTID_1":213,"OBJECTID":228,"Name_rgn":"Coteaux de Peyriac","state":null,"official":1,"country":"France","class":"Indication géographique protégée","altname":null,"gen":1,"color":0,"ppt_yr":652,"ppt_gs":349,"GDD_1":1929,"style":null,"latitude":43.2826,"elev":null,"climate":null,"GI_area":null,"auv":null,"_bbox":[2.169057566463374,43.12590856678429,2.74077174289803,43.400302094454624]},"geometry":{"type":"Point","coordinates":[2.57797,43.2958]},"tippecanoe":{"minzoom":5}}
,
{"type":"Feature","properties":{"_area":467468829,"OBJECTID_1":214,"OBJECTID":229,"Name_rgn":"Coteaux de Peyriac Haut de Badens","state":null,"official":1,"country":"France","class":"Indication géographique protégée","altname":null,"gen":1,"color":5,"ppt_yr":648,"ppt_gs":347,"GDD_1":1916,"style":null,"latitude":43.2877,"elev":null,"climate":null,"GI_area":null,"auv":null,"_bbox":[2.397482563009774,43.197372209969295,2.74077174289803,43.400302094454624]},"geometry":{"type":"Point","coordinates":[2.57782,43.29844]},"tippecanoe":{"minzoom":5}}
,
{"type":"Feature","properties":{"_area":15591042,"OBJECTID_1":215,"OBJECTID":230,"Name_rgn":"Coteaux de Peyriac Haut de Badens","state":null,"official":1,"country":"France","class":"Indication géographique protégée","altname":"Haut de Badens","gen":1,"color":0,"ppt_yr":751,"ppt_gs":405,"GDD_1":1781,"style":null,"latitude":43.1424,"elev":null,"climate":null,"GI_area":null,"auv":null,"_bbox":[2.169057566463374,43.12590856678429,2.23416343919381,43.16308998231409]},"geometry":{"type":"Point","coordinates":[2.20972,43.14334]},"tippecanoe":{"minzoom":7}}
,
{"type":"Feature","properties":{"_area":673522263,"OBJECTID_1":216,"OBJECTID":231,"Name_rgn":"Coteaux de Saumur","state":null,"official":1,"country":"France","class":"Appellation d'origine protégée","altname":null,"gen":1,"color":0,"ppt_yr":721,"ppt_gs":385,"GDD_1":1471,"style":null,"latitude":47.1491,"elev":null,"climate":null,"GI_area":null,"auv":null,"_bbox":[-0.270866977427986,46.98024207272188,0.076314718469026,47.316668788292]},"geometry":{"type":"Point","coordinates":[-0.07966,47.14911]},"tippecanoe":{"minzoom":5}}
,
{"type":"Feature","properties":{"_area":964291462,"OBJECTID_1":217,"OBJECTID":232,"Name_rgn":"Coteaux de Tannay","state":"Nièvre","official":1,"country":"France","class":"Indication géographique protégée","altname":null,"gen":1,"color":3,"ppt_yr":753,"ppt_gs":447,"GDD_1":1337,"style":null,"latitude":47.3589,"elev":null,"climate":null,"GI_area":null,"auv":null,"_bbox":[3.334846712418046,47.17205518630935,3.785647444099386,47.56087898793074]},"geometry":{"type":"Point","coordinates":[3.53875,47.34786]},"tippecanoe":{"minzoom":5}}
,
{"type":"Feature","properties":{"_area":1350921179,"OBJECTID_1":218,"OBJECTID":233,"Name_rgn":"Coteaux des Baronnies","state":null,"official":1,"country":"France","class":"Indication géographique protégée","altname":null,"gen":1,"color":4,"ppt_yr":947,"ppt_gs":555,"GDD_1":1378,"style":null,"latitude":44.3076,"elev":null,"climate":null,"GI_area":null,"auv":null,"_bbox":[5.11683212563186,44.11565012366943,5.686713058862209,44.49958660571865]},"geometry":{"type":"Point","coordinates":[5.39241,44.32899]},"tippecanoe":{"minzoom":5}}
,
{"type":"Feature","properties":{"_area":851110453,"OBJECTID_1":219,"OBJECTID":234,"Name_rgn":"Coteaux du Giennois","state":null,"official":1,"country":"France","class":"Appellation d'origine protégée","altname":null,"gen":1,"color":0,"ppt_yr":702,"ppt_gs":412,"GDD_1":1400,"style":null,"latitude":47.5375,"elev":null,"climate":null,"GI_area":null,"auv":null,"_bbox":[2.589710129337216,47.339362734729974,3.123608478821851,47.768900155628295]},"geometry":{"type":"Point","coordinates":[2.93242,47.46059]},"tippecanoe":{"minzoom":5}}
,
{"type":"Feature","properties":{"_area":726436279,"OBJECTID_1":220,"OBJECTID":235,"Name_rgn":"Coteaux du Layon","state":null,"official":1,"country":"France","class":"Appellation d'origine protégée","altname":null,"gen":1,"color":0,"ppt_yr":757,"ppt_gs":394,"GDD_1":1450,"style":null,"latitude":47.2788,"elev":null,"climate":null,"GI_area":null,"auv":null,"_bbox":[-0.839016627137154,47.05362909601348,-0.359107505030155,47.38852578266032]},"geometry":{"type":"Point","coordinates":[-0.50608,47.22173]},"tippecanoe":{"minzoom":5}}
,
{"type":"Feature","properties":{"_area":618483491,"OBJECTID_1":221,"OBJECTID":236,"Name_rgn":"Coteaux du Libron","state":null,"official":1,"country":"France","class":"Indication géographique protégée","altname":null,"gen":1,"color":2,"ppt_yr":562,"ppt_gs":305,"GDD_1":2065,"style":null,"latitude":43.3507,"elev":null,"climate":null,"GI_area":null,"auv":null,"_bbox":[2.990537624882081,43.212808625335384,3.340654003624604,43.50446775582035]},"geometry":{"type":"Point","coordinates":[3.11871,43.37174]},"tippecanoe":{"minzoom":5}}
,
{"type":"Feature","properties":{"_area":578099551,"OBJECTID_1":222,"OBJECTID":237,"Name_rgn":"Coteaux du Littoral Audois","state":"Aude","official":1,"country":"France","class":"Indication géographique protégée","altname":null,"gen":6,"color":0,"ppt_yr":552,"ppt_gs":294,"GDD_1":2037,"style":null,"latitude":43.0123,"elev":null,"climate":null,"GI_area":null,"auv":null,"_bbox":[2.858912248269394,42.83815059796856,3.14990400514109,43.158646616304786]},"geometry":{"type":"Point","coordinates":[2.97997,43.01718]},"tippecanoe":{"minzoom":5}}
,
{"type":"Feature","properties":{"_area":626155329,"OBJECTID_1":223,"OBJECTID":238,"Name_rgn":"Coteaux du Loir","state":null,"official":1,"country":"France","class":"Appellation d'origine protégée","altname":null,"gen":1,"color":2,"ppt_yr":687,"ppt_gs":372,"GDD_1":1419,"style":null,"latitude":47.6788,"elev":null,"climate":null,"GI_area":null,"auv":null,"_bbox":[0.230100819878613,47.5483087890966,0.712824070920011,47.83962625027681]},"geometry":{"type":"Point","coordinates":[0.45712,47.65812]},"tippecanoe":{"minzoom":5}}
,
{"type":"Feature","properties":{"_area":862465734,"OBJECTID_1":224,"OBJECTID":239,"Name_rgn":"Coteaux du Lyonnais","state":null,"official":1,"country":"France","class":"Appellation d'origine protégée","altname":null,"gen":1,"color":3,"ppt_yr":821,"ppt_gs":537,"GDD_1":1508,"style":null,"latitude":45.7402,"elev":null,"climate":null,"GI_area":null,"auv":null,"_bbox":[4.418993492465057,45.5507283601521,4.838134279648933,45.89910785190273]},"geometry":{"type":"Point","coordinates":[4.68776,45.75009]},"tippecanoe":{"minzoom":5}}
,
{"type":"Feature","properties":{"_area":3212969592,"OBJECTID_1":225,"OBJECTID":240,"Name_rgn":"Coteaux du Pont du Gard","state":null,"official":1,"country":"France","class":"Indication géographique protégée","altname":null,"gen":1,"color":5,"ppt_yr":730,"ppt_gs":432,"GDD_1":2127,"style":null,"latitude":43.8835,"elev":null,"climate":null,"GI_area":null,"auv":null,"_bbox":[4.05142480877439,43.50146197530196,4.845553903060014,44.30087079092305]},"geometry":{"type":"Point","coordinates":[4.45624,43.87836]},"tippecanoe":{"minzoom":5}}
,
{"type":"Feature","properties":{"_area":1758032251,"OBJECTID_1":226,"OBJECTID":241,"Name_rgn":"Coteaux du Quercy","state":null,"official":1,"country":"France","class":"Appellation d'origine protégée","altname":null,"gen":1,"color":1,"ppt_yr":777,"ppt_gs":445,"GDD_1":1685,"style":null,"latitude":44.2452,"elev":null,"climate":null,"GI_area":null,"auv":null,"_bbox":[0.942375563815854,43.991673551867436,1.704208206919533,44.424589287028454]},"geometry":{"type":"Point","coordinates":[1.39601,44.25506]},"tippecanoe":{"minzoom":5}}
,
{"type":"Feature","properties":{"_area":566440585,"OBJECTID_1":227,"OBJECTID":242,"Name_rgn":"Coteaux du Vendômois","state":null,"official":1,"country":"France","class":"Appellation d'origine protégée","altname":null,"gen":1,"color":3,"ppt_yr":682,"ppt_gs":374,"GDD_1":1399,"style":null,"latitude":47.7777,"elev":null,"climate":null,"GI_area":null,"auv":null,"_bbox":[0.580315478804816,47.676934321347154,1.109821690879189,47.89660931245742]},"geometry":{"type":"Point","coordinates":[0.9759,47.80651]},"tippecanoe":{"minzoom":5}}
,
{"type":"Feature","properties":{"_area":674137452,"OBJECTID_1":228,"OBJECTID":243,"Name_rgn":"Coteaux Flaviens","state":null,"official":1,"country":"France","class":"Indication géographique protégée","altname":null,"gen":1,"color":5,"ppt_yr":683,"ppt_gs":394,"GDD_1":2195,"style":null,"latitude":43.6915,"elev":null,"climate":null,"GI_area":null,"auv":null,"_bbox":[4.239461411806222,43.535451207954516,4.596334931590575,43.860296428445146]},"geometry":{"type":"Point","coordinates":[4.37206,43.68836]},"tippecanoe":{"minzoom":5}}
,
{"type":"Feature","properties":{"_area":1579851372,"OBJECTID_1":229,"OBJECTID":244,"Name_rgn":"Coteaux varois en Provence","state":null,"official":1,"country":"France","class":"Appellation d'origine protégée","altname":null,"gen":1,"color":5,"ppt_yr":692,"ppt_gs":369,"GDD_1":1851,"style":null,"latitude":43.4226,"elev":null,"climate":null,"GI_area":null,"auv":null,"_bbox":[5.682787398612713,43.212614863426595,6.325860765099307,43.628857799854984]},"geometry":{"type":"Point","coordinates":[5.96773,43.43496]},"tippecanoe":{"minzoom":5}}
,
{"type":"Feature","properties":{"_area":5091401481,"OBJECTID_1":231,"OBJECTID":246,"Name_rgn":"Côtes Catalanes","state":null,"official":1,"country":"France","class":"Indication géographique protégée","altname":null,"gen":1,"color":0,"ppt_yr":853,"ppt_gs":472,"GDD_1":1252,"style":null,"latitude":42.6025,"elev":null,"climate":null,"GI_area":null,"auv":null,"_bbox":[1.725832212588659,42.333054822689334,3.076491229518795,42.918341429545215]},"geometry":{"type":"Point","coordinates":[2.61805,42.60912]},"tippecanoe":{"minzoom":4}}
,
{"type":"Feature","properties":{"_area":1092705066,"OBJECTID_1":232,"OBJECTID":247,"Name_rgn":"Côtes d'Auvergne","state":null,"official":1,"country":"France","class":"Appellation d'origine protégée","altname":null,"gen":1,"color":4,"ppt_yr":610,"ppt_gs":438,"GDD_1":1371,"style":null,"latitude":45.7384,"elev":null,"climate":null,"GI_area":null,"auv":null,"_bbox":[2.978818548638563,45.43800567700742,3.362979469563108,45.97801712084776]},"geometry":{"type":"Point","coordinates":[3.18215,45.70287]},"tippecanoe":{"minzoom":5}}
,
{"type":"Feature","properties":{"_area":2042626047,"OBJECTID_1":233,"OBJECTID":248,"Name_rgn":"Côtes de Bergerac","state":null,"official":1,"country":"France","class":"Appellation d'origine protégée","altname":null,"gen":1,"color":3,"ppt_yr":930,"ppt_gs":489,"GDD_1":1688,"style":null,"latitude":44.8369,"elev":null,"climate":null,"GI_area":null,"auv":null,"_bbox":[-0.034235026344782,44.645082486347825,0.841228088025568,45.02431138034183]},"geometry":{"type":"Point","coordinates":[0.41091,44.82655]},"tippecanoe":{"minzoom":5}}
,
{"type":"Feature","properties":{"_area":739298925,"OBJECTID_1":234,"OBJECTID":249,"Name_rgn":"Côtes de Blaye","state":null,"official":1,"country":"France","class":"Appellation d'origine protégée","altname":null,"gen":1,"color":3,"ppt_yr":891,"ppt_gs":461,"GDD_1":1649,"style":null,"latitude":45.1851,"elev":null,"climate":null,"GI_area":null,"auv":null,"_bbox":[-0.718798857502807,45.04334886787048,-0.294686082070893,45.342839365673996]},"geometry":{"type":"Point","coordinates":[-0.55852,45.19894]},"tippecanoe":{"minzoom":5}}
,
{"type":"Feature","properties":{"_area":102885214,"OBJECTID_1":235,"OBJECTID":250,"Name_rgn":"Côtes de Bordeaux","state":null,"official":1,"country":"France","class":"Appellation d'origine protégée","altname":null,"gen":1,"color":0,"ppt_yr":893,"ppt_gs":464,"GDD_1":1684,"style":null,"latitude":44.9031,"elev":null,"climate":null,"GI_area":null,"auv":null,"_bbox":[-0.100422407795187,44.83363553264077,0.03436214783904,44.97275805522993]},"geometry":{"type":"Point","coordinates":[-0.02303,44.91524]},"tippecanoe":{"minzoom":6}}
,
{"type":"Feature","properties":{"_area":77015891,"OBJECTID_1":236,"OBJECTID":251,"Name_rgn":"Côtes de Bordeaux-Saint-Macaire","state":null,"official":1,"country":"France","class":"Appellation d'origine protégée","altname":null,"gen":1,"color":4,"ppt_yr":901,"ppt_gs":468,"GDD_1":1693,"style":null,"latitude":44.6045,"elev":null,"climate":null,"GI_area":null,"auv":null,"_bbox":[-0.251931739897012,44.557081049175245,-0.103541345885251,44.655916694862086]},"geometry":{"type":"Point","coordinates":[-0.16661,44.60457]},"tippecanoe":{"minzoom":6}}
,
{"type":"Feature","properties":{"_area":739298925,"OBJECTID_1":237,"OBJECTID":252,"Name_rgn":"Côtes de Bordeaux Blaye","state":null,"official":1,"country":"France","class":"Appellation d'origine protégée","altname":null,"gen":1,"color":5,"ppt_yr":891,"ppt_gs":461,"GDD_1":1652,"style":null,"latitude":45.1851,"elev":null,"climate":null,"GI_area":null,"auv":null,"_bbox":[-0.718798857502807,45.04334886787048,-0.294686082070893,45.342839365673996]},"geometry":{"type":"Point","coordinates":[-0.55852,45.19894]},"tippecanoe":{"minzoom":5}}
,
{"type":"Feature","properties":{"_area":487351282,"OBJECTID_1":238,"OBJECTID":253,"Name_rgn":"Côtes de Bordeaux Cadillac","state":null,"official":1,"country":"France","class":"Appellation d'origine protégée","altname":null,"gen":1,"color":4,"ppt_yr":894,"ppt_gs":464,"GDD_1":1702,"style":null,"latitude":44.7376,"elev":null,"climate":null,"GI_area":null,"auv":null,"_bbox":[-0.549826639197093,44.55932179010208,-0.188147226067466,44.9258241465273]},"geometry":{"type":"Point","coordinates":[-0.44881,44.79455]},"tippecanoe":{"minzoom":5}}
,
{"type":"Feature","properties":{"_area":85223567,"OBJECTID_1":239,"OBJECTID":254,"Name_rgn":"Côtes de Bordeaux Castillon","state":null,"official":1,"country":"France","class":"Appellation d'origine protégée","altname":null,"gen":1,"color":4,"ppt_yr":892,"ppt_gs":464,"GDD_1":1687,"style":null,"latitude":44.8923,"elev":null,"climate":null,"GI_area":null,"auv":null,"_bbox":[-0.100422407795187,44.83363553264077,0.03436214783904,44.95067179681609]},"geometry":{"type":"Point","coordinates":[-0.03459,44.89947]},"tippecanoe":{"minzoom":6}}
,
{"type":"Feature","properties":{"_area":34385103,"OBJECTID_1":240,"OBJECTID":255,"Name_rgn":"Côtes de Bordeaux Francs","state":null,"official":1,"country":"France","class":"Appellation d'origine protégée","altname":null,"gen":1,"color":3,"ppt_yr":893,"ppt_gs":465,"GDD_1":1669,"style":null,"latitude":44.935,"elev":null,"climate":null,"GI_area":null,"auv":null,"_bbox":[-0.048801562613037,44.89383580260778,0.03436214783904,44.97275805522993]},"geometry":{"type":"Point","coordinates":[-0.00872,44.94255]},"tippecanoe":{"minzoom":7}}
,
{"type":"Feature","properties":{"_area":296850675,"OBJECTID_1":241,"OBJECTID":256,"Name_rgn":"Côtes de Bordeaux Sainte-Foy","state":null,"official":1,"country":"France","class":"Appellation d'origine protégée","altname":null,"gen":1,"color":5,"ppt_yr":915,"ppt_gs":478,"GDD_1":1677,"style":null,"latitude":44.7855,"elev":null,"climate":null,"GI_area":null,"auv":null,"_bbox":[0.023957923998735,44.70061385423367,0.315066659486762,44.87249755850901]},"geometry":{"type":"Point","coordinates":[0.19316,44.78924]},"tippecanoe":{"minzoom":6}}
,
{"type":"Feature","properties":{"_area":117471414,"OBJECTID_1":242,"OBJECTID":257,"Name_rgn":"Côtes de Bourg","state":null,"official":1,"country":"France","class":"Appellation d'origine protégée","altname":null,"gen":1,"color":5,"ppt_yr":895,"ppt_gs":464,"GDD_1":1662,"style":null,"latitude":45.0643,"elev":null,"climate":null,"GI_area":null,"auv":null,"_bbox":[-0.643619091225036,45.0026227242615,-0.471104788804586,45.11757293892094]},"geometry":{"type":"Point","coordinates":[-0.52193,45.06234]},"tippecanoe":{"minzoom":6}}
,
{"type":"Feature","properties":{"_area":226205946,"OBJECTID_1":243,"OBJECTID":258,"Name_rgn":"Côtes de Duras","state":null,"official":1,"country":"France","class":"Appellation d'origine protégée","altname":null,"gen":1,"color":2,"ppt_yr":929,"ppt_gs":487,"GDD_1":1681,"style":null,"latitude":44.6956,"elev":null,"climate":null,"GI_area":null,"auv":null,"_bbox":[0.100344930796924,44.6228212351709,0.359619121635604,44.76395874155397]},"geometry":{"type":"Point","coordinates":[0.28173,44.69725]},"tippecanoe":{"minzoom":6}}
,
{"type":"Feature","properties":{"_area":8758274709,"OBJECTID_1":244,"OBJECTID":259,"Name_rgn":"Côtes de Gascogne","state":null,"official":1,"country":"France","class":"Indication géographique protégée","altname":null,"gen":1,"color":0,"ppt_yr":1044,"ppt_gs":571,"GDD_1":1714,"style":null,"latitude":43.7314,"elev":null,"climate":null,"GI_area":null,"auv":null,"_bbox":[-0.395391993678218,43.310883256600015,1.202720157502688,44.1783681174247]},"geometry":{"type":"Point","coordinates":[0.32808,43.75987]},"tippecanoe":{"minzoom":4}}
,
{"type":"Feature","properties":{"_area":854590940,"OBJECTID_1":245,"OBJECTID":260,"Name_rgn":"Côtes de Gascogne Condomois","state":null,"official":1,"country":"France","class":"Indication géographique protégée","altname":null,"gen":1,"color":4,"ppt_yr":995,"ppt_gs":542,"GDD_1":1719,"style":null,"latitude":43.9428,"elev":null,"climate":null,"GI_area":null,"auv":null,"_bbox":[0.135262128785341,43.80889036823494,0.577167168499857,44.094308655607605]},"geometry":{"type":"Point","coordinates":[0.39671,43.95216]},"tippecanoe":{"minzoom":5}}
,
{"type":"Feature","properties":{"_area":575698585,"OBJECTID_1":246,"OBJECTID":261,"Name_rgn":"Côtes de L’Adour","state":null,"official":1,"country":"France","class":"Indication géographique protégée","altname":null,"gen":1,"color":3,"ppt_yr":1270,"ppt_gs":656,"GDD_1":1668,"style":null,"latitude":43.6746,"elev":null,"climate":null,"GI_area":null,"auv":null,"_bbox":[-0.540910739627963,43.549870660149246,-0.194143203907857,43.807163600780775]},"geometry":{"type":"Point","coordinates":[-0.35849,43.675]},"tippecanoe":{"minzoom":5}}
,
{"type":"Feature","properties":{"_area":481489401,"OBJECTID_1":247,"OBJECTID":262,"Name_rgn":"Côtes de la Charité","state":"Nièvre","official":1,"country":"France","class":"Indication géographique protégée","altname":null,"gen":1,"color":5,"ppt_yr":760,"ppt_gs":453,"GDD_1":1371,"style":null,"latitude":47.1887,"elev":null,"climate":null,"GI_area":null,"auv":null,"_bbox":[2.997741206162317,47.045279934261856,3.293270060683362,47.30986025639056]},"geometry":{"type":"Point","coordinates":[3.129,47.1724]},"tippecanoe":{"minzoom":5}}
,
{"type":"Feature","properties":{"_area":961332120,"OBJECTID_1":248,"OBJECTID":263,"Name_rgn":"Côtes de Millau","state":null,"official":1,"country":"France","class":"Appellation d'origine protégée","altname":null,"gen":1,"color":4,"ppt_yr":716,"ppt_gs":415,"GDD_1":1428,"style":null,"latitude":44.1027,"elev":null,"climate":null,"GI_area":null,"auv":null,"_bbox":[2.651486331788318,43.982202888690956,3.24467911797009,44.2766871939611]},"geometry":{"type":"Point","coordinates":[3.1191,44.13807]},"tippecanoe":{"minzoom":5}}
,
{"type":"Feature","properties":{"_area":232536433,"OBJECTID_1":249,"OBJECTID":264,"Name_rgn":"Côtes de Montravel","state":null,"official":1,"country":"France","class":"Appellation d'origine protégée","altname":null,"gen":1,"color":0,"ppt_yr":898,"ppt_gs":468,"GDD_1":1689,"style":null,"latitude":44.8805,"elev":null,"climate":null,"GI_area":null,"auv":null,"_bbox":[-0.034235026344782,44.81895049248229,0.24375107815032,44.94011420656579]},"geometry":{"type":"Point","coordinates":[0.11424,44.87907]},"tippecanoe":{"minzoom":6}}
,
{"type":"Feature","properties":{"_area":8791264035,"OBJECTID_1":250,"OBJECTID":265,"Name_rgn":"Côtes de Provence","state":null,"official":1,"country":"France","class":"Appellation d'origine protégée","altname":null,"gen":1,"color":3,"ppt_yr":709,"ppt_gs":357,"GDD_1":2003,"style":null,"latitude":43.3606,"elev":null,"climate":null,"GI_area":null,"auv":null,"_bbox":[5.37487242922382,42.98201944326955,7.108101761527374,43.99394754021425]},"geometry":{"type":"Point","coordinates":[6.29984,43.3694]},"tippecanoe":{"minzoom":4}}
,
{"type":"Feature","properties":{"_area":735397019,"OBJECTID_1":251,"OBJECTID":266,"Name_rgn":"Côtes de Provence Fréjus","state":null,"official":1,"country":"France","class":"Appellation d'origine protégée","altname":null,"gen":1,"color":4,"ppt_yr":773,"ppt_gs":370,"GDD_1":2065,"style":null,"latitude":43.4721,"elev":null,"climate":null,"GI_area":null,"auv":null,"_bbox":[6.449137887570943,43.34097011059951,6.933726238771482,43.60880341190856]},"geometry":{"type":"Point","coordinates":[6.68402,43.45867]},"tippecanoe":{"minzoom":5}}
,
{"type":"Feature","properties":{"_area":850850206,"OBJECTID_1":252,"OBJECTID":267,"Name_rgn":"Côtes de Provence la Londe","state":null,"official":1,"country":"France","class":"Appellation d'origine protégée","altname":null,"gen":1,"color":0,"ppt_yr":680,"ppt_gs":332,"GDD_1":2057,"style":null,"latitude":43.141,"elev":null,"climate":null,"GI_area":null,"auv":null,"_bbox":[6.043346833568603,42.98201944326955,6.509504817495847,43.228867588090125]},"geometry":{"type":"Point","coordinates":[6.228,43.10593]},"tippecanoe":{"minzoom":5}}
,
{"type":"Feature","properties":{"_area":688170240,"OBJECTID_1":253,"OBJECTID":268,"Name_rgn":"Côtes de Provence Pierrefeu","state":null,"official":1,"country":"France","class":"Appellation d'origine protégée","altname":null,"gen":1,"color":2,"ppt_yr":689,"ppt_gs":346,"GDD_1":2008,"style":null,"latitude":43.2193,"elev":null,"climate":null,"GI_area":null,"auv":null,"_bbox":[5.954213085028353,43.0774733070747,6.451580120265843,43.32163429001484]},"geometry":{"type":"Point","coordinates":[6.10634,43.19335]},"tippecanoe":{"minzoom":5}}
,
{"type":"Feature","properties":{"_area":372711353,"OBJECTID_1":254,"OBJECTID":269,"Name_rgn":"Côtes de Provence Sainte-Victoire","state":null,"official":1,"country":"France","class":"Appellation d'origine protégée","altname":null,"gen":1,"color":0,"ppt_yr":655,"ppt_gs":364,"GDD_1":1892,"style":null,"latitude":43.4764,"elev":null,"climate":null,"GI_area":null,"auv":null,"_bbox":[5.463787887150088,43.399156852432945,5.817440598094565,43.55624338077112]},"geometry":{"type":"Point","coordinates":[5.70739,43.47831]},"tippecanoe":{"minzoom":6}}
,
{"type":"Feature","properties":{"_area":399689219,"OBJECTID_1":255,"OBJECTID":270,"Name_rgn":"Côtes de Thongue","state":null,"official":1,"country":"France","class":"Indication géographique protégée","altname":null,"gen":1,"color":1,"ppt_yr":573,"ppt_gs":314,"GDD_1":2052,"style":null,"latitude":43.4611,"elev":null,"climate":null,"GI_area":null,"auv":null,"_bbox":[3.137971671544062,43.332307349305104,3.440680337922878,43.59290925394086]},"geometry":{"type":"Point","coordinates":[3.281,43.48449]},"tippecanoe":{"minzoom":5}}
,
{"type":"Feature","properties":{"_area":141125109,"OBJECTID_1":256,"OBJECTID":271,"Name_rgn":"Côtes de Toul","state":null,"official":1,"country":"France","class":"Appellation d'origine protégée","altname":null,"gen":1,"color":0,"ppt_yr":730,"ppt_gs":430,"GDD_1":1189,"style":null,"latitude":48.6414,"elev":null,"climate":null,"GI_area":null,"auv":null,"_bbox":[5.760451765727555,48.55350662222181,5.886514195585916,48.738991753543246]},"geometry":{"type":"Point","coordinates":[5.82201,48.63673]},"tippecanoe":{"minzoom":6}}
,
{"type":"Feature","properties":{"_area":342334160,"OBJECTID_1":257,"OBJECTID":272,"Name_rgn":"Côtes du Forez","state":null,"official":1,"country":"France","class":"Appellation d'origine protégée","altname":null,"gen":1,"color":4,"ppt_yr":704,"ppt_gs":486,"GDD_1":1374,"style":null,"latitude":45.698,"elev":null,"climate":null,"GI_area":null,"auv":null,"_bbox":[3.931392446923138,45.51607180575313,4.115310785518631,45.861407173416]},"geometry":{"type":"Point","coordinates":[4.0097,45.77111]},"tippecanoe":{"minzoom":6}}
,
{"type":"Feature","properties":{"_area":1294688373,"OBJECTID_1":258,"OBJECTID":273,"Name_rgn":"Côtes du Jura","state":null,"official":1,"country":"France","class":"Appellation d'origine protégée","altname":null,"gen":1,"color":4,"ppt_yr":1133,"ppt_gs":678,"GDD_1":1392,"style":null,"latitude":46.7705,"elev":null,"climate":null,"GI_area":null,"auv":null,"_bbox":[5.298649351490226,46.38869163251732,5.975692917382619,47.04680994143295]},"geometry":{"type":"Point","coordinates":[5.68491,46.84179]},"tippecanoe":{"minzoom":5}}
,
{"type":"Feature","properties":{"_area":6297679118,"OBJECTID_1":259,"OBJECTID":274,"Name_rgn":"Côtes du Lot","state":null,"official":1,"country":"France","class":"Indication géographique protégée","altname":null,"gen":1,"color":2,"ppt_yr":808,"ppt_gs":476,"GDD_1":1572,"style":null,"latitude":44.6256,"elev":null,"climate":null,"GI_area":null,"auv":null,"_bbox":[0.981519646033116,44.203335355318146,2.210897134420517,45.046706332061554]},"geometry":{"type":"Point","coordinates":[1.60375,44.65179]},"tippecanoe":{"minzoom":4}}
,
{"type":"Feature","properties":{"_area":548468332,"OBJECTID_1":260,"OBJECTID":275,"Name_rgn":"Côtes du Marmandais","state":null,"official":1,"country":"France","class":"Appellation d'origine protégée","altname":null,"gen":1,"color":2,"ppt_yr":926,"ppt_gs":487,"GDD_1":1694,"style":null,"latitude":44.5223,"elev":null,"climate":null,"GI_area":null,"auv":null,"_bbox":[-0.017063560805583,44.38196416106036,0.346149809215009,44.65432333016098]},"geometry":{"type":"Point","coordinates":[0.08454,44.48782]},"tippecanoe":{"minzoom":5}}
,
{"type":"Feature","properties":{"_area":7501603178,"OBJECTID_1":261,"OBJECTID":276,"Name_rgn":"Côtes du Rhône","state":null,"official":1,"country":"France","class":"Appellation d'origine protégée","altname":null,"gen":1,"color":5,"ppt_yr":805,"ppt_gs":500,"GDD_1":1998,"style":null,"latitude":44.3431,"elev":null,"climate":null,"GI_area":null,"auv":null,"_bbox":[4.457119487919726,43.83665029026798,5.240446464881348,45.52744626683447]},"geometry":{"type":"Point","coordinates":[4.83501,44.28492]},"tippecanoe":{"minzoom":4}}
,
{"type":"Feature","properties":{"_area":3555248550,"OBJECTID_1":262,"OBJECTID":277,"Name_rgn":"Côtes du Rhône Villages","state":null,"official":1,"country":"France","class":"Appellation d'origine protégée","altname":null,"gen":1,"color":1,"ppt_yr":805,"ppt_gs":495,"GDD_1":1997,"style":null,"latitude":44.1988,"elev":null,"climate":null,"GI_area":null,"auv":null,"_bbox":[4.457119487919726,43.83665029026798,5.240446464881348,44.499466103177696]},"geometry":{"type":"Point","coordinates":[4.82154,44.15317]},"tippecanoe":{"minzoom":5}}
,
{"type":"Feature","properties":{"_area":86057663,"OBJECTID_1":263,"OBJECTID":278,"Name_rgn":"Côtes du Rhône Villages Chusclan","state":null,"official":1,"country":"France","class":"Appellation d'origine protégée","altname":null,"gen":1,"color":0,"ppt_yr":791,"ppt_gs":487,"GDD_1":2043,"style":null,"latitude":44.1577,"elev":null,"climate":null,"GI_area":null,"auv":null,"_bbox":[4.581482138173913,44.107745235600476,4.722172216689335,44.19802897885556]},"geometry":{"type":"Point","coordinates":[4.67882,44.15712]},"tippecanoe":{"minzoom":6}}
,
{"type":"Feature","properties":{"_area":89513498,"OBJECTID_1":264,"OBJECTID":279,"Name_rgn":"Côtes du Rhône villages Gadagne","state":null,"official":1,"country":"France","class":"Appellation d'origine protégée","altname":null,"gen":1,"color":0,"ppt_yr":714,"ppt_gs":434,"GDD_1":1998,"style":null,"latitude":43.9298,"elev":null,"climate":null,"GI_area":null,"auv":null,"_bbox":[4.881867454902538,43.85071983757734,4.995147706277505,43.99371203037781]},"geometry":{"type":"Point","coordinates":[4.93895,43.93524]},"tippecanoe":{"minzoom":6}}
,
{"type":"Feature","properties":{"_area":108213399,"OBJECTID_1":265,"OBJECTID":280,"Name_rgn":"Côtes du Rhône Villages Laudun","state":null,"official":1,"country":"France","class":"Appellation d'origine protégée","altname":null,"gen":1,"color":4,"ppt_yr":781,"ppt_gs":478,"GDD_1":2043,"style":null,"latitude":44.0901,"elev":null,"climate":null,"GI_area":null,"auv":null,"_bbox":[4.561152165553069,44.0175041813357,4.719729898654477,44.14157458549073]},"geometry":{"type":"Point","coordinates":[4.63821,44.08293]},"tippecanoe":{"minzoom":6}}
,
{"type":"Feature","properties":{"_area":181229859,"OBJECTID_1":266,"OBJECTID":281,"Name_rgn":"Côtes du Rhône Villages Massif d'Uchaux","state":null,"official":1,"country":"France","class":"Appellation d'origine protégée","altname":null,"gen":1,"color":2,"ppt_yr":795,"ppt_gs":492,"GDD_1":1998,"style":null,"latitude":44.2143,"elev":null,"climate":null,"GI_area":null,"auv":null,"_bbox":[4.651478600109529,44.145984680575005,4.883814171496835,44.2692061662148]},"geometry":{"type":"Point","coordinates":[4.74967,44.20952]},"tippecanoe":{"minzoom":6}}
,
{"type":"Feature","properties":{"_area":87290052,"OBJECTID_1":267,"OBJECTID":282,"Name_rgn":"Côtes du Rhône Villages Plan de Dieu","state":null,"official":1,"country":"France","class":"Appellation d'origine protégée","altname":null,"gen":1,"color":1,"ppt_yr":786,"ppt_gs":485,"GDD_1":1998,"style":null,"latitude":44.1613,"elev":null,"climate":null,"GI_area":null,"auv":null,"_bbox":[4.846390167215895,44.10399170323467,4.981356075637986,44.21106829427086]},"geometry":{"type":"Point","coordinates":[4.90704,44.15795]},"tippecanoe":{"minzoom":6}}
,
{"type":"Feature","properties":{"_area":85119491,"OBJECTID_1":268,"OBJECTID":283,"Name_rgn":"Côtes du Rhône Villages Puyméras","state":null,"official":1,"country":"France","class":"Appellation d'origine protégée","altname":null,"gen":1,"color":2,"ppt_yr":845,"ppt_gs":515,"GDD_1":1998,"style":null,"latitude":44.2587,"elev":null,"climate":null,"GI_area":null,"auv":null,"_bbox":[5.073568491692485,44.21321602679216,5.240446464881348,44.31485708888082]},"geometry":{"type":"Point","coordinates":[5.15496,44.2692]},"tippecanoe":{"minzoom":6}}
,
{"type":"Feature","properties":{"_area":120660323,"OBJECTID_1":269,"OBJECTID":284,"Name_rgn":"Côtes du Rhône Villages Saint-Andéol","state":null,"official":1,"country":"France","class":"Appellation d'origine protégée","altname":null,"gen":1,"color":5,"ppt_yr":827,"ppt_gs":517,"GDD_1":1998,"style":null,"latitude":44.3485,"elev":null,"climate":null,"GI_area":null,"auv":null,"_bbox":[4.544468281295512,44.27035984721655,4.664373402176725,44.414397041501346]},"geometry":{"type":"Point","coordinates":[4.60395,44.34671]},"tippecanoe":{"minzoom":6}}
,
{"type":"Feature","properties":{"_area":205970705,"OBJECTID_1":270,"OBJECTID":285,"Name_rgn":"Côtes du Rhône Villages Sainte-Cécile","state":null,"official":1,"country":"France","class":"Appellation d'origine protégée","altname":null,"gen":1,"color":3,"ppt_yr":801,"ppt_gs":496,"GDD_1":1998,"style":null,"latitude":44.2463,"elev":null,"climate":null,"GI_area":null,"auv":null,"_bbox":[4.80287670820273,44.16438039358865,4.989526422928638,44.332879085975236]},"geometry":{"type":"Point","coordinates":[4.88384,44.24271]},"tippecanoe":{"minzoom":6}}
,
{"type":"Feature","properties":{"_area":26366643,"OBJECTID_1":271,"OBJECTID":286,"Name_rgn":"Côtes du Rhône Villages Séguret","state":null,"official":1,"country":"France","class":"Appellation d'origine protégée","altname":null,"gen":1,"color":5,"ppt_yr":819,"ppt_gs":502,"GDD_1":1998,"style":null,"latitude":44.2164,"elev":null,"climate":null,"GI_area":null,"auv":null,"_bbox":[4.988694669213818,44.18807757106365,5.062503883947446,44.24435995486569]},"geometry":{"type":"Point","coordinates":[5.03354,44.21534]},"tippecanoe":{"minzoom":7}}
,
{"type":"Feature","properties":{"_area":86769268,"OBJECTID_1":272,"OBJECTID":287,"Name_rgn":"Côtes du Rhône Villages Signargues","state":null,"official":1,"country":"France","class":"Appellation d'origine protégée","altname":null,"gen":1,"color":5,"ppt_yr":768,"ppt_gs":462,"GDD_1":2043,"style":null,"latitude":43.9633,"elev":null,"climate":null,"GI_area":null,"auv":null,"_bbox":[4.618986036819607,43.91363390118756,4.744982538420988,44.01763870748695]},"geometry":{"type":"Point","coordinates":[4.6653,43.9632]},"tippecanoe":{"minzoom":6}}
,
{"type":"Feature","properties":{"_area":157604744,"OBJECTID_1":273,"OBJECTID":288,"Name_rgn":"Côtes du Rhône Villages Suze-la-Rousse","state":null,"official":1,"country":"France","class":"Appellation d'origine protégée","altname":null,"gen":1,"color":5,"ppt_yr":815,"ppt_gs":508,"GDD_1":1998,"style":null,"latitude":44.2896,"elev":null,"climate":null,"GI_area":null,"auv":null,"_bbox":[4.69559818927586,44.25037065934521,4.989526422928638,44.332879085975236]},"geometry":{"type":"Point","coordinates":[4.82065,44.29291]},"tippecanoe":{"minzoom":6}}
,
{"type":"Feature","properties":{"_area":101535982,"OBJECTID_1":274,"OBJECTID":289,"Name_rgn":"Côtes du Rhône Villages Vaison-la-Romaine","state":null,"official":1,"country":"France","class":"Appellation d'origine protégée","altname":null,"gen":1,"color":3,"ppt_yr":825,"ppt_gs":508,"GDD_1":1998,"style":null,"latitude":44.2616,"elev":null,"climate":null,"GI_area":null,"auv":null,"_bbox":[4.926351338764264,44.19972309440123,5.114998382065969,44.30813974296549]},"geometry":{"type":"Point","coordinates":[5.04536,44.2552]},"tippecanoe":{"minzoom":6}}
,
{"type":"Feature","properties":{"_area":80055711,"OBJECTID_1":275,"OBJECTID":290,"Name_rgn":"Côtes du Rhône Villages Valréas","state":null,"official":1,"country":"France","class":"Appellation d'origine protégée","altname":null,"gen":1,"color":0,"ppt_yr":859,"ppt_gs":532,"GDD_1":1998,"style":null,"latitude":44.377,"elev":null,"climate":null,"GI_area":null,"auv":null,"_bbox":[4.922572451554095,44.32624716977947,5.072137140373291,44.43155557414682]},"geometry":{"type":"Point","coordinates":[4.99374,44.37684]},"tippecanoe":{"minzoom":6}}
,
{"type":"Feature","properties":{"_area":55231275,"OBJECTID_1":276,"OBJECTID":291,"Name_rgn":"Côtes du Rhône Villages Visan","state":null,"official":1,"country":"France","class":"Appellation d'origine protégée","altname":null,"gen":1,"color":5,"ppt_yr":831,"ppt_gs":516,"GDD_1":1998,"style":null,"latitude":44.3268,"elev":null,"climate":null,"GI_area":null,"auv":null,"_bbox":[4.881629027653054,44.29270975933586,5.013778635014432,44.36438500559475]},"geometry":{"type":"Point","coordinates":[4.9449,44.33023]},"tippecanoe":{"minzoom":6}}
,
{"type":"Feature","properties":{"_area":2597939140,"OBJECTID_1":277,"OBJECTID":292,"Name_rgn":"Côtes du Roussillon","state":null,"official":1,"country":"France","class":"Appellation d'origine protégée","altname":null,"gen":1,"color":1,"ppt_yr":621,"ppt_gs":345,"GDD_1":1909,"style":null,"latitude":42.6766,"elev":null,"climate":null,"GI_area":null,"auv":null,"_bbox":[2.319074906472742,42.40470426065642,3.076491229518795,42.91834141967736]},"geometry":{"type":"Point","coordinates":[2.74192,42.654]},"tippecanoe":{"minzoom":5}}
,
{"type":"Feature","properties":{"_area":1183437812,"OBJECTID_1":278,"OBJECTID":293,"Name_rgn":"Côtes du Roussillon Villages","state":null,"official":1,"country":"France","class":"Appellation d'origine protégée","altname":null,"gen":1,"color":2,"ppt_yr":597,"ppt_gs":323,"GDD_1":1252,"style":null,"latitude":42.7778,"elev":null,"climate":null,"GI_area":null,"auv":null,"_bbox":[2.436074734689581,42.56939252547204,3.012576124901434,42.91834141967736]},"geometry":{"type":"Point","coordinates":[2.77548,42.7425]},"tippecanoe":{"minzoom":5}}
,
{"type":"Feature","properties":{"_area":59974303,"OBJECTID_1":279,"OBJECTID":294,"Name_rgn":"Côtes du Roussillon Villages Caramany","state":null,"official":1,"country":"France","class":"Appellation d'origine protégée","altname":null,"gen":1,"color":4,"ppt_yr":657,"ppt_gs":365,"GDD_1":1252,"style":null,"latitude":42.7322,"elev":null,"climate":null,"GI_area":null,"auv":null,"_bbox":[2.522198535038276,42.7013311617639,2.671319669906072,42.759493268521275]},"geometry":{"type":"Point","coordinates":[2.61353,42.72996]},"tippecanoe":{"minzoom":6}}
,
{"type":"Feature","properties":{"_area":80300630,"OBJECTID_1":280,"OBJECTID":295,"Name_rgn":"Côtes du Roussillon Villages Latour-de-France","state":null,"official":1,"country":"France","class":"Appellation d'origine protégée","altname":null,"gen":1,"color":4,"ppt_yr":607,"ppt_gs":331,"GDD_1":1252,"style":null,"latitude":42.7593,"elev":null,"climate":null,"GI_area":null,"auv":null,"_bbox":[2.585225094448549,42.725428788109646,2.750608333886715,42.79289327038732]},"geometry":{"type":"Point","coordinates":[2.63846,42.75969]},"tippecanoe":{"minzoom":6}}
,
{"type":"Feature","properties":{"_area":302140198,"OBJECTID_1":281,"OBJECTID":296,"Name_rgn":"Côtes du Roussillon Villages Les Aspres","state":null,"official":1,"country":"France","class":"Appellation d'origine protégée","altname":null,"gen":1,"color":3,"ppt_yr":566,"ppt_gs":318,"GDD_1":1252,"style":null,"latitude":42.5933,"elev":null,"climate":null,"GI_area":null,"auv":null,"_bbox":[2.697685856807267,42.51265031845164,3.045299957664636,42.66437386704752]},"geometry":{"type":"Point","coordinates":[2.78125,42.59029]},"tippecanoe":{"minzoom":6}}
,
{"type":"Feature","properties":{"_area":47913985,"OBJECTID_1":282,"OBJECTID":297,"Name_rgn":"Côtes du Roussillon Villages Lesquerde","state":null,"official":1,"country":"France","class":"Appellation d'origine protégée","altname":null,"gen":1,"color":4,"ppt_yr":642,"ppt_gs":354,"GDD_1":1252,"style":null,"latitude":42.7822,"elev":null,"climate":null,"GI_area":null,"auv":null,"_bbox":[2.482574020332273,42.74616667265144,2.626905109933122,42.806320664308835]},"geometry":{"type":"Point","coordinates":[2.58173,42.77483]},"tippecanoe":{"minzoom":6}}
,
{"type":"Feature","properties":{"_area":118188474,"OBJECTID_1":283,"OBJECTID":298,"Name_rgn":"Côtes du Roussillon Villages Tautavel","state":null,"official":1,"country":"France","class":"Appellation d'origine protégée","altname":null,"gen":1,"color":1,"ppt_yr":612,"ppt_gs":327,"GDD_1":1252,"style":null,"latitude":42.8302,"elev":null,"climate":null,"GI_area":null,"auv":null,"_bbox":[2.6376780912992,42.78065402884563,2.826602963755312,42.898420094312506]},"geometry":{"type":"Point","coordinates":[2.73014,42.82528]},"tippecanoe":{"minzoom":6}}
,
{"type":"Feature","properties":{"_area":2427164121,"OBJECTID_1":284,"OBJECTID":299,"Name_rgn":"Côtes du Tarn","state":"Tarn","official":1,"country":"France","class":"Indication géographique protégée","altname":null,"gen":1,"color":2,"ppt_yr":696,"ppt_gs":402,"GDD_1":1798,"style":null,"latitude":43.8874,"elev":null,"climate":null,"GI_area":null,"auv":null,"_bbox":[1.535267581464106,43.613586903399636,2.311747321750672,44.123052461408356]},"geometry":{"type":"Point","coordinates":[1.92085,43.86583]},"tippecanoe":{"minzoom":5}}
,
{"type":"Feature","properties":{"_area":781973192,"OBJECTID_1":285,"OBJECTID":300,"Name_rgn":"Côtes du Vivarais","state":null,"official":1,"country":"France","class":"Appellation d'origine protégée","altname":null,"gen":1,"color":1,"ppt_yr":840,"ppt_gs":524,"GDD_1":1809,"style":null,"latitude":44.3814,"elev":null,"climate":null,"GI_area":null,"auv":null,"_bbox":[4.288374600873116,44.2383385665295,4.675977741100604,44.57609068349266]},"geometry":{"type":"Point","coordinates":[4.4401,44.38742]},"tippecanoe":{"minzoom":5}}
,
{"type":"Feature","properties":{"_area":873132199,"OBJECTID_1":286,"OBJECTID":301,"Name_rgn":"Coteşti","state":null,"official":1,"country":"Romania","class":"D.O.C.","altname":"D.O.C. Coteşti","gen":1,"color":5,"ppt_yr":521,"ppt_gs":369,"GDD_1":1729,"style":null,"latitude":45.5033,"elev":null,"climate":null,"GI_area":null,"auv":null,"_bbox":[26.80843199994521,45.268555991750475,27.161251999570794,45.753401991042324]},"geometry":{"type":"Point","coordinates":[27.03239,45.5628]},"tippecanoe":{"minzoom":5}}
,
{"type":"Feature","properties":{"_area":701681586,"OBJECTID_1":287,"OBJECTID":302,"Name_rgn":"Cotnari","state":null,"official":1,"country":"Romania","class":"D.O.C.","altname":"D.O.C. Cotnari","gen":1,"color":5,"ppt_yr":533,"ppt_gs":395,"GDD_1":1495,"style":null,"latitude":47.4108,"elev":null,"climate":null,"GI_area":null,"auv":null,"_bbox":[26.697534999680215,47.2444059898223,27.098118999680807,47.549797989426004]},"geometry":{"type":"Point","coordinates":[26.94209,47.38398]},"tippecanoe":{"minzoom":5}}
,
{"type":"Feature","properties":{"_area":26156666,"OBJECTID_1":288,"OBJECTID":303,"Name_rgn":"Coulée de Serrant","state":null,"official":1,"country":"France","class":"Appellation d'origine protégée","altname":null,"gen":1,"color":3,"ppt_yr":751,"ppt_gs":391,"GDD_1":1450,"style":null,"latitude":47.4057,"elev":null,"climate":null,"GI_area":null,"auv":null,"_bbox":[-0.702978160808504,47.37439826534801,-0.625087114611552,47.4384451710936]},"geometry":{"type":"Point","coordinates":[-0.66609,47.40603]},"tippecanoe":{"minzoom":7}}
,
{"type":"Feature","properties":{"_area":270056882,"OBJECTID_1":289,"OBJECTID":304,"Name_rgn":"Cour-Cheverny","state":null,"official":1,"country":"France","class":"Appellation d'origine protégée","altname":null,"gen":1,"color":4,"ppt_yr":661,"ppt_gs":378,"GDD_1":1457,"style":null,"latitude":47.5411,"elev":null,"climate":null,"GI_area":null,"auv":null,"_bbox":[1.336002266451139,47.44693453533305,1.564950330427956,47.65387689482133]},"geometry":{"type":"Point","coordinates":[1.43988,47.54273]},"tippecanoe":{"minzoom":6}}
,
{"type":"Feature","properties":{"_area":18647435605,"OBJECTID_1":290,"OBJECTID":306,"Name_rgn":"Crémant de Bourgogne","state":null,"official":1,"country":"France","class":"Appellation d'origine protégée","altname":null,"gen":1,"color":0,"ppt_yr":806,"ppt_gs":492,"GDD_1":1255,"style":null,"latitude":46.934,"elev":null,"climate":null,"GI_area":null,"auv":null,"_bbox":[3.498628889915271,45.82264812709628,5.101246130873545,48.0313868182047]},"geometry":{"type":"Point","coordinates":[4.4494,47.19442]},"tippecanoe":{"minzoom":4}}
,
{"type":"Feature","properties":{"_area":2052099061,"OBJECTID_1":291,"OBJECTID":307,"Name_rgn":"Crémant de Die","state":null,"official":1,"country":"France","class":"Appellation d'origine protégée","altname":null,"gen":1,"color":0,"ppt_yr":967,"ppt_gs":582,"GDD_1":1285,"style":null,"latitude":44.6856,"elev":null,"climate":null,"GI_area":null,"auv":null,"_bbox":[4.984916577911045,44.10069592101905,5.532159446755361,44.80662510967118]},"geometry":{"type":"Point","coordinates":[5.22968,44.5977]},"tippecanoe":{"minzoom":5}}
,
{"type":"Feature","properties":{"_area":609917032,"OBJECTID_1":292,"OBJECTID":308,"Name_rgn":"Crémant de Limoux","state":null,"official":1,"country":"France","class":"Appellation d'origine protégée","altname":null,"gen":1,"color":2,"ppt_yr":744,"ppt_gs":408,"GDD_1":1721,"style":null,"latitude":43.0227,"elev":null,"climate":null,"GI_area":null,"auv":null,"_bbox":[2.064153613734309,42.89647045869545,2.451067171217142,43.135798894561404]},"geometry":{"type":"Point","coordinates":[2.27029,43.02034]},"tippecanoe":{"minzoom":5}}
,
{"type":"Feature","properties":{"_area":1589478187,"OBJECTID_1":293,"OBJECTID":309,"Name_rgn":"Crémant du Jura","state":null,"official":1,"country":"France","class":"Appellation d'origine protégée","altname":null,"gen":1,"color":5,"ppt_yr":1137,"ppt_gs":680,"GDD_1":1333,"style":null,"latitude":46.7698,"elev":null,"climate":null,"GI_area":null,"auv":null,"_bbox":[5.298649351490226,46.38869163251732,5.975692917382619,47.04680994143295]},"geometry":{"type":"Point","coordinates":[5.64442,46.78588]},"tippecanoe":{"minzoom":5}}
,
{"type":"Feature","properties":{"_area":11734847653,"OBJECTID_1":294,"OBJECTID":310,"Name_rgn":"Crişana","state":null,"official":1,"country":"Romania","class":"D.O.C.","altname":"D.O.C. Crişana","gen":1,"color":4,"ppt_yr":646,"ppt_gs":424,"GDD_1":1590,"style":null,"latitude":47.0644,"elev":null,"climate":null,"GI_area":null,"auv":null,"_bbox":[21.41407800029247,45.71754599134504,23.166050999901145,47.41635198976305]},"geometry":{"type":"Point","coordinates":[22.25892,46.95059]},"tippecanoe":{"minzoom":4}}
,
{"type":"Feature","properties":{"_area":142649761,"OBJECTID_1":295,"OBJECTID":311,"Name_rgn":"Crozes-Hermitage","state":null,"official":1,"country":"France","class":"Appellation d'origine protégée","altname":null,"gen":1,"color":3,"ppt_yr":833,"ppt_gs":541,"GDD_1":1781,"style":null,"latitude":45.0677,"elev":null,"climate":null,"GI_area":null,"auv":null,"_bbox":[4.803230219521533,44.97839707124404,4.951166026473642,45.157506709732985]},"geometry":{"type":"Point","coordinates":[4.88355,45.05641]},"tippecanoe":{"minzoom":6}}
,
{"type":"Feature","properties":{"_area":9803608066,"OBJECTID_1":296,"OBJECTID":312,"Name_rgn":"Cruz del Eje","state":"Córdoba","official":1,"country":"Argentina","class":"Indicación Geográfica","altname":null,"gen":3,"color":2,"ppt_yr":508,"ppt_gs":451,"GDD_1":2522,"style":null,"latitude":-30.6588,"elev":null,"climate":null,"GI_area":null,"auv":null,"_bbox":[-65.59813190720455,-31.425675171687846,-64.6197448707218,-29.891056377334976]},"geometry":{"type":"Point","coordinates":[-65.13426,-30.55955]},"tippecanoe":{"minzoom":4}}
,
{"type":"Feature","properties":{"_area":8460403610,"OBJECTID_1":297,"OBJECTID":314,"Name_rgn":"Cuyo","state":"Mendoza","official":1,"country":"Argentina","class":"Indicación Geográfica","altname":null,"gen":3,"color":3,"ppt_yr":324,"ppt_gs":140,"GDD_1":493,"style":null,"latitude":-33.0389,"elev":null,"climate":null,"GI_area":null,"auv":null,"_bbox":[-70.09376236628889,-33.39184610962787,-68.64088686041407,-32.62128994983346]},"geometry":{"type":"Point","coordinates":[-69.47672,-33.00356]},"tippecanoe":{"minzoom":4}}
,
{"type":"Feature","properties":{"_area":756480931,"OBJECTID_1":298,"OBJECTID":315,"Name_rgn":"Darling","state":"Western Cape","official":1,"country":"South Africa","class":"District","altname":null,"gen":1,"color":3,"ppt_yr":391,"ppt_gs":104,"GDD_1":2166,"style":null,"latitude":-33.3627,"elev":null,"climate":null,"GI_area":null,"auv":null,"_bbox":[18.210526574044433,-33.56127547043086,18.580427166533372,-33.1553897777056]},"geometry":{"type":"Point","coordinates":[18.36297,-33.33514]},"tippecanoe":{"minzoom":5}}
,
{"type":"Feature","properties":{"_area":1355730904,"OBJECTID_1":299,"OBJECTID":316,"Name_rgn":"Dealu Bujorului","state":null,"official":1,"country":"Romania","class":"D.O.C.","altname":"D.O.C. Dealu Bujorului","gen":1,"color":5,"ppt_yr":509,"ppt_gs":341,"GDD_1":1745,"style":null,"latitude":45.9562,"elev":null,"climate":null,"GI_area":null,"auv":null,"_bbox":[27.664662998854528,45.73513999181278,28.131980998867743,46.16316499040265]},"geometry":{"type":"Point","coordinates":[27.93009,45.94957]},"tippecanoe":{"minzoom":5}}
,
{"type":"Feature","properties":{"_area":2029750445,"OBJECTID_1":300,"OBJECTID":317,"Name_rgn":"Dealu Mare","state":null,"official":1,"country":"Romania","class":"D.O.C.","altname":"D.O.C. Dealu Mare","gen":1,"color":2,"ppt_yr":551,"ppt_gs":392,"GDD_1":1816,"style":null,"latitude":45.0936,"elev":null,"climate":null,"GI_area":null,"auv":null,"_bbox":[25.993825999200897,44.8900679922352,26.99612299952769,45.345064991646105]},"geometry":{"type":"Point","coordinates":[26.56168,45.1149]},"tippecanoe":{"minzoom":5}}
,
{"type":"Feature","properties":{"_area":266346,"OBJECTID_1":301,"OBJECTID":318,"Name_rgn":"Dehesa del Carrizal","state":null,"official":1,"country":"Spain","class":"Vino de Pago","altname":"V.P.Dehesa del Carrizal","gen":1,"color":3,"ppt_yr":471,"ppt_gs":228,"GDD_1":2331,"style":null,"latitude":39.4547,"elev":null,"climate":null,"GI_area":null,"auv":null,"_bbox":[-4.477204187230408,39.45118115503486,-4.470596482732632,39.458972489496944]},"geometry":{"type":"Point","coordinates":[-4.47431,39.45407]},"tippecanoe":{"minzoom":9}}
,
{"type":"Feature","properties":{"_area":507848396,"OBJECTID_1":302,"OBJECTID":319,"Name_rgn":"Bonarda dell'Oltrepò Pavese","state":"Lombardy","official":1,"country":"Italy","class":"Denominazione di origine controllata","altname":"Bonarda dell'Oltrepo' Pavese","gen":5,"color":5,"ppt_yr":742,"ppt_gs":452,"GDD_1":1841,"style":null,"latitude":44.9645,"elev":null,"climate":null,"GI_area":null,"auv":null,"_bbox":[8.988234334974731,44.81711982230865,9.389202893867004,45.07897668036483]},"geometry":{"type":"Point","coordinates":[9.11558,44.92196]},"tippecanoe":{"minzoom":5}}
,
{"type":"Feature","properties":{"_area":716007401,"OBJECTID_1":303,"OBJECTID":320,"Name_rgn":"Terre del Colleoni","state":"Lombardy","official":1,"country":"Italy","class":"Denominazione di origine controllata","altname":"Colleoni","gen":5,"color":2,"ppt_yr":1008,"ppt_gs":703,"GDD_1":1824,"style":null,"latitude":45.7028,"elev":null,"climate":null,"GI_area":null,"auv":null,"_bbox":[9.444791809661519,45.60232288488673,10.055746666850883,45.786769624258405]},"geometry":{"type":"Point","coordinates":[9.8317,45.68806]},"tippecanoe":{"minzoom":5}}
,
{"type":"Feature","properties":{"_area":243944808,"OBJECTID_1":304,"OBJECTID":321,"Name_rgn":"Curtefranca","state":"Lombardy","official":1,"country":"Italy","class":"Denominazione di origine controllata","altname":null,"gen":5,"color":0,"ppt_yr":908,"ppt_gs":621,"GDD_1":1935,"style":null,"latitude":45.6089,"elev":null,"climate":null,"GI_area":null,"auv":null,"_bbox":[9.903869641726914,45.547414815668574,10.198729080681373,45.67726302395375]},"geometry":{"type":"Point","coordinates":[10.07328,45.61538]},"tippecanoe":{"minzoom":6}}
,
{"type":"Feature","properties":{"_area":1075299781,"OBJECTID_1":306,"OBJECTID":323,"Name_rgn":"Garda Classico","state":"Lombardy","official":1,"country":"Italy","class":"Denominazione di origine controllata","altname":null,"gen":5,"color":5,"ppt_yr":739,"ppt_gs":515,"GDD_1":1698,"style":null,"latitude":45.6097,"elev":null,"climate":null,"GI_area":null,"auv":null,"_bbox":[10.369882346513137,45.38077901110111,10.826000293497783,45.84307907221396]},"geometry":{"type":"Point","coordinates":[10.54716,45.54915]},"tippecanoe":{"minzoom":5}}
,
{"type":"Feature","properties":{"_area":164608637,"OBJECTID_1":307,"OBJECTID":324,"Name_rgn":"Garda Colli Mantovani","state":"Lombardy","official":1,"country":"Italy","class":"Denominazione di origine controllata","altname":null,"gen":5,"color":2,"ppt_yr":753,"ppt_gs":502,"GDD_1":2011,"style":null,"latitude":45.3698,"elev":null,"climate":null,"GI_area":null,"auv":null,"_bbox":[10.480151810670092,45.30331181322409,10.719322990041094,45.42836832197394]},"geometry":{"type":"Point","coordinates":[10.65797,45.3717]},"tippecanoe":{"minzoom":6}}
,
{"type":"Feature","properties":{"_area":998138452,"OBJECTID_1":308,"OBJECTID":325,"Name_rgn":"Lambrusco Mantovano","state":"Lombardy","official":1,"country":"Italy","class":"Denominazione di origine controllata","altname":null,"gen":5,"color":0,"ppt_yr":646,"ppt_gs":405,"GDD_1":2132,"style":null,"latitude":44.9926,"elev":null,"climate":null,"GI_area":null,"auv":null,"_bbox":[10.455719039008837,44.912911111707906,11.30071550665066,45.07732744518836]},"geometry":{"type":"Point","coordinates":[10.88474,44.99255]},"tippecanoe":{"minzoom":5}}
,
{"type":"Feature","properties":{"_area":601534088,"OBJECTID_1":309,"OBJECTID":326,"Name_rgn":"Lambrusco Mantovano Oltrepò Mantovano","state":"Lombardy","official":1,"country":"Italy","class":"Denominazione di origine controllata","altname":"Lambrusco Mantovano Oltrepo' Mantovano","gen":5,"color":4,"ppt_yr":640,"ppt_gs":402,"GDD_1":2133,"style":null,"latitude":44.9923,"elev":null,"climate":null,"GI_area":null,"auv":null,"_bbox":[10.722650998437063,44.912911111707906,11.30071550665066,45.07135499682584]},"geometry":{"type":"Point","coordinates":[10.92937,44.99337]},"tippecanoe":{"minzoom":5}}
,
{"type":"Feature","properties":{"_area":194116032,"OBJECTID_1":310,"OBJECTID":327,"Name_rgn":"Lambrusco Mantovano Viadanese Sabbionetano","state":"Lombardy","official":1,"country":"Italy","class":"Denominazione di origine controllata","altname":null,"gen":5,"color":1,"ppt_yr":667,"ppt_gs":413,"GDD_1":2109,"style":null,"latitude":44.9938,"elev":null,"climate":null,"GI_area":null,"auv":null,"_bbox":[10.455719039008837,44.9233555367117,10.648717177492085,45.07732744518836]},"geometry":{"type":"Point","coordinates":[10.55496,44.99974]},"tippecanoe":{"minzoom":6}}
,
{"type":"Feature","properties":{"_area":507848396,"OBJECTID_1":311,"OBJECTID":328,"Name_rgn":"Oltrepò Pavese","state":"Lombardy","official":1,"country":"Italy","class":"Denominazione di origine controllata","altname":"Oltrepo' Pavese","gen":5,"color":5,"ppt_yr":742,"ppt_gs":452,"GDD_1":1851,"style":null,"latitude":44.9645,"elev":null,"climate":null,"GI_area":null,"auv":null,"_bbox":[8.988234334974731,44.81711982230865,9.389202893867004,45.07897668036483]},"geometry":{"type":"Point","coordinates":[9.11558,44.92196]},"tippecanoe":{"minzoom":5}}
,
{"type":"Feature","properties":{"_area":507848396,"OBJECTID_1":312,"OBJECTID":329,"Name_rgn":"Oltrepò Pavese Pinot Grigio","state":"Lombardy","official":1,"country":"Italy","class":"Denominazione di origine controllata","altname":"Oltrepo' Pavese Pinot Grigio","gen":5,"color":5,"ppt_yr":742,"ppt_gs":452,"GDD_1":1841,"style":null,"latitude":44.9645,"elev":null,"climate":null,"GI_area":null,"auv":null,"_bbox":[8.988234334974731,44.81711982230865,9.389202893867004,45.07897668036483]},"geometry":{"type":"Point","coordinates":[9.11558,44.92196]},"tippecanoe":{"minzoom":5}}
,
{"type":"Feature","properties":{"_area":507848396,"OBJECTID_1":313,"OBJECTID":330,"Name_rgn":"Pinot Nero dell'Oltrepò Pavese","state":"Lombardy","official":1,"country":"Italy","class":"Denominazione di origine controllata","altname":"Pinot Nero dell'Oltrepo' Pavese","gen":5,"color":5,"ppt_yr":742,"ppt_gs":452,"GDD_1":1841,"style":null,"latitude":44.9645,"elev":null,"climate":null,"GI_area":null,"auv":null,"_bbox":[8.988234334974731,44.81711982230865,9.389202893867004,45.07897668036483]},"geometry":{"type":"Point","coordinates":[9.11558,44.92196]},"tippecanoe":{"minzoom":5}}
,
{"type":"Feature","properties":{"_area":443746207,"OBJECTID_1":314,"OBJECTID":331,"Name_rgn":"Valcalepio","state":"Lombardy","official":1,"country":"Italy","class":"Denominazione di origine controllata","altname":null,"gen":5,"color":4,"ppt_yr":1006,"ppt_gs":699,"GDD_1":1811,"style":null,"latitude":45.6993,"elev":null,"climate":null,"GI_area":null,"auv":null,"_bbox":[9.455956215743033,45.60491143454124,10.019554397453252,45.763851457128894]},"geometry":{"type":"Point","coordinates":[9.88062,45.67196]},"tippecanoe":{"minzoom":5}}
,
{"type":"Feature","properties":{"_area":295999919,"OBJECTID_1":315,"OBJECTID":332,"Name_rgn":"Valtènesi","state":"Lombardy","official":1,"country":"Italy","class":"Denominazione di origine controllata","altname":null,"gen":5,"color":1,"ppt_yr":808,"ppt_gs":550,"GDD_1":1918,"style":null,"latitude":45.5405,"elev":null,"climate":null,"GI_area":null,"auv":null,"_bbox":[10.369882346513137,45.41399927621426,10.59277348016087,45.646888128068426]},"geometry":{"type":"Point","coordinates":[10.47828,45.54678]},"tippecanoe":{"minzoom":6}}
,
{"type":"Feature","properties":{"_area":243944808,"OBJECTID_1":316,"OBJECTID":333,"Name_rgn":"Franciacorta","state":"Lombardy","official":1,"country":"Italy","class":"Denominazione di origine controllata e garantita","altname":null,"gen":5,"color":0,"ppt_yr":908,"ppt_gs":621,"GDD_1":1893,"style":null,"latitude":45.6089,"elev":null,"climate":null,"GI_area":null,"auv":null,"_bbox":[9.903869641726914,45.547414815668574,10.198729080681373,45.67726302395375]},"geometry":{"type":"Point","coordinates":[10.07328,45.61538]},"tippecanoe":{"minzoom":6}}
,
{"type":"Feature","properties":{"_area":507848396,"OBJECTID_1":317,"OBJECTID":334,"Name_rgn":"Oltrepò Pavese Metodo Classico","state":"Lombardy","official":1,"country":"Italy","class":"Denominazione di origine controllata e garantita","altname":"Oltrepo' Pavese Metodo Classico","gen":5,"color":5,"ppt_yr":742,"ppt_gs":452,"GDD_1":1841,"style":null,"latitude":44.9645,"elev":null,"climate":null,"GI_area":null,"auv":null,"_bbox":[8.988234334974731,44.81711982230865,9.389202893867004,45.07897668036483]},"geometry":{"type":"Point","coordinates":[9.11558,44.92196]},"tippecanoe":{"minzoom":5}}
,
{"type":"Feature","properties":{"_area":619572,"OBJECTID_1":318,"OBJECTID":335,"Name_rgn":"Dominio de Valdepusa","state":null,"official":1,"country":"Spain","class":"Vino de Pago","altname":"V.P.Dominio de Valdepusa","gen":1,"color":1,"ppt_yr":345,"ppt_gs":176,"GDD_1":2331,"style":null,"latitude":39.8581,"elev":null,"climate":null,"GI_area":null,"auv":null,"_bbox":[-4.614658934740976,39.85338072837763,-4.601989277433447,39.862571153773374]},"geometry":{"type":"Point","coordinates":[-4.6087,39.85835]},"tippecanoe":{"minzoom":8}}
,
{"type":"Feature","properties":{"_area":3157645806,"OBJECTID_1":319,"OBJECTID":336,"Name_rgn":"Douglas","state":"Northern Cape","official":1,"country":"South Africa","class":"District","altname":null,"gen":1,"color":4,"ppt_yr":340,"ppt_gs":304,"GDD_1":2841,"style":null,"latitude":-29.0721,"elev":null,"climate":null,"GI_area":null,"auv":null,"_bbox":[23.316810607948273,-29.328659044404993,24.1343975071645,-28.68101690799678]},"geometry":{"type":"Point","coordinates":[23.7589,-29.10919]},"tippecanoe":{"minzoom":5}}
,
{"type":"Feature","properties":{"_area":645519320,"OBJECTID_1":320,"OBJECTID":337,"Name_rgn":"Drăgăşani","state":null,"official":1,"country":"Romania","class":"D.O.C.","altname":"D.O.C. Drăgăşani","gen":1,"color":0,"ppt_yr":633,"ppt_gs":419,"GDD_1":1891,"style":null,"latitude":44.624,"elev":null,"climate":null,"GI_area":null,"auv":null,"_bbox":[24.07698600038833,44.44834799221847,24.32711799974955,44.83063199210209]},"geometry":{"type":"Point","coordinates":[24.20743,44.61689]},"tippecanoe":{"minzoom":5}}
,
{"type":"Feature","properties":{"_area":1648913011,"OBJECTID_1":321,"OBJECTID":338,"Name_rgn":"Duché d'Uzès","state":null,"official":1,"country":"France","class":"Appellation d'origine protégée","altname":null,"gen":1,"color":4,"ppt_yr":742,"ppt_gs":442,"GDD_1":1991,"style":null,"latitude":44.0251,"elev":null,"climate":null,"GI_area":null,"auv":null,"_bbox":[3.837647609198482,43.87444396803368,4.567068246333716,44.25336833357551]},"geometry":{"type":"Point","coordinates":[4.34017,44.05873]},"tippecanoe":{"minzoom":5}}
,
{"type":"Feature","properties":{"_area":59676550,"OBJECTID_1":322,"OBJECTID":339,"Name_rgn":"Dundee Hills","state":"Oregon","official":1,"country":"United States","class":"American Viticultural Area","altname":null,"gen":2,"color":3,"ppt_yr":1219,"ppt_gs":350,"GDD_1":1378,"style":null,"latitude":45.2812,"elev":null,"climate":null,"GI_area":null,"auv":null,"_bbox":[-123.11825586726582,45.236386211291936,-123.00083274210733,45.322220472161455]},"geometry":{"type":"Point","coordinates":[-123.06528,45.27997]},"tippecanoe":{"minzoom":6}}
,
{"type":"Feature","properties":{"_area":232776164,"OBJECTID_1":323,"OBJECTID":340,"Name_rgn":"Eagle Foothills","state":"Idaho","official":1,"country":"United States","class":"American Viticultural Area","altname":null,"gen":2,"color":3,"ppt_yr":327,"ppt_gs":134,"GDD_1":1871,"style":null,"latitude":43.781,"elev":null,"climate":null,"GI_area":null,"auv":null,"_bbox":[-116.51275109033926,43.71744393780922,-116.27077552336493,43.86949075566672]},"geometry":{"type":"Point","coordinates":[-116.39099,43.78931]},"tippecanoe":{"minzoom":6}}
,
{"type":"Feature","properties":{"_area":121850722,"OBJECTID_1":324,"OBJECTID":341,"Name_rgn":"Eagle Peak Mendocino County","state":"California","official":1,"country":"United States","class":"American Viticultural Area","altname":null,"gen":2,"color":1,"ppt_yr":1238,"ppt_gs":215,"GDD_1":1637,"style":null,"latitude":39.2945,"elev":null,"climate":null,"GI_area":null,"auv":null,"_bbox":[-123.38778355362325,39.22279873281566,-123.24348752167477,39.36043490453899]},"geometry":{"type":"Point","coordinates":[-123.31305,39.28678]},"tippecanoe":{"minzoom":6}}
,
{"type":"Feature","properties":{"_area":152918224,"OBJECTID_1":325,"OBJECTID":342,"Name_rgn":"East Bhutan","state":"Mongar","official":6,"country":"Bhutan","class":"Region","altname":null,"gen":6,"color":5,"ppt_yr":1106,"ppt_gs":1007,"GDD_1":2658,"style":null,"latitude":27.2644,"elev":null,"climate":null,"GI_area":null,"auv":null,"_bbox":[91.09056785150796,27.193929373247062,91.24670045754262,27.321138647523494]},"geometry":{"type":"Point","coordinates":[91.18945,27.26698]},"tippecanoe":{"minzoom":6}}
,
{"type":"Feature","properties":{"_area":121826144,"OBJECTID_1":326,"OBJECTID":344,"Name_rgn":"Edna Valley","state":"California","official":1,"country":"United States","class":"American Viticultural Area","altname":null,"gen":2,"color":2,"ppt_yr":551,"ppt_gs":79,"GDD_1":1621,"style":null,"latitude":35.2253,"elev":null,"climate":null,"GI_area":null,"auv":null,"_bbox":[-120.69624156789486,35.16956173696192,-120.54100826618952,35.293966721376606]},"geometry":{"type":"Point","coordinates":[-120.63501,35.23468]},"tippecanoe":{"minzoom":6}}
,
{"type":"Feature","properties":{"_area":2094074706,"OBJECTID_1":327,"OBJECTID":345,"Name_rgn":"Eisenberg","state":"Burgenland","official":1,"country":"Austria","class":"Districtus Austriae Controllatus","altname":null,"gen":4,"color":1,"ppt_yr":774,"ppt_gs":573,"GDD_1":1432,"style":"Blaufränkisch","latitude":47.1761,"elev":null,"climate":null,"GI_area":null,"auv":515,"_bbox":[15.996235999739197,46.83096399322268,16.529331000238333,47.45595099330973]},"geometry":{"type":"Point","coordinates":[16.25758,47.1756]},"tippecanoe":{"minzoom":5}}
,
{"type":"Feature","properties":{"_area":375766102,"OBJECTID_1":328,"OBJECTID":346,"Name_rgn":"El Hierro","state":null,"official":1,"country":"Spain","class":"Denominación de Origen","altname":"D.O.El Hierro","gen":1,"color":1,"ppt_yr":262,"ppt_gs":60,"GDD_1":2266,"style":null,"latitude":27.7464,"elev":null,"climate":null,"GI_area":null,"auv":null,"_bbox":[-18.16130952983266,27.63783896839418,-17.882994650028397,27.850055058164113]},"geometry":{"type":"Point","coordinates":[-18.01334,27.73441]},"tippecanoe":{"minzoom":6}}
,
{"type":"Feature","properties":{"_area":471792,"OBJECTID_1":329,"OBJECTID":347,"Name_rgn":"El Terrerazo","state":null,"official":1,"country":"Spain","class":"Vino de Pago","altname":"V.P.El Terrerazo","gen":1,"color":5,"ppt_yr":379,"ppt_gs":240,"GDD_1":2018,"style":null,"latitude":39.6198,"elev":null,"climate":null,"GI_area":null,"auv":null,"_bbox":[-1.25498522859248,39.61565182319011,-1.245994567632144,39.62465922575293]},"geometry":{"type":"Point","coordinates":[-1.25052,39.61998]},"tippecanoe":{"minzoom":8}}
,
{"type":"Feature","properties":{"_area":461552445,"OBJECTID_1":330,"OBJECTID":348,"Name_rgn":"Elgin","state":"Western Cape","official":1,"country":"South Africa","class":"District","altname":null,"gen":1,"color":0,"ppt_yr":740,"ppt_gs":257,"GDD_1":1783,"style":null,"latitude":-34.2052,"elev":null,"climate":null,"GI_area":null,"auv":null,"_bbox":[18.94492553434704,-34.32396656986396,19.21669697333235,-34.070100548230435]},"geometry":{"type":"Point","coordinates":[19.05401,-34.21488]},"tippecanoe":{"minzoom":5}}
,
{"type":"Feature","properties":{"_area":2297313463,"OBJECTID_1":331,"OBJECTID":349,"Name_rgn":"Empordà","state":null,"official":1,"country":"Spain","class":"Denominación de Origen","altname":"D.O.Empordà","gen":1,"color":2,"ppt_yr":564,"ppt_gs":336,"GDD_1":2041,"style":null,"latitude":42.2347,"elev":null,"climate":null,"GI_area":null,"auv":null,"_bbox":[2.775491381592548,41.78667233189949,3.332553812062671,42.482119321323836]},"geometry":{"type":"Point","coordinates":[3.07089,42.22677]},"tippecanoe":{"minzoom":5}}
,
{"type":"Feature","properties":{"_area":436130108,"OBJECTID_1":332,"OBJECTID":350,"Name_rgn":"Entraygues - Le Fel","state":null,"official":1,"country":"France","class":"Appellation d'origine protégée","altname":null,"gen":1,"color":3,"ppt_yr":694,"ppt_gs":430,"GDD_1":1400,"style":null,"latitude":44.6623,"elev":null,"climate":null,"GI_area":null,"auv":null,"_bbox":[2.332220866713587,44.5575483194339,2.70700780117306,44.770296716115496]},"geometry":{"type":"Point","coordinates":[2.58361,44.666]},"tippecanoe":{"minzoom":5}}
,
{"type":"Feature","properties":{"_area":1526974063,"OBJECTID_1":333,"OBJECTID":351,"Name_rgn":"Entre-deux-Mers","state":null,"official":1,"country":"France","class":"Appellation d'origine protégée","altname":null,"gen":1,"color":3,"ppt_yr":901,"ppt_gs":469,"GDD_1":1677,"style":null,"latitude":44.748,"elev":null,"climate":null,"GI_area":null,"auv":null,"_bbox":[-0.536140444720766,44.548217289404484,0.182751506991511,44.98819189725835]},"geometry":{"type":"Point","coordinates":[-0.0764,44.7175]},"tippecanoe":{"minzoom":5}}
,
{"type":"Feature","properties":{"_area":113400815,"OBJECTID_1":334,"OBJECTID":352,"Name_rgn":"Entre-deux-Mers Haut-Benauge","state":null,"official":1,"country":"France","class":"Appellation d'origine protégée","altname":null,"gen":1,"color":1,"ppt_yr":897,"ppt_gs":465,"GDD_1":1671,"style":null,"latitude":44.6925,"elev":null,"climate":null,"GI_area":null,"auv":null,"_bbox":[-0.316494572953296,44.62481019717491,-0.162451663865215,44.76872173295199]},"geometry":{"type":"Point","coordinates":[-0.26534,44.71082]},"tippecanoe":{"minzoom":6}}
,
{"type":"Feature","properties":{"_area":224462258,"OBJECTID_1":335,"OBJECTID":353,"Name_rgn":"Eola-Amity Hills","state":"Oregon","official":1,"country":"United States","class":"American Viticultural Area","altname":null,"gen":2,"color":5,"ppt_yr":1200,"ppt_gs":337,"GDD_1":1378,"style":null,"latitude":45.0356,"elev":null,"climate":null,"GI_area":null,"auv":null,"_bbox":[-123.20880638207836,44.930821386359824,-123.07556743268768,45.16454596282908]},"geometry":{"type":"Point","coordinates":[-123.14271,45.00629]},"tippecanoe":{"minzoom":6}}
,
{"type":"Feature","properties":{"_area":97565825,"OBJECTID_1":336,"OBJECTID":354,"Name_rgn":"Estaing","state":null,"official":1,"country":"France","class":"Appellation d'origine protégée","altname":null,"gen":1,"color":0,"ppt_yr":672,"ppt_gs":415,"GDD_1":1474,"style":null,"latitude":44.561,"elev":null,"climate":null,"GI_area":null,"auv":null,"_bbox":[2.603653454885527,44.50597714053195,2.772093249807121,44.621615848028654]},"geometry":{"type":"Point","coordinates":[2.70574,44.5647]},"tippecanoe":{"minzoom":6}}
,
{"type":"Feature","properties":{"_area":4560207186,"OBJECTID_1":337,"OBJECTID":355,"Name_rgn":"Famatina","state":"La Rioja","official":1,"country":"Argentina","class":"Indicación Geográfica","altname":null,"gen":3,"color":3,"ppt_yr":178,"ppt_gs":165,"GDD_1":1648,"style":null,"latitude":-28.6978,"elev":null,"climate":null,"GI_area":null,"auv":null,"_bbox":[-67.87712860124375,-29.014640807840028,-67.17480468704986,-28.29416551777377]},"geometry":{"type":"Point","coordinates":[-67.55752,-28.69503]},"tippecanoe":{"minzoom":4}}
,
{"type":"Feature","properties":{"_area":122140559,"OBJECTID_1":338,"OBJECTID":356,"Name_rgn":"Faugères","state":null,"official":1,"country":"France","class":"Appellation d'origine protégée","altname":null,"gen":1,"color":0,"ppt_yr":618,"ppt_gs":338,"GDD_1":1883,"style":null,"latitude":43.5421,"elev":null,"climate":null,"GI_area":null,"auv":null,"_bbox":[3.080904293183508,43.482118543630776,3.264287392176582,43.59636624422102]},"geometry":{"type":"Point","coordinates":[3.17105,43.53835]},"tippecanoe":{"minzoom":6}}
,
{"type":"Feature","properties":{"_area":365417604,"OBJECTID_1":339,"OBJECTID":357,"Name_rgn":"Fennville","state":"Michigan","official":1,"country":"United States","class":"American Viticultural Area","altname":null,"gen":2,"color":0,"ppt_yr":943,"ppt_gs":630,"GDD_1":1508,"style":null,"latitude":42.5412,"elev":null,"climate":null,"GI_area":null,"auv":null,"_bbox":[-86.28466831147585,42.40193881879253,-86.08333858260008,42.67697830281115]},"geometry":{"type":"Point","coordinates":[-86.16906,42.51755]},"tippecanoe":{"minzoom":6}}
,
{"type":"Feature","properties":{"_area":51805736,"OBJECTID_1":340,"OBJECTID":358,"Name_rgn":"Fiddletown","state":"California","official":1,"country":"United States","class":"American Viticultural Area","altname":null,"gen":2,"color":3,"ppt_yr":917,"ppt_gs":190,"GDD_1":2165,"style":null,"latitude":38.4931,"elev":null,"climate":null,"GI_area":null,"auv":null,"_bbox":[-120.79937083230485,38.467181334853656,-120.68762503279254,38.523659203162445]},"geometry":{"type":"Point","coordinates":[-120.74686,38.49498]},"tippecanoe":{"minzoom":6}}
,
{"type":"Feature","properties":{"_area":2479113031,"OBJECTID_1":341,"OBJECTID":359,"Name_rgn":"Fiefs Vendéens","state":null,"official":1,"country":"France","class":"Appellation d'origine protégée","altname":null,"gen":1,"color":5,"ppt_yr":773,"ppt_gs":385,"GDD_1":1501,"style":null,"latitude":46.5601,"elev":null,"climate":null,"GI_area":null,"auv":null,"_bbox":[-1.922682317128715,46.31714308188509,-0.784062579499982,46.7172990616649]},"geometry":{"type":"Point","coordinates":[-1.06297,46.5391]},"tippecanoe":{"minzoom":5}}
,
{"type":"Feature","properties":{"_area":56742,"OBJECTID_1":342,"OBJECTID":360,"Name_rgn":"Finca Élez","state":null,"official":1,"country":"Spain","class":"Vino de Pago","altname":"V.P.Finca Élez","gen":1,"color":0,"ppt_yr":455,"ppt_gs":216,"GDD_1":2290,"style":null,"latitude":38.8676,"elev":null,"climate":null,"GI_area":null,"auv":null,"_bbox":[-2.657962920882073,38.86659249844424,-2.6539698977661,38.869464193865795]},"geometry":{"type":"Point","coordinates":[-2.6555,38.86761]},"tippecanoe":{"minzoom":9}}
,
{"type":"Feature","properties":{"_area":558219229,"OBJECTID_1":343,"OBJECTID":361,"Name_rgn":"Fitou","state":null,"official":1,"country":"France","class":"Appellation d'origine protégée","altname":null,"gen":1,"color":5,"ppt_yr":597,"ppt_gs":319,"GDD_1":1909,"style":null,"latitude":42.9165,"elev":null,"climate":null,"GI_area":null,"auv":null,"_bbox":[2.663080068795253,42.83041775734972,3.0605892990717,43.00445038331711]},"geometry":{"type":"Point","coordinates":[2.77797,42.91811]},"tippecanoe":{"minzoom":5}}
,
{"type":"Feature","properties":{"_area":174410955,"OBJECTID_1":344,"OBJECTID":363,"Name_rgn":"Fountaingrove District","state":"California","official":1,"country":"United States","class":"American Viticultural Area","altname":null,"gen":2,"color":0,"ppt_yr":1025,"ppt_gs":166,"GDD_1":1796,"style":null,"latitude":38.5104,"elev":null,"climate":null,"GI_area":null,"auv":null,"_bbox":[-122.72589435097838,38.4581439836989,-122.52869214996603,38.571086533559914]},"geometry":{"type":"Point","coordinates":[-122.6381,38.51417]},"tippecanoe":{"minzoom":6}}
,
{"type":"Feature","properties":{"_area":18594238130,"OBJECTID_1":345,"OBJECTID":364,"Name_rgn":"Franche-Comté","state":null,"official":1,"country":"France","class":"Indication géographique protégée","altname":null,"gen":1,"color":0,"ppt_yr":1108,"ppt_gs":649,"GDD_1":1199,"style":null,"latitude":47.2349,"elev":null,"climate":null,"GI_area":null,"auv":null,"_bbox":[5.252042396472459,46.26068419759263,7.143458659694576,48.02408440617389]},"geometry":{"type":"Point","coordinates":[5.9766,47.23753]},"tippecanoe":{"minzoom":4}}
,
{"type":"Feature","properties":{"_area":217078296,"OBJECTID_1":346,"OBJECTID":365,"Name_rgn":"Franschhoek","state":"Western Cape","official":1,"country":"South Africa","class":"District","altname":null,"gen":1,"color":5,"ppt_yr":729,"ppt_gs":228,"GDD_1":1909,"style":null,"latitude":-33.8929,"elev":null,"climate":null,"GI_area":null,"auv":null,"_bbox":[18.94132920905716,-33.967321875761165,19.1584315909292,-33.83535765510793]},"geometry":{"type":"Point","coordinates":[19.06865,-33.89773]},"tippecanoe":{"minzoom":6}}
,
{"type":"Feature","properties":{"_area":405062899,"OBJECTID_1":347,"OBJECTID":367,"Name_rgn":"Fredericksburg in the Texas Hill Country","state":"Texas","official":1,"country":"United States","class":"American Viticultural Area","altname":null,"gen":2,"color":3,"ppt_yr":773,"ppt_gs":544,"GDD_1":3020,"style":null,"latitude":30.2583,"elev":null,"climate":null,"GI_area":null,"auv":null,"_bbox":[-98.97697932306535,30.17049426507585,-98.73738386758907,30.35905208974047]},"geometry":{"type":"Point","coordinates":[-98.84919,30.26588]},"tippecanoe":{"minzoom":5}}
,
{"type":"Feature","properties":{"_area":80537634,"OBJECTID_1":348,"OBJECTID":369,"Name_rgn":"Fronsac","state":null,"official":1,"country":"France","class":"Appellation d'origine protégée","altname":null,"gen":1,"color":2,"ppt_yr":885,"ppt_gs":461,"GDD_1":1680,"style":null,"latitude":44.9504,"elev":null,"climate":null,"GI_area":null,"auv":null,"_bbox":[-0.349435210517079,44.88892912087534,-0.24202508750267,45.01417092334602]},"geometry":{"type":"Point","coordinates":[-0.29028,44.94389]},"tippecanoe":{"minzoom":6}}
,
{"type":"Feature","properties":{"_area":414074260,"OBJECTID_1":349,"OBJECTID":370,"Name_rgn":"Fronton","state":null,"official":1,"country":"France","class":"Appellation d'origine protégée","altname":null,"gen":1,"color":1,"ppt_yr":681,"ppt_gs":399,"GDD_1":1811,"style":null,"latitude":43.848,"elev":null,"climate":null,"GI_area":null,"auv":null,"_bbox":[1.236683536000492,43.75477961984334,1.5578592963747,43.953576361475655]},"geometry":{"type":"Point","coordinates":[1.38345,43.85185]},"tippecanoe":{"minzoom":5}}
,
{"type":"Feature","properties":{"_area":1713098682,"OBJECTID_1":350,"OBJECTID":371,"Name_rgn":"Gaillac","state":null,"official":1,"country":"France","class":"Appellation d'origine protégée","altname":null,"gen":1,"color":5,"ppt_yr":698,"ppt_gs":404,"GDD_1":1781,"style":null,"latitude":43.9221,"elev":null,"climate":null,"GI_area":null,"auv":null,"_bbox":[1.627257750724006,43.728874780801405,2.311747321750672,44.12305245238037]},"geometry":{"type":"Point","coordinates":[1.94676,43.94213]},"tippecanoe":{"minzoom":5}}
,
{"type":"Feature","properties":{"_area":1374156578,"OBJECTID_1":351,"OBJECTID":372,"Name_rgn":"Gaillac premières côtes","state":null,"official":1,"country":"France","class":"Appellation d'origine protégée","altname":null,"gen":1,"color":0,"ppt_yr":698,"ppt_gs":404,"GDD_1":1798,"style":null,"latitude":43.9226,"elev":null,"climate":null,"GI_area":null,"auv":null,"_bbox":[1.627257750724006,43.728874780801405,2.131992742769052,44.12305245238037]},"geometry":{"type":"Point","coordinates":[1.92751,43.93674]},"tippecanoe":{"minzoom":5}}
,
{"type":"Feature","properties":{"_area":3495787261,"OBJECTID_1":353,"OBJECTID":374,"Name_rgn":"Geelong","state":"Victoria","official":1,"country":"Australia","class":"Region","altname":null,"gen":1,"color":3,"ppt_yr":558,"ppt_gs":308,"GDD_1":1499,"style":"Pinot Noir, Shiraz, Chardonnay, Pinot Gris/Grigio, Sauvignon Blanc","latitude":-38.0941,"elev":null,"climate":null,"GI_area":null,"auv":467,"_bbox":[143.91235900234665,-38.414880995612045,144.72021700240705,-37.7957749964544]},"geometry":{"type":"Point","coordinates":[144.24307,-38.10351]},"tippecanoe":{"minzoom":5}}
,
{"type":"Feature","properties":{"_area":15484193761,"OBJECTID_1":354,"OBJECTID":375,"Name_rgn":"General Alvear","state":"Mendoza","official":1,"country":"Argentina","class":"Indicación Geográfica","altname":null,"gen":3,"color":3,"ppt_yr":339,"ppt_gs":278,"GDD_1":2390,"style":null,"latitude":-35.2215,"elev":null,"climate":null,"GI_area":null,"auv":null,"_bbox":[-67.73232107036907,-35.99951996885477,-66.47857720031146,-34.49017212969563]},"geometry":{"type":"Point","coordinates":[-67.10729,-35.11002]},"tippecanoe":{"minzoom":4}}
,
{"type":"Feature","properties":{"_area":7589411855,"OBJECTID_1":355,"OBJECTID":376,"Name_rgn":"General Lamadrid","state":"La Rioja","official":1,"country":"Argentina","class":"Indicación Geográfica","altname":null,"gen":3,"color":1,"ppt_yr":118,"ppt_gs":97,"GDD_1":805,"style":null,"latitude":-28.7913,"elev":null,"climate":null,"GI_area":null,"auv":null,"_bbox":[-69.63497275598742,-29.224319457879364,-67.83519744914507,-28.192862427808418]},"geometry":{"type":"Point","coordinates":[-68.83015,-28.76399]},"tippecanoe":{"minzoom":4}}
,
{"type":"Feature","properties":{"_area":17563123083,"OBJECTID_1":356,"OBJECTID":377,"Name_rgn":"General Roca","state":"Río Negro","official":1,"country":"Argentina","class":"Indicación Geográfica","altname":null,"gen":3,"color":5,"ppt_yr":235,"ppt_gs":159,"GDD_1":2114,"style":null,"latitude":-38.5344,"elev":null,"climate":null,"GI_area":null,"auv":null,"_bbox":[-68.2499999996324,-39.17824197612449,-66.6390694400144,-37.57637433180754]},"geometry":{"type":"Point","coordinates":[-67.65908,-38.48955]},"tippecanoe":{"minzoom":4}}
,
{"type":"Feature","properties":{"_area":40521940,"OBJECTID_1":357,"OBJECTID":380,"Name_rgn":"Gevrey-Chambertin","state":null,"official":1,"country":"France","class":"Appellation d'origine protégée","altname":null,"gen":1,"color":5,"ppt_yr":796,"ppt_gs":483,"GDD_1":1385,"style":null,"latitude":47.2245,"elev":null,"climate":null,"GI_area":null,"auv":null,"_bbox":[4.914694119612879,47.20035047029626,5.049816512760853,47.250858431419566]},"geometry":{"type":"Point","coordinates":[4.94547,47.22797]},"tippecanoe":{"minzoom":6}}
,
{"type":"Feature","properties":{"_area":40434318,"OBJECTID_1":358,"OBJECTID":381,"Name_rgn":"Gigondas","state":null,"official":1,"country":"France","class":"Appellation d'origine protégée","altname":null,"gen":1,"color":3,"ppt_yr":834,"ppt_gs":505,"GDD_1":1900,"style":null,"latitude":44.1662,"elev":null,"climate":null,"GI_area":null,"auv":null,"_bbox":[4.958340619119611,44.1345392029369,5.072086365796782,44.19359711214894]},"geometry":{"type":"Point","coordinates":[5.01417,44.16361]},"tippecanoe":{"minzoom":6}}
,
{"type":"Feature","properties":{"_area":11040407850,"OBJECTID_1":359,"OBJECTID":382,"Name_rgn":"Gisborne","state":null,"official":1,"country":"New Zealand","class":"Region","altname":null,"gen":1,"color":0,"ppt_yr":1594,"ppt_gs":779,"GDD_1":1194,"style":null,"latitude":-38.2839,"elev":null,"climate":null,"GI_area":null,"auv":null,"_bbox":[177.12217080758867,-38.97281165944442,178.5772440570774,-37.53424797636241]},"geometry":{"type":"Point","coordinates":[177.78034,-38.46355]},"tippecanoe":{"minzoom":4}}
,
{"type":"Feature","properties":{"_area":62964261,"OBJECTID_1":360,"OBJECTID":383,"Name_rgn":"Givry","state":null,"official":1,"country":"France","class":"Appellation d'origine protégée","altname":null,"gen":1,"color":3,"ppt_yr":817,"ppt_gs":500,"GDD_1":1385,"style":null,"latitude":46.7751,"elev":null,"climate":null,"GI_area":null,"auv":null,"_bbox":[4.63004443361278,46.74254995963266,4.809225557761457,46.81118582514104]},"geometry":{"type":"Point","coordinates":[4.75981,46.77794]},"tippecanoe":{"minzoom":6}}
,
{"type":"Feature","properties":{"_area":1530949394,"OBJECTID_1":361,"OBJECTID":386,"Name_rgn":"Glenrowan","state":"Victoria","official":1,"country":"Australia","class":"Region","altname":null,"gen":1,"color":2,"ppt_yr":614,"ppt_gs":308,"GDD_1":2029,"style":"Shiraz, Cabernet Sauvignon, Merlot, Durif, Muscat à Petits Grains Blancs","latitude":-36.3697,"elev":null,"climate":null,"GI_area":null,"auv":205,"_bbox":[145.83095300037897,-36.61365199977818,146.32864799974703,-36.15665200033547]},"geometry":{"type":"Point","coordinates":[146.08668,-36.36507]},"tippecanoe":{"minzoom":5}}
,
{"type":"Feature","properties":{"_area":86556239,"OBJECTID_1":362,"OBJECTID":387,"Name_rgn":"Godoy Cruz","state":"Mendoza","official":1,"country":"Argentina","class":"Indicación Geográfica","altname":null,"gen":3,"color":0,"ppt_yr":265,"ppt_gs":210,"GDD_1":2143,"style":null,"latitude":-32.9316,"elev":null,"climate":null,"GI_area":null,"auv":null,"_bbox":[-68.95820052981992,-32.96164622976208,-68.80368057040016,-32.899272170121925]},"geometry":{"type":"Point","coordinates":[-68.88094,-32.93046]},"tippecanoe":{"minzoom":6}}
,
{"type":"Feature","properties":{"_area":12148496948,"OBJECTID_1":363,"OBJECTID":388,"Name_rgn":"Goulburn Valley","state":"Victoria","official":1,"country":"Australia","class":"Region","altname":null,"gen":1,"color":3,"ppt_yr":466,"ppt_gs":245,"GDD_1":2036,"style":"Shiraz, Riesling, Cabernet Sauvignon, Chardonnay, Pinot Gris/Grigio","latitude":-36.3542,"elev":null,"climate":null,"GI_area":null,"auv":1214,"_bbox":[144.67330500107835,-37.20669099728487,146.07242900074908,-35.80199899776708]},"geometry":{"type":"Point","coordinates":[145.27517,-36.34658]},"tippecanoe":{"minzoom":4}}
,
{"type":"Feature","properties":{"_area":10237100580,"OBJECTID_1":364,"OBJECTID":389,"Name_rgn":"Grampians","state":"Victoria","official":1,"country":"Australia","class":"Region","altname":null,"gen":1,"color":5,"ppt_yr":582,"ppt_gs":270,"GDD_1":1499,"style":"Shiraz, Riesling, Pinot Gris/Grigio, Merlot, Pinot Noir","latitude":-37.2967,"elev":null,"climate":null,"GI_area":null,"auv":640,"_bbox":[142.12110799967803,-37.89282599998762,143.30663800039542,-36.7575799999828]},"geometry":{"type":"Point","coordinates":[142.70591,-37.29915]},"tippecanoe":{"minzoom":4}}
,
{"type":"Feature","properties":{"_area":1817946677,"OBJECTID_1":365,"OBJECTID":390,"Name_rgn":"Gran Canaria","state":null,"official":1,"country":"Spain","class":"Denominación de Origen","altname":"D.O.Gran Canaria","gen":1,"color":2,"ppt_yr":243,"ppt_gs":59,"GDD_1":2268,"style":null,"latitude":27.9548,"elev":null,"climate":null,"GI_area":null,"auv":null,"_bbox":[-15.834716269709276,27.734645159332178,-15.358448700371786,28.181086669493908]},"geometry":{"type":"Point","coordinates":[-15.59624,27.96092]},"tippecanoe":{"minzoom":5}}
,
{"type":"Feature","properties":{"_area":15907949824,"OBJECTID_1":366,"OBJECTID":391,"Name_rgn":"Granada","state":null,"official":1,"country":"Spain","class":"Vino de Calidad","altname":"V.C.Granada","gen":1,"color":1,"ppt_yr":487,"ppt_gs":193,"GDD_1":1978,"style":null,"latitude":37.3145,"elev":null,"climate":null,"GI_area":null,"auv":null,"_bbox":[-4.327616859069462,36.69351977512954,-2.207672749387429,38.084092184890146]},"geometry":{"type":"Point","coordinates":[-3.36141,37.19801]},"tippecanoe":{"minzoom":4}}
,
{"type":"Feature","properties":{"_area":471160658,"OBJECTID_1":367,"OBJECTID":392,"Name_rgn":"Grand River Valley","state":"Ohio","official":1,"country":"United States","class":"American Viticultural Area","altname":null,"gen":2,"color":3,"ppt_yr":1054,"ppt_gs":666,"GDD_1":1554,"style":null,"latitude":41.7314,"elev":null,"climate":null,"GI_area":null,"auv":null,"_bbox":[-81.32065671151089,41.65511570289929,-80.85189368153164,41.788137642881765]},"geometry":{"type":"Point","coordinates":[-80.93042,41.72111]},"tippecanoe":{"minzoom":5}}
,
{"type":"Feature","properties":{"_area":2868843613,"OBJECTID_1":368,"OBJECTID":393,"Name_rgn":"Grand Roussillon","state":null,"official":1,"country":"France","class":"Appellation d'origine protégée","altname":null,"gen":1,"color":2,"ppt_yr":593,"ppt_gs":327,"GDD_1":1252,"style":null,"latitude":42.7026,"elev":null,"climate":null,"GI_area":null,"auv":null,"_bbox":[2.436074734689581,42.41195376670815,3.17766847368093,43.00445038331711]},"geometry":{"type":"Point","coordinates":[2.82432,42.72498]},"tippecanoe":{"minzoom":5}}
,
{"type":"Feature","properties":{"_area":1238663378,"OBJECTID_1":369,"OBJECTID":396,"Name_rgn":"Graves","state":null,"official":1,"country":"France","class":"Appellation d'origine protégée","altname":null,"gen":1,"color":0,"ppt_yr":884,"ppt_gs":456,"GDD_1":1675,"style":null,"latitude":44.6678,"elev":null,"climate":null,"GI_area":null,"auv":null,"_bbox":[-0.837084144348467,44.472237251600816,-0.173067457124618,44.898204387116955]},"geometry":{"type":"Point","coordinates":[-0.54298,44.67233]},"tippecanoe":{"minzoom":5}}
,
{"type":"Feature","properties":{"_area":40969937,"OBJECTID_1":370,"OBJECTID":397,"Name_rgn":"Graves de Vayres","state":null,"official":1,"country":"France","class":"Appellation d'origine protégée","altname":null,"gen":1,"color":5,"ppt_yr":878,"ppt_gs":456,"GDD_1":1685,"style":null,"latitude":44.8912,"elev":null,"climate":null,"GI_area":null,"auv":null,"_bbox":[-0.352317288917827,44.8608922502808,-0.247065605528815,44.919340914448334]},"geometry":{"type":"Point","coordinates":[-0.30209,44.8892]},"tippecanoe":{"minzoom":6}}
,
{"type":"Feature","properties":{"_area":625814960,"OBJECTID_1":371,"OBJECTID":399,"Name_rgn":"Grignan-les-Adhémar","state":null,"official":1,"country":"France","class":"Appellation d'origine protégée","altname":null,"gen":1,"color":4,"ppt_yr":866,"ppt_gs":541,"GDD_1":1906,"style":null,"latitude":44.4261,"elev":null,"climate":null,"GI_area":null,"auv":null,"_bbox":[4.663053494055014,44.3033511953165,5.087470218056573,44.53609014279394]},"geometry":{"type":"Point","coordinates":[4.81715,44.41654]},"tippecanoe":{"minzoom":5}}
,
{"type":"Feature","properties":{"_area":31687583,"OBJECTID_1":372,"OBJECTID":400,"Name_rgn":"Griotte-Chambertin","state":null,"official":1,"country":"France","class":"Appellation d'origine protégée","altname":null,"gen":1,"color":4,"ppt_yr":796,"ppt_gs":483,"GDD_1":1385,"style":null,"latitude":47.2202,"elev":null,"climate":null,"GI_area":null,"auv":null,"_bbox":[4.923060736216732,47.20035047029626,5.049816512760853,47.2372744851635]},"geometry":{"type":"Point","coordinates":[4.99633,47.21824]},"tippecanoe":{"minzoom":7}}
,
{"type":"Feature","properties":{"_area":189053397,"OBJECTID_1":373,"OBJECTID":401,"Name_rgn":"Guaymallén","state":"Mendoza","official":1,"country":"Argentina","class":"Indicación Geográfica","altname":null,"gen":3,"color":4,"ppt_yr":224,"ppt_gs":188,"GDD_1":2419,"style":null,"latitude":-32.893,"elev":null,"climate":null,"GI_area":null,"auv":null,"_bbox":[-68.83909281017876,-32.96635887994102,-68.6377092398781,-32.83037156007752]},"geometry":{"type":"Point","coordinates":[-68.72276,-32.90102]},"tippecanoe":{"minzoom":6}}
,
{"type":"Feature","properties":{"_area":19081406,"OBJECTID_1":374,"OBJECTID":402,"Name_rgn":"Guenoc Valley","state":"California","official":1,"country":"United States","class":"American Viticultural Area","altname":null,"gen":2,"color":5,"ppt_yr":901,"ppt_gs":144,"GDD_1":2111,"style":null,"latitude":38.7379,"elev":null,"climate":null,"GI_area":null,"auv":null,"_bbox":[-122.54116145421916,38.70885983665054,-122.48500729598997,38.76620352913405]},"geometry":{"type":"Point","coordinates":[-122.50962,38.73825]},"tippecanoe":{"minzoom":7}}
,
{"type":"Feature","properties":{"_area":1302423,"OBJECTID_1":375,"OBJECTID":403,"Name_rgn":"Guijoso","state":null,"official":1,"country":"Spain","class":"Vino de Pago","altname":"V.P.Guijoso","gen":1,"color":5,"ppt_yr":450,"ppt_gs":212,"GDD_1":2290,"style":null,"latitude":38.8725,"elev":null,"climate":null,"GI_area":null,"auv":null,"_bbox":[-2.709487502598428,38.866514291607054,-2.69450641628446,38.88075298595946]},"geometry":{"type":"Point","coordinates":[-2.70281,38.8723]},"tippecanoe":{"minzoom":8}}
,
{"type":"Feature","properties":{"_area":1202326180,"OBJECTID_1":376,"OBJECTID":407,"Name_rgn":"Haut-Médoc","state":null,"official":1,"country":"France","class":"Appellation d'origine protégée","altname":null,"gen":1,"color":0,"ppt_yr":912,"ppt_gs":469,"GDD_1":1652,"style":null,"latitude":45.0433,"elev":null,"climate":null,"GI_area":null,"auv":null,"_bbox":[-0.994668953396713,44.84692832077734,-0.539741211281493,45.309922737441404]},"geometry":{"type":"Point","coordinates":[-0.79608,45.02686]},"tippecanoe":{"minzoom":5}}
,
{"type":"Feature","properties":{"_area":232536433,"OBJECTID_1":377,"OBJECTID":408,"Name_rgn":"Haut-Montravel","state":null,"official":1,"country":"France","class":"Appellation d'origine protégée","altname":null,"gen":1,"color":4,"ppt_yr":898,"ppt_gs":468,"GDD_1":1689,"style":null,"latitude":44.8805,"elev":null,"climate":null,"GI_area":null,"auv":null,"_bbox":[-0.034235026344782,44.81895049248229,0.24375107815032,44.94011420656579]},"geometry":{"type":"Point","coordinates":[0.11424,44.87907]},"tippecanoe":{"minzoom":6}}
,
{"type":"Feature","properties":{"_area":804589443,"OBJECTID_1":378,"OBJECTID":409,"Name_rgn":"Haut-Poitou","state":null,"official":1,"country":"France","class":"Appellation d'origine protégée","altname":null,"gen":1,"color":5,"ppt_yr":713,"ppt_gs":389,"GDD_1":1480,"style":null,"latitude":46.7334,"elev":null,"climate":null,"GI_area":null,"auv":null,"_bbox":[-0.031656883937287,46.623707433991726,0.510908263186552,46.863298489586235]},"geometry":{"type":"Point","coordinates":[0.21776,46.74491]},"tippecanoe":{"minzoom":5}}
,
{"type":"Feature","properties":{"_area":1656896921,"OBJECTID_1":379,"OBJECTID":410,"Name_rgn":"Haute Vallée de l'Aude","state":null,"official":1,"country":"France","class":"Indication géographique protégée","altname":null,"gen":1,"color":1,"ppt_yr":756,"ppt_gs":419,"GDD_1":1525,"style":null,"latitude":43.0043,"elev":null,"climate":null,"GI_area":null,"auv":null,"_bbox":[1.962279488914099,42.843307800057644,2.656600279902404,43.22540375598177]},"geometry":{"type":"Point","coordinates":[2.27646,43.03212]},"tippecanoe":{"minzoom":5}}
,
{"type":"Feature","properties":{"_area":934219646,"OBJECTID_1":380,"OBJECTID":411,"Name_rgn":"Haute Vallée de l'Orb","state":null,"official":1,"country":"France","class":"Indication géographique protégée","altname":null,"gen":1,"color":5,"ppt_yr":707,"ppt_gs":389,"GDD_1":1610,"style":null,"latitude":43.6325,"elev":null,"climate":null,"GI_area":null,"auv":null,"_bbox":[2.792731857508534,43.47250040827247,3.290818446881873,43.81151826151786]},"geometry":{"type":"Point","coordinates":[3.13043,43.66187]},"tippecanoe":{"minzoom":5}}
,
{"type":"Feature","properties":{"_area":21684312173,"OBJECTID_1":381,"OBJECTID":412,"Name_rgn":"Hawke's Bay / Hawkes Bay","state":null,"official":1,"country":"New Zealand","class":"Region","altname":null,"gen":1,"color":2,"ppt_yr":1288,"ppt_gs":661,"GDD_1":1059,"style":null,"latitude":-39.3902,"elev":null,"climate":null,"GI_area":null,"auv":null,"_bbox":[176.04293621673784,-40.431291417114295,178.00167459171772,-38.58392097302577]},"geometry":{"type":"Point","coordinates":[176.72442,-39.42868]},"tippecanoe":{"minzoom":4}}
,
{"type":"Feature","properties":{"_area":2546024909,"OBJECTID_1":382,"OBJECTID":413,"Name_rgn":"Heathcote","state":"Victoria","official":1,"country":"Australia","class":"Region","altname":null,"gen":1,"color":5,"ppt_yr":522,"ppt_gs":260,"GDD_1":1778,"style":"Shiraz, Chardonnay, Grenache, Cabernet Sauvignon, Mataro/Mourvèdre","latitude":-36.8003,"elev":null,"climate":null,"GI_area":null,"auv":1696,"_bbox":[144.4182640015402,-37.118519997084455,144.94776400176434,-36.37153499791609]},"geometry":{"type":"Point","coordinates":[144.72542,-36.81551]},"tippecanoe":{"minzoom":5}}
,
{"type":"Feature","properties":{"_area":16932750091,"OBJECTID_1":383,"OBJECTID":414,"Name_rgn":"Henty","state":"Victoria","official":1,"country":"Australia","class":"Region","altname":null,"gen":1,"color":2,"ppt_yr":681,"ppt_gs":293,"GDD_1":1393,"style":"Pinot Noir, Chardonnay, Shiraz, Pinot Meunier, Grüner Veltliner","latitude":-37.8329,"elev":null,"climate":null,"GI_area":null,"auv":139,"_bbox":[140.9657900002557,-38.43291800009777,142.7105110002887,-37.152000999765434]},"geometry":{"type":"Point","coordinates":[141.65003,-37.79871]},"tippecanoe":{"minzoom":4}}
,
{"type":"Feature","properties":{"_area":223170604,"OBJECTID_1":384,"OBJECTID":415,"Name_rgn":"Hermann","state":"Missouri","official":1,"country":"United States","class":"American Viticultural Area","altname":null,"gen":2,"color":4,"ppt_yr":1063,"ppt_gs":736,"GDD_1":2216,"style":null,"latitude":38.6499,"elev":null,"climate":null,"GI_area":null,"auv":null,"_bbox":[-91.57726407706483,38.59844713339908,-91.29491219172992,38.70778709055423]},"geometry":{"type":"Point","coordinates":[-91.41325,38.65312]},"tippecanoe":{"minzoom":6}}
,
{"type":"Feature","properties":{"_area":71306009,"OBJECTID_1":385,"OBJECTID":416,"Name_rgn":"High Valley","state":"California","official":1,"country":"United States","class":"American Viticultural Area","altname":null,"gen":2,"color":2,"ppt_yr":821,"ppt_gs":135,"GDD_1":2056,"style":null,"latitude":39.0432,"elev":null,"climate":null,"GI_area":null,"auv":null,"_bbox":[-122.7635782100232,39.00866502796459,-122.59041387139182,39.0709400230275]},"geometry":{"type":"Point","coordinates":[-122.622,39.03445]},"tippecanoe":{"minzoom":6}}
,
{"type":"Feature","properties":{"_area":216424869879,"OBJECTID_1":386,"OBJECTID":418,"Name_rgn":"Hokkaido","state":"Hokkaido","official":1,"country":"Japan","class":"Mark of Origin","altname":"北海道","gen":1,"color":0,"ppt_yr":1197,"ppt_gs":804,"GDD_1":939,"style":null,"latitude":43.4884,"elev":null,"climate":null,"GI_area":null,"auv":null,"_bbox":[139.3347930570774,41.3534660178352,148.89540096514287,45.5573310732212]},"geometry":{"type":"Point","coordinates":[142.17004,43.6427]},"tippecanoe":{"minzoom":3}}
,
{"type":"Feature","properties":{"_area":2819340401,"OBJECTID_1":387,"OBJECTID":419,"Name_rgn":"Horse Heaven Hills","state":"Washington","official":1,"country":"United States","class":"American Viticultural Area","altname":null,"gen":2,"color":5,"ppt_yr":224,"ppt_gs":89,"GDD_1":1817,"style":null,"latitude":46.0231,"elev":null,"climate":null,"GI_area":null,"auv":null,"_bbox":[-120.2002877775337,45.789503075736164,-118.99660366395086,46.25302991920955]},"geometry":{"type":"Point","coordinates":[-119.55841,46.0602]},"tippecanoe":{"minzoom":5}}
,
{"type":"Feature","properties":{"_area":23848507097,"OBJECTID_1":388,"OBJECTID":420,"Name_rgn":"Hunter","state":"New South Wales","official":1,"country":"Australia","class":"Region","altname":null,"gen":1,"color":3,"ppt_yr":789,"ppt_gs":535,"GDD_1":2190,"style":"Chardonnay, Semillon, Shiraz, Verdelho, Pinot Noir","latitude":-32.3348,"elev":null,"climate":null,"GI_area":null,"auv":2609,"_bbox":[149.67478199789585,-33.138952001177444,151.8325029979503,-31.60299400280151]},"geometry":{"type":"Point","coordinates":[150.96925,-32.32447]},"tippecanoe":{"minzoom":4}}
,
{"type":"Feature","properties":{"_area":2450150950,"OBJECTID_1":389,"OBJECTID":421,"Name_rgn":"Huşi","state":null,"official":1,"country":"Romania","class":"D.O.C.","altname":"D.O.C. Huşi","gen":1,"color":1,"ppt_yr":518,"ppt_gs":344,"GDD_1":1671,"style":null,"latitude":46.5174,"elev":null,"climate":null,"GI_area":null,"auv":null,"_bbox":[27.725009999654922,46.10386499092394,28.251729999739062,46.86630098975897]},"geometry":{"type":"Point","coordinates":[27.98734,46.41352]},"tippecanoe":{"minzoom":5}}
,
{"type":"Feature","properties":{"_area":358061008,"OBJECTID_1":390,"OBJECTID":422,"Name_rgn":"Iana","state":null,"official":1,"country":"Romania","class":"D.O.C.","altname":"D.O.C. Iana","gen":1,"color":3,"ppt_yr":522,"ppt_gs":362,"GDD_1":1688,"style":null,"latitude":46.3166,"elev":null,"climate":null,"GI_area":null,"auv":null,"_bbox":[27.491620999985017,46.17206799072135,27.73366999974229,46.454833990014656]},"geometry":{"type":"Point","coordinates":[27.61075,46.31768]},"tippecanoe":{"minzoom":6}}
,
{"type":"Feature","properties":{"_area":1918385462,"OBJECTID_1":391,"OBJECTID":423,"Name_rgn":"Iaşi","state":null,"official":1,"country":"Romania","class":"D.O.C.","altname":"D.O.C. Iaşi","gen":1,"color":0,"ppt_yr":532,"ppt_gs":379,"GDD_1":1611,"style":null,"latitude":47.2744,"elev":null,"climate":null,"GI_area":null,"auv":null,"_bbox":[27.192843999093395,47.00385198995475,27.76127399862969,47.5894679896743]},"geometry":{"type":"Point","coordinates":[27.42044,47.28696]},"tippecanoe":{"minzoom":5}}
,
{"type":"Feature","properties":{"_area":22567384117,"OBJECTID_1":392,"OBJECTID":424,"Name_rgn":"Iglesia","state":"San Juan","official":1,"country":"Argentina","class":"Indicación Geográfica","altname":null,"gen":3,"color":0,"ppt_yr":121,"ppt_gs":72,"GDD_1":306,"style":null,"latitude":-29.6067,"elev":null,"climate":null,"GI_area":null,"auv":null,"_bbox":[-70.02176103082746,-30.796058738026066,-68.9078447802557,-28.388751887858085]},"geometry":{"type":"Point","coordinates":[-69.47187,-29.42052]},"tippecanoe":{"minzoom":4}}
,
{"type":"Feature","properties":{"_area":163362918,"OBJECTID_1":393,"OBJECTID":425,"Name_rgn":"Alto Mincio","state":"Lombardy","official":1,"country":"Italy","class":"Indicazione geografica tipica","altname":null,"gen":5,"color":2,"ppt_yr":758,"ppt_gs":506,"GDD_1":2003,"style":null,"latitude":45.3708,"elev":null,"climate":null,"GI_area":null,"auv":null,"_bbox":[10.480151810670092,45.30801963766599,10.719322990041094,45.42836832197394]},"geometry":{"type":"Point","coordinates":[10.65691,45.37195]},"tippecanoe":{"minzoom":6}}
,
{"type":"Feature","properties":{"_area":1045740287,"OBJECTID_1":394,"OBJECTID":426,"Name_rgn":"Benaco Bresciano","state":"Lombardy","official":1,"country":"Italy","class":"Indicazione geografica tipica","altname":null,"gen":5,"color":5,"ppt_yr":740,"ppt_gs":515,"GDD_1":1943,"style":null,"latitude":45.6023,"elev":null,"climate":null,"GI_area":null,"auv":null,"_bbox":[10.369882346513137,45.38077901110111,10.826000293497783,45.84307907221396]},"geometry":{"type":"Point","coordinates":[10.5485,45.54158]},"tippecanoe":{"minzoom":5}}
,
{"type":"Feature","properties":{"_area":1097921054,"OBJECTID_1":395,"OBJECTID":427,"Name_rgn":"Bergamasca","state":"Lombardy","official":1,"country":"Italy","class":"Indicazione geografica tipica","altname":null,"gen":5,"color":3,"ppt_yr":964,"ppt_gs":676,"GDD_1":1460,"style":null,"latitude":45.7262,"elev":null,"climate":null,"GI_area":null,"auv":null,"_bbox":[9.444791809661519,45.60232288488673,10.151185242111103,45.885827749478786]},"geometry":{"type":"Point","coordinates":[9.86174,45.72248]},"tippecanoe":{"minzoom":5}}
,
{"type":"Feature","properties":{"_area":3119032168,"OBJECTID_1":396,"OBJECTID":428,"Name_rgn":"Provincia di Mantova","state":"Lombardy","official":1,"country":"Italy","class":"Indicazione geografica tipica","altname":null,"gen":5,"color":5,"ppt_yr":683,"ppt_gs":436,"GDD_1":2101,"style":null,"latitude":45.125,"elev":null,"climate":null,"GI_area":null,"auv":null,"_bbox":[10.309058699623032,44.9103619299544,11.429275216167959,45.42836832260434]},"geometry":{"type":"Point","coordinates":[10.62775,45.16835]},"tippecanoe":{"minzoom":5}}
,
{"type":"Feature","properties":{"_area":1331858615,"OBJECTID_1":397,"OBJECTID":429,"Name_rgn":"Provincia di Pavia","state":"Lombardy","official":1,"country":"Italy","class":"Indicazione geografica tipica","altname":null,"gen":5,"color":1,"ppt_yr":882,"ppt_gs":525,"GDD_1":1521,"style":null,"latitude":44.9275,"elev":null,"climate":null,"GI_area":null,"auv":null,"_bbox":[8.969119411030674,44.679908973992184,9.478275441085232,45.21050052236507]},"geometry":{"type":"Point","coordinates":[9.21723,44.91708]},"tippecanoe":{"minzoom":5}}
,
{"type":"Feature","properties":{"_area":316603222,"OBJECTID_1":398,"OBJECTID":430,"Name_rgn":"Ronchi di Brescia","state":"Lombardy","official":1,"country":"Italy","class":"Indicazione geografica tipica","altname":null,"gen":5,"color":1,"ppt_yr":842,"ppt_gs":580,"GDD_1":1850,"style":null,"latitude":45.5616,"elev":null,"climate":null,"GI_area":null,"auv":null,"_bbox":[10.147902756740443,45.47771002658729,10.407805417036709,45.65806696646953]},"geometry":{"type":"Point","coordinates":[10.2409,45.56507]},"tippecanoe":{"minzoom":6}}
,
{"type":"Feature","properties":{"_area":949622009,"OBJECTID_1":399,"OBJECTID":431,"Name_rgn":"Ronchi Varesini","state":"Lombardy","official":1,"country":"Italy","class":"Indicazione geografica tipica","altname":null,"gen":5,"color":2,"ppt_yr":1164,"ppt_gs":786,"GDD_1":1738,"style":null,"latitude":45.7755,"elev":null,"climate":null,"GI_area":null,"auv":null,"_bbox":[8.55209253847506,45.55968614177829,8.952198835967188,45.9391262004904]},"geometry":{"type":"Point","coordinates":[8.75626,45.76312]},"tippecanoe":{"minzoom":5}}
,
{"type":"Feature","properties":{"_area":227179220,"OBJECTID_1":400,"OBJECTID":432,"Name_rgn":"Sabbioneta","state":"Lombardy","official":1,"country":"Italy","class":"Indicazione geografica tipica","altname":null,"gen":5,"color":2,"ppt_yr":667,"ppt_gs":413,"GDD_1":2088,"style":null,"latitude":44.9896,"elev":null,"climate":null,"GI_area":null,"auv":null,"_bbox":[10.455719039907168,44.9103619299544,10.710585531819934,45.056920565838546]},"geometry":{"type":"Point","coordinates":[10.55304,44.9825]},"tippecanoe":{"minzoom":6}}
,
{"type":"Feature","properties":{"_area":363012995,"OBJECTID_1":401,"OBJECTID":433,"Name_rgn":"Sebino","state":"Lombardy","official":1,"country":"Italy","class":"Indicazione geografica tipica","altname":null,"gen":5,"color":5,"ppt_yr":906,"ppt_gs":619,"GDD_1":1917,"style":null,"latitude":45.6006,"elev":null,"climate":null,"GI_area":null,"auv":null,"_bbox":[9.848715135034078,45.51600623950698,10.184071318699411,45.68093622601012]},"geometry":{"type":"Point","coordinates":[10.02653,45.59589]},"tippecanoe":{"minzoom":6}}
,
{"type":"Feature","properties":{"_area":2379428458,"OBJECTID_1":402,"OBJECTID":434,"Name_rgn":"Alpi Retiche","state":"Lombardy","official":1,"country":"Italy","class":"Indicazione geografica tipica","altname":"Terrazze Retiche di Sondrio","gen":5,"color":2,"ppt_yr":894,"ppt_gs":640,"GDD_1":649,"style":null,"latitude":46.2071,"elev":null,"climate":null,"GI_area":null,"auv":null,"_bbox":[9.24817452329027,46.04517057327402,10.24239238497214,46.50886278638182]},"geometry":{"type":"Point","coordinates":[9.50674,46.30826]},"tippecanoe":{"minzoom":5}}
,
{"type":"Feature","properties":{"_area":2280128998,"OBJECTID_1":403,"OBJECTID":435,"Name_rgn":"Terre Lariane","state":"Lombardy","official":1,"country":"Italy","class":"Indicazione geografica tipica","altname":null,"gen":5,"color":0,"ppt_yr":1226,"ppt_gs":872,"GDD_1":1473,"style":null,"latitude":45.8895,"elev":null,"climate":null,"GI_area":null,"auv":null,"_bbox":[8.896837168786677,45.649375210809,9.51893838400517,46.23268867846711]},"geometry":{"type":"Point","coordinates":[9.24261,45.90856]},"tippecanoe":{"minzoom":5}}
,
{"type":"Feature","properties":{"_area":729632465,"OBJECTID_1":404,"OBJECTID":436,"Name_rgn":"Valcamonica","state":"Lombardy","official":1,"country":"Italy","class":"Indicazione geografica tipica","altname":null,"gen":5,"color":2,"ppt_yr":562,"ppt_gs":418,"GDD_1":704,"style":null,"latitude":45.9534,"elev":null,"climate":null,"GI_area":null,"auv":null,"_bbox":[10.090600495882587,45.80820513166795,10.505576618849076,46.125497567806995]},"geometry":{"type":"Point","coordinates":[10.36699,45.99784]},"tippecanoe":{"minzoom":5}}
,
{"type":"Feature","properties":{"_area":10690523617,"OBJECTID_1":405,"OBJECTID":437,"Name_rgn":"Île de Beauté","state":null,"official":1,"country":"France","class":"Indication géographique protégée","altname":null,"gen":1,"color":3,"ppt_yr":743,"ppt_gs":325,"GDD_1":1752,"style":null,"latitude":42.1546,"elev":null,"climate":null,"GI_area":null,"auv":null,"_bbox":[8.539570923526394,41.36317650076937,9.559720921435451,43.011722918935796]},"geometry":{"type":"Point","coordinates":[9.05513,42.2045]},"tippecanoe":{"minzoom":4}}
,
{"type":"Feature","properties":{"_area":13953266972,"OBJECTID_1":406,"OBJECTID":438,"Name_rgn":"Île de France","state":null,"official":5,"country":"France","class":"Indication géographique protégée","altname":null,"gen":1,"color":5,"ppt_yr":627,"ppt_gs":373,"GDD_1":1319,"style":null,"latitude":48.7112,"elev":null,"climate":null,"GI_area":null,"auv":null,"_bbox":[1.447279242403257,48.12054197402903,3.555852594898151,49.2368021946981]},"geometry":{"type":"Point","coordinates":[2.53683,48.64433]},"tippecanoe":{"minzoom":4}}
,
{"type":"Feature","properties":{"_area":762871228,"OBJECTID_1":407,"OBJECTID":439,"Name_rgn":"Însurăţei","state":null,"official":1,"country":"Romania","class":"D.O.C.","altname":"D.O.C. Însurăţei","gen":1,"color":0,"ppt_yr":480,"ppt_gs":318,"GDD_1":1921,"style":null,"latitude":44.8682,"elev":null,"climate":null,"GI_area":null,"auv":null,"_bbox":[27.436676999106016,44.763075991971654,27.9251220001793,45.05498399122591]},"geometry":{"type":"Point","coordinates":[27.64135,44.89592]},"tippecanoe":{"minzoom":5}}
,
{"type":"Feature","properties":{"_area":66981082,"OBJECTID_1":408,"OBJECTID":440,"Name_rgn":"Irancy","state":null,"official":1,"country":"France","class":"Appellation d'origine protégée","altname":null,"gen":1,"color":0,"ppt_yr":714,"ppt_gs":420,"GDD_1":1385,"style":null,"latitude":47.6917,"elev":null,"climate":null,"GI_area":null,"auv":null,"_bbox":[3.630283143771118,47.63172889864072,3.789124160505831,47.72401024581393]},"geometry":{"type":"Point","coordinates":[3.71067,47.68328]},"tippecanoe":{"minzoom":6}}
,
{"type":"Feature","properties":{"_area":539501062,"OBJECTID_1":409,"OBJECTID":441,"Name_rgn":"Irouléguy","state":null,"official":1,"country":"France","class":"Appellation d'origine protégée","altname":null,"gen":1,"color":1,"ppt_yr":1157,"ppt_gs":587,"GDD_1":1440,"style":null,"latitude":43.1782,"elev":null,"climate":null,"GI_area":null,"auv":null,"_bbox":[-1.413212478595935,43.009406764221524,-1.071815679803738,43.30415877200703]},"geometry":{"type":"Point","coordinates":[-1.3188,43.20514]},"tippecanoe":{"minzoom":5}}
,
{"type":"Feature","properties":{"_area":1011193388,"OBJECTID_1":410,"OBJECTID":442,"Name_rgn":"Isère Balmes dauphinoises","state":"Isère","official":1,"country":"France","class":"Indication géographique protégée","altname":"Balmes dauphinoises","gen":1,"color":3,"ppt_yr":986,"ppt_gs":617,"GDD_1":1587,"style":null,"latitude":45.6913,"elev":null,"climate":null,"GI_area":null,"auv":null,"_bbox":[5.124288155964774,45.5409108986106,5.681170595493033,45.883709507931684]},"geometry":{"type":"Point","coordinates":[5.35394,45.69825]},"tippecanoe":{"minzoom":5}}
,
{"type":"Feature","properties":{"_area":2227560585,"OBJECTID_1":411,"OBJECTID":443,"Name_rgn":"Isère Coteaux du Grésivaudan","state":"Isère","official":1,"country":"France","class":"Indication géographique protégée","altname":"Coteaux du Grésivaudan","gen":6,"color":3,"ppt_yr":1040,"ppt_gs":610,"GDD_1":1208,"style":null,"latitude":45.2657,"elev":null,"climate":null,"GI_area":null,"auv":null,"_bbox":[5.367132392920557,44.980319686255065,6.194758976939854,45.49230872145687]},"geometry":{"type":"Point","coordinates":[5.66263,45.22081]},"tippecanoe":{"minzoom":5}}
,
{"type":"Feature","properties":{"_area":3488571,"OBJECTID_1":412,"OBJECTID":444,"Name_rgn":"Isle St. George","state":"Ohio","official":1,"country":"United States","class":"American Viticultural Area","altname":null,"gen":2,"color":0,"ppt_yr":934,"ppt_gs":608,"GDD_1":1680,"style":null,"latitude":41.7148,"elev":null,"climate":null,"GI_area":null,"auv":null,"_bbox":[-82.8357610081449,41.70616754426579,-82.80679746566894,41.7245853454859]},"geometry":{"type":"Point","coordinates":[-82.81907,41.71595]},"tippecanoe":{"minzoom":8}}
,
{"type":"Feature","properties":{"_area":16049984817,"OBJECTID_1":413,"OBJECTID":445,"Name_rgn":"Jáchal","state":"San Juan","official":1,"country":"Argentina","class":"Indicación Geográfica","altname":null,"gen":3,"color":2,"ppt_yr":174,"ppt_gs":157,"GDD_1":2075,"style":null,"latitude":-30.3565,"elev":null,"climate":null,"GI_area":null,"auv":null,"_bbox":[-69.07150406732372,-31.004353531270585,-67.53056936956668,-29.591924148309687]},"geometry":{"type":"Point","coordinates":[-68.44253,-30.44159]},"tippecanoe":{"minzoom":4}}
,
{"type":"Feature","properties":{"_area":128552064,"OBJECTID_1":414,"OBJECTID":446,"Name_rgn":"Jahant","state":"California","official":1,"country":"United States","class":"American Viticultural Area","altname":null,"gen":2,"color":2,"ppt_yr":454,"ppt_gs":80,"GDD_1":2324,"style":null,"latitude":38.2201,"elev":null,"climate":null,"GI_area":null,"auv":null,"_bbox":[-121.41914911738634,38.18903106519349,-121.17042807309572,38.25563388389448]},"geometry":{"type":"Point","coordinates":[-121.21258,38.22181]},"tippecanoe":{"minzoom":6}}
,
{"type":"Feature","properties":{"_area":110198138,"OBJECTID_1":415,"OBJECTID":447,"Name_rgn":"Jasnières","state":null,"official":1,"country":"France","class":"Appellation d'origine protégée","altname":null,"gen":1,"color":4,"ppt_yr":685,"ppt_gs":373,"GDD_1":1398,"style":null,"latitude":47.782,"elev":null,"climate":null,"GI_area":null,"auv":null,"_bbox":[0.537337823536048,47.731565917023666,0.712824070920011,47.83962625027681]},"geometry":{"type":"Point","coordinates":[0.62851,47.78897]},"tippecanoe":{"minzoom":6}}
,
{"type":"Feature","properties":{"_area":4246641616,"OBJECTID_1":416,"OBJECTID":448,"Name_rgn":"Jerez-Xeres-Sherry","state":null,"official":1,"country":"Spain","class":"Denominación de Origen","altname":"D.O.Jerez-Xeres-Sherry","gen":1,"color":2,"ppt_yr":584,"ppt_gs":198,"GDD_1":2537,"style":null,"latitude":36.6966,"elev":null,"climate":null,"GI_area":null,"auv":null,"_bbox":[-6.472066348542177,36.329979545221114,-5.455848257767063,37.07624937465498]},"geometry":{"type":"Point","coordinates":[-6.03516,36.66412]},"tippecanoe":{"minzoom":4}}
,
{"type":"Feature","properties":{"_area":32713954,"OBJECTID_1":417,"OBJECTID":449,"Name_rgn":"Juliénas","state":null,"official":1,"country":"France","class":"Appellation d'origine protégée","altname":null,"gen":1,"color":4,"ppt_yr":828,"ppt_gs":521,"GDD_1":1469,"style":null,"latitude":46.2435,"elev":null,"climate":null,"GI_area":null,"auv":null,"_bbox":[4.630255079563694,46.212498837076446,4.736181357306925,46.271720154583775]},"geometry":{"type":"Point","coordinates":[4.68531,46.24165]},"tippecanoe":{"minzoom":7}}
,
{"type":"Feature","properties":{"_area":3272918210,"OBJECTID_1":418,"OBJECTID":450,"Name_rgn":"Jumilla","state":null,"official":1,"country":"Spain","class":"Denominación de Origen","altname":"D.O.Jumilla","gen":1,"color":0,"ppt_yr":338,"ppt_gs":184,"GDD_1":2319,"style":null,"latitude":38.5261,"elev":null,"climate":null,"GI_area":null,"auv":null,"_bbox":[-1.876247728152748,38.28787015433514,-1.077206018869443,38.83791802369957]},"geometry":{"type":"Point","coordinates":[-1.38582,38.55269]},"tippecanoe":{"minzoom":5}}
,
{"type":"Feature","properties":{"_area":561969972,"OBJECTID_1":419,"OBJECTID":451,"Name_rgn":"Junín","state":"Mendoza","official":1,"country":"Argentina","class":"Indicación Geográfica","altname":null,"gen":3,"color":0,"ppt_yr":213,"ppt_gs":181,"GDD_1":2378,"style":null,"latitude":-33.1504,"elev":null,"climate":null,"GI_area":null,"auv":null,"_bbox":[-68.68742535033243,-33.248948560158304,-68.28780545014257,-33.029715910012925]},"geometry":{"type":"Point","coordinates":[-68.55169,-33.14747]},"tippecanoe":{"minzoom":5}}
,
{"type":"Feature","properties":{"_area":514438351,"OBJECTID_1":420,"OBJECTID":453,"Name_rgn":"Jurançon","state":null,"official":1,"country":"France","class":"Appellation d'origine protégée","altname":null,"gen":1,"color":3,"ppt_yr":1282,"ppt_gs":658,"GDD_1":1648,"style":null,"latitude":43.2634,"elev":null,"climate":null,"GI_area":null,"auv":null,"_bbox":[-0.697035986663767,43.14584443023336,-0.295677086424358,43.378216235931646]},"geometry":{"type":"Point","coordinates":[-0.56179,43.2938]},"tippecanoe":{"minzoom":5}}
,
{"type":"Feature","properties":{"_area":4934428888,"OBJECTID_1":421,"OBJECTID":454,"Name_rgn":"Južnoslovenská","state":null,"official":1,"country":"Slovakia","class":"Chránené Označenie Pôvodu","altname":null,"gen":2,"color":0,"ppt_yr":579,"ppt_gs":395,"GDD_1":1634,"style":null,"latitude":47.9628,"elev":null,"climate":null,"GI_area":null,"auv":null,"_bbox":[17.06748690153739,47.731396675354816,18.85284040417847,48.2704170805301]},"geometry":{"type":"Point","coordinates":[17.77653,47.98985]},"tippecanoe":{"minzoom":4}}
,
{"type":"Feature","properties":{"_area":2456542249,"OBJECTID_1":422,"OBJECTID":455,"Name_rgn":"Kanawha River Valley","state":"West Virginia","official":1,"country":"United States","class":"American Viticultural Area","altname":null,"gen":2,"color":5,"ppt_yr":1149,"ppt_gs":711,"GDD_1":2038,"style":null,"latitude":38.6098,"elev":null,"climate":null,"GI_area":null,"auv":null,"_bbox":[-82.2217168761345,38.360237746884394,-81.59883961712183,38.88318657606873]},"geometry":{"type":"Point","coordinates":[-81.97812,38.61099]},"tippecanoe":{"minzoom":5}}
,
{"type":"Feature","properties":{"_area":5893366101,"OBJECTID_1":423,"OBJECTID":456,"Name_rgn":"Kangaroo Island","state":"South Australia","official":1,"country":"Australia","class":"Region","altname":null,"gen":1,"color":2,"ppt_yr":596,"ppt_gs":194,"GDD_1":1623,"style":"Shiraz, Cabernet Sauvignon, Pinot Gris/Grigio, Sauvignon Blanc, Merlot\n","latitude":-35.8284,"elev":null,"climate":"warm summer, warm temperate","GI_area":null,"auv":145,"_bbox":[136.53492826988747,-36.07507778378493,138.13464105091964,-35.56143091097881]},"geometry":{"type":"Point","coordinates":[137.42829,-35.82377]},"tippecanoe":{"minzoom":4}}
,
{"type":"Feature","properties":{"_area":2086109996,"OBJECTID_1":424,"OBJECTID":457,"Name_rgn":"King Valley","state":"Victoria","official":1,"country":"Australia","class":"Region","altname":null,"gen":1,"color":4,"ppt_yr":947,"ppt_gs":441,"GDD_1":1682,"style":"Prosecco, Pinot Gris/Grigio, Chardonnay, Sauvignon Blanc, Pinot Noir","latitude":-36.7018,"elev":null,"climate":null,"GI_area":null,"auv":1483,"_bbox":[146.19968200019298,-36.98277399991183,146.6723250003097,-36.35609400030406]},"geometry":{"type":"Point","coordinates":[146.43046,-36.79261]},"tippecanoe":{"minzoom":5}}
,
{"type":"Feature","properties":{"_area":26851275531,"OBJECTID_1":425,"OBJECTID":458,"Name_rgn":"Kootenay","state":"British Columbia","official":1,"country":"Canada","class":"Geographical Indication","altname":"Kootenays","gen":3,"color":3,"ppt_yr":875,"ppt_gs":416,"GDD_1":699,"style":null,"latitude":49.4846,"elev":null,"climate":null,"GI_area":null,"auv":null,"_bbox":[-119.20186889681497,48.998193383235,-115.52204234639792,50.35542488182415]},"geometry":{"type":"Point","coordinates":[-117.48876,49.66554]},"tippecanoe":{"minzoom":4}}
,
{"type":"Feature","properties":{"_area":446331498,"OBJECTID_1":426,"OBJECTID":459,"Name_rgn":"La Clape","state":null,"official":1,"country":"France","class":"Appellation d'origine protégée","altname":null,"gen":1,"color":1,"ppt_yr":543,"ppt_gs":289,"GDD_1":2071,"style":null,"latitude":43.1673,"elev":null,"climate":null,"GI_area":null,"auv":null,"_bbox":[2.882378060782424,43.049719999616656,3.240561140096425,43.26163661118089]},"geometry":{"type":"Point","coordinates":[3.04628,43.15071]},"tippecanoe":{"minzoom":5}}
,
{"type":"Feature","properties":{"_area":975319623,"OBJECTID_1":427,"OBJECTID":460,"Name_rgn":"La Côte","state":"Vaud","official":1,"country":"Switzerland","class":"Appellation d'origine contrôlée","altname":null,"gen":3,"color":1,"ppt_yr":1227,"ppt_gs":729,"GDD_1":1153,"style":null,"latitude":46.5098,"elev":null,"climate":null,"GI_area":null,"auv":null,"_bbox":[6.063857098067039,46.29477438535176,6.61285900657822,46.672141999603284]},"geometry":{"type":"Point","coordinates":[6.38853,46.54869]},"tippecanoe":{"minzoom":5}}
,
{"type":"Feature","properties":{"_area":397828211,"OBJECTID_1":428,"OBJECTID":461,"Name_rgn":"La Gomera","state":null,"official":1,"country":"Spain","class":"Denominación de Origen","altname":"D.O.La Gomera","gen":1,"color":4,"ppt_yr":277,"ppt_gs":63,"GDD_1":2201,"style":null,"latitude":28.1174,"elev":null,"climate":null,"GI_area":null,"auv":null,"_bbox":[-17.349064709490136,28.019869118960152,-17.098503289371916,28.218742498807917]},"geometry":{"type":"Point","coordinates":[-17.23564,28.11464]},"tippecanoe":{"minzoom":5}}
,
{"type":"Feature","properties":{"_area":797020761,"OBJECTID_1":429,"OBJECTID":463,"Name_rgn":"La Palma","state":null,"official":1,"country":"Spain","class":"Denominación de Origen","altname":"D.O.La Palma","gen":1,"color":5,"ppt_yr":358,"ppt_gs":90,"GDD_1":1824,"style":null,"latitude":28.6897,"elev":null,"climate":null,"GI_area":null,"auv":null,"_bbox":[-18.008126209656794,28.452669067863894,-17.72421357966919,28.857648417846413]},"geometry":{"type":"Point","coordinates":[-17.85397,28.72216]},"tippecanoe":{"minzoom":5}}
,
{"type":"Feature","properties":{"_area":9464096283,"OBJECTID_1":430,"OBJECTID":464,"Name_rgn":"La Paz","state":"Mendoza","official":1,"country":"Argentina","class":"Indicación Geográfica","altname":null,"gen":3,"color":1,"ppt_yr":312,"ppt_gs":264,"GDD_1":2609,"style":null,"latitude":-33.7031,"elev":null,"climate":null,"GI_area":null,"auv":null,"_bbox":[-67.71804882039127,-34.29765953526767,-66.66361872316801,-33.03074643002586]},"geometry":{"type":"Point","coordinates":[-67.30668,-33.65254]},"tippecanoe":{"minzoom":4}}
,
{"type":"Feature","properties":{"_area":28537196,"OBJECTID_1":431,"OBJECTID":465,"Name_rgn":"Ladoix","state":null,"official":1,"country":"France","class":"Appellation d'origine protégée","altname":null,"gen":1,"color":4,"ppt_yr":783,"ppt_gs":479,"GDD_1":1439,"style":null,"latitude":47.0621,"elev":null,"climate":null,"GI_area":null,"auv":null,"_bbox":[4.866669527855405,47.04085324158339,4.96423852698211,47.093788824585815]},"geometry":{"type":"Point","coordinates":[4.90224,47.06484]},"tippecanoe":{"minzoom":7}}
,
{"type":"Feature","properties":{"_area":166493619,"OBJECTID_1":432,"OBJECTID":466,"Name_rgn":"Lake Chelan","state":"Washington","official":1,"country":"United States","class":"American Viticultural Area","altname":null,"gen":2,"color":5,"ppt_yr":331,"ppt_gs":107,"GDD_1":1454,"style":null,"latitude":47.8721,"elev":null,"climate":null,"GI_area":null,"auv":null,"_bbox":[-120.23695442028348,47.81513088321298,-119.97248522634261,47.937026595003914]},"geometry":{"type":"Point","coordinates":[-120.16505,47.88798]},"tippecanoe":{"minzoom":6}}
,
{"type":"Feature","properties":{"_area":141049381,"OBJECTID_1":433,"OBJECTID":467,"Name_rgn":"Lake Wisconsin","state":"Wisconsin","official":1,"country":"United States","class":"American Viticultural Area","altname":null,"gen":2,"color":1,"ppt_yr":863,"ppt_gs":657,"GDD_1":1513,"style":null,"latitude":43.3112,"elev":null,"climate":null,"GI_area":null,"auv":null,"_bbox":[-89.7256122222896,43.261467967470736,-89.52667146050398,43.36742818390383]},"geometry":{"type":"Point","coordinates":[-89.61593,43.31486]},"tippecanoe":{"minzoom":6}}
,
{"type":"Feature","properties":{"_area":774342593,"OBJECTID_1":434,"OBJECTID":468,"Name_rgn":"Landes Sables fauves","state":"Landes","official":1,"country":"France","class":"Indication géographique protégée","altname":"Sables fauves","gen":1,"color":0,"ppt_yr":1060,"ppt_gs":555,"GDD_1":1686,"style":null,"latitude":43.9327,"elev":null,"climate":null,"GI_area":null,"auv":null,"_bbox":[-0.384015189930983,43.784339679522404,0.076857926128034,44.03936982260636]},"geometry":{"type":"Point","coordinates":[-0.22113,43.91634]},"tippecanoe":{"minzoom":5}}
,
{"type":"Feature","properties":{"_area":402664610,"OBJECTID_1":435,"OBJECTID":469,"Name_rgn":"Langeberg-Garcia","state":"Western Cape","official":1,"country":"South Africa","class":"District","altname":null,"gen":1,"color":1,"ppt_yr":330,"ppt_gs":196,"GDD_1":1942,"style":null,"latitude":-33.9082,"elev":null,"climate":null,"GI_area":null,"auv":null,"_bbox":[20.9983030827989,-33.94275845971922,21.658220595684593,-33.86538099996093]},"geometry":{"type":"Point","coordinates":[21.1718,-33.90105]},"tippecanoe":{"minzoom":5}}
,
{"type":"Feature","properties":{"_area":289380431,"OBJECTID_1":436,"OBJECTID":470,"Name_rgn":"Langhorne Creek","state":"South Australia","official":1,"country":"Australia","class":"Region","altname":null,"gen":1,"color":0,"ppt_yr":366,"ppt_gs":168,"GDD_1":1932,"style":"Cabernet Sauvignon, Shiraz, Malbec, Fiano","latitude":-35.3279,"elev":null,"climate":"warm summer, warm temperate","GI_area":null,"auv":6094,"_bbox":[138.92010800263594,-35.40556199652614,139.15512300237742,-35.234414996587596]},"geometry":{"type":"Point","coordinates":[139.01838,-35.32333]},"tippecanoe":{"minzoom":6}}
,
{"type":"Feature","properties":{"_area":1640576064,"OBJECTID_1":437,"OBJECTID":471,"Name_rgn":"Lanzarote","state":null,"official":1,"country":"Spain","class":"Denominación de Origen","altname":"D.O.Lanzarote","gen":1,"color":1,"ppt_yr":138,"ppt_gs":23,"GDD_1":2484,"style":null,"latitude":29.0368,"elev":null,"climate":null,"GI_area":null,"auv":null,"_bbox":[-13.881794330785558,28.838505228873164,-13.333714620168628,29.416499019228997]},"geometry":{"type":"Point","coordinates":[-13.58367,29.10023]},"tippecanoe":{"minzoom":5}}
,
{"type":"Feature","properties":{"_area":12239065382,"OBJECTID_1":438,"OBJECTID":472,"Name_rgn":"Las Heras","state":"Mendoza","official":1,"country":"Argentina","class":"Indicación Geográfica","altname":null,"gen":3,"color":5,"ppt_yr":243,"ppt_gs":137,"GDD_1":873,"style":null,"latitude":-32.5267,"elev":null,"climate":null,"GI_area":null,"auv":null,"_bbox":[-70.1722970706582,-33.05140248978512,-68.50118085035984,-31.999384766817307]},"geometry":{"type":"Point","coordinates":[-69.18295,-32.51615]},"tippecanoe":{"minzoom":4}}
,
{"type":"Feature","properties":{"_area":63323448023,"OBJECTID_1":439,"OBJECTID":473,"Name_rgn":"Las Islas Canarias","state":null,"official":1,"country":"Spain","class":"Denominación de Origen Protegida","altname":"D.O.P.Las Islas Canarias","gen":1,"color":0,"ppt_yr":239,"ppt_gs":55,"GDD_1":2207,"style":null,"latitude":28.3432,"elev":null,"climate":null,"GI_area":null,"auv":null,"_bbox":[-18.16130952983266,27.63783896839418,-13.333714620168628,29.416499019228997]},"geometry":{"type":"Point","coordinates":[-15.67483,28.43424]},"tippecanoe":{"minzoom":3}}
,
{"type":"Feature","properties":{"_area":31687583,"OBJECTID_1":440,"OBJECTID":474,"Name_rgn":"Latricières-Chambertin","state":null,"official":1,"country":"France","class":"Appellation d'origine protégée","altname":null,"gen":1,"color":4,"ppt_yr":796,"ppt_gs":483,"GDD_1":1385,"style":null,"latitude":47.2202,"elev":null,"climate":null,"GI_area":null,"auv":null,"_bbox":[4.923060736216732,47.20035047029626,5.049816512760853,47.2372744851635]},"geometry":{"type":"Point","coordinates":[4.99633,47.21824]},"tippecanoe":{"minzoom":7}}
,
{"type":"Feature","properties":{"_area":201355320,"OBJECTID_1":441,"OBJECTID":475,"Name_rgn":"Laurelwood District","state":"Oregon","official":1,"country":"United States","class":"American Viticultural Area","altname":null,"gen":6,"color":2,"ppt_yr":1269,"ppt_gs":379,"GDD_1":1274,"style":null,"latitude":45.388,"elev":null,"climate":null,"GI_area":null,"auv":null,"_bbox":[-123.0962992684476,45.30157852328744,-122.84639885566487,45.49667821218641]},"geometry":{"type":"Point","coordinates":[-122.9092,45.35226]},"tippecanoe":{"minzoom":6}}
,
{"type":"Feature","properties":{"_area":11937171711,"OBJECTID_1":442,"OBJECTID":476,"Name_rgn":"Lavalle","state":"Mendoza","official":1,"country":"Argentina","class":"Indicación Geográfica","altname":"Desierto de Lavalle","gen":3,"color":0,"ppt_yr":282,"ppt_gs":250,"GDD_1":2834,"style":null,"latitude":-32.5762,"elev":null,"climate":null,"GI_area":null,"auv":null,"_bbox":[-68.69713058966029,-33.073208919184516,-67.1666640129097,-32.07189941376135]},"geometry":{"type":"Point","coordinates":[-68.07376,-32.51828]},"tippecanoe":{"minzoom":4}}
,
{"type":"Feature","properties":{"_area":895320112,"OBJECTID_1":443,"OBJECTID":477,"Name_rgn":"Lavaux","state":"Vaud","official":1,"country":"Switzerland","class":"Appellation d'origine contrôlée","altname":null,"gen":3,"color":3,"ppt_yr":1296,"ppt_gs":767,"GDD_1":837,"style":null,"latitude":46.495,"elev":null,"climate":null,"GI_area":null,"auv":null,"_bbox":[6.583863011564267,46.37537640476399,7.249184955387568,46.61947381793033]},"geometry":{"type":"Point","coordinates":[6.9605,46.49838]},"tippecanoe":{"minzoom":5}}
,
{"type":"Feature","properties":{"_area":357119772,"OBJECTID_1":444,"OBJECTID":478,"Name_rgn":"Lavilledieu","state":null,"official":1,"country":"France","class":"Indication géographique protégée","altname":null,"gen":1,"color":0,"ppt_yr":739,"ppt_gs":424,"GDD_1":1791,"style":null,"latitude":44.0187,"elev":null,"climate":null,"GI_area":null,"auv":null,"_bbox":[1.039332300889306,43.9142425145062,1.354540043486348,44.11753506780179]},"geometry":{"type":"Point","coordinates":[1.20173,44.0282]},"tippecanoe":{"minzoom":6}}
,
{"type":"Feature","properties":{"_area":7715012496,"OBJECTID_1":445,"OBJECTID":479,"Name_rgn":"Le Pays Cathare","state":null,"official":1,"country":"France","class":"Indication géographique protégée","altname":"Cathare","gen":1,"color":1,"ppt_yr":705,"ppt_gs":387,"GDD_1":1614,"style":null,"latitude":43.1274,"elev":null,"climate":null,"GI_area":null,"auv":null,"_bbox":[1.578659118431947,42.80104994019075,3.240561140096425,43.46010395345137]},"geometry":{"type":"Point","coordinates":[2.19073,43.12993]},"tippecanoe":{"minzoom":4}}
,
{"type":"Feature","properties":{"_area":483198167,"OBJECTID_1":446,"OBJECTID":480,"Name_rgn":"Lebrija","state":null,"official":1,"country":"Spain","class":"Vino de Calidad","altname":"V.C.Lebrija","gen":1,"color":0,"ppt_yr":557,"ppt_gs":200,"GDD_1":2625,"style":null,"latitude":36.9338,"elev":null,"climate":null,"GI_area":null,"auv":null,"_bbox":[-6.230994078908489,36.842191544562596,-5.869604588951991,37.07624937465498]},"geometry":{"type":"Point","coordinates":[-6.08425,36.95236]},"tippecanoe":{"minzoom":5}}
,
{"type":"Feature","properties":{"_area":3384219974,"OBJECTID_1":447,"OBJECTID":481,"Name_rgn":"Lechinţa","state":null,"official":1,"country":"Romania","class":"D.O.C.","altname":"D.O.C. Lechinţa","gen":1,"color":5,"ppt_yr":676,"ppt_gs":480,"GDD_1":1334,"style":null,"latitude":46.9829,"elev":null,"climate":null,"GI_area":null,"auv":null,"_bbox":[23.965424999601257,46.491331990979454,24.76299200037816,47.26263798996276]},"geometry":{"type":"Point","coordinates":[24.41473,46.967]},"tippecanoe":{"minzoom":5}}
,
{"type":"Feature","properties":{"_area":315820808,"OBJECTID_1":448,"OBJECTID":483,"Name_rgn":"Les Baux de Provence","state":null,"official":1,"country":"France","class":"Appellation d'origine protégée","altname":null,"gen":1,"color":5,"ppt_yr":697,"ppt_gs":416,"GDD_1":2124,"style":null,"latitude":43.7471,"elev":null,"climate":null,"GI_area":null,"auv":null,"_bbox":[4.651883967576413,43.6701062228585,4.932638165042528,43.82983310984112]},"geometry":{"type":"Point","coordinates":[4.85092,43.75184]},"tippecanoe":{"minzoom":6}}
,
{"type":"Feature","properties":{"_area":2145055137,"OBJECTID_1":449,"OBJECTID":484,"Name_rgn":"Lillooet","state":"British Columbia","official":1,"country":"Canada","class":"Geographical Indication","altname":null,"gen":3,"color":2,"ppt_yr":425,"ppt_gs":219,"GDD_1":908,"style":null,"latitude":50.5583,"elev":null,"climate":null,"GI_area":null,"auv":null,"_bbox":[-122.26598854620715,50.0977575345805,-121.44137979579102,50.94304177332852]},"geometry":{"type":"Point","coordinates":[-121.93985,50.77178]},"tippecanoe":{"minzoom":5}}
,
{"type":"Feature","properties":{"_area":609917032,"OBJECTID_1":450,"OBJECTID":485,"Name_rgn":"Limoux","state":null,"official":1,"country":"France","class":"Appellation d'origine protégée","altname":null,"gen":1,"color":2,"ppt_yr":744,"ppt_gs":408,"GDD_1":1746,"style":null,"latitude":43.0227,"elev":null,"climate":null,"GI_area":null,"auv":null,"_bbox":[2.064153613734309,42.89647045869545,2.451067171217142,43.135798894561404]},"geometry":{"type":"Point","coordinates":[2.27029,43.02034]},"tippecanoe":{"minzoom":5}}
,
{"type":"Feature","properties":{"_area":1836418334,"OBJECTID_1":451,"OBJECTID":486,"Name_rgn":"Lions River","state":"Kwazulu-Natal","official":1,"country":"South Africa","class":"District","altname":null,"gen":1,"color":1,"ppt_yr":837,"ppt_gs":746,"GDD_1":1821,"style":null,"latitude":-29.4451,"elev":null,"climate":null,"GI_area":null,"auv":null,"_bbox":[29.81093795930766,-29.635509267613514,30.42887753583473,-29.243180168871007]},"geometry":{"type":"Point","coordinates":[30.17377,-29.42747]},"tippecanoe":{"minzoom":5}}
,
{"type":"Feature","properties":{"_area":74117937,"OBJECTID_1":452,"OBJECTID":487,"Name_rgn":"Lirac","state":null,"official":1,"country":"France","class":"Appellation d'origine protégée","altname":null,"gen":1,"color":5,"ppt_yr":764,"ppt_gs":467,"GDD_1":2124,"style":null,"latitude":44.0469,"elev":null,"climate":null,"GI_area":null,"auv":null,"_bbox":[4.643268717963252,44.01319683689252,4.807763563111309,44.083703264133185]},"geometry":{"type":"Point","coordinates":[4.71047,44.04955]},"tippecanoe":{"minzoom":6}}
,
{"type":"Feature","properties":{"_area":733626017,"OBJECTID_1":453,"OBJECTID":488,"Name_rgn":"Lison","state":"Veneto","official":1,"country":"Italy","class":"Denominazione di origine controllata e garantita","altname":null,"gen":5,"color":4,"ppt_yr":1031,"ppt_gs":677,"GDD_1":2065,"style":null,"latitude":45.7407,"elev":null,"climate":null,"GI_area":null,"auv":null,"_bbox":[12.589491142234765,45.590251772490944,13.066979829267233,45.854735758626674]},"geometry":{"type":"Point","coordinates":[12.85604,45.72456]},"tippecanoe":{"minzoom":5}}
,
{"type":"Feature","properties":{"_area":733626017,"OBJECTID_1":454,"OBJECTID":489,"Name_rgn":"Lison - Pramaggiore","state":"Veneto","official":1,"country":"Italy","class":"Denominazione di origine controllata","altname":null,"gen":5,"color":4,"ppt_yr":1031,"ppt_gs":677,"GDD_1":2064,"style":null,"latitude":45.7407,"elev":null,"climate":null,"GI_area":null,"auv":null,"_bbox":[12.589491142234765,45.590251772490944,13.066979829267233,45.854735758626674]},"geometry":{"type":"Point","coordinates":[12.85604,45.72456]},"tippecanoe":{"minzoom":5}}
,
{"type":"Feature","properties":{"_area":77664601,"OBJECTID_1":455,"OBJECTID":490,"Name_rgn":"Listrac-Médoc","state":null,"official":1,"country":"France","class":"Appellation d'origine protégée","altname":null,"gen":1,"color":1,"ppt_yr":916,"ppt_gs":471,"GDD_1":1638,"style":null,"latitude":45.0683,"elev":null,"climate":null,"GI_area":null,"auv":null,"_bbox":[-0.911723505710941,45.02605454312149,-0.742209816189642,45.111658951208234]},"geometry":{"type":"Point","coordinates":[-0.86023,45.06016]},"tippecanoe":{"minzoom":6}}
,
{"type":"Feature","properties":{"_area":2733082784,"OBJECTID_1":456,"OBJECTID":491,"Name_rgn":"Litoměřická","state":"Ústecký, Liberecký","official":1,"country":"Czechia","class":"Chráněné označení původu","altname":null,"gen":3,"color":1,"ppt_yr":665,"ppt_gs":455,"GDD_1":1201,"style":null,"latitude":50.4859,"elev":null,"climate":null,"GI_area":null,"auv":null,"_bbox":[13.220280116381266,50.28554511628425,14.572115381954493,50.721933263309026]},"geometry":{"type":"Point","coordinates":[14.01209,50.53868]},"tippecanoe":{"minzoom":5}}
,
{"type":"Feature","properties":{"_area":115760416,"OBJECTID_1":457,"OBJECTID":492,"Name_rgn":"Lower Duivenhoks River","state":"Western Cape","official":1,"country":"South Africa","class":"District","altname":"Benede Duivenhoksrivier","gen":1,"color":0,"ppt_yr":387,"ppt_gs":213,"GDD_1":2241,"style":null,"latitude":-34.2857,"elev":null,"climate":null,"GI_area":null,"auv":null,"_bbox":[20.96437983114651,-34.36788813329307,21.06007227839084,-34.216250624639784]},"geometry":{"type":"Point","coordinates":[21.0111,-34.26435]},"tippecanoe":{"minzoom":6}}
,
{"type":"Feature","properties":{"_area":1091091182,"OBJECTID_1":458,"OBJECTID":493,"Name_rgn":"Luberon","state":null,"official":1,"country":"France","class":"Appellation d'origine protégée","altname":null,"gen":1,"color":2,"ppt_yr":707,"ppt_gs":415,"GDD_1":1914,"style":null,"latitude":43.783,"elev":null,"climate":null,"GI_area":null,"auv":null,"_bbox":[5.042624475730349,43.6586858878088,5.757332980351064,43.92089021179825]},"geometry":{"type":"Point","coordinates":[5.43081,43.80105]},"tippecanoe":{"minzoom":5}}
,
{"type":"Feature","properties":{"_area":28835251,"OBJECTID_1":459,"OBJECTID":494,"Name_rgn":"Lussac-Saint-Emilion","state":null,"official":1,"country":"France","class":"Appellation d'origine protégée","altname":null,"gen":1,"color":4,"ppt_yr":890,"ppt_gs":464,"GDD_1":1665,"style":null,"latitude":44.9664,"elev":null,"climate":null,"GI_area":null,"auv":null,"_bbox":[-0.129317997211595,44.93707098565558,-0.045473697947436,44.99955105648014]},"geometry":{"type":"Point","coordinates":[-0.09808,44.96831]},"tippecanoe":{"minzoom":7}}
,
{"type":"Feature","properties":{"_area":496710522,"OBJECTID_1":460,"OBJECTID":495,"Name_rgn":"Lutzville Valley","state":"Western Cape","official":1,"country":"South Africa","class":"District","altname":"Lutzville Vallei","gen":1,"color":5,"ppt_yr":184,"ppt_gs":46,"GDD_1":2379,"style":null,"latitude":-31.6058,"elev":null,"climate":null,"GI_area":null,"auv":null,"_bbox":[18.153482434201962,-31.76043318525944,18.446004864622296,-31.47164343526029]},"geometry":{"type":"Point","coordinates":[18.30295,-31.58727]},"tippecanoe":{"minzoom":5}}
,
{"type":"Feature","properties":{"_area":3273147020,"OBJECTID_1":461,"OBJECTID":497,"Name_rgn":"Macedon Ranges","state":"Victoria","official":1,"country":"Australia","class":"Region","altname":null,"gen":1,"color":0,"ppt_yr":753,"ppt_gs":364,"GDD_1":1343,"style":"Pinot Noir, Chardonnay, Riesling, Shiraz, Cabernet Sauvignon","latitude":-37.2993,"elev":null,"climate":null,"GI_area":null,"auv":215,"_bbox":[144.0437350021449,-37.55707599685638,144.90602600182484,-37.083594997002976]},"geometry":{"type":"Point","coordinates":[144.60877,-37.31941]},"tippecanoe":{"minzoom":5}}
,
{"type":"Feature","properties":{"_area":1160963458,"OBJECTID_1":462,"OBJECTID":498,"Name_rgn":"Mâcon","state":null,"official":1,"country":"France","class":"Appellation d'origine protégée","altname":null,"gen":1,"color":0,"ppt_yr":834,"ppt_gs":515,"GDD_1":1385,"style":null,"latitude":46.4729,"elev":null,"climate":null,"GI_area":null,"auv":null,"_bbox":[4.541384385586423,46.22454273006556,4.986149702488062,46.67763212386495]},"geometry":{"type":"Point","coordinates":[4.73901,46.47081]},"tippecanoe":{"minzoom":5}}
,
{"type":"Feature","properties":{"_area":63854621,"OBJECTID_1":463,"OBJECTID":499,"Name_rgn":"Mâcon Bray","state":null,"official":1,"country":"France","class":"Appellation d'origine protégée","altname":null,"gen":1,"color":0,"ppt_yr":839,"ppt_gs":516,"GDD_1":1333,"style":null,"latitude":46.494,"elev":null,"climate":null,"GI_area":null,"auv":null,"_bbox":[4.66765628280614,46.44634371943996,4.776047405636608,46.545038519254575]},"geometry":{"type":"Point","coordinates":[4.72202,46.49376]},"tippecanoe":{"minzoom":6}}
,
{"type":"Feature","properties":{"_area":56872352,"OBJECTID_1":464,"OBJECTID":500,"Name_rgn":"Mâcon Chardonnay","state":null,"official":1,"country":"France","class":"Appellation d'origine protégée","altname":null,"gen":1,"color":2,"ppt_yr":857,"ppt_gs":526,"GDD_1":1385,"style":null,"latitude":46.5411,"elev":null,"climate":null,"GI_area":null,"auv":null,"_bbox":[4.812216529940992,46.498728721320305,4.936127339285322,46.595855167470724]},"geometry":{"type":"Point","coordinates":[4.85812,46.5325]},"tippecanoe":{"minzoom":6}}
,
{"type":"Feature","properties":{"_area":31470225,"OBJECTID_1":465,"OBJECTID":501,"Name_rgn":"Mâcon Cruzille","state":null,"official":1,"country":"France","class":"Appellation d'origine protégée","altname":null,"gen":1,"color":4,"ppt_yr":860,"ppt_gs":526,"GDD_1":1385,"style":null,"latitude":46.5169,"elev":null,"climate":null,"GI_area":null,"auv":null,"_bbox":[4.757217671642475,46.483568683796406,4.831308965460176,46.55239992013493]},"geometry":{"type":"Point","coordinates":[4.79184,46.5194]},"tippecanoe":{"minzoom":7}}
,
{"type":"Feature","properties":{"_area":32003455,"OBJECTID_1":466,"OBJECTID":502,"Name_rgn":"Mâcon La Roche-Vineuse","state":null,"official":1,"country":"France","class":"Appellation d'origine protégée","altname":null,"gen":1,"color":0,"ppt_yr":843,"ppt_gs":522,"GDD_1":1385,"style":null,"latitude":46.3457,"elev":null,"climate":null,"GI_area":null,"auv":null,"_bbox":[4.707771311793209,46.32131203008461,4.813258449008113,46.368326081957846]},"geometry":{"type":"Point","coordinates":[4.78454,46.34519]},"tippecanoe":{"minzoom":7}}
,
{"type":"Feature","properties":{"_area":55110805,"OBJECTID_1":467,"OBJECTID":503,"Name_rgn":"Mâcon Lugny","state":null,"official":1,"country":"France","class":"Appellation d'origine protégée","altname":null,"gen":1,"color":4,"ppt_yr":862,"ppt_gs":529,"GDD_1":1385,"style":null,"latitude":46.4831,"elev":null,"climate":null,"GI_area":null,"auv":null,"_bbox":[4.742848637176005,46.443191028951055,4.847187391487849,46.5366890678924]},"geometry":{"type":"Point","coordinates":[4.78923,46.48665]},"tippecanoe":{"minzoom":6}}
,
{"type":"Feature","properties":{"_area":178951443,"OBJECTID_1":468,"OBJECTID":504,"Name_rgn":"Mâcon Mancey","state":null,"official":1,"country":"France","class":"Appellation d'origine protégée","altname":null,"gen":1,"color":4,"ppt_yr":842,"ppt_gs":517,"GDD_1":1385,"style":null,"latitude":46.6016,"elev":null,"climate":null,"GI_area":null,"auv":null,"_bbox":[4.752610051751791,46.53375795801867,4.946117196336187,46.67763212386495]},"geometry":{"type":"Point","coordinates":[4.85433,46.60513]},"tippecanoe":{"minzoom":6}}
,
{"type":"Feature","properties":{"_area":28149953,"OBJECTID_1":469,"OBJECTID":505,"Name_rgn":"Mâcon Milly-Lamartine","state":null,"official":1,"country":"France","class":"Appellation d'origine protégée","altname":null,"gen":1,"color":1,"ppt_yr":851,"ppt_gs":525,"GDD_1":1385,"style":null,"latitude":46.3736,"elev":null,"climate":null,"GI_area":null,"auv":null,"_bbox":[4.653435684160561,46.340019323306684,4.716675058054841,46.40927789206374]},"geometry":{"type":"Point","coordinates":[4.68259,46.37213]},"tippecanoe":{"minzoom":7}}
,
{"type":"Feature","properties":{"_area":36953623,"OBJECTID_1":470,"OBJECTID":506,"Name_rgn":"Mâcon Péronne","state":null,"official":1,"country":"France","class":"Appellation d'origine protégée","altname":null,"gen":1,"color":3,"ppt_yr":841,"ppt_gs":519,"GDD_1":1385,"style":null,"latitude":46.4218,"elev":null,"climate":null,"GI_area":null,"auv":null,"_bbox":[4.761895740112664,46.382302442178776,4.850000598750693,46.458651587246074]},"geometry":{"type":"Point","coordinates":[4.80604,46.42644]},"tippecanoe":{"minzoom":6}}
,
{"type":"Feature","properties":{"_area":271127166,"OBJECTID_1":471,"OBJECTID":507,"Name_rgn":"Mâcon Saint-Gengoux-le-National","state":null,"official":1,"country":"France","class":"Appellation d'origine protégée","altname":null,"gen":1,"color":4,"ppt_yr":808,"ppt_gs":500,"GDD_1":1385,"style":null,"latitude":46.5374,"elev":null,"climate":null,"GI_area":null,"auv":null,"_bbox":[4.541384385586423,46.429407278279186,4.771624369773882,46.63444952991324]},"geometry":{"type":"Point","coordinates":[4.62588,46.52192]},"tippecanoe":{"minzoom":6}}
,
{"type":"Feature","properties":{"_area":1117582526,"OBJECTID_1":472,"OBJECTID":508,"Name_rgn":"Mâcon Villages","state":null,"official":1,"country":"France","class":"Appellation d'origine protégée","altname":null,"gen":1,"color":4,"ppt_yr":833,"ppt_gs":515,"GDD_1":1385,"style":null,"latitude":46.4576,"elev":null,"climate":null,"GI_area":null,"auv":null,"_bbox":[4.541384385586423,46.172257196285244,4.946117196336187,46.67763212386495]},"geometry":{"type":"Point","coordinates":[4.73189,46.4766]},"tippecanoe":{"minzoom":5}}
,
{"type":"Feature","properties":{"_area":1169642934,"OBJECTID_1":473,"OBJECTID":509,"Name_rgn":"Mâconnais","state":null,"official":1,"country":"France","class":"Appellation d'origine protégée","altname":null,"gen":1,"color":3,"ppt_yr":838,"ppt_gs":518,"GDD_1":1333,"style":null,"latitude":46.4497,"elev":null,"climate":null,"GI_area":null,"auv":null,"_bbox":[4.517400385291643,46.22454273006556,4.986149702488062,46.67763212386495]},"geometry":{"type":"Point","coordinates":[4.71518,46.41259]},"tippecanoe":{"minzoom":5}}
,
{"type":"Feature","properties":{"_area":1869524437,"OBJECTID_1":474,"OBJECTID":510,"Name_rgn":"Macvin du Jura","state":null,"official":1,"country":"France","class":"Appellation d'origine protégée","altname":null,"gen":1,"color":1,"ppt_yr":1132,"ppt_gs":677,"GDD_1":1385,"style":null,"latitude":46.8465,"elev":null,"climate":null,"GI_area":null,"auv":null,"_bbox":[5.298649351490226,46.38869163251732,6.072465156666436,47.235307591495605]},"geometry":{"type":"Point","coordinates":[5.85596,47.06238]},"tippecanoe":{"minzoom":5}}
,
{"type":"Feature","properties":{"_area":321861255,"OBJECTID_1":475,"OBJECTID":511,"Name_rgn":"Madiran","state":null,"official":1,"country":"France","class":"Appellation d'origine protégée","altname":null,"gen":1,"color":2,"ppt_yr":1369,"ppt_gs":720,"GDD_1":1668,"style":null,"latitude":43.5416,"elev":null,"climate":null,"GI_area":null,"auv":null,"_bbox":[-0.248044452981527,43.43215348888833,-0.001665766692607,43.63115116646588]},"geometry":{"type":"Point","coordinates":[-0.09996,43.53593]},"tippecanoe":{"minzoom":6}}
,
{"type":"Feature","properties":{"_area":742403518,"OBJECTID_1":476,"OBJECTID":512,"Name_rgn":"Maipú","state":"Mendoza","official":1,"country":"Argentina","class":"Indicación Geográfica","altname":null,"gen":3,"color":1,"ppt_yr":222,"ppt_gs":187,"GDD_1":2391,"style":null,"latitude":-32.9798,"elev":null,"climate":null,"GI_area":null,"auv":null,"_bbox":[-68.86515209035807,-33.11823379965184,-68.45615296023671,-32.83891720995158]},"geometry":{"type":"Point","coordinates":[-68.67149,-32.9944]},"tippecanoe":{"minzoom":5}}
,
{"type":"Feature","properties":{"_area":9462855215,"OBJECTID_1":477,"OBJECTID":513,"Name_rgn":"Málaga","state":null,"official":1,"country":"Spain","class":"Denominación de Origen","altname":"D.O.Málaga","gen":1,"color":0,"ppt_yr":607,"ppt_gs":203,"GDD_1":2332,"style":null,"latitude":36.8815,"elev":null,"climate":null,"GI_area":null,"auv":null,"_bbox":[-5.414592358487695,36.31028058493721,-3.765967108837431,37.28969340460939]},"geometry":{"type":"Point","coordinates":[-4.61834,36.89037]},"tippecanoe":{"minzoom":4}}
,
{"type":"Feature","properties":{"_area":599237210,"OBJECTID_1":478,"OBJECTID":514,"Name_rgn":"Malepère","state":null,"official":1,"country":"France","class":"Appellation d'origine protégée","altname":null,"gen":1,"color":3,"ppt_yr":724,"ppt_gs":390,"GDD_1":1885,"style":null,"latitude":43.1713,"elev":null,"climate":null,"GI_area":null,"auv":null,"_bbox":[1.942286159945925,43.06874563534205,2.436545908242605,43.251931058598245]},"geometry":{"type":"Point","coordinates":[2.11366,43.15926]},"tippecanoe":{"minzoom":5}}
,
{"type":"Feature","properties":{"_area":7822355444,"OBJECTID_1":479,"OBJECTID":517,"Name_rgn":"Manchuela","state":null,"official":1,"country":"Spain","class":"Denominación de Origen","altname":"D.O.Manchuela","gen":1,"color":0,"ppt_yr":395,"ppt_gs":232,"GDD_1":2068,"style":null,"latitude":39.4624,"elev":null,"climate":null,"GI_area":null,"auv":null,"_bbox":[-2.236561357995726,39.023537684161944,-1.161889278133638,39.955457792554]},"geometry":{"type":"Point","coordinates":[-1.60451,39.45901]},"tippecanoe":{"minzoom":4}}
,
{"type":"Feature","properties":{"_area":4246641616,"OBJECTID_1":480,"OBJECTID":519,"Name_rgn":"Manzanilla-Sanlúcar de Barrameda / Manzanilla","state":null,"official":1,"country":"Spain","class":"Denominación de Origen","altname":"D.O.Manzanilla-Sanlúcar de Barrameda / Manzanilla","gen":1,"color":5,"ppt_yr":584,"ppt_gs":198,"GDD_1":2532,"style":null,"latitude":36.6966,"elev":null,"climate":null,"GI_area":null,"auv":null,"_bbox":[-6.472066348542177,36.329979545221114,-5.455848257767063,37.07624937465498]},"geometry":{"type":"Point","coordinates":[-6.03516,36.66412]},"tippecanoe":{"minzoom":4}}
,
{"type":"Feature","properties":{"_area":1027606830,"OBJECTID_1":481,"OBJECTID":520,"Name_rgn":"Marches de Bretagne","state":null,"official":1,"country":"France","class":"Indication géographique protégée","altname":null,"gen":1,"color":3,"ppt_yr":794,"ppt_gs":402,"GDD_1":1438,"style":null,"latitude":47.122,"elev":null,"climate":null,"GI_area":null,"auv":null,"_bbox":[-1.568386046826443,46.92583837046305,-1.114665147278026,47.3056579722451]},"geometry":{"type":"Point","coordinates":[-1.32914,47.12799]},"tippecanoe":{"minzoom":5}}
,
{"type":"Feature","properties":{"_area":349923011,"OBJECTID_1":482,"OBJECTID":521,"Name_rgn":"Marcillac","state":null,"official":1,"country":"France","class":"Appellation d'origine protégée","altname":null,"gen":1,"color":1,"ppt_yr":682,"ppt_gs":414,"GDD_1":1480,"style":null,"latitude":44.4674,"elev":null,"climate":null,"GI_area":null,"auv":null,"_bbox":[2.313443976116011,44.36075054029437,2.597417087875057,44.55366988879176]},"geometry":{"type":"Point","coordinates":[2.44683,44.46098]},"tippecanoe":{"minzoom":6}}
,
{"type":"Feature","properties":{"_area":89452281,"OBJECTID_1":483,"OBJECTID":523,"Name_rgn":"Margaux","state":null,"official":1,"country":"France","class":"Appellation d'origine protégée","altname":null,"gen":1,"color":1,"ppt_yr":907,"ppt_gs":470,"GDD_1":1663,"style":null,"latitude":45.0168,"elev":null,"climate":null,"GI_area":null,"auv":null,"_bbox":[-0.754540991891338,44.95635302620307,-0.621078329655573,45.07672538901987]},"geometry":{"type":"Point","coordinates":[-0.69106,45.02171]},"tippecanoe":{"minzoom":6}}
,
{"type":"Feature","properties":{"_area":17142302975,"OBJECTID_1":484,"OBJECTID":524,"Name_rgn":"Marlborough","state":null,"official":1,"country":"New Zealand","class":"Region","altname":null,"gen":1,"color":0,"ppt_yr":1445,"ppt_gs":746,"GDD_1":742,"style":null,"latitude":-41.7992,"elev":null,"climate":null,"GI_area":null,"auv":null,"_bbox":[172.71852985121433,-42.636157957570454,174.44292496326608,-40.663342043421515]},"geometry":{"type":"Point","coordinates":[173.36434,-42.0375]},"tippecanoe":{"minzoom":4}}
,
{"type":"Feature","properties":{"_area":46645065,"OBJECTID_1":485,"OBJECTID":526,"Name_rgn":"Marsannay","state":null,"official":1,"country":"France","class":"Appellation d'origine protégée","altname":null,"gen":1,"color":2,"ppt_yr":809,"ppt_gs":488,"GDD_1":1385,"style":null,"latitude":47.2755,"elev":null,"climate":null,"GI_area":null,"auv":null,"_bbox":[4.900015538275888,47.239886860688436,5.036097535166552,47.30366201396213]},"geometry":{"type":"Point","coordinates":[5.00216,47.27327]},"tippecanoe":{"minzoom":6}}
,
{"type":"Feature","properties":{"_area":399780990,"OBJECTID_1":486,"OBJECTID":527,"Name_rgn":"Martha's Vineyard","state":"Massachusetts","official":1,"country":"United States","class":"American Viticultural Area","altname":null,"gen":2,"color":3,"ppt_yr":1218,"ppt_gs":685,"GDD_1":1544,"style":null,"latitude":41.3873,"elev":null,"climate":null,"GI_area":null,"auv":null,"_bbox":[-70.83892212859901,41.301122681412444,-70.44620600414976,41.48278818784156]},"geometry":{"type":"Point","coordinates":[-70.6012,41.4026]},"tippecanoe":{"minzoom":5}}
,
{"type":"Feature","properties":{"_area":3648636085,"OBJECTID_1":487,"OBJECTID":529,"Name_rgn":"Maures","state":"Var","official":1,"country":"France","class":"Indication géographique protégée","altname":null,"gen":1,"color":2,"ppt_yr":735,"ppt_gs":359,"GDD_1":2013,"style":null,"latitude":43.3394,"elev":null,"climate":null,"GI_area":null,"auv":null,"_bbox":[6.009298567869678,42.98201945378444,6.933726238771482,43.70827057475709]},"geometry":{"type":"Point","coordinates":[6.35292,43.23912]},"tippecanoe":{"minzoom":5}}
,
{"type":"Feature","properties":{"_area":246233117,"OBJECTID_1":488,"OBJECTID":530,"Name_rgn":"Maury","state":null,"official":1,"country":"France","class":"Appellation d'origine protégée","altname":null,"gen":1,"color":4,"ppt_yr":632,"ppt_gs":344,"GDD_1":1252,"style":null,"latitude":42.8124,"elev":null,"climate":null,"GI_area":null,"auv":null,"_bbox":[2.436074734689581,42.74616667265144,2.795818802099739,42.851707806812925]},"geometry":{"type":"Point","coordinates":[2.58326,42.79935]},"tippecanoe":{"minzoom":6}}
,
{"type":"Feature","properties":{"_area":31687583,"OBJECTID_1":489,"OBJECTID":531,"Name_rgn":"Mazis-Chambertin","state":null,"official":1,"country":"France","class":"Appellation d'origine protégée","altname":null,"gen":1,"color":4,"ppt_yr":796,"ppt_gs":483,"GDD_1":1385,"style":null,"latitude":47.2202,"elev":null,"climate":null,"GI_area":null,"auv":null,"_bbox":[4.923060736216732,47.20035047029626,5.049816512760853,47.2372744851635]},"geometry":{"type":"Point","coordinates":[4.99633,47.21824]},"tippecanoe":{"minzoom":7}}
,
{"type":"Feature","properties":{"_area":31687583,"OBJECTID_1":490,"OBJECTID":532,"Name_rgn":"Mazoyères-Chambertin","state":null,"official":1,"country":"France","class":"Appellation d'origine protégée","altname":null,"gen":1,"color":4,"ppt_yr":796,"ppt_gs":483,"GDD_1":1385,"style":null,"latitude":47.2202,"elev":null,"climate":null,"GI_area":null,"auv":null,"_bbox":[4.923060736216732,47.20035047029626,5.049816512760853,47.2372744851635]},"geometry":{"type":"Point","coordinates":[4.99633,47.21824]},"tippecanoe":{"minzoom":7}}
,
{"type":"Feature","properties":{"_area":217250063,"OBJECTID_1":491,"OBJECTID":534,"Name_rgn":"McMinnville","state":"Oregon","official":1,"country":"United States","class":"American Viticultural Area","altname":null,"gen":2,"color":1,"ppt_yr":1517,"ppt_gs":413,"GDD_1":1319,"style":null,"latitude":45.1633,"elev":null,"climate":null,"GI_area":null,"auv":null,"_bbox":[-123.46553052531999,45.08943885938611,-123.21978446679012,45.231122067121234]},"geometry":{"type":"Point","coordinates":[-123.33768,45.16083]},"tippecanoe":{"minzoom":6}}
,
{"type":"Feature","properties":{"_area":1711289835,"OBJECTID_1":492,"OBJECTID":536,"Name_rgn":"Méditérranée Comté de Grignan","state":"Drôme","official":1,"country":"France","class":"Indication géographique protégée","altname":"Comté de Grignan","gen":6,"color":2,"ppt_yr":866,"ppt_gs":540,"GDD_1":1847,"style":null,"latitude":44.4446,"elev":null,"climate":null,"GI_area":null,"auv":null,"_bbox":[4.6468274595383,44.228325066629026,5.166434197655836,44.82546445769952]},"geometry":{"type":"Point","coordinates":[4.88075,44.44601]},"tippecanoe":{"minzoom":5}}
,
{"type":"Feature","properties":{"_area":704723218,"OBJECTID_1":493,"OBJECTID":537,"Name_rgn":"Méditérranée Coteaux de Montélimar","state":null,"official":1,"country":"France","class":"Indication géographique protégée","altname":"Coteaux de Montélimar","gen":1,"color":4,"ppt_yr":919,"ppt_gs":569,"GDD_1":1697,"style":null,"latitude":44.5605,"elev":null,"climate":null,"GI_area":null,"auv":null,"_bbox":[4.692051689941491,44.426460003281434,5.211560771306166,44.68022695563243]},"geometry":{"type":"Point","coordinates":[4.88287,44.5806]},"tippecanoe":{"minzoom":5}}
,
{"type":"Feature","properties":{"_area":2225501368,"OBJECTID_1":494,"OBJECTID":538,"Name_rgn":"Médoc","state":null,"official":1,"country":"France","class":"Appellation d'origine protégée","altname":null,"gen":1,"color":3,"ppt_yr":896,"ppt_gs":456,"GDD_1":1626,"style":null,"latitude":45.1746,"elev":null,"climate":null,"GI_area":null,"auv":null,"_bbox":[-1.169506551568427,44.84692832077734,-0.539741211281493,45.57169753312903]},"geometry":{"type":"Point","coordinates":[-0.83187,45.06403]},"tippecanoe":{"minzoom":5}}
,
{"type":"Feature","properties":{"_area":2793458605,"OBJECTID_1":495,"OBJECTID":539,"Name_rgn":"Mehedinţi","state":null,"official":1,"country":"Romania","class":"D.O.C.","altname":"D.O.C. Mehedinţi","gen":1,"color":4,"ppt_yr":659,"ppt_gs":415,"GDD_1":1886,"style":null,"latitude":44.5375,"elev":null,"climate":null,"GI_area":null,"auv":null,"_bbox":[22.4705140005109,44.24295899217504,23.248424999590295,44.84827199188563]},"geometry":{"type":"Point","coordinates":[22.84292,44.5799]},"tippecanoe":{"minzoom":5}}
,
{"type":"Feature","properties":{"_area":10527924453,"OBJECTID_1":496,"OBJECTID":540,"Name_rgn":"Mělnická","state":null,"official":1,"country":"Czechia","class":"Chráněné označení původu","altname":null,"gen":3,"color":5,"ppt_yr":558,"ppt_gs":406,"GDD_1":1245,"style":null,"latitude":50.1714,"elev":null,"climate":null,"GI_area":null,"auv":null,"_bbox":[13.650888809058618,49.81582097092832,16.02413878906991,50.51360208810003]},"geometry":{"type":"Point","coordinates":[14.49654,50.16812]},"tippecanoe":{"minzoom":4}}
,
{"type":"Feature","properties":{"_area":2110461222,"OBJECTID_1":497,"OBJECTID":541,"Name_rgn":"Mendocino","state":"California","official":1,"country":"United States","class":"American Viticultural Area","altname":null,"gen":2,"color":4,"ppt_yr":1059,"ppt_gs":181,"GDD_1":1745,"style":null,"latitude":39.0932,"elev":null,"climate":null,"GI_area":null,"auv":null,"_bbox":[-123.63481346818755,38.83841097859897,-123.00562144079973,39.36566001512897]},"geometry":{"type":"Point","coordinates":[-123.23577,39.11079]},"tippecanoe":{"minzoom":5}}
,
{"type":"Feature","properties":{"_area":815845642,"OBJECTID_1":498,"OBJECTID":542,"Name_rgn":"Mendocino Ridge","state":"California","official":1,"country":"United States","class":"American Viticultural Area","altname":null,"gen":2,"color":5,"ppt_yr":1220,"ppt_gs":222,"GDD_1":1249,"style":null,"latitude":38.9565,"elev":null,"climate":null,"GI_area":null,"auv":null,"_bbox":[-123.7015098548409,38.77665801101935,-123.31992629299288,39.155422784960585]},"geometry":{"type":"Point","coordinates":[-123.49955,38.92535]},"tippecanoe":{"minzoom":5}}
,
{"type":"Feature","properties":{"_area":246524413,"OBJECTID_1":500,"OBJECTID":544,"Name_rgn":"Menetou-Salon","state":null,"official":1,"country":"France","class":"Appellation d'origine protégée","altname":null,"gen":1,"color":1,"ppt_yr":737,"ppt_gs":431,"GDD_1":1417,"style":null,"latitude":47.2309,"elev":null,"climate":null,"GI_area":null,"auv":null,"_bbox":[2.422598106389257,47.1410267219257,2.699584226971309,47.297753122286196]},"geometry":{"type":"Point","coordinates":[2.50647,47.22735]},"tippecanoe":{"minzoom":6}}
,
{"type":"Feature","properties":{"_area":3509249262,"OBJECTID_1":501,"OBJECTID":545,"Name_rgn":"Méntrida","state":null,"official":1,"country":"Spain","class":"Denominación de Origen","altname":"D.O.Méntrida","gen":1,"color":2,"ppt_yr":341,"ppt_gs":182,"GDD_1":2331,"style":null,"latitude":40.0535,"elev":null,"climate":null,"GI_area":null,"auv":null,"_bbox":[-4.734642747142728,39.81205787305029,-3.814894037636596,40.318340802831095]},"geometry":{"type":"Point","coordinates":[-4.34653,40.07064]},"tippecanoe":{"minzoom":5}}
,
{"type":"Feature","properties":{"_area":153588374,"OBJECTID_1":502,"OBJECTID":546,"Name_rgn":"Merlara","state":"Veneto","official":1,"country":"Italy","class":"Denominazione di origine controllata","altname":null,"gen":5,"color":2,"ppt_yr":759,"ppt_gs":473,"GDD_1":2139,"style":null,"latitude":45.1772,"elev":null,"climate":null,"GI_area":null,"auv":null,"_bbox":[11.345158041958252,45.10340805869613,11.526538670418843,45.247501981309476]},"geometry":{"type":"Point","coordinates":[11.45492,45.17602]},"tippecanoe":{"minzoom":6}}
,
{"type":"Feature","properties":{"_area":661019458,"OBJECTID_1":503,"OBJECTID":551,"Name_rgn":"Mikulovská","state":"Jihomoravský","official":1,"country":"Czechia","class":"Chráněné označení původu","altname":null,"gen":3,"color":5,"ppt_yr":568,"ppt_gs":416,"GDD_1":1486,"style":null,"latitude":48.859,"elev":null,"climate":null,"GI_area":null,"auv":null,"_bbox":[16.421340748806745,48.70603485954897,16.864845032272143,49.022841283558925]},"geometry":{"type":"Point","coordinates":[16.55376,48.89538]},"tippecanoe":{"minzoom":5}}
,
{"type":"Feature","properties":{"_area":1058371480,"OBJECTID_1":504,"OBJECTID":552,"Name_rgn":"Minervois","state":null,"official":1,"country":"France","class":"Appellation d'origine protégée","altname":null,"gen":1,"color":3,"ppt_yr":642,"ppt_gs":344,"GDD_1":1885,"style":null,"latitude":43.3043,"elev":null,"climate":null,"GI_area":null,"auv":null,"_bbox":[2.331641403947956,43.18602891401262,2.946079181309189,43.43882194062857]},"geometry":{"type":"Point","coordinates":[2.61702,43.31341]},"tippecanoe":{"minzoom":5}}
,
{"type":"Feature","properties":{"_area":212952633,"OBJECTID_1":505,"OBJECTID":553,"Name_rgn":"Minervois-La Livinière","state":null,"official":1,"country":"France","class":"Appellation d'origine protégée","altname":null,"gen":1,"color":4,"ppt_yr":649,"ppt_gs":348,"GDD_1":1925,"style":null,"latitude":43.3265,"elev":null,"climate":null,"GI_area":null,"auv":null,"_bbox":[2.539718404973912,43.25430932290427,2.776766003844115,43.400302084664304]},"geometry":{"type":"Point","coordinates":[2.64579,43.32388]},"tippecanoe":{"minzoom":6}}
,
{"type":"Feature","properties":{"_area":1493530472,"OBJECTID_1":506,"OBJECTID":554,"Name_rgn":"Miniş","state":null,"official":1,"country":"Romania","class":"D.O.C.","altname":"D.O.C. Miniş","gen":1,"color":5,"ppt_yr":633,"ppt_gs":427,"GDD_1":1654,"style":null,"latitude":46.2506,"elev":null,"climate":null,"GI_area":null,"auv":null,"_bbox":[21.460223000268662,45.974666990686,21.995250000262747,46.51018199024332]},"geometry":{"type":"Point","coordinates":[21.68907,46.19307]},"tippecanoe":{"minzoom":5}}
,
{"type":"Feature","properties":{"_area":798492947,"OBJECTID_1":507,"OBJECTID":555,"Name_rgn":"Mittelburgenland","state":"Burgenland","official":1,"country":"Austria","class":"Districtus Austriae Controllatus","altname":null,"gen":4,"color":5,"ppt_yr":723,"ppt_gs":529,"GDD_1":1410,"style":"Blaufränkisch","latitude":47.513,"elev":null,"climate":null,"GI_area":null,"auv":2104,"_bbox":[16.27983949967466,47.3431614935299,16.71452899973588,47.66529799375265]},"geometry":{"type":"Point","coordinates":[16.44972,47.51304]},"tippecanoe":{"minzoom":5}}
,
{"type":"Feature","properties":{"_area":406058687,"OBJECTID_1":508,"OBJECTID":556,"Name_rgn":"Mokelumne River","state":"California","official":1,"country":"United States","class":"American Viticultural Area","altname":null,"gen":2,"color":5,"ppt_yr":436,"ppt_gs":61,"GDD_1":2286,"style":null,"latitude":38.1313,"elev":null,"climate":null,"GI_area":null,"auv":null,"_bbox":[-121.4480417243959,38.05741005296128,-121.14932406711023,38.25657932908496]},"geometry":{"type":"Point","coordinates":[-121.31773,38.14105]},"tippecanoe":{"minzoom":5}}
,
{"type":"Feature","properties":{"_area":6062704501,"OBJECTID_1":509,"OBJECTID":557,"Name_rgn":"Molinos","state":"Salta","official":1,"country":"Argentina","class":"Indicación Geográfica","altname":null,"gen":3,"color":4,"ppt_yr":133,"ppt_gs":130,"GDD_1":998,"style":null,"latitude":-25.5651,"elev":null,"climate":null,"GI_area":null,"auv":null,"_bbox":[-66.87356626634714,-26.018752746837507,-65.99912008530261,-25.100482126850103]},"geometry":{"type":"Point","coordinates":[-66.41542,-25.46155]},"tippecanoe":{"minzoom":4}}
,
{"type":"Feature","properties":{"_area":74306547,"OBJECTID_1":510,"OBJECTID":558,"Name_rgn":"Monbazillac","state":null,"official":1,"country":"France","class":"Appellation d'origine protégée","altname":null,"gen":1,"color":1,"ppt_yr":941,"ppt_gs":495,"GDD_1":1689,"style":null,"latitude":44.7958,"elev":null,"climate":null,"GI_area":null,"auv":null,"_bbox":[0.369926937381313,44.76602827034797,0.537560269756602,44.843240186039374]},"geometry":{"type":"Point","coordinates":[0.42965,44.80403]},"tippecanoe":{"minzoom":6}}
,
{"type":"Feature","properties":{"_area":1572745720,"OBJECTID_1":511,"OBJECTID":559,"Name_rgn":"Mondéjar","state":null,"official":1,"country":"Spain","class":"Denominación de Origen","altname":"D.O.Mondéjar","gen":1,"color":3,"ppt_yr":434,"ppt_gs":227,"GDD_1":2049,"style":null,"latitude":40.351,"elev":null,"climate":null,"GI_area":null,"auv":null,"_bbox":[-3.200462358039528,40.152455682213485,-2.633072097359164,40.56363135201244]},"geometry":{"type":"Point","coordinates":[-2.95552,40.33957]},"tippecanoe":{"minzoom":5}}
,
{"type":"Feature","properties":{"_area":432377295,"OBJECTID_1":512,"OBJECTID":560,"Name_rgn":"Mont Caume","state":"Var","official":1,"country":"France","class":"Indication géographique protégée","altname":null,"gen":1,"color":2,"ppt_yr":633,"ppt_gs":330,"GDD_1":2096,"style":null,"latitude":43.171,"elev":null,"climate":null,"GI_area":null,"auv":null,"_bbox":[5.671875007697714,43.046617741257585,5.990711380798884,43.26733799217795]},"geometry":{"type":"Point","coordinates":[5.85509,43.14275]},"tippecanoe":{"minzoom":5}}
,
{"type":"Feature","properties":{"_area":35736691,"OBJECTID_1":513,"OBJECTID":561,"Name_rgn":"Montagne-Saint-Emilion","state":null,"official":1,"country":"France","class":"Appellation d'origine protégée","altname":null,"gen":1,"color":2,"ppt_yr":893,"ppt_gs":466,"GDD_1":1672,"style":null,"latitude":44.9323,"elev":null,"climate":null,"GI_area":null,"auv":null,"_bbox":[-0.186105360816538,44.89998352963805,-0.074595579272105,44.96469244137222]},"geometry":{"type":"Point","coordinates":[-0.14516,44.94194]},"tippecanoe":{"minzoom":7}}
,
{"type":"Feature","properties":{"_area":52977752,"OBJECTID_1":514,"OBJECTID":562,"Name_rgn":"Montagny","state":null,"official":1,"country":"France","class":"Appellation d'origine protégée","altname":null,"gen":1,"color":0,"ppt_yr":818,"ppt_gs":503,"GDD_1":1385,"style":null,"latitude":46.6969,"elev":null,"climate":null,"GI_area":null,"auv":null,"_bbox":[4.644875322509518,46.66759711540225,4.778254151268023,46.72700771890348]},"geometry":{"type":"Point","coordinates":[4.7015,46.69823]},"tippecanoe":{"minzoom":6}}
,
{"type":"Feature","properties":{"_area":315485769,"OBJECTID_1":515,"OBJECTID":563,"Name_rgn":"Montello - Colli Asolani","state":"Veneto","official":1,"country":"Italy","class":"Denominazione di origine controllata","altname":null,"gen":5,"color":5,"ppt_yr":985,"ppt_gs":657,"GDD_1":1815,"style":null,"latitude":45.8196,"elev":null,"climate":null,"GI_area":null,"auv":null,"_bbox":[11.75075480294094,45.774771398385006,12.211177578276686,45.88556563260552]},"geometry":{"type":"Point","coordinates":[11.93902,45.8306]},"tippecanoe":{"minzoom":6}}
,
{"type":"Feature","properties":{"_area":315485769,"OBJECTID_1":516,"OBJECTID":564,"Name_rgn":"Montello Rosso","state":"Veneto","official":1,"country":"Italy","class":"Denominazione di origine controllata e garantita","altname":null,"gen":5,"color":5,"ppt_yr":985,"ppt_gs":657,"GDD_1":1865,"style":null,"latitude":45.8196,"elev":null,"climate":null,"GI_area":null,"auv":null,"_bbox":[11.75075480294094,45.774771398385006,12.211177578276686,45.88556563260552]},"geometry":{"type":"Point","coordinates":[11.93902,45.8306]},"tippecanoe":{"minzoom":6}}
,
{"type":"Feature","properties":{"_area":5013521973,"OBJECTID_1":517,"OBJECTID":565,"Name_rgn":"Monterey","state":"California","official":1,"country":"United States","class":"American Viticultural Area","altname":null,"gen":2,"color":4,"ppt_yr":418,"ppt_gs":68,"GDD_1":1672,"style":null,"latitude":36.4276,"elev":null,"climate":null,"GI_area":null,"auv":null,"_bbox":[-121.97958893844026,35.791742875919624,-120.7986637638531,36.919687922499584]},"geometry":{"type":"Point","coordinates":[-121.68273,36.61843]},"tippecanoe":{"minzoom":4}}
,
{"type":"Feature","properties":{"_area":861957521,"OBJECTID_1":518,"OBJECTID":566,"Name_rgn":"Monterrei","state":null,"official":1,"country":"Spain","class":"Denominación de Origen","altname":"D.O.Monterrei","gen":1,"color":1,"ppt_yr":1511,"ppt_gs":623,"GDD_1":1544,"style":null,"latitude":41.9443,"elev":null,"climate":null,"GI_area":null,"auv":null,"_bbox":[-7.619839706015342,41.80747764066837,-7.17350212536408,42.11176630082618]},"geometry":{"type":"Point","coordinates":[-7.35537,41.96735]},"tippecanoe":{"minzoom":5}}
,
{"type":"Feature","properties":{"_area":489658354,"OBJECTID_1":519,"OBJECTID":567,"Name_rgn":"Monti Lessini","state":"Veneto","official":1,"country":"Italy","class":"Denominazione di origine controllata","altname":null,"gen":5,"color":0,"ppt_yr":927,"ppt_gs":603,"GDD_1":1925,"style":null,"latitude":45.5621,"elev":null,"climate":null,"GI_area":null,"auv":null,"_bbox":[11.126177301691708,45.45075532110507,11.485684400716435,45.71277868944042]},"geometry":{"type":"Point","coordinates":[11.33447,45.57]},"tippecanoe":{"minzoom":5}}
,
{"type":"Feature","properties":{"_area":3115390797,"OBJECTID_1":520,"OBJECTID":568,"Name_rgn":"Montilla-Moriles","state":null,"official":1,"country":"Spain","class":"Denominación de Origen","altname":"D.O.Montilla-Moriles","gen":1,"color":4,"ppt_yr":562,"ppt_gs":216,"GDD_1":2580,"style":null,"latitude":37.5463,"elev":null,"climate":null,"GI_area":null,"auv":null,"_bbox":[-4.984743548014221,37.24670281535653,-4.164368468598918,37.820113764443924]},"geometry":{"type":"Point","coordinates":[-4.6006,37.52109]},"tippecanoe":{"minzoom":5}}
,
{"type":"Feature","properties":{"_area":67879756,"OBJECTID_1":521,"OBJECTID":569,"Name_rgn":"Montlouis-sur-Loire","state":null,"official":1,"country":"France","class":"Appellation d'origine protégée","altname":null,"gen":1,"color":2,"ppt_yr":673,"ppt_gs":371,"GDD_1":1464,"style":null,"latitude":47.3763,"elev":null,"climate":null,"GI_area":null,"auv":null,"_bbox":[0.78858074425637,47.33803489607242,0.954126128705063,47.40485184669643]},"geometry":{"type":"Point","coordinates":[0.91543,47.37301]},"tippecanoe":{"minzoom":6}}
,
{"type":"Feature","properties":{"_area":289693504,"OBJECTID_1":522,"OBJECTID":570,"Name_rgn":"Montravel","state":null,"official":1,"country":"France","class":"Appellation d'origine protégée","altname":null,"gen":1,"color":1,"ppt_yr":900,"ppt_gs":469,"GDD_1":1689,"style":null,"latitude":44.8842,"elev":null,"climate":null,"GI_area":null,"auv":null,"_bbox":[-0.034235026344782,44.81895049248229,0.307492347980359,44.94477729545542]},"geometry":{"type":"Point","coordinates":[0.17761,44.88137]},"tippecanoe":{"minzoom":6}}
,
{"type":"Feature","properties":{"_area":1016654016,"OBJECTID_1":523,"OBJECTID":571,"Name_rgn":"Montsant","state":null,"official":1,"country":"Spain","class":"Denominación de Origen","altname":"D.O.Montsant","gen":1,"color":1,"ppt_yr":554,"ppt_gs":319,"GDD_1":2028,"style":null,"latitude":41.1416,"elev":null,"climate":null,"GI_area":null,"auv":null,"_bbox":[0.584831872083394,40.93217544254651,0.976124332097385,41.362306402592765]},"geometry":{"type":"Point","coordinates":[0.74532,41.11407]},"tippecanoe":{"minzoom":5}}
,
{"type":"Feature","properties":{"_area":1278719069,"OBJECTID_1":524,"OBJECTID":572,"Name_rgn":"Mornington Peninsula","state":"Victoria","official":1,"country":"Australia","class":"Region","altname":null,"gen":1,"color":5,"ppt_yr":744,"ppt_gs":375,"GDD_1":1435,"style":"Pinot Noir, Chardonnay, Pinot Gris/Grigio, Shiraz, Riesling","latitude":-38.3419,"elev":null,"climate":null,"GI_area":null,"auv":920,"_bbox":[144.65141300280715,-38.49936799649741,145.26269200269374,-38.162400996526884]},"geometry":{"type":"Point","coordinates":[144.99694,-38.34471]},"tippecanoe":{"minzoom":5}}
,
{"type":"Feature","properties":{"_area":1794574406,"OBJECTID_1":525,"OBJECTID":573,"Name_rgn":"Moselle","state":null,"official":1,"country":"France","class":"Appellation d'origine protégée","altname":null,"gen":1,"color":4,"ppt_yr":764,"ppt_gs":433,"GDD_1":1263,"style":null,"latitude":49.0756,"elev":null,"climate":null,"GI_area":null,"auv":null,"_bbox":[6.004867818173577,48.748805420816176,6.564894203092797,49.469168186167394]},"geometry":{"type":"Point","coordinates":[6.2548,49.10921]},"tippecanoe":{"minzoom":5}}
,
{"type":"Feature","properties":{"_area":179751628,"OBJECTID_1":526,"OBJECTID":574,"Name_rgn":"Moulis","state":null,"official":1,"country":"France","class":"Appellation d'origine protégée","altname":null,"gen":1,"color":0,"ppt_yr":917,"ppt_gs":471,"GDD_1":1643,"style":null,"latitude":45.0554,"elev":null,"climate":null,"GI_area":null,"auv":null,"_bbox":[-0.911723505710941,44.964617648818596,-0.680581880676141,45.111658951208234]},"geometry":{"type":"Point","coordinates":[-0.80891,45.04331]},"tippecanoe":{"minzoom":6}}
,
{"type":"Feature","properties":{"_area":2476628550,"OBJECTID_1":527,"OBJECTID":577,"Name_rgn":"Mount Lebanon","state":"Mount Lebanon","official":6,"country":"Lebanon","class":"Region","altname":null,"gen":6,"color":3,"ppt_yr":1009,"ppt_gs":138,"GDD_1":2298,"style":null,"latitude":33.8959,"elev":null,"climate":null,"GI_area":null,"auv":null,"_bbox":[35.377054826035575,33.50973786177684,36.0113216493641,34.21766361217466]},"geometry":{"type":"Point","coordinates":[35.74808,34.01827]},"tippecanoe":{"minzoom":5}}
,
{"type":"Feature","properties":{"_area":40627461,"OBJECTID_1":528,"OBJECTID":578,"Name_rgn":"Mt. Harlan","state":"California","official":1,"country":"United States","class":"American Viticultural Area","altname":null,"gen":2,"color":2,"ppt_yr":685,"ppt_gs":123,"GDD_1":1704,"style":null,"latitude":36.6962,"elev":null,"climate":null,"GI_area":null,"auv":null,"_bbox":[-121.47161595188564,36.67168792045302,-121.35198820650966,36.72185967409482]},"geometry":{"type":"Point","coordinates":[-121.41713,36.69481]},"tippecanoe":{"minzoom":6}}
,
{"type":"Feature","properties":{"_area":1822962494,"OBJECTID_1":529,"OBJECTID":580,"Name_rgn":"Murfatlar","state":null,"official":1,"country":"Romania","class":"D.O.C.","altname":"D.O.C. Murfatlar","gen":1,"color":3,"ppt_yr":468,"ppt_gs":290,"GDD_1":1886,"style":null,"latitude":44.2578,"elev":null,"climate":null,"GI_area":null,"auv":null,"_bbox":[27.862612999730107,44.071240992700446,28.587570999671673,44.504304991881774]},"geometry":{"type":"Point","coordinates":[28.28468,44.28693]},"tippecanoe":{"minzoom":5}}
,
{"type":"Feature","properties":{"_area":37209237033,"OBJECTID_1":530,"OBJECTID":581,"Name_rgn":"Murray Darling","state":"Victoria & New South Wales","official":1,"country":"Australia","class":"Region","altname":null,"gen":1,"color":4,"ppt_yr":260,"ppt_gs":147,"GDD_1":2513,"style":null,"latitude":-34.2553,"elev":null,"climate":null,"GI_area":null,"auv":13491,"_bbox":[140.9993340406873,-34.99829115220803,143.99979960534105,-33.36263477630851]},"geometry":{"type":"Point","coordinates":[142.37782,-34.12775]},"tippecanoe":{"minzoom":4}}
,
{"type":"Feature","properties":{"_area":18347995814,"OBJECTID_1":531,"OBJECTID":582,"Name_rgn":"Muscadet","state":null,"official":1,"country":"France","class":"Appellation d'origine protégée","altname":null,"gen":1,"color":0,"ppt_yr":795,"ppt_gs":403,"GDD_1":1451,"style":null,"latitude":47.0967,"elev":null,"climate":null,"GI_area":null,"auv":null,"_bbox":[-2.010328389981461,45.67796379388416,0.311080495007894,47.505501050803794]},"geometry":{"type":"Point","coordinates":[-1.21212,46.94555]},"tippecanoe":{"minzoom":4}}
,
{"type":"Feature","properties":{"_area":845085418,"OBJECTID_1":532,"OBJECTID":583,"Name_rgn":"Muscadet Côtes de Grandlieu","state":null,"official":1,"country":"France","class":"Appellation d'origine protégée","altname":null,"gen":1,"color":4,"ppt_yr":795,"ppt_gs":397,"GDD_1":1453,"style":null,"latitude":47.0352,"elev":null,"climate":null,"GI_area":null,"auv":null,"_bbox":[-1.877287875742127,46.86007981585522,-1.457208288000877,47.193314232472744]},"geometry":{"type":"Point","coordinates":[-1.66121,47.03971]},"tippecanoe":{"minzoom":5}}
,
{"type":"Feature","properties":{"_area":517533271,"OBJECTID_1":533,"OBJECTID":584,"Name_rgn":"Muscadet Sèvre et Maine","state":null,"official":1,"country":"France","class":"Appellation d'origine protégée","altname":null,"gen":1,"color":0,"ppt_yr":794,"ppt_gs":404,"GDD_1":1434,"style":null,"latitude":47.1764,"elev":null,"climate":null,"GI_area":null,"auv":null,"_bbox":[-1.521615226524506,47.04561691880473,-1.161606881045924,47.305657659149254]},"geometry":{"type":"Point","coordinates":[-1.33725,47.18122]},"tippecanoe":{"minzoom":5}}
,
{"type":"Feature","properties":{"_area":137246518,"OBJECTID_1":534,"OBJECTID":585,"Name_rgn":"Muscadet Sèvre et Maine Clisson","state":null,"official":1,"country":"France","class":"Appellation d'origine protégée","altname":null,"gen":1,"color":4,"ppt_yr":791,"ppt_gs":401,"GDD_1":1483,"style":null,"latitude":47.098,"elev":null,"climate":null,"GI_area":null,"auv":null,"_bbox":[-1.478430277817491,47.04561691880473,-1.232328014819553,47.14555816088909]},"geometry":{"type":"Point","coordinates":[-1.41089,47.09676]},"tippecanoe":{"minzoom":6}}
,
{"type":"Feature","properties":{"_area":66343013,"OBJECTID_1":535,"OBJECTID":586,"Name_rgn":"Muscadet Sèvre et Maine Gorges","state":null,"official":1,"country":"France","class":"Appellation d'origine protégée","altname":null,"gen":1,"color":1,"ppt_yr":788,"ppt_gs":400,"GDD_1":1483,"style":null,"latitude":47.1133,"elev":null,"climate":null,"GI_area":null,"auv":null,"_bbox":[-1.376110284087361,47.070416540965674,-1.225848172926108,47.147811748332074]},"geometry":{"type":"Point","coordinates":[-1.29327,47.11093]},"tippecanoe":{"minzoom":6}}
,
{"type":"Feature","properties":{"_area":29629914,"OBJECTID_1":536,"OBJECTID":587,"Name_rgn":"Muscadet Sèvre et Maine Le Pallet","state":null,"official":1,"country":"France","class":"Appellation d'origine protégée","altname":null,"gen":1,"color":5,"ppt_yr":785,"ppt_gs":399,"GDD_1":1483,"style":null,"latitude":47.1597,"elev":null,"climate":null,"GI_area":null,"auv":null,"_bbox":[-1.380847403312819,47.12293728630697,-1.309648886830962,47.1958291164371]},"geometry":{"type":"Point","coordinates":[-1.35137,47.16132]},"tippecanoe":{"minzoom":7}}
,
{"type":"Feature","properties":{"_area":41379644,"OBJECTID_1":537,"OBJECTID":588,"Name_rgn":"Muscat de Beaumes-de-Venise","state":null,"official":1,"country":"France","class":"Appellation d'origine protégée","altname":null,"gen":1,"color":0,"ppt_yr":751,"ppt_gs":462,"GDD_1":1730,"style":null,"latitude":44.1117,"elev":null,"climate":null,"GI_area":null,"auv":null,"_bbox":[4.984916577911045,44.07454880388901,5.07402423847712,44.14400594136211]},"geometry":{"type":"Point","coordinates":[5.03592,44.11036]},"tippecanoe":{"minzoom":6}}
,
{"type":"Feature","properties":{"_area":79636892,"OBJECTID_1":538,"OBJECTID":589,"Name_rgn":"Muscat de Frontignan","state":null,"official":1,"country":"France","class":"Appellation d'origine protégée","altname":null,"gen":1,"color":4,"ppt_yr":582,"ppt_gs":316,"GDD_1":2165,"style":null,"latitude":43.4649,"elev":null,"climate":null,"GI_area":null,"auv":null,"_bbox":[3.672382969835708,43.415790433798215,3.860416777310407,43.50979988129782]},"geometry":{"type":"Point","coordinates":[3.77557,43.46757]},"tippecanoe":{"minzoom":6}}
,
{"type":"Feature","properties":{"_area":60437551,"OBJECTID_1":539,"OBJECTID":590,"Name_rgn":"Muscat de Lunel","state":null,"official":1,"country":"France","class":"Appellation d'origine protégée","altname":null,"gen":1,"color":2,"ppt_yr":649,"ppt_gs":365,"GDD_1":2183,"style":null,"latitude":43.6893,"elev":null,"climate":null,"GI_area":null,"auv":null,"_bbox":[4.053334582152686,43.64110699204266,4.164919267022198,43.73065873456289]},"geometry":{"type":"Point","coordinates":[4.1184,43.68938]},"tippecanoe":{"minzoom":6}}
,
{"type":"Feature","properties":{"_area":46624036,"OBJECTID_1":540,"OBJECTID":591,"Name_rgn":"Muscat de Mireval","state":null,"official":1,"country":"France","class":"Appellation d'origine protégée","altname":null,"gen":1,"color":3,"ppt_yr":590,"ppt_gs":320,"GDD_1":2163,"style":null,"latitude":43.4946,"elev":null,"climate":null,"GI_area":null,"auv":null,"_bbox":[3.748840148532331,43.45777989414221,3.860416777310407,43.53265970704416]},"geometry":{"type":"Point","coordinates":[3.80208,43.4958]},"tippecanoe":{"minzoom":6}}
,
{"type":"Feature","properties":{"_area":2868843613,"OBJECTID_1":541,"OBJECTID":592,"Name_rgn":"Muscat de Rivesaltes","state":null,"official":1,"country":"France","class":"Appellation d'origine protégée","altname":null,"gen":1,"color":2,"ppt_yr":593,"ppt_gs":327,"GDD_1":1252,"style":null,"latitude":42.7026,"elev":null,"climate":null,"GI_area":null,"auv":null,"_bbox":[2.436074734689581,42.41195376670815,3.17766847368093,43.00445038331711]},"geometry":{"type":"Point","coordinates":[2.82432,42.72498]},"tippecanoe":{"minzoom":5}}
,
{"type":"Feature","properties":{"_area":42492477,"OBJECTID_1":542,"OBJECTID":593,"Name_rgn":"Muscat de Saint-Jean-de-Minervois","state":null,"official":1,"country":"France","class":"Appellation d'origine protégée","altname":null,"gen":1,"color":1,"ppt_yr":650,"ppt_gs":350,"GDD_1":1829,"style":null,"latitude":43.4002,"elev":null,"climate":null,"GI_area":null,"auv":null,"_bbox":[2.758683489401641,43.372340230251154,2.877462416665632,43.43882194062857]},"geometry":{"type":"Point","coordinates":[2.82568,43.39883]},"tippecanoe":{"minzoom":6}}
,
{"type":"Feature","properties":{"_area":635332661,"OBJECTID_1":543,"OBJECTID":594,"Name_rgn":"Muscat du Cap Corse","state":null,"official":1,"country":"France","class":"Appellation d'origine protégée","altname":null,"gen":1,"color":2,"ppt_yr":834,"ppt_gs":392,"GDD_1":2122,"style":null,"latitude":42.8294,"elev":null,"climate":null,"GI_area":null,"auv":null,"_bbox":[9.229218337945214,42.61913501091093,9.491881215682373,43.011722909082906]},"geometry":{"type":"Point","coordinates":[9.38261,42.81562]},"tippecanoe":{"minzoom":5}}
,
{"type":"Feature","properties":{"_area":1801382738,"OBJECTID_1":544,"OBJECTID":595,"Name_rgn":"Muscat du Ventoux","state":null,"official":1,"country":"France","class":"Appellation d'origine protégée","altname":null,"gen":1,"color":5,"ppt_yr":792,"ppt_gs":471,"GDD_1":1793,"style":null,"latitude":43.9899,"elev":null,"climate":null,"GI_area":null,"auv":null,"_bbox":[4.950949758865591,43.78297459292426,5.607126673433535,44.27702785917246]},"geometry":{"type":"Point","coordinates":[5.2139,43.99671]},"tippecanoe":{"minzoom":5}}
,
{"type":"Feature","properties":{"_area":70472072,"OBJECTID_1":545,"OBJECTID":596,"Name_rgn":"Naches Heights","state":"Washington","official":1,"country":"United States","class":"American Viticultural Area","altname":null,"gen":2,"color":2,"ppt_yr":286,"ppt_gs":94,"GDD_1":1560,"style":null,"latitude":46.6746,"elev":null,"climate":null,"GI_area":null,"auv":null,"_bbox":[-120.7724275712584,46.61788514719687,-120.57700709147558,46.7446448209441]},"geometry":{"type":"Point","coordinates":[-120.65062,46.65057]},"tippecanoe":{"minzoom":6}}
,
{"type":"Feature","properties":{"_area":2203450542,"OBJECTID_1":546,"OBJECTID":597,"Name_rgn":"Napa Valley","state":"California","official":1,"country":"United States","class":"American Viticultural Area","altname":null,"gen":2,"color":5,"ppt_yr":822,"ppt_gs":130,"GDD_1":1993,"style":null,"latitude":38.4602,"elev":null,"climate":null,"GI_area":null,"auv":null,"_bbox":[-122.64643434773032,38.15489899033751,-122.06139222675134,38.76787502447519]},"geometry":{"type":"Point","coordinates":[-122.29392,38.39314]},"tippecanoe":{"minzoom":5}}
,
{"type":"Feature","properties":{"_area":23524058423,"OBJECTID_1":547,"OBJECTID":598,"Name_rgn":"Nashik Valley","state":"Maharashtra","official":1,"country":"India","class":"Geographical Indication","altname":"Nashik Valley Wine","gen":3,"color":3,"ppt_yr":1172,"ppt_gs":1143,"GDD_1":3701,"style":null,"latitude":20.11,"elev":null,"climate":null,"GI_area":null,"auv":null,"_bbox":[73.2916727660148,19.320267218226412,75.07961996179937,20.792387717245962]},"geometry":{"type":"Point","coordinates":[73.98101,20.08724]},"tippecanoe":{"minzoom":4}}
,
{"type":"Feature","properties":{"_area":7456222683,"OBJECTID_1":548,"OBJECTID":599,"Name_rgn":"Navarra","state":null,"official":1,"country":"Spain","class":"Denominación de Origen","altname":"D.O.Vino Navarra","gen":1,"color":5,"ppt_yr":606,"ppt_gs":329,"GDD_1":1768,"style":null,"latitude":42.4736,"elev":null,"climate":null,"GI_area":null,"auv":null,"_bbox":[-2.500082697259442,41.9098937113319,-1.099563587002989,42.83989724093396]},"geometry":{"type":"Point","coordinates":[-1.70495,42.41713]},"tippecanoe":{"minzoom":4}}
,
{"type":"Feature","properties":{"_area":16396896799,"OBJECTID_1":549,"OBJECTID":600,"Name_rgn":"Nelson","state":null,"official":1,"country":"New Zealand","class":"Region","altname":null,"gen":1,"color":4,"ppt_yr":2069,"ppt_gs":1127,"GDD_1":720,"style":null,"latitude":-41.4433,"elev":null,"climate":null,"GI_area":null,"auv":null,"_bbox":[172.050586657528,-42.30557390571726,173.59876175850866,-40.49801098281745]},"geometry":{"type":"Point","coordinates":[172.78574,-41.15767]},"tippecanoe":{"minzoom":4}}
,
{"type":"Feature","properties":{"_area":946950884,"OBJECTID_1":550,"OBJECTID":604,"Name_rgn":"Nicoreşti","state":null,"official":1,"country":"Romania","class":"D.O.C.","altname":"D.O.C. Nicoreşti","gen":1,"color":2,"ppt_yr":502,"ppt_gs":349,"GDD_1":1803,"style":null,"latitude":45.841,"elev":null,"climate":null,"GI_area":null,"auv":null,"_bbox":[27.22609899939584,45.636533991148625,27.643372999384393,46.062555990601204]},"geometry":{"type":"Point","coordinates":[27.49953,45.78445]},"tippecanoe":{"minzoom":5}}
,
{"type":"Feature","properties":{"_area":77341146424,"OBJECTID_1":551,"OBJECTID":607,"Name_rgn":"North","state":null,"official":6,"country":"Uruguay","class":"Zone","altname":null,"gen":1,"color":5,"ppt_yr":1368,"ppt_gs":896,"GDD_1":2541,"style":null,"latitude":-31.5684,"elev":null,"climate":null,"GI_area":null,"auv":null,"_bbox":[-58.19422498734103,-32.865651629983326,-54.451524955827985,-30.085601589436344]},"geometry":{"type":"Point","coordinates":[-56.82931,-31.54418]},"tippecanoe":{"minzoom":3}}
,
{"type":"Feature","properties":{"_area":1111308343,"OBJECTID_1":552,"OBJECTID":608,"Name_rgn":"North Fork of Long Island","state":"New York","official":1,"country":"United States","class":"American Viticultural Area","altname":null,"gen":2,"color":4,"ppt_yr":1202,"ppt_gs":676,"GDD_1":1759,"style":null,"latitude":41.0042,"elev":null,"climate":null,"GI_area":null,"auv":null,"_bbox":[-72.86851389541337,40.875911731989966,-71.91285294114654,41.30477271242498]},"geometry":{"type":"Point","coordinates":[-72.47023,41.03297]},"tippecanoe":{"minzoom":5}}
,
{"type":"Feature","properties":{"_area":2494628956,"OBJECTID_1":553,"OBJECTID":609,"Name_rgn":"North Lebanon","state":"North Lebanon","official":6,"country":"Lebanon","class":"Region","altname":null,"gen":6,"color":1,"ppt_yr":880,"ppt_gs":152,"GDD_1":2314,"style":null,"latitude":34.4042,"elev":null,"climate":null,"GI_area":null,"auv":null,"_bbox":[35.644957791522415,34.152230943310585,36.440183552700105,34.687547912722515]},"geometry":{"type":"Point","coordinates":[35.97378,34.36814]},"tippecanoe":{"minzoom":5}}
,
{"type":"Feature","properties":{"_area":130771527,"OBJECTID_1":554,"OBJECTID":610,"Name_rgn":"North Yuba","state":"California","official":1,"country":"United States","class":"American Viticultural Area","altname":null,"gen":2,"color":1,"ppt_yr":1143,"ppt_gs":223,"GDD_1":2229,"style":null,"latitude":39.3658,"elev":null,"climate":null,"GI_area":null,"auv":null,"_bbox":[-121.31312487027658,39.27985903594079,-121.18798340133229,39.45160716852544]},"geometry":{"type":"Point","coordinates":[-121.23931,39.3527]},"tippecanoe":{"minzoom":6}}
,
{"type":"Feature","properties":{"_area":1932159376,"OBJECTID_1":555,"OBJECTID":611,"Name_rgn":"Northern Sonoma","state":"California","official":1,"country":"United States","class":"American Viticultural Area","altname":null,"gen":2,"color":3,"ppt_yr":1007,"ppt_gs":162,"GDD_1":1784,"style":null,"latitude":38.5839,"elev":null,"climate":null,"GI_area":null,"auv":null,"_bbox":[-123.13232563697858,38.30068696286533,-122.62370935247593,38.85309298204556]},"geometry":{"type":"Point","coordinates":[-122.84176,38.5694]},"tippecanoe":{"minzoom":5}}
,
{"type":"Feature","properties":{"_area":20254544892,"OBJECTID_1":556,"OBJECTID":612,"Name_rgn":"Northland","state":null,"official":1,"country":"New Zealand","class":"Region","altname":null,"gen":1,"color":3,"ppt_yr":1488,"ppt_gs":711,"GDD_1":1440,"style":null,"latitude":-35.4964,"elev":null,"climate":null,"GI_area":null,"auv":null,"_bbox":[172.63524357642154,-36.39634276137458,174.78357561329838,-34.39263014679638]},"geometry":{"type":"Point","coordinates":[174.21777,-35.74719]},"tippecanoe":{"minzoom":4}}
,
{"type":"Feature","properties":{"_area":40624839,"OBJECTID_1":557,"OBJECTID":613,"Name_rgn":"Nuits-Saint-Georges","state":null,"official":1,"country":"France","class":"Appellation d'origine protégée","altname":null,"gen":1,"color":1,"ppt_yr":796,"ppt_gs":486,"GDD_1":1385,"style":null,"latitude":47.1341,"elev":null,"climate":null,"GI_area":null,"auv":null,"_bbox":[4.903596627240262,47.08044630287813,4.979372508354092,47.188171638023825]},"geometry":{"type":"Point","coordinates":[4.94267,47.12899]},"tippecanoe":{"minzoom":6}}
,
{"type":"Feature","properties":{"_area":280967430,"OBJECTID_1":558,"OBJECTID":615,"Name_rgn":"Odobeşti","state":null,"official":1,"country":"Romania","class":"D.O.C.","altname":"D.O.C. Odobeşti","gen":1,"color":4,"ppt_yr":521,"ppt_gs":372,"GDD_1":1658,"style":null,"latitude":45.8025,"elev":null,"climate":null,"GI_area":null,"auv":null,"_bbox":[26.94232799959255,45.7020869910076,27.195309999414135,45.90668499074804]},"geometry":{"type":"Point","coordinates":[27.04383,45.794]},"tippecanoe":{"minzoom":6}}
,
{"type":"Feature","properties":{"_area":1972521202,"OBJECTID_1":559,"OBJECTID":617,"Name_rgn":"Oltina","state":null,"official":1,"country":"Romania","class":"D.O.C.","altname":"D.O.C. Oltina","gen":1,"color":0,"ppt_yr":495,"ppt_gs":310,"GDD_1":1878,"style":null,"latitude":44.0888,"elev":null,"climate":null,"GI_area":null,"auv":null,"_bbox":[27.271342999921785,43.85362699261275,28.282313999681346,44.24733899290786]},"geometry":{"type":"Point","coordinates":[27.82116,44.08662]},"tippecanoe":{"minzoom":5}}
,
{"type":"Feature","properties":{"_area":454020131,"OBJECTID_1":560,"OBJECTID":619,"Name_rgn":"Orléans","state":null,"official":1,"country":"France","class":"Appellation d'origine protégée","altname":null,"gen":1,"color":5,"ppt_yr":630,"ppt_gs":368,"GDD_1":1418,"style":null,"latitude":47.8505,"elev":null,"climate":null,"GI_area":null,"auv":null,"_bbox":[1.608561420142799,47.7471912047385,2.109076948043192,47.9427233439136]},"geometry":{"type":"Point","coordinates":[1.80486,47.84267]},"tippecanoe":{"minzoom":5}}
,
{"type":"Feature","properties":{"_area":116114204,"OBJECTID_1":561,"OBJECTID":620,"Name_rgn":"Orléans-Cléry","state":null,"official":1,"country":"France","class":"Appellation d'origine protégée","altname":null,"gen":1,"color":2,"ppt_yr":629,"ppt_gs":367,"GDD_1":1413,"style":null,"latitude":47.8331,"elev":null,"climate":null,"GI_area":null,"auv":null,"_bbox":[1.718788782957323,47.77897525870505,1.932509179362867,47.88002982978926]},"geometry":{"type":"Point","coordinates":[1.81116,47.82398]},"tippecanoe":{"minzoom":6}}
,
{"type":"Feature","properties":{"_area":4897052310,"OBJECTID_1":562,"OBJECTID":621,"Name_rgn":"Overberg","state":"Western Cape","official":1,"country":"South Africa","class":"District","altname":null,"gen":1,"color":4,"ppt_yr":594,"ppt_gs":219,"GDD_1":1857,"style":null,"latitude":-34.1766,"elev":null,"climate":null,"GI_area":null,"auv":null,"_bbox":[18.81073569936351,-34.461566914472755,19.937107084163102,-33.85652358611384]},"geometry":{"type":"Point","coordinates":[19.25211,-34.15136]},"tippecanoe":{"minzoom":4}}
,
{"type":"Feature","properties":{"_area":10148967717,"OBJECTID_1":563,"OBJECTID":622,"Name_rgn":"Ozark Highlands","state":"Missouri","official":1,"country":"United States","class":"American Viticultural Area","altname":null,"gen":2,"color":2,"ppt_yr":1109,"ppt_gs":713,"GDD_1":2218,"style":null,"latitude":37.7588,"elev":null,"climate":null,"GI_area":null,"auv":null,"_bbox":[-92.08194700455257,37.038973188025565,-91.0612780993112,38.406915655890685]},"geometry":{"type":"Point","coordinates":[-91.62594,37.69035]},"tippecanoe":{"minzoom":4}}
,
{"type":"Feature","properties":{"_area":1364473888,"OBJECTID_1":564,"OBJECTID":623,"Name_rgn":"Paarl","state":"Western Cape","official":1,"country":"South Africa","class":"District","altname":null,"gen":1,"color":1,"ppt_yr":626,"ppt_gs":189,"GDD_1":2041,"style":null,"latitude":-33.751,"elev":null,"climate":null,"GI_area":null,"auv":null,"_bbox":[18.675516125569832,-33.900063659099295,19.213848784774,-33.545177448431254]},"geometry":{"type":"Point","coordinates":[18.92851,-33.72886]},"tippecanoe":{"minzoom":5}}
,
{"type":"Feature","properties":{"_area":321861255,"OBJECTID_1":565,"OBJECTID":624,"Name_rgn":"Pacherenc du Vic-Bilh","state":null,"official":1,"country":"France","class":"Appellation d'origine protégée","altname":null,"gen":1,"color":2,"ppt_yr":1369,"ppt_gs":720,"GDD_1":1660,"style":null,"latitude":43.5416,"elev":null,"climate":null,"GI_area":null,"auv":null,"_bbox":[-0.248044452981527,43.43215348888833,-0.001665766692607,43.63115116646588]},"geometry":{"type":"Point","coordinates":[-0.09996,43.53593]},"tippecanoe":{"minzoom":6}}
,
{"type":"Feature","properties":{"_area":3238248,"OBJECTID_1":566,"OBJECTID":626,"Name_rgn":"Pago de Arínzano","state":null,"official":1,"country":"Spain","class":"Vino de Pago","altname":"V.P.Pago de Arínzano","gen":1,"color":2,"ppt_yr":660,"ppt_gs":358,"GDD_1":1768,"style":null,"latitude":42.6283,"elev":null,"climate":null,"GI_area":null,"auv":null,"_bbox":[-2.001884870402823,42.6166824306139,-1.976930427293108,42.63816742108198]},"geometry":{"type":"Point","coordinates":[-1.98941,42.62742]},"tippecanoe":{"minzoom":8}}
,
{"type":"Feature","properties":{"_area":271431,"OBJECTID_1":567,"OBJECTID":627,"Name_rgn":"Pago de Calzadilla","state":null,"official":1,"country":"Spain","class":"Vino de Pago","altname":"V.P.Pago de Calzadilla","gen":1,"color":0,"ppt_yr":455,"ppt_gs":234,"GDD_1":2088,"style":null,"latitude":40.1417,"elev":null,"climate":null,"GI_area":null,"auv":null,"_bbox":[-2.659341550077317,40.13840013747295,-2.652820400952106,40.14477501801094]},"geometry":{"type":"Point","coordinates":[-2.65603,40.1418]},"tippecanoe":{"minzoom":9}}
,
{"type":"Feature","properties":{"_area":1575206,"OBJECTID_1":568,"OBJECTID":628,"Name_rgn":"Pago Florentino","state":null,"official":1,"country":"Spain","class":"Vino de Pago","altname":"V.P.Pago Florentino","gen":1,"color":5,"ppt_yr":400,"ppt_gs":200,"GDD_1":2290,"style":null,"latitude":39.1889,"elev":null,"climate":null,"GI_area":null,"auv":null,"_bbox":[-3.936909946110542,39.181772394558585,-3.92080575458734,39.1958390935213]},"geometry":{"type":"Point","coordinates":[-3.92842,39.1888]},"tippecanoe":{"minzoom":8}}
,
{"type":"Feature","properties":{"_area":72853,"OBJECTID_1":569,"OBJECTID":629,"Name_rgn":"Pago Los Balagueses","state":null,"official":1,"country":"Spain","class":"Vino de Pago","altname":"V.P.Pago Los Balagueses","gen":1,"color":1,"ppt_yr":377,"ppt_gs":236,"GDD_1":2081,"style":null,"latitude":39.4974,"elev":null,"climate":null,"GI_area":null,"auv":null,"_bbox":[-1.146180411810733,39.495896516222565,-1.139847881047511,39.4988393942196]},"geometry":{"type":"Point","coordinates":[-1.14335,39.49737]},"tippecanoe":{"minzoom":9}}
,
{"type":"Feature","properties":{"_area":1238430,"OBJECTID_1":570,"OBJECTID":630,"Name_rgn":"Pago Otazu","state":null,"official":1,"country":"Spain","class":"Vino de Pago","altname":"V.P.Pago de Otazu","gen":1,"color":3,"ppt_yr":810,"ppt_gs":420,"GDD_1":1768,"style":null,"latitude":42.7855,"elev":null,"climate":null,"GI_area":null,"auv":null,"_bbox":[-1.793580917206839,42.779852806437376,-1.774552763332687,42.79032747892925]},"geometry":{"type":"Point","coordinates":[-1.77983,42.78444]},"tippecanoe":{"minzoom":8}}
,
{"type":"Feature","properties":{"_area":309411208,"OBJECTID_1":571,"OBJECTID":631,"Name_rgn":"Palette","state":null,"official":1,"country":"France","class":"Appellation d'origine protégée","altname":null,"gen":1,"color":4,"ppt_yr":631,"ppt_gs":362,"GDD_1":2035,"style":null,"latitude":43.5311,"elev":null,"climate":null,"GI_area":null,"auv":null,"_bbox":[5.269552347210745,43.446114919235136,5.536934271866453,43.625657948701694]},"geometry":{"type":"Point","coordinates":[5.40281,43.54009]},"tippecanoe":{"minzoom":6}}
,
{"type":"Feature","properties":{"_area":810117046,"OBJECTID_1":572,"OBJECTID":632,"Name_rgn":"Panciu","state":null,"official":1,"country":"Romania","class":"D.O.C.","altname":"D.O.C. Panciu","gen":1,"color":3,"ppt_yr":515,"ppt_gs":368,"GDD_1":1655,"style":null,"latitude":45.9707,"elev":null,"climate":null,"GI_area":null,"auv":null,"_bbox":[26.844864999872684,45.79335499061331,27.30811300013321,46.138781990838126]},"geometry":{"type":"Point","coordinates":[27.10596,45.99373]},"tippecanoe":{"minzoom":5}}
,
{"type":"Feature","properties":{"_area":2829216386,"OBJECTID_1":573,"OBJECTID":633,"Name_rgn":"Paso Robles","state":"California","official":1,"country":"United States","class":"American Viticultural Area","altname":null,"gen":2,"color":3,"ppt_yr":411,"ppt_gs":66,"GDD_1":2021,"style":null,"latitude":35.6166,"elev":null,"climate":null,"GI_area":null,"auv":null,"_bbox":[-120.94573277830276,35.31578785170595,-120.19379265260233,35.79247803460032]},"geometry":{"type":"Point","coordinates":[-120.52118,35.56158]},"tippecanoe":{"minzoom":5}}
,
{"type":"Feature","properties":{"_area":318740954,"OBJECTID_1":574,"OBJECTID":634,"Name_rgn":"Patrimonio","state":null,"official":1,"country":"France","class":"Appellation d'origine protégée","altname":null,"gen":1,"color":3,"ppt_yr":815,"ppt_gs":381,"GDD_1":2104,"style":null,"latitude":42.676,"elev":null,"climate":null,"GI_area":null,"auv":null,"_bbox":[9.100291142018168,42.59849947912963,9.406882028814305,42.75099080881761]},"geometry":{"type":"Point","coordinates":[9.25814,42.67177]},"tippecanoe":{"minzoom":6}}
,
{"type":"Feature","properties":{"_area":135536137,"OBJECTID_1":575,"OBJECTID":635,"Name_rgn":"Pauillac","state":null,"official":1,"country":"France","class":"Appellation d'origine protégée","altname":null,"gen":1,"color":5,"ppt_yr":898,"ppt_gs":462,"GDD_1":1648,"style":null,"latitude":45.2077,"elev":null,"climate":null,"GI_area":null,"auv":null,"_bbox":[-0.889049113454785,45.13627657305626,-0.714758848904148,45.28402274438799]},"geometry":{"type":"Point","coordinates":[-0.79902,45.21708]},"tippecanoe":{"minzoom":6}}
,
{"type":"Feature","properties":{"_area":389071081,"OBJECTID_1":576,"OBJECTID":637,"Name_rgn":"Pays d'Hérault Bérange","state":"Hérault","official":1,"country":"France","class":"Indication géographique protégée","altname":"Bérange","gen":1,"color":5,"ppt_yr":632,"ppt_gs":350,"GDD_1":2167,"style":null,"latitude":43.6467,"elev":null,"climate":null,"GI_area":null,"auv":null,"_bbox":[3.885812230342474,43.54023076037607,4.164919267022198,43.767187461880646]},"geometry":{"type":"Point","coordinates":[4.00239,43.65593]},"tippecanoe":{"minzoom":5}}
,
{"type":"Feature","properties":{"_area":924459746,"OBJECTID_1":577,"OBJECTID":638,"Name_rgn":"Pays d'Hérault Collines de la Moure","state":"Hérault","official":1,"country":"France","class":"Indication géographique protégée","altname":"Collines de la Moure","gen":1,"color":1,"ppt_yr":607,"ppt_gs":332,"GDD_1":2100,"style":null,"latitude":43.5522,"elev":null,"climate":null,"GI_area":null,"auv":null,"_bbox":[3.525641420053266,43.389453899376136,3.941151007551245,43.78883523992651]},"geometry":{"type":"Point","coordinates":[3.7265,43.57627]},"tippecanoe":{"minzoom":5}}
,
{"type":"Feature","properties":{"_area":516469038,"OBJECTID_1":578,"OBJECTID":639,"Name_rgn":"Pays d'Hérault Coteaux du Salagou","state":"Hérault","official":1,"country":"France","class":"Indication géographique protégée","altname":"Coteaux du Salagou","gen":1,"color":2,"ppt_yr":675,"ppt_gs":372,"GDD_1":1801,"style":null,"latitude":43.7073,"elev":null,"climate":null,"GI_area":null,"auv":null,"_bbox":[3.228996106957745,43.57275806643551,3.500541168694839,43.85177083526394]},"geometry":{"type":"Point","coordinates":[3.35204,43.71277]},"tippecanoe":{"minzoom":5}}
,
{"type":"Feature","properties":{"_area":1392966576,"OBJECTID_1":579,"OBJECTID":640,"Name_rgn":"Pays de Brive","state":"Corrèze","official":1,"country":"France","class":"Indication géographique protégée","altname":null,"gen":1,"color":3,"ppt_yr":858,"ppt_gs":501,"GDD_1":1589,"style":null,"latitude":45.1518,"elev":null,"climate":null,"GI_area":null,"auv":null,"_bbox":[1.227059989464606,44.92028798531039,1.907783527274606,45.358617945941745]},"geometry":{"type":"Point","coordinates":[1.51257,45.14673]},"tippecanoe":{"minzoom":5}}
,
{"type":"Feature","properties":{"_area":1954727507,"OBJECTID_1":580,"OBJECTID":641,"Name_rgn":"Pays de Retz","state":null,"official":1,"country":"France","class":"Indication géographique protégée","altname":null,"gen":1,"color":1,"ppt_yr":801,"ppt_gs":398,"GDD_1":1440,"style":null,"latitude":47.0836,"elev":null,"climate":null,"GI_area":null,"auv":null,"_bbox":[-2.247854357910139,46.810561591953125,-1.424319966522689,47.30135030552573]},"geometry":{"type":"Point","coordinates":[-1.66217,47.04733]},"tippecanoe":{"minzoom":5}}
,
{"type":"Feature","properties":{"_area":111012039,"OBJECTID_1":581,"OBJECTID":642,"Name_rgn":"Pécharmant","state":null,"official":1,"country":"France","class":"Appellation d'origine protégée","altname":null,"gen":1,"color":5,"ppt_yr":940,"ppt_gs":495,"GDD_1":1689,"style":null,"latitude":44.8623,"elev":null,"climate":null,"GI_area":null,"auv":null,"_bbox":[0.431076980841698,44.80365532145612,0.619376002429331,44.90946214643144]},"geometry":{"type":"Point","coordinates":[0.5063,44.85739]},"tippecanoe":{"minzoom":6}}
,
{"type":"Feature","properties":{"_area":1858148818,"OBJECTID_1":582,"OBJECTID":645,"Name_rgn":"Penedès","state":null,"official":1,"country":"Spain","class":"Denominación de Origen","altname":"D.O.Penedès","gen":1,"color":5,"ppt_yr":611,"ppt_gs":375,"GDD_1":2047,"style":null,"latitude":41.3667,"elev":null,"climate":null,"GI_area":null,"auv":null,"_bbox":[1.33751694190287,41.17325134248165,1.995495732301905,41.581646942078365]},"geometry":{"type":"Point","coordinates":[1.69566,41.38782]},"tippecanoe":{"minzoom":5}}
,
{"type":"Feature","properties":{"_area":10807657936,"OBJECTID_1":583,"OBJECTID":646,"Name_rgn":"Périgord","state":null,"official":1,"country":"France","class":"Indication géographique protégée","altname":null,"gen":1,"color":4,"ppt_yr":921,"ppt_gs":500,"GDD_1":1612,"style":null,"latitude":45.1053,"elev":null,"climate":null,"GI_area":null,"auv":null,"_bbox":[-0.041993291261814,44.57129734492058,1.448261547471497,45.71456997943299]},"geometry":{"type":"Point","coordinates":[0.7468,45.14014]},"tippecanoe":{"minzoom":4}}
,
{"type":"Feature","properties":{"_area":297901550,"OBJECTID_1":584,"OBJECTID":647,"Name_rgn":"Périgord Vin de Domme","state":"Dordogne","official":1,"country":"France","class":"Indication géographique protégée","altname":"Vin de Domme","gen":1,"color":5,"ppt_yr":873,"ppt_gs":497,"GDD_1":1653,"style":null,"latitude":44.7584,"elev":null,"climate":null,"GI_area":null,"auv":null,"_bbox":[1.079972531703928,44.6704963589602,1.325506786354392,44.84284886639123]},"geometry":{"type":"Point","coordinates":[1.16817,44.75735]},"tippecanoe":{"minzoom":6}}
,
{"type":"Feature","properties":{"_area":313527848,"OBJECTID_1":585,"OBJECTID":650,"Name_rgn":"Pessac-Léognan","state":null,"official":1,"country":"France","class":"Appellation d'origine protégée","altname":null,"gen":1,"color":5,"ppt_yr":901,"ppt_gs":467,"GDD_1":1709,"style":null,"latitude":44.7697,"elev":null,"climate":null,"GI_area":null,"auv":null,"_bbox":[-0.758552724219827,44.68355973192281,-0.479706558298669,44.86266642164611]},"geometry":{"type":"Point","coordinates":[-0.63892,44.76682]},"tippecanoe":{"minzoom":6}}
,
{"type":"Feature","properties":{"_area":323098135,"OBJECTID_1":586,"OBJECTID":651,"Name_rgn":"Petit Chablis","state":null,"official":1,"country":"France","class":"Appellation d'origine protégée","altname":null,"gen":1,"color":0,"ppt_yr":727,"ppt_gs":426,"GDD_1":1385,"style":null,"latitude":47.8211,"elev":null,"climate":null,"GI_area":null,"auv":null,"_bbox":[3.687575621975519,47.73100753458698,3.9445681027723,47.965217907145245]},"geometry":{"type":"Point","coordinates":[3.78547,47.83256]},"tippecanoe":{"minzoom":6}}
,
{"type":"Feature","properties":{"_area":1935227056,"OBJECTID_1":587,"OBJECTID":652,"Name_rgn":"Piave","state":"Veneto","official":1,"country":"Italy","class":"Denominazione di origine controllata","altname":null,"gen":5,"color":4,"ppt_yr":916,"ppt_gs":604,"GDD_1":2055,"style":null,"latitude":45.7101,"elev":null,"climate":null,"GI_area":null,"auv":null,"_bbox":[12.063884344332157,45.48986423540046,12.831535185088287,45.95858060290611]},"geometry":{"type":"Point","coordinates":[12.38842,45.72376]},"tippecanoe":{"minzoom":5}}
,
{"type":"Feature","properties":{"_area":1935227056,"OBJECTID_1":588,"OBJECTID":653,"Name_rgn":"Piave Malanotte","state":"Veneto","official":1,"country":"Italy","class":"Denominazione di origine controllata e garantita","altname":null,"gen":5,"color":4,"ppt_yr":916,"ppt_gs":604,"GDD_1":2053,"style":null,"latitude":45.7101,"elev":null,"climate":null,"GI_area":null,"auv":null,"_bbox":[12.063884344332157,45.48986423540046,12.831535185088287,45.95858060290611]},"geometry":{"type":"Point","coordinates":[12.38842,45.72376]},"tippecanoe":{"minzoom":5}}
,
{"type":"Feature","properties":{"_area":351919155,"OBJECTID_1":589,"OBJECTID":654,"Name_rgn":"Pic Saint-Loup","state":null,"official":1,"country":"France","class":"Appellation d'origine protégée","altname":null,"gen":1,"color":1,"ppt_yr":662,"ppt_gs":371,"GDD_1":2062,"style":null,"latitude":43.7869,"elev":null,"climate":null,"GI_area":null,"auv":null,"_bbox":[3.748500532354365,43.664896292292184,4.015837802655589,43.89451834839165]},"geometry":{"type":"Point","coordinates":[3.86645,43.76491]},"tippecanoe":{"minzoom":6}}
,
{"type":"Feature","properties":{"_area":16004529086,"OBJECTID_1":590,"OBJECTID":655,"Name_rgn":"Pichimahuida","state":"Río Negro","official":1,"country":"Argentina","class":"Indicación Geográfica","altname":null,"gen":3,"color":1,"ppt_yr":319,"ppt_gs":209,"GDD_1":2112,"style":null,"latitude":-39.4093,"elev":null,"climate":null,"GI_area":null,"auv":null,"_bbox":[-65.24552369439031,-39.871982602125705,-63.38241503101035,-38.7994995121704]},"geometry":{"type":"Point","coordinates":[-64.71452,-39.34726]},"tippecanoe":{"minzoom":4}}
,
{"type":"Feature","properties":{"_area":206976469,"OBJECTID_1":591,"OBJECTID":656,"Name_rgn":"Picpoul de Pinet","state":null,"official":1,"country":"France","class":"Appellation d'origine protégée","altname":null,"gen":1,"color":4,"ppt_yr":565,"ppt_gs":307,"GDD_1":2119,"style":null,"latitude":43.4285,"elev":null,"climate":null,"GI_area":null,"auv":null,"_bbox":[3.41996630407694,43.341397495816054,3.642994258328961,43.51481997303373]},"geometry":{"type":"Point","coordinates":[3.50465,43.43285]},"tippecanoe":{"minzoom":6}}
,
{"type":"Feature","properties":{"_area":568725083,"OBJECTID_1":592,"OBJECTID":657,"Name_rgn":"Pierrevert","state":null,"official":1,"country":"France","class":"Appellation d'origine protégée","altname":null,"gen":1,"color":3,"ppt_yr":682,"ppt_gs":395,"GDD_1":1862,"style":null,"latitude":43.7982,"elev":null,"climate":null,"GI_area":null,"auv":null,"_bbox":[5.650096016590894,43.668279424760534,6.092007161256084,43.92248905268085]},"geometry":{"type":"Point","coordinates":[5.84125,43.81574]},"tippecanoe":{"minzoom":5}}
,
{"type":"Feature","properties":{"_area":84820683,"OBJECTID_1":593,"OBJECTID":658,"Name_rgn":"Pietroasa","state":null,"official":1,"country":"Romania","class":"D.O.C.","altname":"D.O.C. Pietroasa","gen":1,"color":3,"ppt_yr":553,"ppt_gs":392,"GDD_1":1838,"style":null,"latitude":45.0969,"elev":null,"climate":null,"GI_area":null,"auv":null,"_bbox":[26.549483999064275,45.016985992051595,26.656713000157808,45.18256499102306]},"geometry":{"type":"Point","coordinates":[26.58676,45.09699]},"tippecanoe":{"minzoom":6}}
,
{"type":"Feature","properties":{"_area":1371369414,"OBJECTID_1":594,"OBJECTID":659,"Name_rgn":"Pla de Bages","state":null,"official":1,"country":"Spain","class":"Denominación de Origen","altname":"D.O.Pla de Bages","gen":1,"color":4,"ppt_yr":641,"ppt_gs":421,"GDD_1":1865,"style":null,"latitude":41.7938,"elev":null,"climate":null,"GI_area":null,"auv":null,"_bbox":[1.568928781971744,41.618657362350646,2.143815111795554,41.962394721947405]},"geometry":{"type":"Point","coordinates":[1.75355,41.78851]},"tippecanoe":{"minzoom":5}}
,
{"type":"Feature","properties":{"_area":2253600792,"OBJECTID_1":595,"OBJECTID":660,"Name_rgn":"Pla i Llevant","state":null,"official":1,"country":"Spain","class":"Denominación de Origen","altname":"D.O.Pla i Llevant","gen":1,"color":4,"ppt_yr":613,"ppt_gs":288,"GDD_1":2384,"style":null,"latitude":39.5562,"elev":null,"climate":null,"GI_area":null,"auv":null,"_bbox":[2.72200592134139,39.3250648340858,3.478684611656576,39.815657114066155]},"geometry":{"type":"Point","coordinates":[3.1278,39.56509]},"tippecanoe":{"minzoom":5}}
,
{"type":"Feature","properties":{"_area":480974556,"OBJECTID_1":596,"OBJECTID":661,"Name_rgn":"Plettenberg Bay","state":"Western Cape","official":1,"country":"South Africa","class":"District","altname":"Plettenbergbaai","gen":1,"color":2,"ppt_yr":696,"ppt_gs":422,"GDD_1":1968,"style":null,"latitude":-34.0037,"elev":null,"climate":null,"GI_area":null,"auv":null,"_bbox":[23.219292333990637,-34.110741980409664,23.56778982731861,-33.917059727716456]},"geometry":{"type":"Point","coordinates":[23.37742,-34.01466]},"tippecanoe":{"minzoom":5}}
,
{"type":"Feature","properties":{"_area":746434261,"OBJECTID_1":597,"OBJECTID":662,"Name_rgn":"Pocito","state":"San Juan","official":1,"country":"Argentina","class":"Indicación Geográfica","altname":null,"gen":3,"color":3,"ppt_yr":250,"ppt_gs":222,"GDD_1":2529,"style":null,"latitude":-31.7474,"elev":null,"climate":null,"GI_area":null,"auv":null,"_bbox":[-68.71116419409802,-31.90716711121127,-68.43068421994876,-31.569060280209175]},"geometry":{"type":"Point","coordinates":[-68.58133,-31.78062]},"tippecanoe":{"minzoom":5}}
,
{"type":"Feature","properties":{"_area":6945252892,"OBJECTID_1":598,"OBJECTID":663,"Name_rgn":"Pomán","state":"Catamarca","official":1,"country":"Argentina","class":"Indicación Geográfica","altname":null,"gen":3,"color":0,"ppt_yr":336,"ppt_gs":308,"GDD_1":2710,"style":null,"latitude":-28.2329,"elev":null,"climate":null,"GI_area":null,"auv":null,"_bbox":[-67.02992659979783,-28.825104861004007,-66.02207354998153,-27.779218126889337]},"geometry":{"type":"Point","coordinates":[-66.41724,-28.28919]},"tippecanoe":{"minzoom":4}}
,
{"type":"Feature","properties":{"_area":37591201,"OBJECTID_1":599,"OBJECTID":664,"Name_rgn":"Pomerol","state":null,"official":1,"country":"France","class":"Appellation d'origine protégée","altname":null,"gen":1,"color":0,"ppt_yr":880,"ppt_gs":459,"GDD_1":1700,"style":null,"latitude":44.9173,"elev":null,"climate":null,"GI_area":null,"auv":null,"_bbox":[-0.260676407098278,44.87279383856852,-0.174250618303838,44.952141066402454]},"geometry":{"type":"Point","coordinates":[-0.2303,44.91681]},"tippecanoe":{"minzoom":6}}
,
{"type":"Feature","properties":{"_area":31202441,"OBJECTID_1":600,"OBJECTID":665,"Name_rgn":"Pouilly-Fuissé","state":null,"official":1,"country":"France","class":"Appellation d'origine protégée","altname":null,"gen":1,"color":5,"ppt_yr":831,"ppt_gs":519,"GDD_1":1385,"style":null,"latitude":46.2887,"elev":null,"climate":null,"GI_area":null,"auv":null,"_bbox":[4.692570201116729,46.25138879221036,4.797800499212105,46.32386487338893]},"geometry":{"type":"Point","coordinates":[4.71692,46.30065]},"tippecanoe":{"minzoom":7}}
,
{"type":"Feature","properties":{"_area":212723978,"OBJECTID_1":601,"OBJECTID":666,"Name_rgn":"Pouilly-Fumé","state":null,"official":1,"country":"France","class":"Appellation d'origine protégée","altname":null,"gen":1,"color":4,"ppt_yr":727,"ppt_gs":431,"GDD_1":1421,"style":null,"latitude":47.3011,"elev":null,"climate":null,"GI_area":null,"auv":null,"_bbox":[2.869537476534211,47.2008509817622,3.085102268728227,47.38234831745638]},"geometry":{"type":"Point","coordinates":[2.99325,47.30826]},"tippecanoe":{"minzoom":6}}
,
{"type":"Feature","properties":{"_area":60212433,"OBJECTID_1":602,"OBJECTID":667,"Name_rgn":"Pouilly-Vinzelles","state":null,"official":1,"country":"France","class":"Appellation d'origine protégée","altname":null,"gen":1,"color":0,"ppt_yr":826,"ppt_gs":515,"GDD_1":1385,"style":null,"latitude":46.3133,"elev":null,"climate":null,"GI_area":null,"auv":null,"_bbox":[4.755501365731998,46.25678884241577,4.858529982897494,46.37901559844942]},"geometry":{"type":"Point","coordinates":[4.80299,46.29784]},"tippecanoe":{"minzoom":6}}
,
{"type":"Feature","properties":{"_area":572947,"OBJECTID_1":603,"OBJECTID":668,"Name_rgn":"Prado Irache","state":null,"official":1,"country":"Spain","class":"Vino de Pago","altname":"V.P.Prado de Irache","gen":1,"color":1,"ppt_yr":674,"ppt_gs":364,"GDD_1":1768,"style":null,"latitude":42.6493,"elev":null,"climate":null,"GI_area":null,"auv":null,"_bbox":[-2.051909658158463,42.645957149879465,-2.037977913690832,42.65324083850623]},"geometry":{"type":"Point","coordinates":[-2.04235,42.65005]},"tippecanoe":{"minzoom":8}}
,
{"type":"Feature","properties":{"_area":487351282,"OBJECTID_1":604,"OBJECTID":669,"Name_rgn":"Premières Côtes de Bordeaux","state":null,"official":1,"country":"France","class":"Appellation d'origine protégée","altname":null,"gen":1,"color":2,"ppt_yr":894,"ppt_gs":464,"GDD_1":1681,"style":null,"latitude":44.7376,"elev":null,"climate":null,"GI_area":null,"auv":null,"_bbox":[-0.549826639197093,44.55932179010208,-0.188147226067466,44.9258241465273]},"geometry":{"type":"Point","coordinates":[-0.44881,44.79455]},"tippecanoe":{"minzoom":5}}
,
{"type":"Feature","properties":{"_area":298411883,"OBJECTID_1":605,"OBJECTID":670,"Name_rgn":"Priorat / Priorato","state":null,"official":1,"country":"Spain","class":"Denominación de Origen","altname":"D.O.Priorat / Priorato","gen":1,"color":0,"ppt_yr":548,"ppt_gs":318,"GDD_1":1946,"style":null,"latitude":41.2096,"elev":null,"climate":null,"GI_area":null,"auv":null,"_bbox":[0.658370842138577,41.13385586281208,0.922837412100423,41.31184163243263]},"geometry":{"type":"Point","coordinates":[0.82176,41.22493]},"tippecanoe":{"minzoom":6}}
,
{"type":"Feature","properties":{"_area":2973255959,"OBJECTID_1":606,"OBJECTID":671,"Name_rgn":"Prosecco Treviso","state":"Veneto","official":1,"country":"Italy","class":"Denominazione di origine controllata","altname":null,"gen":5,"color":5,"ppt_yr":958,"ppt_gs":638,"GDD_1":1851,"style":null,"latitude":45.7949,"elev":null,"climate":null,"GI_area":null,"auv":null,"_bbox":[11.743029216937353,45.53048216275351,12.685364255954113,46.082973429687485]},"geometry":{"type":"Point","coordinates":[12.2966,45.79917]},"tippecanoe":{"minzoom":5}}
,
{"type":"Feature","properties":{"_area":3451459271,"OBJECTID_1":607,"OBJECTID":672,"Name_rgn":"Pyrenees","state":"Victoria","official":1,"country":"Australia","class":"Region","altname":null,"gen":1,"color":2,"ppt_yr":553,"ppt_gs":257,"GDD_1":1615,"style":"Shiraz, Cabernet Sauvignon, Chardonnay, Sauvignon Blanc, Pinot Noir","latitude":-36.9733,"elev":null,"climate":null,"GI_area":null,"auv":870,"_bbox":[142.99892199975704,-37.355991000037164,143.68235199982132,-36.61666399989133]},"geometry":{"type":"Point","coordinates":[143.31594,-36.94286]},"tippecanoe":{"minzoom":5}}
,
{"type":"Feature","properties":{"_area":38432435,"OBJECTID_1":608,"OBJECTID":673,"Name_rgn":"Quarts de Chaume","state":null,"official":1,"country":"France","class":"Appellation d'origine protégée","altname":null,"gen":1,"color":3,"ppt_yr":746,"ppt_gs":388,"GDD_1":1450,"style":null,"latitude":47.3507,"elev":null,"climate":null,"GI_area":null,"auv":null,"_bbox":[-0.714572651501971,47.31548228211492,-0.597745438160161,47.377075487648085]},"geometry":{"type":"Point","coordinates":[-0.64624,47.34724]},"tippecanoe":{"minzoom":6}}
,
{"type":"Feature","properties":{"_area":61313848,"OBJECTID_1":609,"OBJECTID":674,"Name_rgn":"Quincy","state":null,"official":1,"country":"France","class":"Appellation d'origine protégée","altname":null,"gen":1,"color":4,"ppt_yr":692,"ppt_gs":407,"GDD_1":1485,"style":null,"latitude":47.1513,"elev":null,"climate":null,"GI_area":null,"auv":null,"_bbox":[2.06887505735805,47.09957847786221,2.199147533423661,47.1979268566399]},"geometry":{"type":"Point","coordinates":[2.14609,47.13607]},"tippecanoe":{"minzoom":6}}
,
{"type":"Feature","properties":{"_area":308310787,"OBJECTID_1":610,"OBJECTID":675,"Name_rgn":"Ramona Valley","state":"California","official":1,"country":"United States","class":"American Viticultural Area","altname":null,"gen":2,"color":1,"ppt_yr":362,"ppt_gs":66,"GDD_1":2377,"style":null,"latitude":33.0162,"elev":null,"climate":null,"GI_area":null,"auv":null,"_bbox":[-116.97104759472003,32.9256494605951,-116.70986119876358,33.11815763023626]},"geometry":{"type":"Point","coordinates":[-116.78982,33.03469]},"tippecanoe":{"minzoom":6}}
,
{"type":"Feature","properties":{"_area":66895133,"OBJECTID_1":611,"OBJECTID":676,"Name_rgn":"Rasteau","state":null,"official":1,"country":"France","class":"Appellation d'origine protégée","altname":null,"gen":1,"color":5,"ppt_yr":814,"ppt_gs":500,"GDD_1":1998,"style":null,"latitude":44.2234,"elev":null,"climate":null,"GI_area":null,"auv":null,"_bbox":[4.897652009677953,44.18020010910525,5.033084809384139,44.26481473820023]},"geometry":{"type":"Point","coordinates":[4.97764,44.22581]},"tippecanoe":{"minzoom":6}}
,
{"type":"Feature","properties":{"_area":385646931,"OBJECTID_1":612,"OBJECTID":677,"Name_rgn":"Rawson","state":"San Juan","official":1,"country":"Argentina","class":"Indicación Geográfica","altname":null,"gen":3,"color":2,"ppt_yr":270,"ppt_gs":243,"GDD_1":2775,"style":null,"latitude":-31.6867,"elev":null,"climate":null,"GI_area":null,"auv":null,"_bbox":[-68.60851117962076,-31.834302603808833,-68.37782793343446,-31.54361106265652]},"geometry":{"type":"Point","coordinates":[-68.49407,-31.63336]},"tippecanoe":{"minzoom":5}}
,
{"type":"Feature","properties":{"_area":283518247,"OBJECTID_1":613,"OBJECTID":678,"Name_rgn":"Recaş","state":null,"official":1,"country":"Romania","class":"D.O.C.","altname":"D.O.C. Recaş","gen":1,"color":3,"ppt_yr":640,"ppt_gs":434,"GDD_1":1763,"style":null,"latitude":45.8229,"elev":null,"climate":null,"GI_area":null,"auv":null,"_bbox":[21.41407800029247,45.71754599134504,21.635100000345364,45.935642990524926]},"geometry":{"type":"Point","coordinates":[21.52866,45.81254]},"tippecanoe":{"minzoom":6}}
,
{"type":"Feature","properties":{"_area":395315527,"OBJECTID_1":614,"OBJECTID":679,"Name_rgn":"Recioto Valpolicella","state":"Veneto","official":1,"country":"Italy","class":"Denominazione di origine controllata e garantita","altname":null,"gen":5,"color":4,"ppt_yr":815,"ppt_gs":552,"GDD_1":1872,"style":null,"latitude":45.5052,"elev":null,"climate":null,"GI_area":null,"auv":null,"_bbox":[10.81278585558113,45.42277361816695,11.242729900051094,45.58098776313751]},"geometry":{"type":"Point","coordinates":[11.10573,45.49076]},"tippecanoe":{"minzoom":5}}
,
{"type":"Feature","properties":{"_area":184573718,"OBJECTID_1":615,"OBJECTID":680,"Name_rgn":"Reuilly","state":null,"official":1,"country":"France","class":"Appellation d'origine protégée","altname":null,"gen":1,"color":5,"ppt_yr":698,"ppt_gs":412,"GDD_1":1495,"style":null,"latitude":47.0845,"elev":null,"climate":null,"GI_area":null,"auv":null,"_bbox":[1.9472365239484,47.02422122709998,2.195148140353936,47.15574728805747]},"geometry":{"type":"Point","coordinates":[2.05975,47.09358]},"tippecanoe":{"minzoom":6}}
,
{"type":"Feature","properties":{"_area":265421771,"OBJECTID_1":616,"OBJECTID":681,"Name_rgn":"Revermont","state":null,"official":1,"country":"France","class":"Indication géographique protégée","altname":null,"gen":1,"color":4,"ppt_yr":1021,"ppt_gs":623,"GDD_1":1512,"style":null,"latitude":46.1699,"elev":null,"climate":null,"GI_area":null,"auv":null,"_bbox":[5.242123334750879,46.05864515478227,5.45745117922073,46.27058691714002]},"geometry":{"type":"Point","coordinates":[5.3394,46.1642]},"tippecanoe":{"minzoom":6}}
,
{"type":"Feature","properties":{"_area":5716765190,"OBJECTID_1":617,"OBJECTID":682,"Name_rgn":"Rías Baixas","state":null,"official":1,"country":"Spain","class":"Denominación de Origen","altname":"D.O.Rías Baixas","gen":1,"color":0,"ppt_yr":1591,"ppt_gs":658,"GDD_1":1550,"style":null,"latitude":42.4685,"elev":null,"climate":null,"GI_area":null,"auv":null,"_bbox":[-8.945425165924066,41.865079219811065,-8.103431565952711,42.919956550153344]},"geometry":{"type":"Point","coordinates":[-8.51168,42.41065]},"tippecanoe":{"minzoom":4}}
,
{"type":"Feature","properties":{"_area":3441647839,"OBJECTID_1":618,"OBJECTID":683,"Name_rgn":"Ribeira Sacra","state":null,"official":1,"country":"Spain","class":"Denominación de Origen","altname":"D.O.Ribeira Sacra","gen":1,"color":5,"ppt_yr":1587,"ppt_gs":668,"GDD_1":1402,"style":null,"latitude":42.5262,"elev":null,"climate":null,"GI_area":null,"auv":null,"_bbox":[-7.930749124962267,42.213600169788904,-7.059852885596285,42.87528437946752]},"geometry":{"type":"Point","coordinates":[-7.63932,42.58257]},"tippecanoe":{"minzoom":5}}
,
{"type":"Feature","properties":{"_area":958545784,"OBJECTID_1":619,"OBJECTID":684,"Name_rgn":"Ribeiro","state":null,"official":1,"country":"Spain","class":"Denominación de Origen","altname":"D.O.Ribeiro","gen":1,"color":1,"ppt_yr":1552,"ppt_gs":629,"GDD_1":1607,"style":null,"latitude":42.3529,"elev":null,"climate":null,"GI_area":null,"auv":null,"_bbox":[-8.261954835995095,42.179262999933925,-7.805944945559405,42.512502970108955]},"geometry":{"type":"Point","coordinates":[-8.1038,42.35695]},"tippecanoe":{"minzoom":5}}
,
{"type":"Feature","properties":{"_area":4920068834,"OBJECTID_1":620,"OBJECTID":685,"Name_rgn":"Ribera del Duero","state":null,"official":1,"country":"Spain","class":"Denominación de Origen","altname":"D.O.Ribera del Duero","gen":1,"color":1,"ppt_yr":402,"ppt_gs":221,"GDD_1":1578,"style":null,"latitude":41.6397,"elev":null,"climate":null,"GI_area":null,"auv":null,"_bbox":[-4.426214336670083,41.412928542087904,-2.894184197251675,41.877117060883926]},"geometry":{"type":"Point","coordinates":[-3.48605,41.65137]},"tippecanoe":{"minzoom":4}}
,
{"type":"Feature","properties":{"_area":586369267,"OBJECTID_1":621,"OBJECTID":687,"Name_rgn":"Ribera del Júcar","state":null,"official":1,"country":"Spain","class":"Denominación de Origen","altname":"D.O.Ribera del Júcar","gen":1,"color":3,"ppt_yr":411,"ppt_gs":211,"GDD_1":2216,"style":null,"latitude":39.3504,"elev":null,"climate":null,"GI_area":null,"auv":null,"_bbox":[-2.37285722848421,39.22666114404538,-2.050962928172076,39.48361678326304]},"geometry":{"type":"Point","coordinates":[-2.18064,39.36166]},"tippecanoe":{"minzoom":5}}
,
{"type":"Feature","properties":{"_area":5910894651,"OBJECTID_1":622,"OBJECTID":688,"Name_rgn":"Rioja","state":null,"official":1,"country":"Spain","class":"Denominación de Origen Calificada","altname":"D.O.Ca.Vino de Rioja","gen":1,"color":1,"ppt_yr":505,"ppt_gs":284,"GDD_1":1620,"style":null,"latitude":42.362,"elev":null,"climate":null,"GI_area":null,"auv":null,"_bbox":[-3.134271386022891,41.919033941384896,-1.678701487657978,42.741228321228974]},"geometry":{"type":"Point","coordinates":[-2.38755,42.34458]},"tippecanoe":{"minzoom":4}}
,
{"type":"Feature","properties":{"_area":2659241980,"OBJECTID_1":623,"OBJECTID":689,"Name_rgn":"Rivadavia","state":"Mendoza","official":1,"country":"Argentina","class":"Indicación Geográfica","altname":null,"gen":3,"color":2,"ppt_yr":259,"ppt_gs":215,"GDD_1":2168,"style":null,"latitude":-33.4174,"elev":null,"climate":null,"GI_area":null,"auv":null,"_bbox":[-69.00337012019597,-33.73429437962991,-68.28127530977967,-33.14948911003174]},"geometry":{"type":"Point","coordinates":[-68.61559,-33.46759]},"tippecanoe":{"minzoom":5}}
,
{"type":"Feature","properties":{"_area":170788286,"OBJECTID_1":624,"OBJECTID":690,"Name_rgn":"Rivadavia","state":"San Juan","official":1,"country":"Argentina","class":"Indicación Geográfica","altname":null,"gen":3,"color":5,"ppt_yr":240,"ppt_gs":214,"GDD_1":2495,"style":null,"latitude":-31.5543,"elev":null,"climate":null,"GI_area":null,"auv":null,"_bbox":[-68.70775554483721,-31.621205572247536,-68.54725228370408,-31.472363876179642]},"geometry":{"type":"Point","coordinates":[-68.62926,-31.5462]},"tippecanoe":{"minzoom":6}}
,
{"type":"Feature","properties":{"_area":6210129527,"OBJECTID_1":625,"OBJECTID":692,"Name_rgn":"Riverland","state":"South Australia","official":1,"country":"Australia","class":"Region","altname":null,"gen":1,"color":2,"ppt_yr":250,"ppt_gs":137,"GDD_1":2387,"style":"Shiraz, Chardonnay, Cabernet Sauvignon, Merlot, Muscat Gordo Blanco","latitude":-34.2296,"elev":null,"climate":"cold, arid steppe","GI_area":null,"auv":21816,"_bbox":[139.5833000049881,-34.5000000048326,140.9633000059337,-34.00000000495688]},"geometry":{"type":"Point","coordinates":[140.27764,-34.25488]},"tippecanoe":{"minzoom":4}}
,
{"type":"Feature","properties":{"_area":2558513139,"OBJECTID_1":626,"OBJECTID":693,"Name_rgn":"Rivesaltes","state":null,"official":1,"country":"France","class":"Appellation d'origine protégée","altname":null,"gen":1,"color":0,"ppt_yr":595,"ppt_gs":327,"GDD_1":1252,"style":null,"latitude":42.7125,"elev":null,"climate":null,"GI_area":null,"auv":null,"_bbox":[2.436074734689581,42.41195376670815,3.076491229518795,43.00445038331711]},"geometry":{"type":"Point","coordinates":[2.80349,42.73077]},"tippecanoe":{"minzoom":5}}
,
{"type":"Feature","properties":{"_area":778370130,"OBJECTID_1":627,"OBJECTID":694,"Name_rgn":"Riviera Del Brenta","state":"Veneto","official":1,"country":"Italy","class":"Denominazione di origine controllata","altname":null,"gen":5,"color":2,"ppt_yr":845,"ppt_gs":540,"GDD_1":2107,"style":null,"latitude":45.4766,"elev":null,"climate":null,"GI_area":null,"auv":null,"_bbox":[11.75890175630498,45.30049206883464,12.229466036887969,45.60980724249366]},"geometry":{"type":"Point","coordinates":[12.0658,45.45273]},"tippecanoe":{"minzoom":5}}
,
{"type":"Feature","properties":{"_area":2443692535,"OBJECTID_1":628,"OBJECTID":696,"Name_rgn":"Robertson","state":"Western Cape","official":1,"country":"South Africa","class":"District","altname":null,"gen":1,"color":3,"ppt_yr":402,"ppt_gs":162,"GDD_1":2238,"style":null,"latitude":-33.9006,"elev":null,"climate":null,"GI_area":null,"auv":null,"_bbox":[19.506973265199484,-34.07766858765916,20.323823200031256,-33.650180806115266]},"geometry":{"type":"Point","coordinates":[19.76246,-33.85892]},"tippecanoe":{"minzoom":5}}
,
{"type":"Feature","properties":{"_area":6413007926,"OBJECTID_1":629,"OBJECTID":697,"Name_rgn":"Rogue Valley","state":"Oregon","official":1,"country":"United States","class":"American Viticultural Area","altname":null,"gen":2,"color":1,"ppt_yr":910,"ppt_gs":238,"GDD_1":1594,"style":null,"latitude":42.3645,"elev":null,"climate":null,"GI_area":null,"auv":null,"_bbox":[-123.77709264308436,41.99984101501622,-122.52223284625495,42.739489227550635]},"geometry":{"type":"Point","coordinates":[-123.28086,42.3805]},"tippecanoe":{"minzoom":4}}
,
{"type":"Feature","properties":{"_area":15315498132,"OBJECTID_1":630,"OBJECTID":699,"Name_rgn":"Rosé de Loire","state":null,"official":1,"country":"France","class":"Appellation d'origine protégée","altname":null,"gen":1,"color":1,"ppt_yr":713,"ppt_gs":385,"GDD_1":1465,"style":null,"latitude":47.2818,"elev":null,"climate":null,"GI_area":null,"auv":null,"_bbox":[-1.354202907556868,46.756037760427674,1.568321958319186,47.68315484819424]},"geometry":{"type":"Point","coordinates":[0.86762,47.20692]},"tippecanoe":{"minzoom":4}}
,
{"type":"Feature","properties":{"_area":240096899,"OBJECTID_1":631,"OBJECTID":700,"Name_rgn":"Rosé des Riceys","state":null,"official":1,"country":"France","class":"Appellation d'origine protégée","altname":null,"gen":1,"color":5,"ppt_yr":833,"ppt_gs":469,"GDD_1":1275,"style":null,"latitude":47.9996,"elev":null,"climate":null,"GI_area":null,"auv":null,"_bbox":[4.213116682962261,47.94708792261675,4.559968879507985,48.05739407791219]},"geometry":{"type":"Point","coordinates":[4.3329,48.0031]},"tippecanoe":{"minzoom":6}}
,
{"type":"Feature","properties":{"_area":177179737,"OBJECTID_1":632,"OBJECTID":701,"Name_rgn":"Rosette","state":null,"official":1,"country":"France","class":"Appellation d'origine protégée","altname":null,"gen":1,"color":3,"ppt_yr":936,"ppt_gs":493,"GDD_1":1689,"style":null,"latitude":44.8771,"elev":null,"climate":null,"GI_area":null,"auv":null,"_bbox":[0.36735989365909,44.80365532145612,0.583996520615866,44.960132167977214]},"geometry":{"type":"Point","coordinates":[0.47922,44.88128]},"tippecanoe":{"minzoom":6}}
,
{"type":"Feature","properties":{"_area":4130946162,"OBJECTID_1":633,"OBJECTID":702,"Name_rgn":"Roussette de Savoie","state":null,"official":1,"country":"France","class":"Appellation d'origine protégée","altname":null,"gen":1,"color":0,"ppt_yr":1038,"ppt_gs":613,"GDD_1":1457,"style":null,"latitude":45.8621,"elev":null,"climate":null,"GI_area":null,"auv":null,"_bbox":[5.719407385561547,45.43230767461901,6.57721466009656,46.40478838593707]},"geometry":{"type":"Point","coordinates":[6.06831,45.87922]},"tippecanoe":{"minzoom":4}}
,
{"type":"Feature","properties":{"_area":4046908898,"OBJECTID_1":634,"OBJECTID":703,"Name_rgn":"Roussette du Bugey","state":null,"official":1,"country":"France","class":"Appellation d'origine protégée","altname":null,"gen":1,"color":5,"ppt_yr":1052,"ppt_gs":639,"GDD_1":1490,"style":null,"latitude":45.8926,"elev":null,"climate":null,"GI_area":null,"auv":null,"_bbox":[4.60712309089178,45.63797653520413,5.831226416634164,46.94169123366041]},"geometry":{"type":"Point","coordinates":[5.45886,46.00796]},"tippecanoe":{"minzoom":4}}
,
{"type":"Feature","properties":{"_area":31687583,"OBJECTID_1":635,"OBJECTID":704,"Name_rgn":"Ruchottes-Chambertin","state":null,"official":1,"country":"France","class":"Appellation d'origine protégée","altname":null,"gen":1,"color":4,"ppt_yr":796,"ppt_gs":483,"GDD_1":1385,"style":null,"latitude":47.2202,"elev":null,"climate":null,"GI_area":null,"auv":null,"_bbox":[4.923060736216732,47.20035047029626,5.049816512760853,47.2372744851635]},"geometry":{"type":"Point","coordinates":[4.99633,47.21824]},"tippecanoe":{"minzoom":7}}
,
{"type":"Feature","properties":{"_area":3627800770,"OBJECTID_1":636,"OBJECTID":705,"Name_rgn":"Rueda","state":null,"official":1,"country":"Spain","class":"Denominación de Origen","altname":"D.O.Rueda","gen":1,"color":1,"ppt_yr":408,"ppt_gs":223,"GDD_1":1723,"style":null,"latitude":41.2852,"elev":null,"climate":null,"GI_area":null,"auv":null,"_bbox":[-5.340296527262974,41.003134432368554,-4.404142307032733,41.56136212104153]},"geometry":{"type":"Point","coordinates":[-4.93798,41.29642]},"tippecanoe":{"minzoom":5}}
,
{"type":"Feature","properties":{"_area":48313139,"OBJECTID_1":637,"OBJECTID":706,"Name_rgn":"Rully","state":null,"official":1,"country":"France","class":"Appellation d'origine protégée","altname":null,"gen":1,"color":5,"ppt_yr":799,"ppt_gs":490,"GDD_1":1385,"style":null,"latitude":46.8871,"elev":null,"climate":null,"GI_area":null,"auv":null,"_bbox":[4.704735598122672,46.85248055856944,4.824615798839538,46.92443514578895]},"geometry":{"type":"Point","coordinates":[4.75196,46.89071]},"tippecanoe":{"minzoom":6}}
,
{"type":"Feature","properties":{"_area":1275426683,"OBJECTID_1":638,"OBJECTID":707,"Name_rgn":"Rutherglen","state":"Victoria","official":1,"country":"Australia","class":"Region","altname":null,"gen":1,"color":1,"ppt_yr":594,"ppt_gs":300,"GDD_1":2037,"style":"Shiraz, Durif, Muscat à Petits Grains Rouges, Muscat à Petits Grains Blancs, Cabernet Sauvignon","latitude":-36.1052,"elev":null,"climate":null,"GI_area":null,"auv":779,"_bbox":[146.17513499965847,-36.263736999736395,146.82175199985363,-35.958164000348]},"geometry":{"type":"Point","coordinates":[146.57441,-36.09842]},"tippecanoe":{"minzoom":5}}
,
{"type":"Feature","properties":{"_area":2456929340,"OBJECTID_1":639,"OBJECTID":708,"Name_rgn":"Sable de Camargue","state":null,"official":1,"country":"France","class":"Indication géographique protégée","altname":null,"gen":1,"color":5,"ppt_yr":624,"ppt_gs":349,"GDD_1":2171,"style":null,"latitude":43.5197,"elev":null,"climate":null,"GI_area":null,"auv":null,"_bbox":[3.493217679392203,43.30200677689443,4.643968313330088,43.71672178888284]},"geometry":{"type":"Point","coordinates":[4.26311,43.54217]},"tippecanoe":{"minzoom":5}}
,
{"type":"Feature","properties":{"_area":738526858,"OBJECTID_1":640,"OBJECTID":709,"Name_rgn":"Sables de L’Océan","state":null,"official":1,"country":"France","class":"Indication géographique protégée","altname":null,"gen":1,"color":1,"ppt_yr":1192,"ppt_gs":575,"GDD_1":1700,"style":null,"latitude":43.8387,"elev":null,"climate":null,"GI_area":null,"auv":null,"_bbox":[-1.482502085878836,43.57528645001241,-1.189621387560266,44.08952444645122]},"geometry":{"type":"Point","coordinates":[-1.31833,43.7898]},"tippecanoe":{"minzoom":5}}
,
{"type":"Feature","properties":{"_area":97221080,"OBJECTID_1":641,"OBJECTID":711,"Name_rgn":"Saint-Bris","state":null,"official":1,"country":"France","class":"Appellation d'origine protégée","altname":null,"gen":1,"color":3,"ppt_yr":722,"ppt_gs":427,"GDD_1":1385,"style":null,"latitude":47.7452,"elev":null,"climate":null,"GI_area":null,"auv":null,"_bbox":[3.599894712456,47.69802050435637,3.759687312774617,47.79207800218176]},"geometry":{"type":"Point","coordinates":[3.65831,47.74542]},"tippecanoe":{"minzoom":6}}
,
{"type":"Feature","properties":{"_area":523911426,"OBJECTID_1":642,"OBJECTID":712,"Name_rgn":"Saint-Chinian","state":null,"official":1,"country":"France","class":"Appellation d'origine protégée","altname":null,"gen":1,"color":4,"ppt_yr":615,"ppt_gs":336,"GDD_1":1912,"style":null,"latitude":43.4444,"elev":null,"climate":null,"GI_area":null,"auv":null,"_bbox":[2.854091830962614,43.31195860064568,3.174588796460378,43.563378538972316]},"geometry":{"type":"Point","coordinates":[3.00681,43.44503]},"tippecanoe":{"minzoom":5}}
,
{"type":"Feature","properties":{"_area":127532785,"OBJECTID_1":643,"OBJECTID":713,"Name_rgn":"Saint-Emilion","state":null,"official":1,"country":"France","class":"Appellation d'origine protégée","altname":null,"gen":1,"color":1,"ppt_yr":883,"ppt_gs":461,"GDD_1":1698,"style":null,"latitude":44.8872,"elev":null,"climate":null,"GI_area":null,"auv":null,"_bbox":[-0.260676407098278,44.83249230753209,-0.067654124595144,44.952141066402454]},"geometry":{"type":"Point","coordinates":[-0.17935,44.88203]},"tippecanoe":{"minzoom":6}}
,
{"type":"Feature","properties":{"_area":127532785,"OBJECTID_1":644,"OBJECTID":714,"Name_rgn":"Saint-Emilion grand cru","state":null,"official":1,"country":"France","class":"Appellation d'origine protégée","altname":null,"gen":1,"color":0,"ppt_yr":883,"ppt_gs":461,"GDD_1":1694,"style":null,"latitude":44.8872,"elev":null,"climate":null,"GI_area":null,"auv":null,"_bbox":[-0.260676407098278,44.83249230753209,-0.067654124595144,44.952141066402454]},"geometry":{"type":"Point","coordinates":[-0.17935,44.88203]},"tippecanoe":{"minzoom":6}}
,
{"type":"Feature","properties":{"_area":27212309,"OBJECTID_1":645,"OBJECTID":715,"Name_rgn":"Saint-Estèphe","state":null,"official":1,"country":"France","class":"Appellation d'origine protégée","altname":null,"gen":1,"color":4,"ppt_yr":888,"ppt_gs":457,"GDD_1":1652,"style":null,"latitude":45.2514,"elev":null,"climate":null,"GI_area":null,"auv":null,"_bbox":[-0.815908645941168,45.222383181788324,-0.746400917825804,45.28402274438799]},"geometry":{"type":"Point","coordinates":[-0.78268,45.25176]},"tippecanoe":{"minzoom":7}}
,
{"type":"Feature","properties":{"_area":1611821084,"OBJECTID_1":646,"OBJECTID":716,"Name_rgn":"Saint-Guilhem-le-Désert","state":null,"official":1,"country":"France","class":"Indication géographique protégée","altname":null,"gen":1,"color":5,"ppt_yr":660,"ppt_gs":369,"GDD_1":1933,"style":null,"latitude":43.7629,"elev":null,"climate":null,"GI_area":null,"auv":null,"_bbox":[3.341732188578079,43.56677189760194,4.015837802655589,43.97201469955422]},"geometry":{"type":"Point","coordinates":[3.75726,43.77335]},"tippecanoe":{"minzoom":5}}
,
{"type":"Feature","properties":{"_area":1111236329,"OBJECTID_1":647,"OBJECTID":717,"Name_rgn":"Saint-Guilhem-le-Désert Val de Montferrand","state":null,"official":1,"country":"France","class":"Indication géographique protégée","altname":"Val de Montferrand","gen":1,"color":1,"ppt_yr":667,"ppt_gs":374,"GDD_1":1977,"style":null,"latitude":43.7902,"elev":null,"climate":null,"GI_area":null,"auv":null,"_bbox":[3.53898279890266,43.56677189760194,4.015837802655589,43.97201469955422]},"geometry":{"type":"Point","coordinates":[3.81798,43.77691]},"tippecanoe":{"minzoom":5}}
,
{"type":"Feature","properties":{"_area":448222822,"OBJECTID_1":648,"OBJECTID":718,"Name_rgn":"Saint-Joseph","state":null,"official":1,"country":"France","class":"Appellation d'origine protégée","altname":null,"gen":1,"color":4,"ppt_yr":826,"ppt_gs":540,"GDD_1":1696,"style":null,"latitude":45.1864,"elev":null,"climate":null,"GI_area":null,"auv":null,"_bbox":[4.679935846701533,44.91621771545765,4.886589302768106,45.4384930715829]},"geometry":{"type":"Point","coordinates":[4.75178,45.26898]},"tippecanoe":{"minzoom":5}}
,
{"type":"Feature","properties":{"_area":249809257,"OBJECTID_1":649,"OBJECTID":719,"Name_rgn":"Saint-Julien","state":null,"official":1,"country":"France","class":"Appellation d'origine protégée","altname":null,"gen":1,"color":2,"ppt_yr":907,"ppt_gs":466,"GDD_1":1644,"style":null,"latitude":45.1463,"elev":null,"climate":null,"GI_area":null,"auv":null,"_bbox":[-0.951779727386254,45.07176239019652,-0.697941887322178,45.2297290079042]},"geometry":{"type":"Point","coordinates":[-0.83392,45.14519]},"tippecanoe":{"minzoom":6}}
,
{"type":"Feature","properties":{"_area":974597243,"OBJECTID_1":650,"OBJECTID":720,"Name_rgn":"Saint-Mont","state":null,"official":1,"country":"France","class":"Appellation d'origine protégée","altname":null,"gen":1,"color":5,"ppt_yr":1253,"ppt_gs":667,"GDD_1":1693,"style":null,"latitude":43.6475,"elev":null,"climate":null,"GI_area":null,"auv":null,"_bbox":[-0.261839866426724,43.498879905201875,0.266586452098594,43.79062481558296]},"geometry":{"type":"Point","coordinates":[0.10797,43.64646]},"tippecanoe":{"minzoom":5}}
,
{"type":"Feature","properties":{"_area":41935506,"OBJECTID_1":651,"OBJECTID":721,"Name_rgn":"Saint-Nicolas-de-Bourgueil","state":null,"official":1,"country":"France","class":"Appellation d'origine protégée","altname":null,"gen":1,"color":3,"ppt_yr":700,"ppt_gs":377,"GDD_1":1469,"style":null,"latitude":47.2964,"elev":null,"climate":null,"GI_area":null,"auv":null,"_bbox":[0.078432338647816,47.25523251153204,0.164969299348548,47.345375774190906]},"geometry":{"type":"Point","coordinates":[0.13091,47.29666]},"tippecanoe":{"minzoom":6}}
,
{"type":"Feature","properties":{"_area":74280459,"OBJECTID_1":652,"OBJECTID":722,"Name_rgn":"Saint-Péray","state":null,"official":1,"country":"France","class":"Appellation d'origine protégée","altname":null,"gen":1,"color":1,"ppt_yr":878,"ppt_gs":563,"GDD_1":1709,"style":null,"latitude":44.9175,"elev":null,"climate":null,"GI_area":null,"auv":null,"_bbox":[4.735769800447706,44.87748268237914,4.881365739528132,44.96254902558619]},"geometry":{"type":"Point","coordinates":[4.81153,44.92135]},"tippecanoe":{"minzoom":6}}
,
{"type":"Feature","properties":{"_area":450333822,"OBJECTID_1":653,"OBJECTID":723,"Name_rgn":"Saint-Pourçain","state":null,"official":1,"country":"France","class":"Appellation d'origine protégée","altname":null,"gen":1,"color":1,"ppt_yr":719,"ppt_gs":470,"GDD_1":1448,"style":null,"latitude":46.3626,"elev":null,"climate":null,"GI_area":null,"auv":null,"_bbox":[3.109254534255525,46.21787909657567,3.358879722998102,46.52099434927739]},"geometry":{"type":"Point","coordinates":[3.25016,46.35488]},"tippecanoe":{"minzoom":5}}
,
{"type":"Feature","properties":{"_area":513587978,"OBJECTID_1":654,"OBJECTID":724,"Name_rgn":"Saint-Sardos","state":null,"official":1,"country":"France","class":"Appellation d'origine protégée","altname":null,"gen":1,"color":4,"ppt_yr":773,"ppt_gs":444,"GDD_1":1755,"style":null,"latitude":43.8708,"elev":null,"climate":null,"GI_area":null,"auv":null,"_bbox":[0.926878398066057,43.76165686149819,1.278111344079206,44.00155470594075]},"geometry":{"type":"Point","coordinates":[1.11102,43.87645]},"tippecanoe":{"minzoom":5}}
,
{"type":"Feature","properties":{"_area":60247873,"OBJECTID_1":655,"OBJECTID":725,"Name_rgn":"Saint-Véran","state":null,"official":1,"country":"France","class":"Appellation d'origine protégée","altname":null,"gen":1,"color":0,"ppt_yr":827,"ppt_gs":516,"GDD_1":1385,"style":null,"latitude":46.293,"elev":null,"climate":null,"GI_area":null,"auv":null,"_bbox":[4.693883468891794,46.22741860953447,4.781723923697306,46.34332630990155]},"geometry":{"type":"Point","coordinates":[4.73643,46.28644]},"tippecanoe":{"minzoom":6}}
,
{"type":"Feature","properties":{"_area":375050130,"OBJECTID_1":656,"OBJECTID":726,"Name_rgn":"Sainte-Marie-la-Blanche","state":null,"official":1,"country":"France","class":"Indication géographique protégée","altname":null,"gen":1,"color":5,"ppt_yr":794,"ppt_gs":485,"GDD_1":1469,"style":null,"latitude":47.0125,"elev":null,"climate":null,"GI_area":null,"auv":null,"_bbox":[4.767600581156015,46.90690587506156,5.184491529625978,47.112938780088754]},"geometry":{"type":"Point","coordinates":[4.99053,47.02521]},"tippecanoe":{"minzoom":6}}
,
{"type":"Feature","properties":{"_area":93139323,"OBJECTID_1":657,"OBJECTID":727,"Name_rgn":"Sâmbureşti","state":null,"official":1,"country":"Romania","class":"D.O.C.","altname":"D.O.C. Sâmbureşti","gen":1,"color":5,"ppt_yr":651,"ppt_gs":443,"GDD_1":1815,"style":null,"latitude":44.7926,"elev":null,"climate":null,"GI_area":null,"auv":null,"_bbox":[24.274598999183397,44.737158992515255,24.44690500025572,44.85543199204191]},"geometry":{"type":"Point","coordinates":[24.38409,44.8023]},"tippecanoe":{"minzoom":6}}
,
{"type":"Feature","properties":{"_area":603880016,"OBJECTID_1":658,"OBJECTID":728,"Name_rgn":"San Antonio Valley","state":"California","official":1,"country":"United States","class":"American Viticultural Area","altname":null,"gen":2,"color":0,"ppt_yr":470,"ppt_gs":74,"GDD_1":1831,"style":null,"latitude":35.9399,"elev":null,"climate":null,"GI_area":null,"auv":null,"_bbox":[-121.3441227384433,35.791816171745126,-120.86932777016452,36.07971167685311]},"geometry":{"type":"Point","coordinates":[-121.11414,35.96669]},"tippecanoe":{"minzoom":5}}
,
{"type":"Feature","properties":{"_area":240002728,"OBJECTID_1":659,"OBJECTID":729,"Name_rgn":"San Benito","state":"California","official":1,"country":"United States","class":"American Viticultural Area","altname":null,"gen":2,"color":5,"ppt_yr":399,"ppt_gs":70,"GDD_1":1919,"style":null,"latitude":36.7251,"elev":null,"climate":null,"GI_area":null,"auv":null,"_bbox":[-121.41752577812457,36.62500958961177,-121.21686890985451,36.79648293760643]},"geometry":{"type":"Point","coordinates":[-121.30165,36.72615]},"tippecanoe":{"minzoom":6}}
,
{"type":"Feature","properties":{"_area":2021607360,"OBJECTID_1":660,"OBJECTID":730,"Name_rgn":"San Blas de Los Sauces","state":"La Rioja","official":1,"country":"Argentina","class":"Indicación Geográfica","altname":null,"gen":3,"color":4,"ppt_yr":206,"ppt_gs":192,"GDD_1":1779,"style":null,"latitude":-28.5436,"elev":null,"climate":null,"GI_area":null,"auv":null,"_bbox":[-67.44920349073043,-28.9055290217602,-66.94256081928003,-28.254250681841064]},"geometry":{"type":"Point","coordinates":[-67.1845,-28.49932]},"tippecanoe":{"minzoom":5}}
,
{"type":"Feature","properties":{"_area":14453726147,"OBJECTID_1":661,"OBJECTID":731,"Name_rgn":"San Carlos","state":"Mendoza","official":1,"country":"Argentina","class":"Indicación Geográfica","altname":null,"gen":3,"color":0,"ppt_yr":363,"ppt_gs":195,"GDD_1":1189,"style":null,"latitude":-34.0768,"elev":null,"climate":null,"GI_area":null,"auv":null,"_bbox":[-69.97842490374298,-34.70167185028885,-68.29129099968317,-33.463181679825915]},"geometry":{"type":"Point","coordinates":[-69.32713,-34.1689]},"tippecanoe":{"minzoom":4}}
,
{"type":"Feature","properties":{"_area":7812617964,"OBJECTID_1":662,"OBJECTID":732,"Name_rgn":"San Carlos","state":"Salta","official":1,"country":"Argentina","class":"Indicación Geográfica","altname":null,"gen":3,"color":0,"ppt_yr":150,"ppt_gs":147,"GDD_1":1134,"style":null,"latitude":-25.83,"elev":null,"climate":null,"GI_area":null,"auv":null,"_bbox":[-66.8051529512508,-26.416799343915617,-65.74701095778136,-25.183320627182315]},"geometry":{"type":"Point","coordinates":[-66.11798,-25.80196]},"tippecanoe":{"minzoom":4}}
,
{"type":"Feature","properties":{"_area":2261530796,"OBJECTID_1":664,"OBJECTID":734,"Name_rgn":"San Javier","state":"Córdoba","official":1,"country":"Argentina","class":"Indicación Geográfica","altname":null,"gen":3,"color":1,"ppt_yr":662,"ppt_gs":563,"GDD_1":2271,"style":null,"latitude":-32.0756,"elev":null,"climate":null,"GI_area":null,"auv":null,"_bbox":[-65.60636534497421,-32.32558897028796,-64.92881805327784,-31.85999603291776]},"geometry":{"type":"Point","coordinates":[-65.14941,-32.08233]},"tippecanoe":{"minzoom":5}}
,
{"type":"Feature","properties":{"_area":1917819438,"OBJECTID_1":665,"OBJECTID":735,"Name_rgn":"San Martín","state":"Mendoza","official":1,"country":"Argentina","class":"Indicación Geográfica","altname":null,"gen":3,"color":5,"ppt_yr":221,"ppt_gs":195,"GDD_1":2573,"style":null,"latitude":-32.9143,"elev":null,"climate":null,"GI_area":null,"auv":null,"_bbox":[-68.58081339032952,-33.1886384599634,-67.95776397997246,-32.72080344997401]},"geometry":{"type":"Point","coordinates":[-68.30943,-32.93919]},"tippecanoe":{"minzoom":5}}
,
{"type":"Feature","properties":{"_area":604731321,"OBJECTID_1":666,"OBJECTID":736,"Name_rgn":"San Martín","state":"San Juan","official":1,"country":"Argentina","class":"Indicación Geográfica","altname":null,"gen":3,"color":1,"ppt_yr":272,"ppt_gs":248,"GDD_1":2326,"style":null,"latitude":-31.5286,"elev":null,"climate":null,"GI_area":null,"auv":null,"_bbox":[-68.46075103193424,-31.63050052908355,-67.9839313256838,-31.458351651166964]},"geometry":{"type":"Point","coordinates":[-68.08283,-31.5377]},"tippecanoe":{"minzoom":5}}
,
{"type":"Feature","properties":{"_area":105544140,"OBJECTID_1":667,"OBJECTID":737,"Name_rgn":"San Pasqual Valley","state":"California","official":1,"country":"United States","class":"American Viticultural Area","altname":null,"gen":2,"color":5,"ppt_yr":304,"ppt_gs":50,"GDD_1":2284,"style":null,"latitude":33.0795,"elev":null,"climate":null,"GI_area":null,"auv":null,"_bbox":[-117.07277091037038,33.02429416943678,-116.91751571402656,33.13382079808544]},"geometry":{"type":"Point","coordinates":[-117.0056,33.08548]},"tippecanoe":{"minzoom":6}}
,
{"type":"Feature","properties":{"_area":48119107302,"OBJECTID_1":668,"OBJECTID":738,"Name_rgn":"San Rafael","state":"Mendoza","official":1,"country":"Argentina","class":"Indicación Geográfica","altname":null,"gen":3,"color":5,"ppt_yr":324,"ppt_gs":208,"GDD_1":1729,"style":null,"latitude":-34.9503,"elev":null,"climate":null,"GI_area":null,"auv":null,"_bbox":[-70.24238606894956,-35.99955085673757,-66.752961338995,-34.10132651027022]},"geometry":{"type":"Point","coordinates":[-67.89788,-35.06202]},"tippecanoe":{"minzoom":3}}
,
{"type":"Feature","properties":{"_area":1420234403,"OBJECTID_1":669,"OBJECTID":739,"Name_rgn":"Sanagasta","state":"La Rioja","official":1,"country":"Argentina","class":"Indicación Geográfica","altname":null,"gen":3,"color":0,"ppt_yr":246,"ppt_gs":230,"GDD_1":1703,"style":null,"latitude":-29.1588,"elev":null,"climate":null,"GI_area":null,"auv":null,"_bbox":[-67.22315216116827,-29.433290482032255,-66.86219024682909,-28.848173140895636]},"geometry":{"type":"Point","coordinates":[-67.04338,-29.18583]},"tippecanoe":{"minzoom":5}}
,
{"type":"Feature","properties":{"_area":342215763,"OBJECTID_1":670,"OBJECTID":740,"Name_rgn":"Sancerre","state":null,"official":1,"country":"France","class":"Appellation d'origine protégée","altname":null,"gen":1,"color":2,"ppt_yr":736,"ppt_gs":432,"GDD_1":1396,"style":null,"latitude":47.3175,"elev":null,"climate":null,"GI_area":null,"auv":null,"_bbox":[2.637114220592024,47.19943137823744,2.919770925862378,47.42464730497373]},"geometry":{"type":"Point","coordinates":[2.8157,47.32348]},"tippecanoe":{"minzoom":6}}
,
{"type":"Feature","properties":{"_area":60496224,"OBJECTID_1":671,"OBJECTID":741,"Name_rgn":"Santa Lucía","state":"San Juan","official":1,"country":"Argentina","class":"Indicación Geográfica","altname":null,"gen":3,"color":4,"ppt_yr":261,"ppt_gs":239,"GDD_1":2719,"style":null,"latitude":-31.5327,"elev":null,"climate":null,"GI_area":null,"auv":null,"_bbox":[-68.51012563705356,-31.57857325831478,-68.41271526782953,-31.497277324035416]},"geometry":{"type":"Point","coordinates":[-68.45487,-31.53729]},"tippecanoe":{"minzoom":6}}
,
{"type":"Feature","properties":{"_area":6848138375,"OBJECTID_1":672,"OBJECTID":742,"Name_rgn":"Santa María","state":"Catamarca","official":1,"country":"Argentina","class":"Indicación Geográfica","altname":null,"gen":3,"color":4,"ppt_yr":172,"ppt_gs":167,"GDD_1":1150,"style":null,"latitude":-26.7731,"elev":null,"climate":null,"GI_area":null,"auv":null,"_bbox":[-66.67024537493168,-27.24753711272882,-65.83016143335432,-26.13090710934093]},"geometry":{"type":"Point","coordinates":[-66.24897,-26.79509]},"tippecanoe":{"minzoom":4}}
,
{"type":"Feature","properties":{"_area":537731768,"OBJECTID_1":673,"OBJECTID":743,"Name_rgn":"Santa Maria Valley","state":"California","official":1,"country":"United States","class":"American Viticultural Area","altname":null,"gen":2,"color":1,"ppt_yr":449,"ppt_gs":72,"GDD_1":1630,"style":null,"latitude":34.9005,"elev":null,"climate":null,"GI_area":null,"auv":null,"_bbox":[-120.43462362486923,34.77777882069509,-120.13204675571565,35.03064784022999]},"geometry":{"type":"Point","coordinates":[-120.2914,34.91705]},"tippecanoe":{"minzoom":5}}
,
{"type":"Feature","properties":{"_area":11158083736,"OBJECTID_1":674,"OBJECTID":744,"Name_rgn":"Santa Rosa","state":"Mendoza","official":1,"country":"Argentina","class":"Indicación Geográfica","altname":null,"gen":3,"color":3,"ppt_yr":263,"ppt_gs":223,"GDD_1":2445,"style":null,"latitude":-33.6194,"elev":null,"climate":null,"GI_area":null,"auv":null,"_bbox":[-68.45609495961212,-34.22266528972676,-67.50119757962491,-32.838598380077066]},"geometry":{"type":"Point","coordinates":[-67.95347,-33.76107]},"tippecanoe":{"minzoom":4}}
,
{"type":"Feature","properties":{"_area":866779653,"OBJECTID_1":675,"OBJECTID":745,"Name_rgn":"Santa Ynez Valley","state":"California","official":1,"country":"United States","class":"American Viticultural Area","altname":null,"gen":2,"color":2,"ppt_yr":454,"ppt_gs":71,"GDD_1":1674,"style":null,"latitude":34.6401,"elev":null,"climate":null,"GI_area":null,"auv":null,"_bbox":[-120.42188678076498,34.52341871566934,-119.94924749787685,34.77455334892982]},"geometry":{"type":"Point","coordinates":[-120.1217,34.65095]},"tippecanoe":{"minzoom":5}}
,
{"type":"Feature","properties":{"_area":2411754248,"OBJECTID_1":676,"OBJECTID":746,"Name_rgn":"Sarica Niculiţel","state":null,"official":1,"country":"Romania","class":"D.O.C.","altname":"D.O.C. Sarica Niculiţel","gen":1,"color":0,"ppt_yr":462,"ppt_gs":293,"GDD_1":1801,"style":null,"latitude":45.1788,"elev":null,"climate":null,"GI_area":null,"auv":null,"_bbox":[28.02645899893495,44.97604699190226,28.912951999367962,45.44075699141962]},"geometry":{"type":"Point","coordinates":[28.31509,45.18117]},"tippecanoe":{"minzoom":5}}
,
{"type":"Feature","properties":{"_area":3404685355,"OBJECTID_1":677,"OBJECTID":747,"Name_rgn":"Sarmiento","state":"San Juan","official":1,"country":"Argentina","class":"Indicación Geográfica","altname":null,"gen":3,"color":1,"ppt_yr":250,"ppt_gs":207,"GDD_1":2217,"style":null,"latitude":-32.0761,"elev":null,"climate":null,"GI_area":null,"auv":null,"_bbox":[-69.12893191175993,-32.33804154765481,-68.26568056722715,-31.81766557936102]},"geometry":{"type":"Point","coordinates":[-68.72188,-32.09666]},"tippecanoe":{"minzoom":5}}
,
{"type":"Feature","properties":{"_area":955658194,"OBJECTID_1":678,"OBJECTID":748,"Name_rgn":"Saumur","state":null,"official":1,"country":"France","class":"Appellation d'origine protégée","altname":null,"gen":1,"color":2,"ppt_yr":726,"ppt_gs":386,"GDD_1":1468,"style":null,"latitude":47.16,"elev":null,"climate":null,"GI_area":null,"auv":null,"_bbox":[-0.418592884929136,46.98024207272188,0.076314718469026,47.316668788292]},"geometry":{"type":"Point","coordinates":[-0.11042,47.16488]},"tippecanoe":{"minzoom":5}}
,
{"type":"Feature","properties":{"_area":159893362,"OBJECTID_1":679,"OBJECTID":749,"Name_rgn":"Saumur-Champigny","state":null,"official":1,"country":"France","class":"Appellation d'origine protégée","altname":null,"gen":1,"color":5,"ppt_yr":711,"ppt_gs":380,"GDD_1":1450,"style":null,"latitude":47.2441,"elev":null,"climate":null,"GI_area":null,"auv":null,"_bbox":[-0.158454481549447,47.17262251155317,0.076314718469026,47.316668788292]},"geometry":{"type":"Point","coordinates":[-0.05773,47.23621]},"tippecanoe":{"minzoom":6}}
,
{"type":"Feature","properties":{"_area":1786892364,"OBJECTID_1":680,"OBJECTID":750,"Name_rgn":"Saumur mousseux","state":null,"official":1,"country":"France","class":"Appellation d'origine protégée","altname":null,"gen":1,"color":5,"ppt_yr":739,"ppt_gs":390,"GDD_1":1455,"style":null,"latitude":47.1449,"elev":null,"climate":null,"GI_area":null,"auv":null,"_bbox":[-0.611330594624953,46.92463244832523,0.117863873671188,47.34340312095397]},"geometry":{"type":"Point","coordinates":[-0.24286,47.12461]},"tippecanoe":{"minzoom":5}}
,
{"type":"Feature","properties":{"_area":579046777,"OBJECTID_1":681,"OBJECTID":751,"Name_rgn":"Saumur Puy-Notre-Dame","state":null,"official":1,"country":"France","class":"Appellation d'origine protégée","altname":null,"gen":1,"color":0,"ppt_yr":736,"ppt_gs":389,"GDD_1":1450,"style":null,"latitude":47.1605,"elev":null,"climate":null,"GI_area":null,"auv":null,"_bbox":[-0.418592884929136,47.03789162508277,0.039853077555327,47.277002682137955]},"geometry":{"type":"Point","coordinates":[-0.22151,47.17706]},"tippecanoe":{"minzoom":5}}
,
{"type":"Feature","properties":{"_area":60536742,"OBJECTID_1":682,"OBJECTID":752,"Name_rgn":"Saussignac","state":null,"official":1,"country":"France","class":"Appellation d'origine protégée","altname":null,"gen":1,"color":1,"ppt_yr":927,"ppt_gs":486,"GDD_1":1689,"style":null,"latitude":44.7964,"elev":null,"climate":null,"GI_area":null,"auv":null,"_bbox":[0.263719746567309,44.757711372798056,0.394758882625564,44.830218374244886]},"geometry":{"type":"Point","coordinates":[0.313,44.7934]},"tippecanoe":{"minzoom":6}}
,
{"type":"Feature","properties":{"_area":76157846,"OBJECTID_1":683,"OBJECTID":753,"Name_rgn":"Sauternes","state":null,"official":1,"country":"France","class":"Appellation d'origine protégée","altname":null,"gen":1,"color":5,"ppt_yr":882,"ppt_gs":456,"GDD_1":1691,"style":null,"latitude":44.56,"elev":null,"climate":null,"GI_area":null,"auv":null,"_bbox":[-0.374365695558105,44.50761850395612,-0.261403876290085,44.63188242030693]},"geometry":{"type":"Point","coordinates":[-0.31877,44.55439]},"tippecanoe":{"minzoom":6}}
,
{"type":"Feature","properties":{"_area":70541690,"OBJECTID_1":684,"OBJECTID":754,"Name_rgn":"Savennières","state":null,"official":1,"country":"France","class":"Appellation d'origine protégée","altname":null,"gen":1,"color":2,"ppt_yr":748,"ppt_gs":390,"GDD_1":1450,"style":null,"latitude":47.4067,"elev":null,"climate":null,"GI_area":null,"auv":null,"_bbox":[-0.742720666532133,47.36157022511262,-0.587098167034967,47.459738644987034]},"geometry":{"type":"Point","coordinates":[-0.66373,47.40835]},"tippecanoe":{"minzoom":6}}
,
{"type":"Feature","properties":{"_area":26156666,"OBJECTID_1":685,"OBJECTID":755,"Name_rgn":"Savennières Roche aux Moines","state":null,"official":1,"country":"France","class":"Appellation d'origine protégée","altname":null,"gen":1,"color":3,"ppt_yr":751,"ppt_gs":391,"GDD_1":1450,"style":null,"latitude":47.4057,"elev":null,"climate":null,"GI_area":null,"auv":null,"_bbox":[-0.702978160808504,47.37439826534801,-0.625087114611552,47.4384451710936]},"geometry":{"type":"Point","coordinates":[-0.66609,47.40603]},"tippecanoe":{"minzoom":7}}
,
{"type":"Feature","properties":{"_area":40442455,"OBJECTID_1":686,"OBJECTID":756,"Name_rgn":"Savigny-lès-Beaune","state":null,"official":1,"country":"France","class":"Appellation d'origine protégée","altname":null,"gen":1,"color":3,"ppt_yr":863,"ppt_gs":520,"GDD_1":1385,"style":null,"latitude":47.0806,"elev":null,"climate":null,"GI_area":null,"auv":null,"_bbox":[4.755003530181355,47.04133080670116,4.854137240921119,47.117927176695765]},"geometry":{"type":"Point","coordinates":[4.7927,47.08741]},"tippecanoe":{"minzoom":6}}
,
{"type":"Feature","properties":{"_area":2039333082,"OBJECTID_1":687,"OBJECTID":759,"Name_rgn":"Sebeş-Apold","state":null,"official":1,"country":"Romania","class":"D.O.C.","altname":"D.O.C. Sebeş-Apold","gen":1,"color":2,"ppt_yr":685,"ppt_gs":503,"GDD_1":1262,"style":null,"latitude":45.8732,"elev":null,"climate":null,"GI_area":null,"auv":null,"_bbox":[23.496774000317732,45.49676299151754,24.12105400020612,46.05326399121787]},"geometry":{"type":"Point","coordinates":[23.79839,45.82121]},"tippecanoe":{"minzoom":5}}
,
{"type":"Feature","properties":{"_area":261595471,"OBJECTID_1":688,"OBJECTID":760,"Name_rgn":"Segarcea","state":null,"official":1,"country":"Romania","class":"D.O.C.","altname":"D.O.C. Segarcea","gen":1,"color":5,"ppt_yr":601,"ppt_gs":383,"GDD_1":2026,"style":null,"latitude":44.091,"elev":null,"climate":null,"GI_area":null,"auv":null,"_bbox":[23.561496000469365,44.017754992218755,23.875886999301652,44.15619799205789]},"geometry":{"type":"Point","coordinates":[23.72049,44.08589]},"tippecanoe":{"minzoom":6}}
,
{"type":"Feature","properties":{"_area":1058097363,"OBJECTID_1":689,"OBJECTID":761,"Name_rgn":"Seneca Lake","state":"New York","official":1,"country":"United States","class":"American Viticultural Area","altname":null,"gen":2,"color":2,"ppt_yr":915,"ppt_gs":616,"GDD_1":1468,"style":null,"latitude":42.6577,"elev":null,"climate":null,"GI_area":null,"auv":null,"_bbox":[-77.10752059529413,42.36093067156043,-76.81919547386858,42.96258556347923]},"geometry":{"type":"Point","coordinates":[-76.93126,42.66108]},"tippecanoe":{"minzoom":5}}
,
{"type":"Feature","properties":{"_area":61127236,"OBJECTID_1":690,"OBJECTID":762,"Name_rgn":"Seyssel","state":null,"official":1,"country":"France","class":"Appellation d'origine protégée","altname":null,"gen":1,"color":4,"ppt_yr":1110,"ppt_gs":649,"GDD_1":1393,"style":null,"latitude":45.9631,"elev":null,"climate":null,"GI_area":null,"auv":null,"_bbox":[5.74636839641974,45.93240227782162,5.880544418907399,45.99697886829664]},"geometry":{"type":"Point","coordinates":[5.78976,45.9657]},"tippecanoe":{"minzoom":6}}
,
{"type":"Feature","properties":{"_area":4285046376,"OBJECTID_1":691,"OBJECTID":764,"Name_rgn":"Shuswap","state":"British Columbia","official":1,"country":"Canada","class":"Geographical Indication","altname":"Shuswap Valley","gen":3,"color":5,"ppt_yr":679,"ppt_gs":373,"GDD_1":1008,"style":null,"latitude":50.7323,"elev":null,"climate":null,"GI_area":null,"auv":null,"_bbox":[-119.83776889685592,50.39868525205888,-118.69726154010043,51.01069264483451]},"geometry":{"type":"Point","coordinates":[-119.37757,50.7011]},"tippecanoe":{"minzoom":4}}
,
{"type":"Feature","properties":{"_area":756603092,"OBJECTID_1":692,"OBJECTID":765,"Name_rgn":"Sierra de Salamanca","state":null,"official":1,"country":"Spain","class":"Vino de Calidad","altname":"V.C.Sierra de Salamanca","gen":1,"color":3,"ppt_yr":776,"ppt_gs":330,"GDD_1":1712,"style":null,"latitude":40.4535,"elev":null,"climate":null,"GI_area":null,"auv":null,"_bbox":[-6.129484186800007,40.277697212272486,-5.766999367542794,40.586451611586135]},"geometry":{"type":"Point","coordinates":[-5.96727,40.44353]},"tippecanoe":{"minzoom":5}}
,
{"type":"Feature","properties":{"_area":9462855215,"OBJECTID_1":693,"OBJECTID":766,"Name_rgn":"Sierras de Málaga","state":null,"official":1,"country":"Spain","class":"Denominación de Origen","altname":"D.O.Sierras de Málaga","gen":1,"color":3,"ppt_yr":607,"ppt_gs":203,"GDD_1":2317,"style":null,"latitude":36.8815,"elev":null,"climate":null,"GI_area":null,"auv":null,"_bbox":[-5.414592358487695,36.31028058493721,-3.765967108837431,37.28969340460939]},"geometry":{"type":"Point","coordinates":[-4.61834,36.89037]},"tippecanoe":{"minzoom":4}}
,
{"type":"Feature","properties":{"_area":4045260322,"OBJECTID_1":694,"OBJECTID":767,"Name_rgn":"Similkameen Valley","state":"British Columbia","official":1,"country":"Canada","class":"Geographical Indication","altname":null,"gen":3,"color":1,"ppt_yr":480,"ppt_gs":257,"GDD_1":742,"style":null,"latitude":49.3961,"elev":null,"climate":null,"GI_area":null,"auv":null,"_bbox":[-120.76433238600758,48.99429852880622,-119.51926007286347,49.77051275812729]},"geometry":{"type":"Point","coordinates":[-120.28337,49.49118]},"tippecanoe":{"minzoom":4}}
,
{"type":"Feature","properties":{"_area":424542392,"OBJECTID_1":695,"OBJECTID":768,"Name_rgn":"Sloughhouse","state":"California","official":1,"country":"United States","class":"American Viticultural Area","altname":null,"gen":2,"color":5,"ppt_yr":516,"ppt_gs":99,"GDD_1":2475,"style":null,"latitude":38.4562,"elev":null,"climate":null,"GI_area":null,"auv":null,"_bbox":[-121.30064012218713,38.31098624351077,-121.0272120802234,38.573175785419345]},"geometry":{"type":"Point","coordinates":[-121.12807,38.44874]},"tippecanoe":{"minzoom":5}}
,
{"type":"Feature","properties":{"_area":2617964919,"OBJECTID_1":696,"OBJECTID":769,"Name_rgn":"Slovácká","state":"Jihomoravský, Zlínský","official":1,"country":"Czechia","class":"Chráněné označení původu","altname":null,"gen":3,"color":1,"ppt_yr":657,"ppt_gs":486,"GDD_1":1385,"style":null,"latitude":48.9581,"elev":null,"climate":null,"GI_area":null,"auv":null,"_bbox":[16.794876852894944,48.616673634298,17.682727991053138,49.20486120571526]},"geometry":{"type":"Point","coordinates":[17.09242,48.91651]},"tippecanoe":{"minzoom":5}}
,
{"type":"Feature","properties":{"_area":189197377,"OBJECTID_1":697,"OBJECTID":770,"Name_rgn":"Soave","state":"Veneto","official":1,"country":"Italy","class":"Denominazione di origine controllata","altname":null,"gen":5,"color":4,"ppt_yr":870,"ppt_gs":564,"GDD_1":2149,"style":null,"latitude":45.4555,"elev":null,"climate":null,"GI_area":null,"auv":null,"_bbox":[11.096944902434334,45.403765865398846,11.336438566212456,45.52716315612892]},"geometry":{"type":"Point","coordinates":[11.25264,45.46498]},"tippecanoe":{"minzoom":6}}
,
{"type":"Feature","properties":{"_area":80013283,"OBJECTID_1":698,"OBJECTID":771,"Name_rgn":"Solano County Green Valley","state":"California","official":1,"country":"United States","class":"American Viticultural Area","altname":null,"gen":2,"color":4,"ppt_yr":744,"ppt_gs":116,"GDD_1":2051,"style":null,"latitude":38.2628,"elev":null,"climate":null,"GI_area":null,"auv":null,"_bbox":[-122.21689524223089,38.206301997673,-122.13438423508782,38.31591800636819]},"geometry":{"type":"Point","coordinates":[-122.175,38.26754]},"tippecanoe":{"minzoom":6}}
,
{"type":"Feature","properties":{"_area":2897274000,"OBJECTID_1":699,"OBJECTID":773,"Name_rgn":"Somontano","state":null,"official":1,"country":"Spain","class":"Denominación de Origen","altname":"D.O.Somontano","gen":1,"color":3,"ppt_yr":580,"ppt_gs":346,"GDD_1":1968,"style":null,"latitude":42.1174,"elev":null,"climate":null,"GI_area":null,"auv":null,"_bbox":[-0.334057257493694,41.816234481612106,0.51566802265209,42.36057888118829]},"geometry":{"type":"Point","coordinates":[0.00456,42.10914]},"tippecanoe":{"minzoom":5}}
,
{"type":"Feature","properties":{"_area":3224340291,"OBJECTID_1":700,"OBJECTID":774,"Name_rgn":"Sonoma Coast","state":"California","official":1,"country":"United States","class":"American Viticultural Area","altname":null,"gen":2,"color":1,"ppt_yr":952,"ppt_gs":157,"GDD_1":1548,"style":null,"latitude":38.4277,"elev":null,"climate":null,"GI_area":null,"auv":null,"_bbox":[-123.53375850000691,38.110579781926816,-122.34957725321338,38.778608941988146]},"geometry":{"type":"Point","coordinates":[-122.92901,38.45438]},"tippecanoe":{"minzoom":5}}
,
{"type":"Feature","properties":{"_area":590513205,"OBJECTID_1":701,"OBJECTID":775,"Name_rgn":"Sonoma Valley","state":"California","official":1,"country":"United States","class":"American Viticultural Area","altname":null,"gen":2,"color":4,"ppt_yr":871,"ppt_gs":141,"GDD_1":1846,"style":null,"latitude":38.3197,"elev":null,"climate":null,"GI_area":null,"auv":null,"_bbox":[-122.67477981156165,38.1160312443289,-122.34957725321338,38.471295993083196]},"geometry":{"type":"Point","coordinates":[-122.5433,38.37962]},"tippecanoe":{"minzoom":5}}
,
{"type":"Feature","properties":{"_area":136105371527,"OBJECTID_1":702,"OBJECTID":776,"Name_rgn":"South","state":null,"official":6,"country":"Uruguay","class":"Zone","altname":null,"gen":1,"color":1,"ppt_yr":1268,"ppt_gs":763,"GDD_1":2242,"style":null,"latitude":-33.5151,"elev":null,"climate":null,"GI_area":null,"auv":null,"_bbox":[-58.437702158381406,-34.97286343430803,-53.18258563088689,-31.651288020619656]},"geometry":{"type":"Point","coordinates":[-55.20776,-33.40695]},"tippecanoe":{"minzoom":3}}
,
{"type":"Feature","properties":{"_area":1525273225,"OBJECTID_1":703,"OBJECTID":779,"Name_rgn":"South Lebanon","state":"South Lebanon","official":6,"country":"Lebanon","class":"Region","altname":null,"gen":6,"color":5,"ppt_yr":789,"ppt_gs":85,"GDD_1":2926,"style":null,"latitude":33.36,"elev":null,"climate":null,"GI_area":null,"auv":null,"_bbox":[35.09961998798591,33.08397654227652,35.63485884036845,33.60691539223825]},"geometry":{"type":"Point","coordinates":[35.45046,33.45116]},"tippecanoe":{"minzoom":5}}
,
{"type":"Feature","properties":{"_area":5366190370,"OBJECTID_1":704,"OBJECTID":781,"Name_rgn":"Southern Flinders Ranges","state":"South Australia","official":1,"country":"Australia","class":"Region","altname":null,"gen":1,"color":2,"ppt_yr":404,"ppt_gs":189,"GDD_1":2158,"style":"Shiraz, Cabernet Sauvignon, Merlot, Riesling, Nebbiolo","latitude":-33.0042,"elev":null,"climate":"cold, arid steppe","GI_area":null,"auv":176,"_bbox":[137.91650644100585,-33.46741631565567,138.69346156614748,-32.54063606645439]},"geometry":{"type":"Point","coordinates":[138.34065,-32.97044]},"tippecanoe":{"minzoom":4}}
,
{"type":"Feature","properties":{"_area":462853599,"OBJECTID_1":705,"OBJECTID":784,"Name_rgn":"Ştefăneşti","state":null,"official":1,"country":"Romania","class":"D.O.C.","altname":"D.O.C. Ştefăneşti","gen":1,"color":3,"ppt_yr":613,"ppt_gs":432,"GDD_1":1708,"style":null,"latitude":44.855,"elev":null,"climate":null,"GI_area":null,"auv":null,"_bbox":[24.88728999977964,44.735061991786736,25.212863999819795,44.9880839917373]},"geometry":{"type":"Point","coordinates":[25.10325,44.86701]},"tippecanoe":{"minzoom":5}}
,
{"type":"Feature","properties":{"_area":990424371,"OBJECTID_1":706,"OBJECTID":785,"Name_rgn":"Stellenbosch","state":"Western Cape","official":1,"country":"South Africa","class":"District","altname":null,"gen":1,"color":2,"ppt_yr":665,"ppt_gs":202,"GDD_1":1982,"style":null,"latitude":-33.982,"elev":null,"climate":null,"GI_area":null,"auv":null,"_bbox":[18.66318893120144,-34.19307971616488,19.02484243063003,-33.796300132449936]},"geometry":{"type":"Point","coordinates":[18.85461,-34.00448]},"tippecanoe":{"minzoom":5}}
,
{"type":"Feature","properties":{"_area":2419286316,"OBJECTID_1":707,"OBJECTID":786,"Name_rgn":"Strathbogie Ranges","state":"Victoria","official":1,"country":"Australia","class":"Region","altname":null,"gen":1,"color":5,"ppt_yr":821,"ppt_gs":379,"GDD_1":1604,"style":"Pinot Noir, Chardonnay, Shiraz, Cabernet Sauvignon, Sauvignon Blanc","latitude":-36.8709,"elev":null,"climate":null,"GI_area":null,"auv":534,"_bbox":[145.20238500117807,-37.132846997444176,145.9772970007325,-36.59731699787881]},"geometry":{"type":"Point","coordinates":[145.5146,-36.95033]},"tippecanoe":{"minzoom":5}}
,
{"type":"Feature","properties":{"_area":5018306979,"OBJECTID_1":708,"OBJECTID":788,"Name_rgn":"Vulkanland Steiermark","state":"Styria","official":1,"country":"Austria","class":"Districtus Austriae Controllatus","altname":null,"gen":4,"color":0,"ppt_yr":940,"ppt_gs":697,"GDD_1":1264,"style":"Welschriesling, Weissburgunder, Morillon (Chardonnay), Sauvignon Blanc, Traminer","latitude":47.1376,"elev":null,"climate":null,"GI_area":null,"auv":1524,"_bbox":[15.308962500239717,46.65614549283952,16.171081000028927,47.57502599337368]},"geometry":{"type":"Point","coordinates":[15.77749,47.13393]},"tippecanoe":{"minzoom":4}}
,
{"type":"Feature","properties":{"_area":570492903,"OBJECTID_1":709,"OBJECTID":789,"Name_rgn":"Südsteiermark","state":"Styria","official":1,"country":"Austria","class":"Districtus Austriae Controllatus","altname":null,"gen":4,"color":5,"ppt_yr":1034,"ppt_gs":769,"GDD_1":1380,"style":"Sauvignon Blanc","latitude":46.7486,"elev":null,"climate":null,"GI_area":null,"auv":2563,"_bbox":[15.305904999728542,46.61198849272825,15.654344000155142,46.91313949332516]},"geometry":{"type":"Point","coordinates":[15.47354,46.74551]},"tippecanoe":{"minzoom":5}}
,
{"type":"Feature","properties":{"_area":77740370,"OBJECTID_1":710,"OBJECTID":790,"Name_rgn":"Suisun Valley","state":"California","official":1,"country":"United States","class":"American Viticultural Area","altname":null,"gen":2,"color":3,"ppt_yr":609,"ppt_gs":92,"GDD_1":2153,"style":null,"latitude":38.2681,"elev":null,"climate":null,"GI_area":null,"auv":null,"_bbox":[-122.13554322439946,38.210364057952404,-122.04975292898982,38.3159170146838]},"geometry":{"type":"Point","coordinates":[-122.09198,38.26465]},"tippecanoe":{"minzoom":6}}
,
{"type":"Feature","properties":{"_area":1428041107,"OBJECTID_1":711,"OBJECTID":791,"Name_rgn":"Sunbury","state":"Victoria","official":1,"country":"Australia","class":"Region","altname":null,"gen":1,"color":4,"ppt_yr":531,"ppt_gs":314,"GDD_1":1622,"style":"Shiraz, Chardonnay, Sauvignon Blanc, Cabernet Sauvignon, Pinot Noir","latitude":-37.6423,"elev":null,"climate":null,"GI_area":null,"auv":101,"_bbox":[144.43338800262933,-37.82404699667435,144.97302000212844,-37.451134997099686]},"geometry":{"type":"Point","coordinates":[144.76843,-37.63468]},"tippecanoe":{"minzoom":5}}
,
{"type":"Feature","properties":{"_area":4712303570,"OBJECTID_1":712,"OBJECTID":792,"Name_rgn":"Sussex","state":"England","official":3,"country":"United Kingdom","class":"Protected Designation of Origin","altname":null,"gen":1,"color":3,"ppt_yr":839,"ppt_gs":431,"GDD_1":1017,"style":null,"latitude":50.949,"elev":null,"climate":null,"GI_area":null,"auv":null,"_bbox":[-0.95761253793339,50.72291778306426,0.867877717653397,51.16728817230627]},"geometry":{"type":"Point","coordinates":[-0.16912,50.94814]},"tippecanoe":{"minzoom":4}}
,
{"type":"Feature","properties":{"_area":6884795655,"OBJECTID_1":713,"OBJECTID":793,"Name_rgn":"Sutherland-Karoo","state":"Northern Cape","official":1,"country":"South Africa","class":"District","altname":null,"gen":1,"color":0,"ppt_yr":206,"ppt_gs":118,"GDD_1":1741,"style":null,"latitude":-32.2696,"elev":null,"climate":null,"GI_area":null,"auv":null,"_bbox":[20.12532249415726,-32.71122892894677,21.231088057068337,-31.816077806463216]},"geometry":{"type":"Point","coordinates":[20.70621,-32.23262]},"tippecanoe":{"minzoom":4}}
,
{"type":"Feature","properties":{"_area":3719538012,"OBJECTID_1":714,"OBJECTID":795,"Name_rgn":"Swan Hill","state":"Victoria & New South Wales","official":1,"country":"Australia","class":"Region","altname":null,"gen":1,"color":2,"ppt_yr":315,"ppt_gs":174,"GDD_1":2304,"style":null,"latitude":-35.2969,"elev":null,"climate":null,"GI_area":null,"auv":2086,"_bbox":[143.14293585560353,-35.66766196543873,143.8722254186573,-34.856313276532404]},"geometry":{"type":"Point","coordinates":[143.56171,-35.43691]},"tippecanoe":{"minzoom":5}}
,
{"type":"Feature","properties":{"_area":13120275123,"OBJECTID_1":715,"OBJECTID":796,"Name_rgn":"Swartland","state":"Western Cape","official":1,"country":"South Africa","class":"District","altname":null,"gen":1,"color":5,"ppt_yr":347,"ppt_gs":96,"GDD_1":2330,"style":null,"latitude":-32.9902,"elev":null,"climate":null,"GI_area":null,"auv":null,"_bbox":[17.845905300530156,-33.803466785997855,19.176788671844992,-32.273700701589505]},"geometry":{"type":"Point","coordinates":[18.5185,-32.95542]},"tippecanoe":{"minzoom":4}}
,
{"type":"Feature","properties":{"_area":3352186664,"OBJECTID_1":716,"OBJECTID":797,"Name_rgn":"Swellendam","state":"Western Cape","official":1,"country":"South Africa","class":"District","altname":null,"gen":1,"color":1,"ppt_yr":370,"ppt_gs":180,"GDD_1":2339,"style":null,"latitude":-34.1665,"elev":null,"climate":null,"GI_area":null,"auv":null,"_bbox":[19.880990979467622,-34.474155415964425,20.87190818645387,-33.9491131843618]},"geometry":{"type":"Point","coordinates":[20.51525,-34.17728]},"tippecanoe":{"minzoom":5}}
,
{"type":"Feature","properties":{"_area":532575423,"OBJECTID_1":717,"OBJECTID":798,"Name_rgn":"Tacoronte-Acentejo","state":null,"official":1,"country":"Spain","class":"Denominación de Origen","altname":"D.O.Tacoronte-Acentejo","gen":1,"color":1,"ppt_yr":339,"ppt_gs":82,"GDD_1":2020,"style":null,"latitude":28.49,"elev":null,"climate":null,"GI_area":null,"auv":null,"_bbox":[-16.508935090377236,28.372005298383208,-16.118520199954197,28.605303688850086]},"geometry":{"type":"Point","coordinates":[-16.34718,28.47726]},"tippecanoe":{"minzoom":5}}
,
{"type":"Feature","properties":{"_area":3452931214,"OBJECTID_1":718,"OBJECTID":799,"Name_rgn":"Tafí","state":"Tucumán","official":1,"country":"Argentina","class":"Indicación Geográfica","altname":null,"gen":3,"color":1,"ppt_yr":231,"ppt_gs":223,"GDD_1":1358,"style":null,"latitude":-26.592,"elev":null,"climate":null,"GI_area":null,"auv":null,"_bbox":[-66.17802132315484,-27.100762683212867,-65.62306542136473,-26.220485676788915]},"geometry":{"type":"Point","coordinates":[-65.9271,-26.54093]},"tippecanoe":{"minzoom":5}}
,
{"type":"Feature","properties":{"_area":3927384115,"OBJECTID_1":719,"OBJECTID":800,"Name_rgn":"Târnave","state":null,"official":1,"country":"Romania","class":"D.O.C.","altname":"D.O.C. Târnave","gen":1,"color":4,"ppt_yr":619,"ppt_gs":461,"GDD_1":1402,"style":null,"latitude":46.2024,"elev":null,"climate":null,"GI_area":null,"auv":null,"_bbox":[23.6798479998013,45.891293990640435,24.886244000564535,46.51669399053011]},"geometry":{"type":"Point","coordinates":[24.17699,46.13681]},"tippecanoe":{"minzoom":4}}
,
{"type":"Feature","properties":{"_area":3574580817,"OBJECTID_1":720,"OBJECTID":801,"Name_rgn":"Tarragona","state":null,"official":1,"country":"Spain","class":"Denominación de Origen","altname":"D.O.Tarragona","gen":1,"color":1,"ppt_yr":521,"ppt_gs":313,"GDD_1":2198,"style":null,"latitude":41.1731,"elev":null,"climate":null,"GI_area":null,"auv":null,"_bbox":[0.366307392437927,40.93072053241921,1.456005901976274,41.448582302037764]},"geometry":{"type":"Point","coordinates":[0.74509,41.15172]},"tippecanoe":{"minzoom":5}}
,
{"type":"Feature","properties":{"_area":1352179110,"OBJECTID_1":721,"OBJECTID":802,"Name_rgn":"Taunggyi","state":null,"official":6,"country":"Myanmar","class":"Region","altname":"တောင်ကြီးမြို့","gen":5,"color":1,"ppt_yr":1624,"ppt_gs":1527,"GDD_1":2742,"style":null,"latitude":20.5873,"elev":null,"climate":null,"GI_area":null,"auv":null,"_bbox":[96.70743904041018,20.320709765072188,96.98671108323448,20.841425198352304]},"geometry":{"type":"Point","coordinates":[96.84817,20.60107]},"tippecanoe":{"minzoom":5}}
,
{"type":"Feature","properties":{"_area":69109804,"OBJECTID_1":722,"OBJECTID":803,"Name_rgn":"Tavel","state":null,"official":1,"country":"France","class":"Appellation d'origine protégée","altname":null,"gen":1,"color":1,"ppt_yr":776,"ppt_gs":472,"GDD_1":2127,"style":null,"latitude":44.0278,"elev":null,"climate":null,"GI_area":null,"auv":null,"_bbox":[4.632737581037882,43.99056591892263,4.807763563111309,44.07521674992496]},"geometry":{"type":"Point","coordinates":[4.71408,44.02165]},"tippecanoe":{"minzoom":6}}
,
{"type":"Feature","properties":{"_area":496099981,"OBJECTID_1":723,"OBJECTID":804,"Name_rgn":"Temecula Valley","state":"California","official":1,"country":"United States","class":"American Viticultural Area","altname":null,"gen":2,"color":4,"ppt_yr":330,"ppt_gs":58,"GDD_1":2304,"style":null,"latitude":33.5154,"elev":null,"climate":null,"GI_area":null,"auv":null,"_bbox":[-117.37093699488504,33.443641996884,-116.97087226603443,33.60669786797286]},"geometry":{"type":"Point","coordinates":[-117.21425,33.52135]},"tippecanoe":{"minzoom":5}}
,
{"type":"Feature","properties":{"_area":963068661,"OBJECTID_1":724,"OBJECTID":805,"Name_rgn":"Terra Alta","state":null,"official":1,"country":"Spain","class":"Denominación de Origen","altname":"D.O.Terra Alta","gen":1,"color":0,"ppt_yr":482,"ppt_gs":281,"GDD_1":2027,"style":null,"latitude":41.0548,"elev":null,"climate":null,"GI_area":null,"auv":null,"_bbox":[0.20090921221997,40.8157677028725,0.571202602050038,41.23867564199493]},"geometry":{"type":"Point","coordinates":[0.38208,41.0736]},"tippecanoe":{"minzoom":5}}
,
{"type":"Feature","properties":{"_area":1385356796,"OBJECTID_1":725,"OBJECTID":806,"Name_rgn":"Terrasses du Larzac","state":null,"official":1,"country":"France","class":"Appellation d'origine protégée","altname":null,"gen":1,"color":3,"ppt_yr":659,"ppt_gs":367,"GDD_1":1887,"style":null,"latitude":43.7534,"elev":null,"climate":null,"GI_area":null,"auv":null,"_bbox":[3.241753980622804,43.61256927668745,3.829015318544349,43.97201469050319]},"geometry":{"type":"Point","coordinates":[3.6356,43.78317]},"tippecanoe":{"minzoom":5}}
,
{"type":"Feature","properties":{"_area":1570975218,"OBJECTID_1":726,"OBJECTID":807,"Name_rgn":"Terre de Camargue","state":null,"official":1,"country":"France","class":"Indication géographique protégée","altname":null,"gen":1,"color":2,"ppt_yr":642,"ppt_gs":370,"GDD_1":2162,"style":null,"latitude":43.533,"elev":null,"climate":null,"GI_area":null,"auv":null,"_bbox":[4.230283242801677,43.329869723717735,4.876393966875763,43.76032355490346]},"geometry":{"type":"Point","coordinates":[4.62753,43.54804]},"tippecanoe":{"minzoom":5}}
,
{"type":"Feature","properties":{"_area":37246688052,"OBJECTID_1":727,"OBJECTID":808,"Name_rgn":"Terres du Midi","state":null,"official":1,"country":"France","class":"Indication géographique protégée","altname":null,"gen":1,"color":3,"ppt_yr":739,"ppt_gs":414,"GDD_1":1379,"style":null,"latitude":43.3952,"elev":null,"climate":null,"GI_area":null,"auv":null,"_bbox":[1.688420326580931,42.33305533269744,4.845553752143069,44.45979787394273]},"geometry":{"type":"Point","coordinates":[2.82968,43.15239]},"tippecanoe":{"minzoom":4}}
,
{"type":"Feature","properties":{"_area":6467010299,"OBJECTID_1":728,"OBJECTID":809,"Name_rgn":"Terroirs Landais","state":"Landes","official":1,"country":"France","class":"Indication géographique protégée","altname":null,"gen":1,"color":5,"ppt_yr":1189,"ppt_gs":595,"GDD_1":1697,"style":null,"latitude":43.746,"elev":null,"climate":null,"GI_area":null,"auv":null,"_bbox":[-1.482502085878836,43.487587330804345,0.076857929721289,44.08952444645122]},"geometry":{"type":"Point","coordinates":[-1.11158,43.78679]},"tippecanoe":{"minzoom":4}}
,
{"type":"Feature","properties":{"_area":1094744026,"OBJECTID_1":729,"OBJECTID":810,"Name_rgn":"The Hamptons, Long Island","state":"New York","official":1,"country":"United States","class":"American Viticultural Area","altname":null,"gen":2,"color":0,"ppt_yr":1204,"ppt_gs":654,"GDD_1":1721,"style":null,"latitude":40.9339,"elev":null,"climate":null,"GI_area":null,"auv":null,"_bbox":[-72.72945525626864,40.77135380021964,-71.85620530868736,41.12415706985087]},"geometry":{"type":"Point","coordinates":[-72.13548,41.04009]},"tippecanoe":{"minzoom":5}}
,
{"type":"Feature","properties":{"_area":3929136799,"OBJECTID_1":730,"OBJECTID":811,"Name_rgn":"Thermenregion","state":"Lower Austria","official":1,"country":"Austria","class":"Districtus Austriae Controllatus","altname":null,"gen":4,"color":4,"ppt_yr":843,"ppt_gs":603,"GDD_1":1148,"style":"Zierfandler, Rotgipfler, Sankt Laurent, Pinot Noir","latitude":47.8173,"elev":null,"climate":null,"GI_area":null,"auv":2181,"_bbox":[15.601352999585803,47.42133749340369,16.559334499860903,48.17158799374474]},"geometry":{"type":"Point","coordinates":[16.10579,47.81881]},"tippecanoe":{"minzoom":4}}
,
{"type":"Feature","properties":{"_area":8934141513,"OBJECTID_1":731,"OBJECTID":812,"Name_rgn":"Thompson Valley","state":"British Columbia","official":1,"country":"Canada","class":"Geographical Indication","altname":null,"gen":3,"color":1,"ppt_yr":378,"ppt_gs":239,"GDD_1":1022,"style":null,"latitude":50.7489,"elev":null,"climate":null,"GI_area":null,"auv":null,"_bbox":[-121.55900908969713,50.39905704135813,-119.44683673313615,51.12026079457271]},"geometry":{"type":"Point","coordinates":[-120.35818,50.75473]},"tippecanoe":{"minzoom":4}}
,
{"type":"Feature","properties":{"_area":143039908079,"OBJECTID_1":732,"OBJECTID":815,"Name_rgn":"Tidal Bay","state":"Nova Scotia","official":1,"country":"Canada","class":"Appellation","altname":null,"gen":1,"color":3,"ppt_yr":1395,"ppt_gs":738,"GDD_1":917,"style":null,"latitude":45.1615,"elev":null,"climate":null,"GI_area":null,"auv":null,"_bbox":[-66.39562037007275,43.38988518244104,-59.68318167245382,47.22952208280022]},"geometry":{"type":"Point","coordinates":[-61.20189,45.3233]},"tippecanoe":{"minzoom":3}}
,
{"type":"Feature","properties":{"_area":5347830994,"OBJECTID_1":733,"OBJECTID":816,"Name_rgn":"Tierra de León","state":null,"official":1,"country":"Spain","class":"Denominación de Origen","altname":"D.O.Tierra de León","gen":1,"color":3,"ppt_yr":564,"ppt_gs":283,"GDD_1":1626,"style":null,"latitude":42.2884,"elev":null,"climate":null,"GI_area":null,"auv":null,"_bbox":[-6.191336516081535,41.967389980880235,-4.903240286228268,42.64033675992088]},"geometry":{"type":"Point","coordinates":[-5.41127,42.28875]},"tippecanoe":{"minzoom":4}}
,
{"type":"Feature","properties":{"_area":2917400480,"OBJECTID_1":734,"OBJECTID":817,"Name_rgn":"Tierra del Vino de Zamora","state":null,"official":1,"country":"Spain","class":"Denominación de Origen","altname":"D.O.Tierra del Vino de Zamora","gen":1,"color":0,"ppt_yr":613,"ppt_gs":289,"GDD_1":1694,"style":null,"latitude":41.3372,"elev":null,"climate":null,"GI_area":null,"auv":null,"_bbox":[-5.978573726463869,41.0676998814729,-5.287961236663902,41.67060228024902]},"geometry":{"type":"Point","coordinates":[-5.70244,41.3509]},"tippecanoe":{"minzoom":5}}
,
{"type":"Feature","properties":{"_area":30426567714,"OBJECTID_1":735,"OBJECTID":818,"Name_rgn":"Tinogasta","state":"Catamarca","official":1,"country":"Argentina","class":"Indicación Geográfica","altname":null,"gen":3,"color":2,"ppt_yr":104,"ppt_gs":91,"GDD_1":862,"style":null,"latitude":-27.5429,"elev":null,"climate":null,"GI_area":null,"auv":null,"_bbox":[-69.09526410594002,-28.384526169351304,-66.84527335126499,-26.700069850278407]},"geometry":{"type":"Point","coordinates":[-67.78792,-27.52955]},"tippecanoe":{"minzoom":4}}
,
{"type":"Feature","properties":{"_area":969719932,"OBJECTID_1":736,"OBJECTID":819,"Name_rgn":"Toro","state":null,"official":1,"country":"Spain","class":"Denominación de Origen","altname":"D.O.Toro","gen":1,"color":4,"ppt_yr":508,"ppt_gs":255,"GDD_1":1747,"style":null,"latitude":41.4422,"elev":null,"climate":null,"GI_area":null,"auv":null,"_bbox":[-5.630406707159201,41.273358421446424,-5.167189016056442,41.58242139077329]},"geometry":{"type":"Point","coordinates":[-5.44328,41.43634]},"tippecanoe":{"minzoom":5}}
,
{"type":"Feature","properties":{"_area":6974837176,"OBJECTID_1":737,"OBJECTID":820,"Name_rgn":"Touraine","state":null,"official":1,"country":"France","class":"Appellation d'origine protégée","altname":null,"gen":1,"color":4,"ppt_yr":685,"ppt_gs":379,"GDD_1":1466,"style":null,"latitude":47.3112,"elev":null,"climate":null,"GI_area":null,"auv":null,"_bbox":[0.053277541585398,46.756037760427674,1.568321958319186,47.62062015734526]},"geometry":{"type":"Point","coordinates":[0.91533,47.16722]},"tippecanoe":{"minzoom":4}}
,
{"type":"Feature","properties":{"_area":225987953,"OBJECTID_1":738,"OBJECTID":821,"Name_rgn":"Touraine Amboise","state":null,"official":1,"country":"France","class":"Appellation d'origine protégée","altname":null,"gen":1,"color":0,"ppt_yr":679,"ppt_gs":376,"GDD_1":1465,"style":null,"latitude":47.4454,"elev":null,"climate":null,"GI_area":null,"auv":null,"_bbox":[0.915788710256689,47.36407255078045,1.133366077233472,47.531573747067]},"geometry":{"type":"Point","coordinates":[1.01982,47.44455]},"tippecanoe":{"minzoom":6}}
,
{"type":"Feature","properties":{"_area":285562009,"OBJECTID_1":739,"OBJECTID":822,"Name_rgn":"Touraine Azay-le-Rideau","state":null,"official":1,"country":"France","class":"Appellation d'origine protégée","altname":null,"gen":1,"color":1,"ppt_yr":684,"ppt_gs":374,"GDD_1":1465,"style":null,"latitude":47.2532,"elev":null,"climate":null,"GI_area":null,"auv":null,"_bbox":[0.327072752853465,47.1848075666534,0.648593755554328,47.329374289009024]},"geometry":{"type":"Point","coordinates":[0.4835,47.26104]},"tippecanoe":{"minzoom":6}}
,
{"type":"Feature","properties":{"_area":771584650,"OBJECTID_1":740,"OBJECTID":823,"Name_rgn":"Touraine Chenonceaux","state":null,"official":1,"country":"France","class":"Appellation d'origine protégée","altname":null,"gen":1,"color":4,"ppt_yr":686,"ppt_gs":386,"GDD_1":1465,"style":null,"latitude":47.3039,"elev":null,"climate":null,"GI_area":null,"auv":null,"_bbox":[0.844178275792814,47.186225406916876,1.534835007620496,47.38365315817034]},"geometry":{"type":"Point","coordinates":[1.30767,47.28417]},"tippecanoe":{"minzoom":5}}
,
{"type":"Feature","properties":{"_area":191675900,"OBJECTID_1":741,"OBJECTID":824,"Name_rgn":"Touraine Mesland","state":null,"official":1,"country":"France","class":"Appellation d'origine protégée","altname":null,"gen":1,"color":5,"ppt_yr":674,"ppt_gs":376,"GDD_1":1465,"style":null,"latitude":47.5338,"elev":null,"climate":null,"GI_area":null,"auv":null,"_bbox":[1.045035116231702,47.46182252396991,1.285638838986245,47.60733940631918]},"geometry":{"type":"Point","coordinates":[1.17407,47.54424]},"tippecanoe":{"minzoom":6}}
,
{"type":"Feature","properties":{"_area":167127548,"OBJECTID_1":742,"OBJECTID":825,"Name_rgn":"Touraine Noble Joué","state":null,"official":1,"country":"France","class":"Appellation d'origine protégée","altname":null,"gen":1,"color":2,"ppt_yr":680,"ppt_gs":373,"GDD_1":1465,"style":null,"latitude":47.3247,"elev":null,"climate":null,"GI_area":null,"auv":null,"_bbox":[0.610164488859725,47.25172421205993,0.828030218635979,47.37862417877682]},"geometry":{"type":"Point","coordinates":[0.75838,47.32162]},"tippecanoe":{"minzoom":6}}
,
{"type":"Feature","properties":{"_area":296127535,"OBJECTID_1":743,"OBJECTID":826,"Name_rgn":"Touraine Oisly","state":null,"official":1,"country":"France","class":"Appellation d'origine protégée","altname":null,"gen":1,"color":5,"ppt_yr":681,"ppt_gs":388,"GDD_1":1465,"style":null,"latitude":47.3763,"elev":null,"climate":null,"GI_area":null,"auv":null,"_bbox":[1.272536054472895,47.284843783049084,1.568321958319186,47.45586219470504]},"geometry":{"type":"Point","coordinates":[1.44756,47.37436]},"tippecanoe":{"minzoom":6}}
,
{"type":"Feature","properties":{"_area":1056197475,"OBJECTID_1":744,"OBJECTID":827,"Name_rgn":"Tualatin Hills","state":"Oregon","official":1,"country":"United States","class":"American Viticultural Area","altname":null,"gen":6,"color":5,"ppt_yr":1467,"ppt_gs":432,"GDD_1":1238,"style":null,"latitude":45.597,"elev":null,"climate":null,"GI_area":null,"auv":null,"_bbox":[-123.37501457228969,45.43363740712155,-122.8626028769656,45.76529240516832]},"geometry":{"type":"Point","coordinates":[-123.16838,45.59364]},"tippecanoe":{"minzoom":5}}
,
{"type":"Feature","properties":{"_area":810344680,"OBJECTID_1":745,"OBJECTID":828,"Name_rgn":"Tulbagh","state":"Western Cape","official":1,"country":"South Africa","class":"District","altname":null,"gen":1,"color":3,"ppt_yr":434,"ppt_gs":128,"GDD_1":2272,"style":null,"latitude":-33.272,"elev":null,"climate":null,"GI_area":null,"auv":null,"_bbox":[18.931898113994478,-33.41860427191161,19.263400987723276,-33.091700143790696]},"geometry":{"type":"Point","coordinates":[19.0896,-33.26218]},"tippecanoe":{"minzoom":5}}
,
{"type":"Feature","properties":{"_area":3619811684,"OBJECTID_1":746,"OBJECTID":830,"Name_rgn":"Tunuyán","state":"Mendoza","official":1,"country":"Argentina","class":"Indicación Geográfica","altname":null,"gen":3,"color":4,"ppt_yr":398,"ppt_gs":158,"GDD_1":508,"style":null,"latitude":-33.6232,"elev":null,"climate":null,"GI_area":null,"auv":null,"_bbox":[-69.90467331683313,-33.87228422005716,-68.99836624984017,-33.36043725211426]},"geometry":{"type":"Point","coordinates":[-69.63225,-33.62286]},"tippecanoe":{"minzoom":5}}
,
{"type":"Feature","properties":{"_area":2847266660,"OBJECTID_1":747,"OBJECTID":831,"Name_rgn":"Tupungato","state":"Mendoza","official":1,"country":"Argentina","class":"Indicación Geográfica","altname":"Valle de Tupungato","gen":3,"color":1,"ppt_yr":326,"ppt_gs":171,"GDD_1":1091,"style":null,"latitude":-33.2936,"elev":null,"climate":null,"GI_area":null,"auv":null,"_bbox":[-69.7703467313139,-33.54645599975526,-68.79826114029227,-33.03330761973493]},"geometry":{"type":"Point","coordinates":[-69.4366,-33.24879]},"tippecanoe":{"minzoom":5}}
,
{"type":"Feature","properties":{"_area":573086940,"OBJECTID_1":748,"OBJECTID":832,"Name_rgn":"Tursan","state":null,"official":1,"country":"France","class":"Appellation d'origine protégée","altname":null,"gen":1,"color":3,"ppt_yr":1254,"ppt_gs":647,"GDD_1":1666,"style":null,"latitude":43.6784,"elev":null,"climate":null,"GI_area":null,"auv":null,"_bbox":[-0.573659188026528,43.550841605187294,-0.194143299129317,43.785413388365285]},"geometry":{"type":"Point","coordinates":[-0.34229,43.66126]},"tippecanoe":{"minzoom":5}}
,
{"type":"Feature","properties":{"_area":3493639080,"OBJECTID_1":749,"OBJECTID":833,"Name_rgn":"Uclés","state":null,"official":1,"country":"Spain","class":"Denominación de Origen","altname":"D.O.Uclés","gen":1,"color":2,"ppt_yr":443,"ppt_gs":225,"GDD_1":2088,"style":null,"latitude":39.9478,"elev":null,"climate":null,"GI_area":null,"auv":null,"_bbox":[-3.350850968162484,39.63980498366313,-2.459271157720202,40.30404164233498]},"geometry":{"type":"Point","coordinates":[-2.98176,39.90252]},"tippecanoe":{"minzoom":5}}
,
{"type":"Feature","properties":{"_area":5664426022,"OBJECTID_1":750,"OBJECTID":834,"Name_rgn":"Ullum","state":"San Juan","official":1,"country":"Argentina","class":"Indicación Geográfica","altname":null,"gen":3,"color":1,"ppt_yr":169,"ppt_gs":140,"GDD_1":1486,"style":null,"latitude":-31.0862,"elev":null,"climate":null,"GI_area":null,"auv":null,"_bbox":[-69.2505614584235,-31.52181820786852,-68.50005652703506,-30.551800320928045]},"geometry":{"type":"Point","coordinates":[-68.87164,-31.11212]},"tippecanoe":{"minzoom":4}}
,
{"type":"Feature","properties":{"_area":5365497028,"OBJECTID_1":751,"OBJECTID":835,"Name_rgn":"Umpqua Valley","state":"Oregon","official":1,"country":"United States","class":"American Viticultural Area","altname":null,"gen":2,"color":5,"ppt_yr":1246,"ppt_gs":358,"GDD_1":1514,"style":null,"latitude":43.4062,"elev":null,"climate":null,"GI_area":null,"auv":null,"_bbox":[-123.83303351970555,42.88559357258197,-122.94003850246632,43.779600822454526]},"geometry":{"type":"Point","coordinates":[-123.32854,43.24968]},"tippecanoe":{"minzoom":4}}
,
{"type":"Feature","properties":{"_area":6938518552,"OBJECTID_1":752,"OBJECTID":836,"Name_rgn":"Upper Goulburn","state":"Victoria","official":1,"country":"Australia","class":"Region","altname":null,"gen":1,"color":2,"ppt_yr":969,"ppt_gs":446,"GDD_1":1499,"style":"Pinot Noir, Chardonnay, Pinot Gris/Grigio, Riesling, Cabernet Sauvignon","latitude":-37.1611,"elev":null,"climate":null,"GI_area":null,"auv":289,"_bbox":[145.06931300188631,-37.48872299768229,146.43900000111233,-36.769561997698574]},"geometry":{"type":"Point","coordinates":[146.01462,-37.09122]},"tippecanoe":{"minzoom":4}}
,
{"type":"Feature","properties":{"_area":3640854703,"OBJECTID_1":753,"OBJECTID":837,"Name_rgn":"Urfé","state":null,"official":1,"country":"France","class":"Indication géographique protégée","altname":null,"gen":1,"color":5,"ppt_yr":752,"ppt_gs":507,"GDD_1":1291,"style":null,"latitude":45.8064,"elev":null,"climate":null,"GI_area":null,"auv":null,"_bbox":[3.776128570158725,45.412957705774375,4.404057563562114,46.21449063113033]},"geometry":{"type":"Point","coordinates":[4.08825,45.79008]},"tippecanoe":{"minzoom":5}}
,
{"type":"Feature","properties":{"_area":2217847765,"OBJECTID_1":754,"OBJECTID":839,"Name_rgn":"Utiel-Requena","state":null,"official":1,"country":"Spain","class":"Denominación de Origen","altname":"D.O.Utiel-Requena","gen":1,"color":4,"ppt_yr":378,"ppt_gs":237,"GDD_1":2081,"style":null,"latitude":39.5046,"elev":null,"climate":null,"GI_area":null,"auv":null,"_bbox":[-1.528915618344539,39.26566012380623,-0.853201088355464,39.83325812296166]},"geometry":{"type":"Point","coordinates":[-1.21685,39.52341]},"tippecanoe":{"minzoom":5}}
,
{"type":"Feature","properties":{"_area":54035907,"OBJECTID_1":755,"OBJECTID":840,"Name_rgn":"Vacqueyras","state":null,"official":1,"country":"France","class":"Appellation d'origine protégée","altname":null,"gen":1,"color":3,"ppt_yr":758,"ppt_gs":468,"GDD_1":2163,"style":null,"latitude":44.1082,"elev":null,"climate":null,"GI_area":null,"auv":null,"_bbox":[4.914860312432027,44.0539787164083,4.999922111875487,44.16321317726964]},"geometry":{"type":"Point","coordinates":[4.95673,44.09983]},"tippecanoe":{"minzoom":6}}
,
{"type":"Feature","properties":{"_area":995513784,"OBJECTID_1":756,"OBJECTID":842,"Name_rgn":"Valdeorras","state":null,"official":1,"country":"Spain","class":"Denominación de Origen","altname":"D.O.Valdeorras","gen":1,"color":4,"ppt_yr":1259,"ppt_gs":551,"GDD_1":1320,"style":null,"latitude":42.3842,"elev":null,"climate":null,"GI_area":null,"auv":null,"_bbox":[-7.198059576000251,42.219036909995076,-6.73395326602854,42.520543939690945]},"geometry":{"type":"Point","coordinates":[-7.00196,42.37273]},"tippecanoe":{"minzoom":5}}
,
{"type":"Feature","properties":{"_area":4586279380,"OBJECTID_1":757,"OBJECTID":843,"Name_rgn":"Valdepedas","state":null,"official":1,"country":"Spain","class":"Denominación de Origen","altname":"D.O.Valdepenas","gen":1,"color":2,"ppt_yr":422,"ppt_gs":200,"GDD_1":2290,"style":null,"latitude":38.7557,"elev":null,"climate":null,"GI_area":null,"auv":null,"_bbox":[-3.815814897939404,38.4547591537048,-2.733636558445196,39.09888957393115]},"geometry":{"type":"Point","coordinates":[-3.04902,38.7611]},"tippecanoe":{"minzoom":4}}
,
{"type":"Feature","properties":{"_area":1295678865,"OBJECTID_1":759,"OBJECTID":846,"Name_rgn":"Valle de Casablanca","state":null,"official":1,"country":"Chile","class":"Subregión","altname":null,"gen":1,"color":5,"ppt_yr":392,"ppt_gs":38,"GDD_1":1603,"style":null,"latitude":-33.3158,"elev":null,"climate":null,"GI_area":null,"auv":null,"_bbox":[-71.70753129857412,-33.489291951841544,-71.19539463325398,-33.15517220019423]},"geometry":{"type":"Point","coordinates":[-71.45498,-33.32811]},"tippecanoe":{"minzoom":5}}
,
{"type":"Feature","properties":{"_area":41833226413,"OBJECTID_1":760,"OBJECTID":847,"Name_rgn":"Valle de Copiapó","state":null,"official":1,"country":"Chile","class":"Subregión","altname":null,"gen":1,"color":5,"ppt_yr":37,"ppt_gs":17,"GDD_1":710,"style":null,"latitude":-27.4916,"elev":null,"climate":null,"GI_area":null,"auv":null,"_bbox":[-71.14359153786697,-28.64358702393885,-68.26421609951498,-26.64262157908792]},"geometry":{"type":"Point","coordinates":[-69.97652,-27.56641]},"tippecanoe":{"minzoom":3}}
,
{"type":"Feature","properties":{"_area":10014153929,"OBJECTID_1":761,"OBJECTID":848,"Name_rgn":"Valle de Curicó","state":null,"official":1,"country":"Chile","class":"Subregión","altname":null,"gen":1,"color":2,"ppt_yr":685,"ppt_gs":121,"GDD_1":1291,"style":null,"latitude":-35.1206,"elev":null,"climate":null,"GI_area":null,"auv":null,"_bbox":[-72.15687113154992,-35.62802565474606,-70.35797962950487,-34.68457393033705]},"geometry":{"type":"Point","coordinates":[-70.69655,-35.23461]},"tippecanoe":{"minzoom":4}}
,
{"type":"Feature","properties":{"_area":211434071,"OBJECTID_1":762,"OBJECTID":849,"Name_rgn":"Valle de Güímar","state":null,"official":1,"country":"Spain","class":"Denominación de Origen","altname":"D.O.Valle de Güímar","gen":1,"color":3,"ppt_yr":326,"ppt_gs":76,"GDD_1":2163,"style":null,"latitude":28.3282,"elev":null,"climate":null,"GI_area":null,"auv":null,"_bbox":[-16.5121749991967,28.234269888566164,-16.337332789972553,28.414886578841532]},"geometry":{"type":"Point","coordinates":[-16.42817,28.31554]},"tippecanoe":{"minzoom":6}}
,
{"type":"Feature","properties":{"_area":330969323,"OBJECTID_1":763,"OBJECTID":850,"Name_rgn":"Valle de la Orotava","state":null,"official":1,"country":"Spain","class":"Denominación de Origen","altname":"D.O.Valle de la Orotava","gen":1,"color":2,"ppt_yr":374,"ppt_gs":91,"GDD_1":1216,"style":null,"latitude":28.3142,"elev":null,"climate":null,"GI_area":null,"auv":null,"_bbox":[-16.687252129545726,28.198383448383208,-16.46348610957477,28.424870798207163]},"geometry":{"type":"Point","coordinates":[-16.57144,28.33693]},"tippecanoe":{"minzoom":6}}
,
{"type":"Feature","properties":{"_area":17924493197,"OBJECTID_1":764,"OBJECTID":851,"Name_rgn":"Valle de Osorno","state":null,"official":1,"country":"Chile","class":"Subregión","altname":null,"gen":1,"color":4,"ppt_yr":1635,"ppt_gs":597,"GDD_1":843,"style":null,"latitude":-40.4018,"elev":null,"climate":null,"GI_area":null,"auv":null,"_bbox":[-73.94725184726951,-41.06438208891046,-71.65717167367781,-39.89639911546001]},"geometry":{"type":"Point","coordinates":[-73.25547,-40.50263]},"tippecanoe":{"minzoom":4}}
,
{"type":"Feature","properties":{"_area":2456097873,"OBJECTID_1":765,"OBJECTID":852,"Name_rgn":"Valle de San Antonio","state":null,"official":1,"country":"Chile","class":"Subregión","altname":null,"gen":1,"color":1,"ppt_yr":382,"ppt_gs":47,"GDD_1":1862,"style":null,"latitude":-33.6472,"elev":null,"climate":null,"GI_area":null,"auv":null,"_bbox":[-71.84324927116221,-33.956064288390266,-71.32803223152888,-33.251941773396766]},"geometry":{"type":"Point","coordinates":[-71.55193,-33.63456]},"tippecanoe":{"minzoom":5}}
,
{"type":"Feature","properties":{"_area":20526796557,"OBJECTID_1":766,"OBJECTID":853,"Name_rgn":"Valle de Uco","state":"Mendoza","official":1,"country":"Argentina","class":"Indicación Geográfica","altname":null,"gen":3,"color":4,"ppt_yr":365,"ppt_gs":185,"GDD_1":1054,"style":null,"latitude":-33.8807,"elev":null,"climate":null,"GI_area":null,"auv":null,"_bbox":[-69.97842490374298,-34.70167185028885,-68.29129099968317,-33.03330761973493]},"geometry":{"type":"Point","coordinates":[-69.2143,-33.85934]},"tippecanoe":{"minzoom":4}}
,
{"type":"Feature","properties":{"_area":5429333520,"OBJECTID_1":767,"OBJECTID":854,"Name_rgn":"Valle del Aconcagua","state":null,"official":1,"country":"Chile","class":"Subregión","altname":null,"gen":1,"color":3,"ppt_yr":314,"ppt_gs":51,"GDD_1":1177,"style":null,"latitude":-32.7738,"elev":null,"climate":null,"GI_area":null,"auv":null,"_bbox":[-71.4522057307202,-33.089325176596745,-70.12307447395973,-32.430218776619384]},"geometry":{"type":"Point","coordinates":[-70.58584,-32.7971]},"tippecanoe":{"minzoom":4}}
,
{"type":"Feature","properties":{"_area":8376053146,"OBJECTID_1":768,"OBJECTID":855,"Name_rgn":"Valle del Bío-Bío","state":null,"official":1,"country":"Chile","class":"Subregión","altname":null,"gen":1,"color":1,"ppt_yr":1346,"ppt_gs":324,"GDD_1":1324,"style":null,"latitude":-37.5742,"elev":null,"climate":null,"GI_area":null,"auv":null,"_bbox":[-73.07084088810352,-38.18866981903506,-71.61277380619939,-36.91839361400911]},"geometry":{"type":"Point","coordinates":[-72.57774,-37.42886]},"tippecanoe":{"minzoom":4}}
,
{"type":"Feature","properties":{"_area":1313201156,"OBJECTID_1":769,"OBJECTID":856,"Name_rgn":"Valle del Cautín","state":null,"official":1,"country":"Chile","class":"Subregión","altname":null,"gen":1,"color":5,"ppt_yr":1108,"ppt_gs":319,"GDD_1":1213,"style":null,"latitude":-38.4409,"elev":null,"climate":null,"GI_area":null,"auv":null,"_bbox":[-73.00471372072661,-38.59430361812654,-72.23496695680075,-38.320508304079304]},"geometry":{"type":"Point","coordinates":[-72.76782,-38.45259]},"tippecanoe":{"minzoom":5}}
,
{"type":"Feature","properties":{"_area":8012995119,"OBJECTID_1":770,"OBJECTID":857,"Name_rgn":"Valle del Choapa","state":null,"official":1,"country":"Chile","class":"Subregión","altname":null,"gen":1,"color":0,"ppt_yr":211,"ppt_gs":34,"GDD_1":830,"style":null,"latitude":-31.7457,"elev":null,"climate":null,"GI_area":null,"auv":null,"_bbox":[-71.39659220288351,-32.282155493135384,-70.20808569465942,-31.27854798996046]},"geometry":{"type":"Point","coordinates":[-70.78992,-31.69508]},"tippecanoe":{"minzoom":4}}
,
{"type":"Feature","properties":{"_area":13498054282,"OBJECTID_1":771,"OBJECTID":858,"Name_rgn":"Valle del Elqui","state":null,"official":1,"country":"Chile","class":"Subregión","altname":null,"gen":1,"color":5,"ppt_yr":104,"ppt_gs":25,"GDD_1":473,"style":null,"latitude":-29.9221,"elev":null,"climate":null,"GI_area":null,"auv":null,"_bbox":[-71.34633780035136,-30.492360200740002,-69.8089807662825,-29.356652299554614]},"geometry":{"type":"Point","coordinates":[-70.42136,-29.89123]},"tippecanoe":{"minzoom":4}}
,
{"type":"Feature","properties":{"_area":23326360201,"OBJECTID_1":772,"OBJECTID":859,"Name_rgn":"Valle del Huasco","state":null,"official":1,"country":"Chile","class":"Subregión","altname":null,"gen":1,"color":1,"ppt_yr":43,"ppt_gs":10,"GDD_1":829,"style":null,"latitude":-28.7382,"elev":null,"climate":null,"GI_area":null,"auv":null,"_bbox":[-71.52803894051884,-29.53515116389007,-69.69210681988473,-27.96248396428926]},"geometry":{"type":"Point","coordinates":[-70.6772,-28.72732]},"tippecanoe":{"minzoom":4}}
,
{"type":"Feature","properties":{"_area":8058329706,"OBJECTID_1":773,"OBJECTID":860,"Name_rgn":"Valle del Itata","state":null,"official":1,"country":"Chile","class":"Subregión","altname":null,"gen":1,"color":3,"ppt_yr":988,"ppt_gs":204,"GDD_1":1443,"style":null,"latitude":-36.5262,"elev":null,"climate":null,"GI_area":null,"auv":null,"_bbox":[-72.88583699926751,-36.96359031863322,-71.62912985837883,-36.06460129318854]},"geometry":{"type":"Point","coordinates":[-72.44249,-36.50619]},"tippecanoe":{"minzoom":4}}
,
{"type":"Feature","properties":{"_area":15047952913,"OBJECTID_1":774,"OBJECTID":861,"Name_rgn":"Valle del Limarí","state":null,"official":1,"country":"Chile","class":"Subregión","altname":null,"gen":1,"color":1,"ppt_yr":136,"ppt_gs":16,"GDD_1":907,"style":null,"latitude":-30.7143,"elev":null,"climate":null,"GI_area":null,"auv":null,"_bbox":[-71.71907365643835,-31.3075358880837,-70.18098497690997,-30.20843529102345]},"geometry":{"type":"Point","coordinates":[-70.76595,-30.7494]},"tippecanoe":{"minzoom":4}}
,
{"type":"Feature","properties":{"_area":12457624270,"OBJECTID_1":775,"OBJECTID":862,"Name_rgn":"Valle del Maipo","state":null,"official":1,"country":"Chile","class":"Subregión","altname":null,"gen":1,"color":0,"ppt_yr":411,"ppt_gs":58,"GDD_1":1667,"style":null,"latitude":-33.5718,"elev":null,"climate":null,"GI_area":null,"auv":null,"_bbox":[-71.71449183526431,-34.18419587991328,-70.17586801135484,-32.92247902338834]},"geometry":{"type":"Point","coordinates":[-70.79223,-33.49727]},"tippecanoe":{"minzoom":4}}
,
{"type":"Feature","properties":{"_area":10346134490,"OBJECTID_1":776,"OBJECTID":863,"Name_rgn":"Valle del Malleco","state":null,"official":1,"country":"Chile","class":"Subregión","altname":null,"gen":1,"color":0,"ppt_yr":1347,"ppt_gs":359,"GDD_1":1186,"style":null,"latitude":-38.079,"elev":null,"climate":null,"GI_area":null,"auv":null,"_bbox":[-73.34113033683873,-38.481061814994156,-71.69321523775994,-37.58173277767603]},"geometry":{"type":"Point","coordinates":[-72.77334,-38.03359]},"tippecanoe":{"minzoom":4}}
,
{"type":"Feature","properties":{"_area":26591809600,"OBJECTID_1":777,"OBJECTID":864,"Name_rgn":"Valle del Maule","state":null,"official":1,"country":"Chile","class":"Subregión","altname":null,"gen":1,"color":1,"ppt_yr":796,"ppt_gs":162,"GDD_1":1287,"style":null,"latitude":-35.7955,"elev":null,"climate":null,"GI_area":null,"auv":null,"_bbox":[-72.64823753297894,-36.543564646267704,-70.31477207020212,-34.97143054497776]},"geometry":{"type":"Point","coordinates":[-71.86946,-35.68572]},"tippecanoe":{"minzoom":4}}
,
{"type":"Feature","properties":{"_area":20379951996,"OBJECTID_1":778,"OBJECTID":865,"Name_rgn":"Valle del Rapel","state":null,"official":1,"country":"Chile","class":"Subregión","altname":null,"gen":1,"color":4,"ppt_yr":580,"ppt_gs":94,"GDD_1":1388,"style":null,"latitude":-34.4367,"elev":null,"climate":null,"GI_area":null,"auv":null,"_bbox":[-72.0564538216939,-35.00648906244309,-70.00915975238101,-33.85057302332355]},"geometry":{"type":"Point","coordinates":[-70.66631,-34.42458]},"tippecanoe":{"minzoom":4}}
,
{"type":"Feature","properties":{"_area":7533500930,"OBJECTID_1":779,"OBJECTID":866,"Name_rgn":"Valle Fértil","state":"San Juan","official":1,"country":"Argentina","class":"Indicación Geográfica","altname":null,"gen":3,"color":0,"ppt_yr":277,"ppt_gs":258,"GDD_1":2336,"style":null,"latitude":-30.7151,"elev":null,"climate":null,"GI_area":null,"auv":null,"_bbox":[-68.35889318099366,-31.448518340943192,-67.07530292036851,-29.746719491181796]},"geometry":{"type":"Point","coordinates":[-67.3235,-31.00478]},"tippecanoe":{"minzoom":4}}
,
{"type":"Feature","properties":{"_area":284657404,"OBJECTID_1":780,"OBJECTID":867,"Name_rgn":"Vallée du Paradis","state":null,"official":1,"country":"France","class":"Indication géographique protégée","altname":null,"gen":1,"color":1,"ppt_yr":624,"ppt_gs":332,"GDD_1":1904,"style":null,"latitude":42.9907,"elev":null,"climate":null,"GI_area":null,"auv":null,"_bbox":[2.666480217298464,42.89842010418364,2.902622623382737,43.07169811008569]},"geometry":{"type":"Point","coordinates":[2.80795,42.98574]},"tippecanoe":{"minzoom":6}}
,
{"type":"Feature","properties":{"_area":2391952950,"OBJECTID_1":781,"OBJECTID":868,"Name_rgn":"Valles de Benavente","state":null,"official":1,"country":"Spain","class":"Vino de Calidad","altname":"V.C.Valles de Benavente","gen":1,"color":2,"ppt_yr":667,"ppt_gs":314,"GDD_1":1660,"style":null,"latitude":41.9894,"elev":null,"climate":null,"GI_area":null,"auv":null,"_bbox":[-6.214837226346708,41.734872931035774,-5.331006297019944,42.1657722099163]},"geometry":{"type":"Point","coordinates":[-5.69725,41.95621]},"tippecanoe":{"minzoom":5}}
,
{"type":"Feature","properties":{"_area":15004568610,"OBJECTID_1":782,"OBJECTID":869,"Name_rgn":"Valles del Famatina","state":"La Rioja","official":1,"country":"Argentina","class":"Indicación Geográfica","altname":"Famatina","gen":3,"color":5,"ppt_yr":171,"ppt_gs":156,"GDD_1":1883,"style":null,"latitude":-29.1336,"elev":null,"climate":null,"GI_area":null,"auv":null,"_bbox":[-68.56666599988799,-29.699999999779838,-67.24999999957195,-28.533333299776977]},"geometry":{"type":"Point","coordinates":[-67.79933,-29.12521]},"tippecanoe":{"minzoom":4}}
,
{"type":"Feature","properties":{"_area":395315527,"OBJECTID_1":783,"OBJECTID":870,"Name_rgn":"Valpolicella","state":"Veneto","official":1,"country":"Italy","class":"Denominazione di origine controllata","altname":null,"gen":5,"color":0,"ppt_yr":815,"ppt_gs":552,"GDD_1":1984,"style":null,"latitude":45.5052,"elev":null,"climate":null,"GI_area":null,"auv":null,"_bbox":[10.81278585558113,45.42277361816695,11.242729900051094,45.58098776313751]},"geometry":{"type":"Point","coordinates":[11.10573,45.49076]},"tippecanoe":{"minzoom":5}}
,
{"type":"Feature","properties":{"_area":395315527,"OBJECTID_1":784,"OBJECTID":871,"Name_rgn":"Valpolicella Ripasso","state":"Veneto","official":1,"country":"Italy","class":"Denominazione di origine controllata","altname":null,"gen":5,"color":0,"ppt_yr":815,"ppt_gs":552,"GDD_1":1984,"style":null,"latitude":45.5052,"elev":null,"climate":null,"GI_area":null,"auv":null,"_bbox":[10.81278585558113,45.42277361816695,11.242729900051094,45.58098776313751]},"geometry":{"type":"Point","coordinates":[11.10573,45.49076]},"tippecanoe":{"minzoom":5}}
,
{"type":"Feature","properties":{"_area":497220183,"OBJECTID_1":785,"OBJECTID":872,"Name_rgn":"Valtiendas","state":null,"official":1,"country":"Spain","class":"Vino de Calidad","altname":"V.C.Valtiendas","gen":1,"color":5,"ppt_yr":421,"ppt_gs":229,"GDD_1":1564,"style":null,"latitude":41.4693,"elev":null,"climate":null,"GI_area":null,"auv":null,"_bbox":[-4.100233957660014,41.29595857178768,-3.792422476886739,41.586082411472496]},"geometry":{"type":"Point","coordinates":[-3.95801,41.46199]},"tippecanoe":{"minzoom":5}}
,
{"type":"Feature","properties":{"_area":259659991,"OBJECTID_1":786,"OBJECTID":873,"Name_rgn":"Van Duzer Corridor","state":"Oregon","official":1,"country":"United States","class":"American Viticultural Area","altname":null,"gen":2,"color":3,"ppt_yr":1218,"ppt_gs":323,"GDD_1":1408,"style":null,"latitude":45.024,"elev":null,"climate":null,"GI_area":null,"auv":null,"_bbox":[-123.41344120063232,44.93307248924839,-123.15968176193297,45.08651382054653]},"geometry":{"type":"Point","coordinates":[-123.24621,45.01519]},"tippecanoe":{"minzoom":6}}
,
{"type":"Feature","properties":{"_area":1252164258,"OBJECTID_1":787,"OBJECTID":875,"Name_rgn":"Var Argens","state":"Var","official":1,"country":"France","class":"Indication géographique protégée","altname":"Argens","gen":1,"color":1,"ppt_yr":702,"ppt_gs":365,"GDD_1":1925,"style":null,"latitude":43.4915,"elev":null,"climate":null,"GI_area":null,"auv":null,"_bbox":[5.840382750289095,43.306041330015745,6.592588697363564,43.596536003444164]},"geometry":{"type":"Point","coordinates":[6.16095,43.45072]},"tippecanoe":{"minzoom":5}}
,
{"type":"Feature","properties":{"_area":1478522912,"OBJECTID_1":788,"OBJECTID":876,"Name_rgn":"Var Coteaux du Verdon","state":"Var","official":1,"country":"France","class":"Indication géographique protégée","altname":"Coteaux du Verdon","gen":1,"color":0,"ppt_yr":720,"ppt_gs":396,"GDD_1":1691,"style":null,"latitude":43.6445,"elev":null,"climate":null,"GI_area":null,"auv":null,"_bbox":[5.655965227771648,43.515160904488106,6.425081451623177,43.802497200477234]},"geometry":{"type":"Point","coordinates":[6.22446,43.66388]},"tippecanoe":{"minzoom":5}}
,
{"type":"Feature","properties":{"_area":987843358,"OBJECTID_1":789,"OBJECTID":877,"Name_rgn":"Var Sainte Baume","state":"Var","official":1,"country":"France","class":"Indication géographique protégée","altname":"Sainte Baume","gen":1,"color":2,"ppt_yr":699,"ppt_gs":371,"GDD_1":1627,"style":null,"latitude":43.3672,"elev":null,"climate":null,"GI_area":null,"auv":null,"_bbox":[5.668990383471392,43.212614873901956,6.175152848808595,43.5484684075456]},"geometry":{"type":"Point","coordinates":[5.90055,43.36939]},"tippecanoe":{"minzoom":5}}
,
{"type":"Feature","properties":{"_area":1683580911,"OBJECTID_1":790,"OBJECTID":878,"Name_rgn":"Vaucluse Aigues","state":null,"official":1,"country":"France","class":"Indication géographique protégée","altname":"Aigues","gen":1,"color":0,"ppt_yr":735,"ppt_gs":432,"GDD_1":1830,"style":null,"latitude":43.8367,"elev":null,"climate":null,"GI_area":null,"auv":null,"_bbox":[4.97380728706545,43.65868589690735,5.757332980351064,44.02331579988963]},"geometry":{"type":"Point","coordinates":[5.41357,43.8556]},"tippecanoe":{"minzoom":5}}
,
{"type":"Feature","properties":{"_area":1244128878,"OBJECTID_1":791,"OBJECTID":879,"Name_rgn":"Vaucluse Principauté d'Orange","state":null,"official":1,"country":"France","class":"Indication géographique protégée","altname":"Principauté d'Orange","gen":1,"color":5,"ppt_yr":803,"ppt_gs":496,"GDD_1":2135,"style":null,"latitude":44.2253,"elev":null,"climate":null,"GI_area":null,"auv":null,"_bbox":[4.649038030196157,44.032716117417394,5.172696363382915,44.43155558312749]},"geometry":{"type":"Point","coordinates":[4.84534,44.21656]},"tippecanoe":{"minzoom":5}}
,
{"type":"Feature","properties":{"_area":1532497838,"OBJECTID_1":792,"OBJECTID":880,"Name_rgn":"Velkopavlovická","state":"Jihomoravský","official":1,"country":"Czechia","class":"Chráněné označení původu","altname":null,"gen":3,"color":2,"ppt_yr":567,"ppt_gs":418,"GDD_1":1414,"style":null,"latitude":49.0215,"elev":null,"climate":null,"GI_area":null,"auv":null,"_bbox":[16.427988646625217,48.78972393752915,17.04614788549373,49.27716982548678]},"geometry":{"type":"Point","coordinates":[16.81119,49.02726]},"tippecanoe":{"minzoom":5}}
,
{"type":"Feature","properties":{"_area":1711490841,"OBJECTID_1":793,"OBJECTID":881,"Name_rgn":"Ventoux","state":null,"official":1,"country":"France","class":"Appellation d'origine protégée","altname":null,"gen":1,"color":3,"ppt_yr":793,"ppt_gs":472,"GDD_1":1773,"style":null,"latitude":43.9939,"elev":null,"climate":null,"GI_area":null,"auv":null,"_bbox":[4.950949758865591,43.78297459292426,5.607126673433535,44.2455545155302]},"geometry":{"type":"Point","coordinates":[5.21657,43.99439]},"tippecanoe":{"minzoom":5}}
,
{"type":"Feature","properties":{"_area":76638822,"OBJECTID_1":794,"OBJECTID":882,"Name_rgn":"Vézelay","state":null,"official":1,"country":"France","class":"Appellation d'origine protégée","altname":null,"gen":1,"color":4,"ppt_yr":762,"ppt_gs":447,"GDD_1":1321,"style":null,"latitude":47.4673,"elev":null,"climate":null,"GI_area":null,"auv":null,"_bbox":[3.673223104832147,47.4251905564547,3.835169499587737,47.51558728624483]},"geometry":{"type":"Point","coordinates":[3.75726,47.47251]},"tippecanoe":{"minzoom":6}}
,
{"type":"Feature","properties":{"_area":1855104924,"OBJECTID_1":795,"OBJECTID":883,"Name_rgn":"Vicenza","state":"Veneto","official":1,"country":"Italy","class":"Denominazione di origine controllata","altname":null,"gen":5,"color":0,"ppt_yr":970,"ppt_gs":613,"GDD_1":2083,"style":null,"latitude":45.5643,"elev":null,"climate":null,"GI_area":null,"auv":null,"_bbox":[11.259488872686564,45.2622350725347,11.836270857965687,45.80805084338125]},"geometry":{"type":"Point","coordinates":[11.51001,45.56819]},"tippecanoe":{"minzoom":5}}
,
{"type":"Feature","properties":{"_area":6334554458,"OBJECTID_1":796,"OBJECTID":884,"Name_rgn":"Vigneti Della Serenissima","state":"Veneto","official":1,"country":"Italy","class":"Denominazione di origine controllata","altname":null,"gen":5,"color":1,"ppt_yr":903,"ppt_gs":601,"GDD_1":1549,"style":null,"latitude":45.6398,"elev":null,"climate":null,"GI_area":null,"auv":null,"_bbox":[10.67412487725648,45.230012443902744,12.428186891092043,46.03932838347148]},"geometry":{"type":"Point","coordinates":[11.61424,45.57105]},"tippecanoe":{"minzoom":4}}
,
{"type":"Feature","properties":{"_area":10651634639,"OBJECTID_1":797,"OBJECTID":885,"Name_rgn":"Vin de Corse","state":null,"official":1,"country":"France","class":"Appellation d'origine protégée","altname":null,"gen":1,"color":4,"ppt_yr":693,"ppt_gs":306,"GDD_1":2039,"style":null,"latitude":42.1149,"elev":null,"climate":null,"GI_area":null,"auv":null,"_bbox":[8.539570923526394,41.36317648930767,9.559720921435451,43.011722909082906]},"geometry":{"type":"Point","coordinates":[9.05413,42.19852]},"tippecanoe":{"minzoom":4}}
,
{"type":"Feature","properties":{"_area":4092644764,"OBJECTID_1":798,"OBJECTID":886,"Name_rgn":"Vin de Savoie","state":null,"official":1,"country":"France","class":"Appellation d'origine protégée","altname":null,"gen":1,"color":5,"ppt_yr":1036,"ppt_gs":612,"GDD_1":1313,"style":null,"latitude":45.8454,"elev":null,"climate":null,"GI_area":null,"auv":null,"_bbox":[5.719407385561547,45.43230767461901,6.57721466009656,46.40478838593707]},"geometry":{"type":"Point","coordinates":[6.06161,45.86163]},"tippecanoe":{"minzoom":4}}
,
{"type":"Feature","properties":{"_area":87157912,"OBJECTID_1":799,"OBJECTID":887,"Name_rgn":"Vin de Savoie Abymes","state":null,"official":1,"country":"France","class":"Appellation d'origine protégée","altname":null,"gen":1,"color":3,"ppt_yr":1123,"ppt_gs":635,"GDD_1":1286,"style":null,"latitude":45.4819,"elev":null,"climate":null,"GI_area":null,"auv":null,"_bbox":[5.893882572805014,45.43230767461901,6.023518772154866,45.53639786337403]},"geometry":{"type":"Point","coordinates":[5.96504,45.48395]},"tippecanoe":{"minzoom":6}}
,
{"type":"Feature","properties":{"_area":61293935,"OBJECTID_1":800,"OBJECTID":888,"Name_rgn":"Vin de Savoie Apremont","state":null,"official":1,"country":"France","class":"Appellation d'origine protégée","altname":null,"gen":1,"color":1,"ppt_yr":1004,"ppt_gs":584,"GDD_1":1457,"style":null,"latitude":45.502,"elev":null,"climate":null,"GI_area":null,"auv":null,"_bbox":[5.893882572805014,45.45833757766029,6.023518772154866,45.54572656138496]},"geometry":{"type":"Point","coordinates":[5.95191,45.50545]},"tippecanoe":{"minzoom":6}}
,
{"type":"Feature","properties":{"_area":88819096,"OBJECTID_1":801,"OBJECTID":889,"Name_rgn":"Vin de Savoie Ayze","state":null,"official":1,"country":"France","class":"Appellation d'origine protégée","altname":null,"gen":1,"color":2,"ppt_yr":1118,"ppt_gs":643,"GDD_1":1257,"style":null,"latitude":46.0836,"elev":null,"climate":null,"GI_area":null,"auv":null,"_bbox":[6.347114341477928,46.04257147657761,6.528927917481255,46.12567698058485]},"geometry":{"type":"Point","coordinates":[6.41269,46.08088]},"tippecanoe":{"minzoom":6}}
,
{"type":"Feature","properties":{"_area":76809182,"OBJECTID_1":802,"OBJECTID":890,"Name_rgn":"Vin de Savoie Chautagne","state":null,"official":1,"country":"France","class":"Appellation d'origine protégée","altname":null,"gen":1,"color":5,"ppt_yr":1029,"ppt_gs":610,"GDD_1":1401,"style":null,"latitude":45.8588,"elev":null,"climate":null,"GI_area":null,"auv":null,"_bbox":[5.801109497520496,45.78131000926096,5.878940331440567,45.93845956012557]},"geometry":{"type":"Point","coordinates":[5.84063,45.85124]},"tippecanoe":{"minzoom":6}}
,
{"type":"Feature","properties":{"_area":31893774,"OBJECTID_1":803,"OBJECTID":891,"Name_rgn":"Vin de Savoie Chignin-Bergeron","state":null,"official":1,"country":"France","class":"Appellation d'origine protégée","altname":null,"gen":1,"color":0,"ppt_yr":971,"ppt_gs":567,"GDD_1":1422,"style":null,"latitude":45.5087,"elev":null,"climate":null,"GI_area":null,"auv":null,"_bbox":[5.990617749396817,45.4711824297646,6.074296947294902,45.53997469636893]},"geometry":{"type":"Point","coordinates":[6.0277,45.50719]},"tippecanoe":{"minzoom":7}}
,
{"type":"Feature","properties":{"_area":36352593,"OBJECTID_1":804,"OBJECTID":892,"Name_rgn":"Vin de Savoie Crépy","state":null,"official":1,"country":"France","class":"Appellation d'origine protégée","altname":null,"gen":1,"color":4,"ppt_yr":1028,"ppt_gs":616,"GDD_1":1401,"style":null,"latitude":46.2946,"elev":null,"climate":null,"GI_area":null,"auv":null,"_bbox":[6.27287691691629,46.263790128599744,6.385183876020328,46.325701623302656]},"geometry":{"type":"Point","coordinates":[6.31302,46.29233]},"tippecanoe":{"minzoom":7}}
,
{"type":"Feature","properties":{"_area":81607724,"OBJECTID_1":805,"OBJECTID":893,"Name_rgn":"Vin de Savoie Jongieux","state":null,"official":1,"country":"France","class":"Appellation d'origine protégée","altname":null,"gen":1,"color":0,"ppt_yr":1037,"ppt_gs":619,"GDD_1":1488,"style":null,"latitude":45.7131,"elev":null,"climate":null,"GI_area":null,"auv":null,"_bbox":[5.719407385561547,45.6694590016927,5.847139242747354,45.78084076692757]},"geometry":{"type":"Point","coordinates":[5.79033,45.71775]},"tippecanoe":{"minzoom":6}}
,
{"type":"Feature","properties":{"_area":24369807,"OBJECTID_1":806,"OBJECTID":894,"Name_rgn":"Vin de Savoie Marignan","state":null,"official":1,"country":"France","class":"Appellation d'origine protégée","altname":null,"gen":1,"color":1,"ppt_yr":1054,"ppt_gs":637,"GDD_1":1403,"style":null,"latitude":46.3249,"elev":null,"climate":null,"GI_area":null,"auv":null,"_bbox":[6.334827432956733,46.29901226664888,6.412802085357145,46.349819807783085]},"geometry":{"type":"Point","coordinates":[6.38683,46.32481]},"tippecanoe":{"minzoom":7}}
,
{"type":"Feature","properties":{"_area":6988378937,"OBJECTID_1":807,"OBJECTID":895,"Name_rgn":"Vin des Allobroges","state":null,"official":1,"country":"France","class":"Indication géographique protégée","altname":"Allobroges","gen":1,"color":4,"ppt_yr":1106,"ppt_gs":638,"GDD_1":1137,"style":null,"latitude":45.8491,"elev":null,"climate":null,"GI_area":null,"auv":null,"_bbox":[5.622165004888938,45.352241895478954,6.806217640781602,46.40811806496373]},"geometry":{"type":"Point","coordinates":[6.13051,45.79872]},"tippecanoe":{"minzoom":4}}
,
{"type":"Feature","properties":{"_area":245783579662,"OBJECTID_1":808,"OBJECTID":896,"Name_rgn":"Vin du Québec","state":"Québec","official":1,"country":"Canada","class":"Indication géographique protégée","altname":"Québec","gen":1,"color":4,"ppt_yr":1090,"ppt_gs":709,"GDD_1":977,"style":null,"latitude":46.5367,"elev":null,"climate":null,"GI_area":null,"auv":null,"_bbox":[-79.58033074056505,44.997311474460275,-69.94532145821204,48.86737640556149]},"geometry":{"type":"Point","coordinates":[-72.41088,46.93612]},"tippecanoe":{"minzoom":3}}
,
{"type":"Feature","properties":{"_area":13083628750,"OBJECTID_1":809,"OBJECTID":897,"Name_rgn":"Vinchina","state":"La Rioja","official":1,"country":"Argentina","class":"Indicación Geográfica","altname":null,"gen":3,"color":4,"ppt_yr":115,"ppt_gs":92,"GDD_1":520,"style":null,"latitude":-28.3175,"elev":null,"climate":null,"GI_area":null,"auv":null,"_bbox":[-69.46218718391079,-29.008016586324995,-67.82470703105496,-27.709777832178077]},"geometry":{"type":"Point","coordinates":[-68.63748,-28.15668]},"tippecanoe":{"minzoom":4}}
,
{"type":"Feature","properties":{"_area":85536546,"OBJECTID_1":810,"OBJECTID":898,"Name_rgn":"Vinohradnícka oblasť Tokaj","state":null,"official":1,"country":"Slovakia","class":"Chránené Označenie Pôvodu","altname":"Tokaj","gen":2,"color":0,"ppt_yr":638,"ppt_gs":442,"GDD_1":1511,"style":null,"latitude":48.4413,"elev":null,"climate":null,"GI_area":null,"auv":null,"_bbox":[21.620192495934646,48.37803268338014,21.758790954210504,48.4945577055116]},"geometry":{"type":"Point","coordinates":[21.69348,48.4322]},"tippecanoe":{"minzoom":6}}
,
{"type":"Feature","properties":{"_area":6978788061,"OBJECTID_1":811,"OBJECTID":899,"Name_rgn":"Vinos de Madrid","state":null,"official":1,"country":"Spain","class":"Denominación de Origen","altname":"D.O.Vinos de Madrid","gen":1,"color":1,"ppt_yr":389,"ppt_gs":204,"GDD_1":2161,"style":null,"latitude":40.2622,"elev":null,"climate":null,"GI_area":null,"auv":null,"_bbox":[-4.579076166873715,39.88471950237495,-3.052983308476755,40.572212081975174]},"geometry":{"type":"Point","coordinates":[-3.79021,40.23048]},"tippecanoe":{"minzoom":4}}
,
{"type":"Feature","properties":{"_area":40055054,"OBJECTID_1":812,"OBJECTID":900,"Name_rgn":"Vinsobres","state":null,"official":1,"country":"France","class":"Appellation d'origine protégée","altname":null,"gen":1,"color":3,"ppt_yr":850,"ppt_gs":523,"GDD_1":1998,"style":null,"latitude":44.3355,"elev":null,"climate":null,"GI_area":null,"auv":null,"_bbox":[5.008548279612637,44.29789437331954,5.099389086805807,44.37644555746044]},"geometry":{"type":"Point","coordinates":[5.04721,44.33656]},"tippecanoe":{"minzoom":6}}
,
{"type":"Feature","properties":{"_area":74634943,"OBJECTID_1":813,"OBJECTID":901,"Name_rgn":"Viré-Clessé","state":null,"official":1,"country":"France","class":"Appellation d'origine protégée","altname":null,"gen":1,"color":1,"ppt_yr":840,"ppt_gs":520,"GDD_1":1385,"style":null,"latitude":46.4368,"elev":null,"climate":null,"GI_area":null,"auv":null,"_bbox":[4.78274118041668,46.36060805616357,4.916135372163114,46.49398286313823]},"geometry":{"type":"Point","coordinates":[4.8635,46.45803]},"tippecanoe":{"minzoom":6}}
,
{"type":"Feature","properties":{"_area":36790619,"OBJECTID_1":814,"OBJECTID":902,"Name_rgn":"Volnay","state":null,"official":1,"country":"France","class":"Appellation d'origine protégée","altname":null,"gen":1,"color":3,"ppt_yr":809,"ppt_gs":496,"GDD_1":1439,"style":null,"latitude":46.9796,"elev":null,"climate":null,"GI_area":null,"auv":null,"_bbox":[4.731762984598799,46.95139234355599,4.818092661742685,47.019247829460696]},"geometry":{"type":"Point","coordinates":[4.76622,46.98373]},"tippecanoe":{"minzoom":6}}
,
{"type":"Feature","properties":{"_area":254658016,"OBJECTID_1":815,"OBJECTID":903,"Name_rgn":"Vouvray","state":null,"official":1,"country":"France","class":"Appellation d'origine protégée","altname":null,"gen":1,"color":3,"ppt_yr":683,"ppt_gs":376,"GDD_1":1465,"style":null,"latitude":47.4363,"elev":null,"climate":null,"GI_area":null,"auv":null,"_bbox":[0.652716339988776,47.34895307307557,0.934299568376075,47.517426895199776]},"geometry":{"type":"Point","coordinates":[0.84949,47.45096]},"tippecanoe":{"minzoom":6}}
,
{"type":"Feature","properties":{"_area":75504940,"OBJECTID_1":816,"OBJECTID":904,"Name_rgn":"Vully","state":"Fribourg, Vaud","official":1,"country":"Switzerland","class":"Appellation d'origine contrôlée","altname":null,"gen":3,"color":2,"ppt_yr":905,"ppt_gs":602,"GDD_1":1276,"style":null,"latitude":46.9411,"elev":null,"climate":null,"GI_area":null,"auv":null,"_bbox":[6.96174204065647,46.88903854353353,7.150708260768451,46.98490036774902]},"geometry":{"type":"Point","coordinates":[7.05086,46.9482]},"tippecanoe":{"minzoom":6}}
,
{"type":"Feature","properties":{"_area":379296326,"OBJECTID_1":817,"OBJECTID":906,"Name_rgn":"Wahluke Slope","state":"Washington","official":1,"country":"United States","class":"American Viticultural Area","altname":null,"gen":2,"color":4,"ppt_yr":177,"ppt_gs":68,"GDD_1":1809,"style":null,"latitude":46.7236,"elev":null,"climate":null,"GI_area":null,"auv":null,"_bbox":[-119.96938732589824,46.627351747544594,-119.5373553020605,46.793110724459844]},"geometry":{"type":"Point","coordinates":[-119.83859,46.70894]},"tippecanoe":{"minzoom":5}}
,
{"type":"Feature","properties":{"_area":124565507,"OBJECTID_1":818,"OBJECTID":907,"Name_rgn":"Waipu","state":"Taichung City","official":6,"country":"Taiwan","class":"Region","altname":"外埔區","gen":5,"color":4,"ppt_yr":1804,"ppt_gs":1479,"GDD_1":3291,"style":null,"latitude":24.3155,"elev":null,"climate":null,"GI_area":null,"auv":null,"_bbox":[120.59033163140501,24.264341362473548,120.74913656371321,24.389125041553385]},"geometry":{"type":"Point","coordinates":[120.6459,24.31991]},"tippecanoe":{"minzoom":6}}
,
{"type":"Feature","properties":{"_area":6857629948,"OBJECTID_1":819,"OBJECTID":908,"Name_rgn":"Wairarapa","state":null,"official":1,"country":"New Zealand","class":"Region","altname":null,"gen":1,"color":1,"ppt_yr":1169,"ppt_gs":539,"GDD_1":1058,"style":null,"latitude":-41.1003,"elev":null,"climate":null,"GI_area":null,"auv":null,"_bbox":[174.9586535126053,-41.61354892638484,176.27157115136288,-40.67291880259132]},"geometry":{"type":"Point","coordinates":[175.63152,-41.04724]},"tippecanoe":{"minzoom":4}}
,
{"type":"Feature","properties":{"_area":1547561803,"OBJECTID_1":820,"OBJECTID":909,"Name_rgn":"Waitaki Valley North Otago","state":null,"official":1,"country":"New Zealand","class":"Region","altname":"Waitaki Valley","gen":1,"color":2,"ppt_yr":679,"ppt_gs":435,"GDD_1":850,"style":null,"latitude":-44.7238,"elev":null,"climate":null,"GI_area":null,"auv":null,"_bbox":[169.86267017170522,-45.00599272666866,170.69816019090334,-44.45975781776098]},"geometry":{"type":"Point","coordinates":[170.49532,-44.8705]},"tippecanoe":{"minzoom":5}}
,
{"type":"Feature","properties":{"_area":1606072120,"OBJECTID_1":821,"OBJECTID":910,"Name_rgn":"Walker Bay","state":"Western Cape","official":1,"country":"South Africa","class":"District","altname":null,"gen":1,"color":3,"ppt_yr":569,"ppt_gs":211,"GDD_1":1888,"style":null,"latitude":-34.411,"elev":null,"climate":null,"GI_area":null,"auv":null,"_bbox":[19.042532064188077,-34.60548565330707,19.694034573615497,-34.15159779324496]},"geometry":{"type":"Point","coordinates":[19.38561,-34.43794]},"tippecanoe":{"minzoom":5}}
,
{"type":"Feature","properties":{"_area":1608880315,"OBJECTID_1":822,"OBJECTID":911,"Name_rgn":"Walla Walla Valley","state":"Oregon, Washington","official":1,"country":"United States","class":"American Viticultural Area","altname":null,"gen":2,"color":3,"ppt_yr":400,"ppt_gs":173,"GDD_1":1763,"style":null,"latitude":46.0478,"elev":null,"climate":null,"GI_area":null,"auv":null,"_bbox":[-118.75224022583096,45.82724228613792,-118.10444335049381,46.208313295531816]},"geometry":{"type":"Point","coordinates":[-118.3146,46.0148]},"tippecanoe":{"minzoom":5}}
,
{"type":"Feature","properties":{"_area":6313872617,"OBJECTID_1":823,"OBJECTID":912,"Name_rgn":"Weinviertel","state":"Lower Austria","official":1,"country":"Austria","class":"Districtus Austriae Controllatus","altname":null,"gen":4,"color":3,"ppt_yr":610,"ppt_gs":442,"GDD_1":1442,"style":"Grüner Veltliner with a spicy, peppery nose","latitude":48.5439,"elev":null,"climate":null,"GI_area":null,"auv":13858,"_bbox":[15.423796999651284,48.11555249398611,16.977440000239362,48.898249494572354]},"geometry":{"type":"Point","coordinates":[16.63835,48.46028]},"tippecanoe":{"minzoom":4}}
,
{"type":"Feature","properties":{"_area":509737568,"OBJECTID_1":824,"OBJECTID":913,"Name_rgn":"Wellington","state":"Western Cape","official":1,"country":"South Africa","class":"District","altname":null,"gen":1,"color":4,"ppt_yr":558,"ppt_gs":160,"GDD_1":2309,"style":null,"latitude":-33.5509,"elev":null,"climate":null,"GI_area":null,"auv":null,"_bbox":[18.918624875054316,-33.68892498967909,19.147474177350407,-33.39572523901293]},"geometry":{"type":"Point","coordinates":[19.02232,-33.56377]},"tippecanoe":{"minzoom":5}}
,
{"type":"Feature","properties":{"_area":740148032,"OBJECTID_1":825,"OBJECTID":914,"Name_rgn":"West Bhutan","state":"Yusipang, Paro, Wangdi Phodrang","official":6,"country":"Bhutan","class":"Region","altname":null,"gen":6,"color":1,"ppt_yr":1144,"ppt_gs":1055,"GDD_1":1283,"style":null,"latitude":27.4292,"elev":null,"climate":null,"GI_area":null,"auv":null,"_bbox":[89.36347384281332,27.330832396629265,89.94556414468447,27.523866204667]},"geometry":{"type":"Point","coordinates":[89.5418,27.40511]},"tippecanoe":{"minzoom":5}}
,
{"type":"Feature","properties":{"_area":2802709588,"OBJECTID_1":826,"OBJECTID":915,"Name_rgn":"Weststeiermark","state":"Styria","official":1,"country":"Austria","class":"Districtus Austriae Controllatus","altname":null,"gen":4,"color":4,"ppt_yr":1075,"ppt_gs":805,"GDD_1":1090,"style":"Blauer\rWildbacher, Sauvignon Blanc,\rWelschriesling, Weissburgunder; Schilcher","latitude":46.984,"elev":null,"climate":null,"GI_area":null,"auv":546,"_bbox":[14.840802500327522,46.64111599282306,15.533628500072947,47.34332149348966]},"geometry":{"type":"Point","coordinates":[15.18925,46.97738]},"tippecanoe":{"minzoom":5}}
,
{"type":"Feature","properties":{"_area":18420770,"OBJECTID_1":827,"OBJECTID":917,"Name_rgn":"Wild Horse Valley","state":"California","official":1,"country":"United States","class":"American Viticultural Area","altname":null,"gen":2,"color":1,"ppt_yr":851,"ppt_gs":136,"GDD_1":1945,"style":null,"latitude":38.2927,"elev":null,"climate":null,"GI_area":null,"auv":null,"_bbox":[-122.21679524267178,38.25791240755095,-122.18073954055346,38.33464762486736]},"geometry":{"type":"Point","coordinates":[-122.19708,38.27988]},"tippecanoe":{"minzoom":7}}
,
{"type":"Feature","properties":{"_area":5155300406,"OBJECTID_1":828,"OBJECTID":918,"Name_rgn":"Worcester","state":"Western Cape","official":1,"country":"South Africa","class":"District","altname":null,"gen":1,"color":2,"ppt_yr":366,"ppt_gs":132,"GDD_1":2028,"style":null,"latitude":-33.5444,"elev":null,"climate":null,"GI_area":null,"auv":null,"_bbox":[19.27844069000785,-33.99855145656088,20.428205488498403,-33.17019652213635]},"geometry":{"type":"Point","coordinates":[19.68857,-33.5868]},"tippecanoe":{"minzoom":4}}
,
{"type":"Feature","properties":{"_area":3543768276,"OBJECTID_1":829,"OBJECTID":920,"Name_rgn":"Yakima Valley","state":"Washington","official":1,"country":"United States","class":"American Viticultural Area","altname":null,"gen":2,"color":0,"ppt_yr":210,"ppt_gs":79,"GDD_1":1762,"style":null,"latitude":46.3493,"elev":null,"climate":null,"GI_area":null,"auv":null,"_bbox":[-120.86406222775302,46.15023999431607,-119.31004768845501,46.52576487334626]},"geometry":{"type":"Point","coordinates":[-120.08441,46.3182]},"tippecanoe":{"minzoom":5}}
,
{"type":"Feature","properties":{"_area":5327274818,"OBJECTID_1":830,"OBJECTID":921,"Name_rgn":"Yamanashi","state":"Yamanashi","official":1,"country":"Japan","class":"Mark of Origin","altname":"山梨県","gen":1,"color":3,"ppt_yr":1582,"ppt_gs":1271,"GDD_1":1536,"style":null,"latitude":35.6161,"elev":null,"climate":null,"GI_area":null,"auv":null,"_bbox":[138.18029782192875,35.168464642426926,139.1342925738201,35.97166441075072]},"geometry":{"type":"Point","coordinates":[138.54739,35.59203]},"tippecanoe":{"minzoom":4}}
,
{"type":"Feature","properties":{"_area":332895477,"OBJECTID_1":831,"OBJECTID":922,"Name_rgn":"Yamhill-Carlton","state":"Oregon","official":1,"country":"United States","class":"American Viticultural Area","altname":null,"gen":2,"color":0,"ppt_yr":1265,"ppt_gs":350,"GDD_1":1320,"style":null,"latitude":45.3484,"elev":null,"climate":null,"GI_area":null,"auv":null,"_bbox":[-123.29471161243698,45.224946693220936,-123.08076924142645,45.43830657576874]},"geometry":{"type":"Point","coordinates":[-123.1972,45.33913]},"tippecanoe":{"minzoom":6}}
,
{"type":"Feature","properties":{"_area":4084194930,"OBJECTID_1":832,"OBJECTID":923,"Name_rgn":"Yarra Valley","state":"Victoria","official":1,"country":"Australia","class":"Region","altname":null,"gen":1,"color":1,"ppt_yr":1075,"ppt_gs":551,"GDD_1":1378,"style":"Pinot Noir, Chardonnay, Shiraz, Cabernet Sauvignon, Pinot Gris/Grigio","latitude":-37.7217,"elev":null,"climate":null,"GI_area":null,"auv":2536,"_bbox":[145.08344900168993,-37.97844199676268,146.16312500221358,-37.44367899652562]},"geometry":{"type":"Point","coordinates":[145.38582,-37.72098]},"tippecanoe":{"minzoom":4}}
,
{"type":"Feature","properties":{"_area":592447643,"OBJECTID_1":833,"OBJECTID":924,"Name_rgn":"Ycoden-Daute-Isora","state":null,"official":1,"country":"Spain","class":"Denominación de Origen","altname":"D.O.Ycoden-Daute-Isora","gen":1,"color":4,"ppt_yr":331,"ppt_gs":79,"GDD_1":1638,"style":null,"latitude":28.2961,"elev":null,"climate":null,"GI_area":null,"auv":null,"_bbox":[-16.925970990103117,28.156657858301564,-16.591810890780682,28.402133498800044]},"geometry":{"type":"Point","coordinates":[-16.7596,28.28755]},"tippecanoe":{"minzoom":5}}
,
{"type":"Feature","properties":{"_area":637502467,"OBJECTID_1":834,"OBJECTID":925,"Name_rgn":"Yecla","state":null,"official":1,"country":"Spain","class":"Denominación de Origen","altname":"D.O.Yecla","gen":1,"color":4,"ppt_yr":346,"ppt_gs":196,"GDD_1":2236,"style":null,"latitude":38.6066,"elev":null,"climate":null,"GI_area":null,"auv":null,"_bbox":[-1.344323177671603,38.437929244119495,-1.001568938246834,38.75508517338594]},"geometry":{"type":"Point","coordinates":[-1.11823,38.58969]},"tippecanoe":{"minzoom":5}}
,
{"type":"Feature","properties":{"_area":35983280,"OBJECTID_1":835,"OBJECTID":926,"Name_rgn":"York Mountain","state":"California","official":1,"country":"United States","class":"American Viticultural Area","altname":null,"gen":2,"color":1,"ppt_yr":521,"ppt_gs":80,"GDD_1":1597,"style":null,"latitude":35.5517,"elev":null,"climate":null,"GI_area":null,"auv":null,"_bbox":[-120.86392074489241,35.520266263343046,-120.768221516266,35.58146885890764]},"geometry":{"type":"Point","coordinates":[-120.82041,35.54561]},"tippecanoe":{"minzoom":7}}
,
{"type":"Feature","properties":{"_area":2179951795,"OBJECTID_1":836,"OBJECTID":927,"Name_rgn":"Znojemská","state":"Vysočina, Jihomoravský","official":1,"country":"Czechia","class":"Chráněné označení původu","altname":null,"gen":3,"color":0,"ppt_yr":537,"ppt_gs":398,"GDD_1":1445,"style":null,"latitude":48.9131,"elev":null,"climate":null,"GI_area":null,"auv":null,"_bbox":[15.800285946028419,48.72817848349137,16.633274464384133,49.166587169470034]},"geometry":{"type":"Point","coordinates":[16.30206,48.93882]},"tippecanoe":{"minzoom":5}}
,
{"type":"Feature","properties":{"_area":3079278992,"OBJECTID_1":837,"OBJECTID":928,"Name_rgn":"Zonda","state":"San Juan","official":1,"country":"Argentina","class":"Indicación Geográfica","altname":null,"gen":3,"color":0,"ppt_yr":197,"ppt_gs":150,"GDD_1":1161,"style":null,"latitude":-31.6422,"elev":null,"climate":null,"GI_area":null,"auv":null,"_bbox":[-69.21919909074533,-31.9080597048307,-68.65170501715748,-31.24688650764456]},"geometry":{"type":"Point","coordinates":[-68.91716,-31.63484]},"tippecanoe":{"minzoom":5}}
,
{"type":"Feature","properties":{"_area":51921239,"OBJECTID_1":838,"OBJECTID":931,"Name_rgn":"Alexandria Lakes","state":null,"official":1,"country":"United States","class":"American Viticultural Area","altname":null,"gen":2,"color":3,"ppt_yr":699,"ppt_gs":573,"GDD_1":1346,"style":null,"latitude":45.9866,"elev":null,"climate":null,"GI_area":null,"auv":null,"_bbox":[-95.4159964567661,45.93228297328011,-95.3325059104676,46.033103065349]},"geometry":{"type":"Point","coordinates":[-95.37295,45.99881]},"tippecanoe":{"minzoom":6}}
,
{"type":"Feature","properties":{"_area":2205088425,"OBJECTID_1":839,"OBJECTID":932,"Name_rgn":"Antelope Valley of the California High Desert","state":null,"official":1,"country":"United States","class":"American Viticultural Area","altname":null,"gen":2,"color":5,"ppt_yr":208,"ppt_gs":35,"GDD_1":2549,"style":null,"latitude":34.7125,"elev":null,"climate":null,"GI_area":null,"auv":null,"_bbox":[-118.58773126545483,34.501919775401454,-117.73085850741158,34.97444335849293]},"geometry":{"type":"Point","coordinates":[-118.06076,34.68558]},"tippecanoe":{"minzoom":5}}
,
{"type":"Feature","properties":{"_area":7995217099,"OBJECTID_1":840,"OBJECTID":933,"Name_rgn":"Appalachian High Country","state":null,"official":1,"country":"United States","class":"American Viticultural Area","altname":null,"gen":2,"color":1,"ppt_yr":1293,"ppt_gs":798,"GDD_1":1585,"style":null,"latitude":36.3739,"elev":null,"climate":null,"GI_area":null,"auv":null,"_bbox":[-82.41674175762907,35.82273495833662,-80.83795731613021,36.80642920544297]},"geometry":{"type":"Point","coordinates":[-81.75342,36.32659]},"tippecanoe":{"minzoom":4}}
,
{"type":"Feature","properties":{"_area":538963263,"OBJECTID_1":841,"OBJECTID":934,"Name_rgn":"Capay Valley","state":null,"official":1,"country":"United States","class":"American Viticultural Area","altname":null,"gen":2,"color":1,"ppt_yr":693,"ppt_gs":113,"GDD_1":2280,"style":null,"latitude":38.7968,"elev":null,"climate":null,"GI_area":null,"auv":null,"_bbox":[-122.42206135229165,38.663109033263694,-122.03598926919332,38.925294038421654]},"geometry":{"type":"Point","coordinates":[-122.16295,38.74811]},"tippecanoe":{"minzoom":5}}
,
{"type":"Feature","properties":{"_area":959862653,"OBJECTID_1":842,"OBJECTID":935,"Name_rgn":"Catoctin","state":null,"official":1,"country":"United States","class":"American Viticultural Area","altname":null,"gen":2,"color":3,"ppt_yr":1082,"ppt_gs":692,"GDD_1":1932,"style":null,"latitude":39.504,"elev":null,"climate":null,"GI_area":null,"auv":null,"_bbox":[-77.75761293657504,39.27375384169411,-77.34414845724616,39.72005293325992]},"geometry":{"type":"Point","coordinates":[-77.60216,39.41144]},"tippecanoe":{"minzoom":5}}
,
{"type":"Feature","properties":{"_area":546509721,"OBJECTID_1":843,"OBJECTID":936,"Name_rgn":"Central Delaware Valley","state":null,"official":1,"country":"United States","class":"American Viticultural Area","altname":null,"gen":2,"color":5,"ppt_yr":1237,"ppt_gs":781,"GDD_1":1870,"style":null,"latitude":40.4698,"elev":null,"climate":null,"GI_area":null,"auv":null,"_bbox":[-75.21889082703163,40.32307438741681,-74.84934869468037,40.631432203209194]},"geometry":{"type":"Point","coordinates":[-75.08218,40.53206]},"tippecanoe":{"minzoom":5}}
,
{"type":"Feature","properties":{"_area":2654134302,"OBJECTID_1":844,"OBJECTID":937,"Name_rgn":"Champlain Valley of New York","state":null,"official":1,"country":"United States","class":"American Viticultural Area","altname":null,"gen":2,"color":1,"ppt_yr":876,"ppt_gs":614,"GDD_1":1345,"style":null,"latitude":44.645,"elev":null,"climate":null,"GI_area":null,"auv":null,"_bbox":[-73.75637865921782,43.848965868988046,-73.32130259073367,45.01072946531582]},"geometry":{"type":"Point","coordinates":[-73.52482,44.82406]},"tippecanoe":{"minzoom":5}}
,
{"type":"Feature","properties":{"_area":347839667,"OBJECTID_1":845,"OBJECTID":938,"Name_rgn":"Clarksburg","state":"California","official":1,"country":"United States","class":"American Viticultural Area","altname":null,"gen":2,"color":3,"ppt_yr":429,"ppt_gs":69,"GDD_1":2221,"style":null,"latitude":38.3637,"elev":null,"climate":null,"GI_area":null,"auv":null,"_bbox":[-121.65861626649055,38.24646608496681,-121.45422012671432,38.51188406809611]},"geometry":{"type":"Point","coordinates":[-121.55602,38.33629]},"tippecanoe":{"minzoom":6}}
,
{"type":"Feature","properties":{"_area":1035951790,"OBJECTID_1":846,"OBJECTID":939,"Name_rgn":"Columbia Gorge","state":null,"official":1,"country":"United States","class":"American Viticultural Area","altname":null,"gen":2,"color":0,"ppt_yr":854,"ppt_gs":232,"GDD_1":1342,"style":null,"latitude":45.6747,"elev":null,"climate":null,"GI_area":null,"auv":null,"_bbox":[-121.67017236857863,45.504563385481404,-121.25271640135452,45.86987128977696]},"geometry":{"type":"Point","coordinates":[-121.44721,45.67901]},"tippecanoe":{"minzoom":5}}
,
{"type":"Feature","properties":{"_area":177991494,"OBJECTID_1":847,"OBJECTID":940,"Name_rgn":"Covelo","state":null,"official":1,"country":"United States","class":"American Viticultural Area","altname":null,"gen":2,"color":5,"ppt_yr":1105,"ppt_gs":188,"GDD_1":1929,"style":null,"latitude":39.7935,"elev":null,"climate":null,"GI_area":null,"auv":null,"_bbox":[-123.30443907249168,39.723409063092845,-123.15089243678399,39.86739025994713]},"geometry":{"type":"Point","coordinates":[-123.22176,39.79484]},"tippecanoe":{"minzoom":6}}
,
{"type":"Feature","properties":{"_area":754448837,"OBJECTID_1":848,"OBJECTID":941,"Name_rgn":"Crest of the Blue Ridge Henderson County","state":null,"official":1,"country":"United States","class":"American Viticultural Area","altname":null,"gen":2,"color":5,"ppt_yr":1498,"ppt_gs":884,"GDD_1":1979,"style":null,"latitude":35.3312,"elev":null,"climate":null,"GI_area":null,"auv":null,"_bbox":[-82.60419379456623,35.16397679595575,-82.26106739569568,35.499959680179565]},"geometry":{"type":"Point","coordinates":[-82.43948,35.28538]},"tippecanoe":{"minzoom":5}}
,
{"type":"Feature","properties":{"_area":648962294,"OBJECTID_1":849,"OBJECTID":942,"Name_rgn":"Cucamonga Valley","state":null,"official":1,"country":"United States","class":"American Viticultural Area","altname":null,"gen":2,"color":0,"ppt_yr":334,"ppt_gs":52,"GDD_1":2519,"style":null,"latitude":34.0737,"elev":null,"climate":null,"GI_area":null,"auv":null,"_bbox":[-117.65137809533864,33.92105114030484,-117.30314562388412,34.186533735062255]},"geometry":{"type":"Point","coordinates":[-117.54301,34.06261]},"tippecanoe":{"minzoom":5}}
,
{"type":"Feature","properties":{"_area":479663080,"OBJECTID_1":850,"OBJECTID":943,"Name_rgn":"Dahlonega Plateau","state":null,"official":1,"country":"United States","class":"American Viticultural Area","altname":null,"gen":2,"color":2,"ppt_yr":1594,"ppt_gs":868,"GDD_1":2236,"style":null,"latitude":34.5901,"elev":null,"climate":null,"GI_area":null,"auv":null,"_bbox":[-84.17437630936587,34.470823270729646,-83.80056443057028,34.70162043088557]},"geometry":{"type":"Point","coordinates":[-84.05492,34.57044]},"tippecanoe":{"minzoom":5}}
,
{"type":"Feature","properties":{"_area":162573940,"OBJECTID_1":851,"OBJECTID":944,"Name_rgn":"Diablo Grande","state":null,"official":1,"country":"United States","class":"American Viticultural Area","altname":null,"gen":2,"color":5,"ppt_yr":491,"ppt_gs":88,"GDD_1":2380,"style":null,"latitude":37.3587,"elev":null,"climate":null,"GI_area":null,"auv":null,"_bbox":[-121.3517103270496,37.27907059323024,-121.20063756359944,37.43457281643437]},"geometry":{"type":"Point","coordinates":[-121.28149,37.36936]},"tippecanoe":{"minzoom":6}}
,
{"type":"Feature","properties":{"_area":113650684,"OBJECTID_1":852,"OBJECTID":945,"Name_rgn":"Dos Rios","state":null,"official":1,"country":"United States","class":"American Viticultural Area","altname":null,"gen":2,"color":4,"ppt_yr":1235,"ppt_gs":212,"GDD_1":1761,"style":null,"latitude":39.7278,"elev":null,"climate":null,"GI_area":null,"auv":null,"_bbox":[-123.4219490018561,39.670850478971936,-123.26745407219514,39.80359432095865]},"geometry":{"type":"Point","coordinates":[-123.34365,39.71596]},"tippecanoe":{"minzoom":6}}
,
{"type":"Feature","properties":{"_area":332608878,"OBJECTID_1":853,"OBJECTID":946,"Name_rgn":"Dunnigan Hills","state":null,"official":1,"country":"United States","class":"American Viticultural Area","altname":null,"gen":2,"color":4,"ppt_yr":466,"ppt_gs":76,"GDD_1":2570,"style":null,"latitude":38.8004,"elev":null,"climate":null,"GI_area":null,"auv":null,"_bbox":[-122.06234629238025,38.683314064275294,-121.81561823959923,38.92286414158773]},"geometry":{"type":"Point","coordinates":[-121.99076,38.81479]},"tippecanoe":{"minzoom":6}}
,
{"type":"Feature","properties":{"_area":4106761407,"OBJECTID_1":854,"OBJECTID":947,"Name_rgn":"Eastern Connecticut Highlands","state":null,"official":1,"country":"United States","class":"American Viticultural Area","altname":null,"gen":2,"color":2,"ppt_yr":1279,"ppt_gs":755,"GDD_1":1564,"style":null,"latitude":41.7245,"elev":null,"climate":null,"GI_area":null,"auv":null,"_bbox":[-72.72143421885968,41.350287426699346,-71.80446556788404,42.03425012302624]},"geometry":{"type":"Point","coordinates":[-72.26657,41.73702]},"tippecanoe":{"minzoom":4}}
,
{"type":"Feature","properties":{"_area":2066895605,"OBJECTID_1":855,"OBJECTID":948,"Name_rgn":"El Dorado","state":null,"official":1,"country":"United States","class":"American Viticultural Area","altname":null,"gen":2,"color":4,"ppt_yr":1078,"ppt_gs":229,"GDD_1":2008,"style":null,"latitude":38.7393,"elev":null,"climate":null,"GI_area":null,"auv":null,"_bbox":[-121.0750439258603,38.50235461442371,-120.47602203198697,39.01039806824732]},"geometry":{"type":"Point","coordinates":[-120.78877,38.77275]},"tippecanoe":{"minzoom":5}}
,
{"type":"Feature","properties":{"_area":170069948,"OBJECTID_1":856,"OBJECTID":949,"Name_rgn":"Escondido Valley","state":null,"official":1,"country":"United States","class":"American Viticultural Area","altname":null,"gen":2,"color":2,"ppt_yr":328,"ppt_gs":260,"GDD_1":3105,"style":null,"latitude":30.8403,"elev":null,"climate":null,"GI_area":null,"auv":null,"_bbox":[-102.56356281581091,30.781408884088112,-102.36274876662058,30.890964049870163]},"geometry":{"type":"Point","coordinates":[-102.43518,30.83447]},"tippecanoe":{"minzoom":6}}
,
{"type":"Feature","properties":{"_area":421220902,"OBJECTID_1":857,"OBJECTID":950,"Name_rgn":"Grand Valley","state":null,"official":1,"country":"United States","class":"American Viticultural Area","altname":null,"gen":2,"color":4,"ppt_yr":233,"ppt_gs":149,"GDD_1":2151,"style":null,"latitude":39.0939,"elev":null,"climate":null,"GI_area":null,"auv":null,"_bbox":[-108.73835487335356,39.018575685285136,-108.31697782279635,39.1643960821186]},"geometry":{"type":"Point","coordinates":[-108.5988,39.09661]},"tippecanoe":{"minzoom":5}}
,
{"type":"Feature","properties":{"_area":2753143690,"OBJECTID_1":858,"OBJECTID":951,"Name_rgn":"Haw River Valley","state":null,"official":1,"country":"United States","class":"American Viticultural Area","altname":null,"gen":2,"color":0,"ppt_yr":1183,"ppt_gs":733,"GDD_1":2435,"style":null,"latitude":36.011,"elev":null,"climate":null,"GI_area":null,"auv":null,"_bbox":[-79.68789094960552,35.718107047219014,-79.08363174108187,36.31558416389724]},"geometry":{"type":"Point","coordinates":[-79.42008,36.02443]},"tippecanoe":{"minzoom":5}}
,
{"type":"Feature","properties":{"_area":12159293109,"OBJECTID_1":859,"OBJECTID":952,"Name_rgn":"Hudson River Region","state":null,"official":1,"country":"United States","class":"American Viticultural Area","altname":null,"gen":2,"color":0,"ppt_yr":1203,"ppt_gs":753,"GDD_1":1651,"style":null,"latitude":41.6919,"elev":null,"climate":null,"GI_area":null,"auv":null,"_bbox":[-74.69699972435055,41.01419732545251,-73.3524303507989,42.51002562416426]},"geometry":{"type":"Point","coordinates":[-73.97416,41.61361]},"tippecanoe":{"minzoom":4}}
,
{"type":"Feature","properties":{"_area":14144471258,"OBJECTID_1":860,"OBJECTID":953,"Name_rgn":"Indiana Uplands","state":null,"official":1,"country":"United States","class":"American Viticultural Area","altname":null,"gen":2,"color":3,"ppt_yr":1246,"ppt_gs":753,"GDD_1":2096,"style":null,"latitude":38.6391,"elev":null,"climate":null,"GI_area":null,"auv":null,"_bbox":[-86.9619577067356,37.84236087202908,-85.7813599204588,39.40006126412777]},"geometry":{"type":"Point","coordinates":[-86.36878,38.52893]},"tippecanoe":{"minzoom":4}}
,
{"type":"Feature","properties":{"_area":137045216,"OBJECTID_1":861,"OBJECTID":954,"Name_rgn":"Inwood Valley","state":null,"official":1,"country":"United States","class":"American Viticultural Area","altname":null,"gen":2,"color":2,"ppt_yr":1061,"ppt_gs":258,"GDD_1":2173,"style":null,"latitude":40.5175,"elev":null,"climate":null,"GI_area":null,"auv":null,"_bbox":[-122.0915931904464,40.47078462350567,-121.8589477326254,40.58340729767496]},"geometry":{"type":"Point","coordinates":[-121.94686,40.51874]},"tippecanoe":{"minzoom":6}}
,
{"type":"Feature","properties":{"_area":1141466233,"OBJECTID_1":862,"OBJECTID":955,"Name_rgn":"Lancaster Valley","state":null,"official":1,"country":"United States","class":"American Viticultural Area","altname":null,"gen":2,"color":1,"ppt_yr":1124,"ppt_gs":722,"GDD_1":1954,"style":null,"latitude":40.0656,"elev":null,"climate":null,"GI_area":null,"auv":null,"_bbox":[-76.67276425698252,39.96127669006144,-75.88507299936761,40.16734528465256]},"geometry":{"type":"Point","coordinates":[-76.26143,40.05868]},"tippecanoe":{"minzoom":5}}
,
{"type":"Feature","properties":{"_area":1214189338,"OBJECTID_1":863,"OBJECTID":956,"Name_rgn":"Leelanau Peninsula","state":null,"official":1,"country":"United States","class":"American Viticultural Area","altname":null,"gen":2,"color":4,"ppt_yr":837,"ppt_gs":566,"GDD_1":1274,"style":null,"latitude":44.9152,"elev":null,"climate":null,"GI_area":null,"auv":null,"_bbox":[-86.07869450638017,44.77443944022393,-85.5270012506677,45.211203319825486]},"geometry":{"type":"Point","coordinates":[-85.75325,44.925]},"tippecanoe":{"minzoom":5}}
,
{"type":"Feature","properties":{"_area":4600411834,"OBJECTID_1":864,"OBJECTID":957,"Name_rgn":"Lehigh Valley","state":null,"official":1,"country":"United States","class":"American Viticultural Area","altname":null,"gen":2,"color":4,"ppt_yr":1204,"ppt_gs":773,"GDD_1":1740,"style":null,"latitude":40.662,"elev":null,"climate":null,"GI_area":null,"auv":null,"_bbox":[-76.51391123516228,40.27881309591931,-75.05317065288656,40.998445270460884]},"geometry":{"type":"Point","coordinates":[-76.06906,40.50862]},"tippecanoe":{"minzoom":4}}
,
{"type":"Feature","properties":{"_area":50585975,"OBJECTID_1":865,"OBJECTID":958,"Name_rgn":"Leona Valley","state":null,"official":1,"country":"United States","class":"American Viticultural Area","altname":null,"gen":2,"color":1,"ppt_yr":336,"ppt_gs":53,"GDD_1":2116,"style":null,"latitude":34.6146,"elev":null,"climate":null,"GI_area":null,"auv":null,"_bbox":[-118.37713823872663,34.5855586141245,-118.2178903965592,34.652059229190186]},"geometry":{"type":"Point","coordinates":[-118.29557,34.60894]},"tippecanoe":{"minzoom":6}}
,
{"type":"Feature","properties":{"_area":4586641898,"OBJECTID_1":866,"OBJECTID":959,"Name_rgn":"Lewis-Clark Valley","state":null,"official":1,"country":"United States","class":"American Viticultural Area","altname":null,"gen":2,"color":1,"ppt_yr":472,"ppt_gs":231,"GDD_1":1674,"style":null,"latitude":46.4059,"elev":null,"climate":null,"GI_area":null,"auv":null,"_bbox":[-117.41606583408654,46.03464109281452,-116.03524328715758,46.72380330304421]},"geometry":{"type":"Point","coordinates":[-116.97121,46.32471]},"tippecanoe":{"minzoom":4}}
,
{"type":"Feature","properties":{"_area":273487936,"OBJECTID_1":867,"OBJECTID":960,"Name_rgn":"Linganore","state":null,"official":1,"country":"United States","class":"American Viticultural Area","altname":null,"gen":2,"color":2,"ppt_yr":1065,"ppt_gs":677,"GDD_1":2016,"style":null,"latitude":39.4352,"elev":null,"climate":null,"GI_area":null,"auv":null,"_bbox":[-77.36580002502484,39.363795874480736,-77.08506847678198,39.51574090147095]},"geometry":{"type":"Point","coordinates":[-77.22216,39.44096]},"tippecanoe":{"minzoom":6}}
,
{"type":"Feature","properties":{"_area":27246056703,"OBJECTID_1":868,"OBJECTID":961,"Name_rgn":"Loess Hills District","state":null,"official":1,"country":"United States","class":"American Viticultural Area","altname":null,"gen":2,"color":3,"ppt_yr":824,"ppt_gs":674,"GDD_1":1855,"style":null,"latitude":41.7543,"elev":null,"climate":null,"GI_area":null,"auv":null,"_bbox":[-96.63949238842581,40.174043118465704,-94.6862607571045,43.13705950361345]},"geometry":{"type":"Point","coordinates":[-95.4769,41.75055]},"tippecanoe":{"minzoom":4}}
,
{"type":"Feature","properties":{"_area":17435914,"OBJECTID_1":869,"OBJECTID":962,"Name_rgn":"Loramie Creek","state":null,"official":1,"country":"United States","class":"American Viticultural Area","altname":null,"gen":2,"color":3,"ppt_yr":987,"ppt_gs":641,"GDD_1":1813,"style":null,"latitude":40.2788,"elev":null,"climate":null,"GI_area":null,"auv":null,"_bbox":[-84.37182735089837,40.25767374028045,-84.29214161179922,40.291816742180245]},"geometry":{"type":"Point","coordinates":[-84.32648,40.27528]},"tippecanoe":{"minzoom":7}}
,
{"type":"Feature","properties":{"_area":2391521071,"OBJECTID_1":870,"OBJECTID":963,"Name_rgn":"Madera","state":null,"official":1,"country":"United States","class":"American Viticultural Area","altname":null,"gen":2,"color":3,"ppt_yr":257,"ppt_gs":55,"GDD_1":2545,"style":null,"latitude":36.9588,"elev":null,"climate":null,"GI_area":null,"auv":null,"_bbox":[-120.54554856633281,36.76294201509888,-119.69139263979724,37.17669433424272]},"geometry":{"type":"Point","coordinates":[-120.23119,36.96578]},"tippecanoe":{"minzoom":5}}
,
{"type":"Feature","properties":{"_area":788796224,"OBJECTID_1":871,"OBJECTID":964,"Name_rgn":"Malibu Coast","state":null,"official":1,"country":"United States","class":"American Viticultural Area","altname":null,"gen":2,"color":3,"ppt_yr":389,"ppt_gs":47,"GDD_1":1814,"style":null,"latitude":34.1031,"elev":null,"climate":null,"GI_area":null,"auv":null,"_bbox":[-119.08109733018097,34.0001242992575,-118.5646670582643,34.205356830324234]},"geometry":{"type":"Point","coordinates":[-118.7993,34.09913]},"tippecanoe":{"minzoom":5}}
,
{"type":"Feature","properties":{"_area":64214139,"OBJECTID_1":872,"OBJECTID":965,"Name_rgn":"Manton Valley","state":null,"official":1,"country":"United States","class":"American Viticultural Area","altname":null,"gen":2,"color":1,"ppt_yr":1017,"ppt_gs":259,"GDD_1":2144,"style":null,"latitude":40.4328,"elev":null,"climate":null,"GI_area":null,"auv":null,"_bbox":[-121.89995048306443,40.399798198612544,-121.73610445421517,40.464767199292325]},"geometry":{"type":"Point","coordinates":[-121.84615,40.43127]},"tippecanoe":{"minzoom":6}}
,
{"type":"Feature","properties":{"_area":1376971200,"OBJECTID_1":873,"OBJECTID":966,"Name_rgn":"Mesilla Valley","state":null,"official":1,"country":"United States","class":"American Viticultural Area","altname":null,"gen":2,"color":1,"ppt_yr":219,"ppt_gs":169,"GDD_1":2909,"style":null,"latitude":32.1222,"elev":null,"climate":null,"GI_area":null,"auv":null,"_bbox":[-106.93914822973045,31.784075133686425,-106.508684357155,32.48917538195534]},"geometry":{"type":"Point","coordinates":[-106.67557,32.08044]},"tippecanoe":{"minzoom":5}}
,
{"type":"Feature","properties":{"_area":3193526266,"OBJECTID_1":874,"OBJECTID":967,"Name_rgn":"Middle Rio Grande Valley","state":null,"official":1,"country":"United States","class":"American Viticultural Area","altname":null,"gen":2,"color":5,"ppt_yr":224,"ppt_gs":168,"GDD_1":2348,"style":null,"latitude":34.8158,"elev":null,"climate":null,"GI_area":null,"auv":null,"_bbox":[-106.93440943065545,33.91561345734689,-106.40593898778175,35.398306321865356]},"geometry":{"type":"Point","coordinates":[-106.6036,35.14647]},"tippecanoe":{"minzoom":5}}
,
{"type":"Feature","properties":{"_area":1018004199,"OBJECTID_1":875,"OBJECTID":968,"Name_rgn":"Middleburg Virginia","state":null,"official":1,"country":"United States","class":"American Viticultural Area","altname":null,"gen":2,"color":1,"ppt_yr":1058,"ppt_gs":682,"GDD_1":2087,"style":null,"latitude":39.0654,"elev":null,"climate":null,"GI_area":null,"auv":null,"_bbox":[-78.03908960590506,38.85740274615588,-77.55099338652056,39.32264687967939]},"geometry":{"type":"Point","coordinates":[-77.76876,39.04141]},"tippecanoe":{"minzoom":5}}
,
{"type":"Feature","properties":{"_area":5174956098,"OBJECTID_1":876,"OBJECTID":969,"Name_rgn":"Mimbres Valley","state":null,"official":1,"country":"United States","class":"American Viticultural Area","altname":null,"gen":2,"color":4,"ppt_yr":239,"ppt_gs":177,"GDD_1":2844,"style":null,"latitude":32.1879,"elev":null,"climate":null,"GI_area":null,"auv":null,"_bbox":[-108.04839613340002,31.78366536959073,-107.40115663664557,32.88792624195804]},"geometry":{"type":"Point","coordinates":[-107.70202,32.19072]},"tippecanoe":{"minzoom":4}}
,
{"type":"Feature","properties":{"_area":19147387109,"OBJECTID_1":877,"OBJECTID":970,"Name_rgn":"Mississippi Delta","state":null,"official":1,"country":"United States","class":"American Viticultural Area","altname":null,"gen":2,"color":1,"ppt_yr":1390,"ppt_gs":737,"GDD_1":2884,"style":null,"latitude":33.5982,"elev":null,"climate":null,"GI_area":null,"auv":null,"_bbox":[-91.16664829653735,32.44205486357831,-90.00000641671438,34.99989735774077]},"geometry":{"type":"Point","coordinates":[-90.63972,33.52724]},"tippecanoe":{"minzoom":4}}
,
{"type":"Feature","properties":{"_area":5819958670,"OBJECTID_1":878,"OBJECTID":971,"Name_rgn":"Monticello","state":null,"official":1,"country":"United States","class":"American Viticultural Area","altname":null,"gen":2,"color":4,"ppt_yr":1157,"ppt_gs":695,"GDD_1":2165,"style":null,"latitude":37.9843,"elev":null,"climate":null,"GI_area":null,"auv":null,"_bbox":[-79.01430491300343,37.61918613090613,-77.84193991052278,38.38898665037256]},"geometry":{"type":"Point","coordinates":[-78.44034,38.01574]},"tippecanoe":{"minzoom":4}}
,
{"type":"Feature","properties":{"_area":204277197,"OBJECTID_1":879,"OBJECTID":972,"Name_rgn":"Niagara Escarpment","state":null,"official":1,"country":"United States","class":"American Viticultural Area","altname":null,"gen":2,"color":5,"ppt_yr":941,"ppt_gs":582,"GDD_1":1471,"style":null,"latitude":43.1946,"elev":null,"climate":null,"GI_area":null,"auv":null,"_bbox":[-79.0481138441545,43.15773897764532,-78.50740973321157,43.24418434805548]},"geometry":{"type":"Point","coordinates":[-78.60035,43.20569]},"tippecanoe":{"minzoom":6}}
,
{"type":"Feature","properties":{"_area":269230988,"OBJECTID_1":880,"OBJECTID":973,"Name_rgn":"North Fork of Roanoke","state":null,"official":1,"country":"United States","class":"American Viticultural Area","altname":null,"gen":2,"color":1,"ppt_yr":1049,"ppt_gs":667,"GDD_1":1893,"style":null,"latitude":37.2363,"elev":null,"climate":null,"GI_area":null,"auv":null,"_bbox":[-80.42359422776809,37.13380129868431,-80.21111017370491,37.34182534723244]},"geometry":{"type":"Point","coordinates":[-80.34355,37.22847]},"tippecanoe":{"minzoom":6}}
,
{"type":"Feature","properties":{"_area":3688293548,"OBJECTID_1":881,"OBJECTID":974,"Name_rgn":"Northern Neck George Washington Birthplace","state":null,"official":1,"country":"United States","class":"American Viticultural Area","altname":null,"gen":2,"color":5,"ppt_yr":1108,"ppt_gs":656,"GDD_1":2333,"style":null,"latitude":38.0034,"elev":null,"climate":null,"GI_area":null,"auv":null,"_bbox":[-77.34756135374161,37.60855542047173,-76.23647448819268,38.400688358698915]},"geometry":{"type":"Point","coordinates":[-76.43475,37.80968]},"tippecanoe":{"minzoom":5}}
,
{"type":"Feature","properties":{"_area":116658461,"OBJECTID_1":882,"OBJECTID":975,"Name_rgn":"Old Mission Peninsula","state":null,"official":1,"country":"United States","class":"American Viticultural Area","altname":null,"gen":2,"color":3,"ppt_yr":805,"ppt_gs":549,"GDD_1":1324,"style":null,"latitude":44.8912,"elev":null,"climate":null,"GI_area":null,"auv":null,"_bbox":[-85.59445902330471,44.76935364936072,-85.46444333784959,44.99189262299661]},"geometry":{"type":"Point","coordinates":[-85.53047,44.88007]},"tippecanoe":{"minzoom":6}}
,
{"type":"Feature","properties":{"_area":6877893,"OBJECTID_1":883,"OBJECTID":976,"Name_rgn":"River Junction","state":null,"official":1,"country":"United States","class":"American Viticultural Area","altname":null,"gen":2,"color":4,"ppt_yr":266,"ppt_gs":51,"GDD_1":2327,"style":null,"latitude":37.6761,"elev":null,"climate":null,"GI_area":null,"auv":null,"_bbox":[-121.26408141112043,37.66336998110778,-121.22152609159605,37.688433021821716]},"geometry":{"type":"Point","coordinates":[-121.2351,37.67512]},"tippecanoe":{"minzoom":7}}
,
{"type":"Feature","properties":{"_area":50357709,"OBJECTID_1":884,"OBJECTID":977,"Name_rgn":"Rocky Knob","state":null,"official":1,"country":"United States","class":"American Viticultural Area","altname":null,"gen":2,"color":5,"ppt_yr":1200,"ppt_gs":756,"GDD_1":1676,"style":null,"latitude":36.8096,"elev":null,"climate":null,"GI_area":null,"auv":null,"_bbox":[-80.42122820365027,36.77364288573488,-80.27677016413354,36.85879524497483]},"geometry":{"type":"Point","coordinates":[-80.35005,36.80757]},"tippecanoe":{"minzoom":6}}
,
{"type":"Feature","properties":{"_area":18481019,"OBJECTID_1":885,"OBJECTID":978,"Name_rgn":"Salado Creek","state":null,"official":1,"country":"United States","class":"American Viticultural Area","altname":null,"gen":2,"color":1,"ppt_yr":286,"ppt_gs":53,"GDD_1":2521,"style":null,"latitude":37.4386,"elev":null,"climate":null,"GI_area":null,"auv":null,"_bbox":[-121.17169598852543,37.39512807365568,-121.12086368629625,37.45769790817375]},"geometry":{"type":"Point","coordinates":[-121.14032,37.43603]},"tippecanoe":{"minzoom":7}}
,
{"type":"Feature","properties":{"_area":16218133,"OBJECTID_1":886,"OBJECTID":979,"Name_rgn":"Seiad Valley","state":null,"official":1,"country":"United States","class":"American Viticultural Area","altname":null,"gen":2,"color":5,"ppt_yr":898,"ppt_gs":203,"GDD_1":1645,"style":null,"latitude":41.8418,"elev":null,"climate":null,"GI_area":null,"auv":null,"_bbox":[-123.21973946029611,41.8195714845277,-123.13925277340815,41.867714498756044]},"geometry":{"type":"Point","coordinates":[-123.19341,41.83838]},"tippecanoe":{"minzoom":7}}
,
{"type":"Feature","properties":{"_area":10013072401,"OBJECTID_1":887,"OBJECTID":980,"Name_rgn":"Shawnee Hills","state":null,"official":1,"country":"United States","class":"American Viticultural Area","altname":null,"gen":2,"color":4,"ppt_yr":1257,"ppt_gs":751,"GDD_1":2360,"style":null,"latitude":37.51,"elev":null,"climate":null,"GI_area":null,"auv":null,"_bbox":[-89.82341999361886,37.058595808575205,-88.06415765685803,37.95662077091948]},"geometry":{"type":"Point","coordinates":[-89.19726,37.51638]},"tippecanoe":{"minzoom":4}}
,
{"type":"Feature","properties":{"_area":60319949,"OBJECTID_1":888,"OBJECTID":981,"Name_rgn":"Sierra Pelona Valley","state":null,"official":1,"country":"United States","class":"American Viticultural Area","altname":null,"gen":2,"color":2,"ppt_yr":340,"ppt_gs":52,"GDD_1":2350,"style":null,"latitude":34.5127,"elev":null,"climate":null,"GI_area":null,"auv":null,"_bbox":[-118.37202004068294,34.46805039908036,-118.24761815291546,34.54974114602379]},"geometry":{"type":"Point","coordinates":[-118.33054,34.50443]},"tippecanoe":{"minzoom":6}}
,
{"type":"Feature","properties":{"_area":828705174,"OBJECTID_1":889,"OBJECTID":982,"Name_rgn":"Sonoita","state":null,"official":1,"country":"United States","class":"American Viticultural Area","altname":null,"gen":2,"color":3,"ppt_yr":461,"ppt_gs":319,"GDD_1":2469,"style":null,"latitude":31.6316,"elev":null,"climate":null,"GI_area":null,"auv":null,"_bbox":[-110.84829953467244,31.482860861859454,-110.38241252216073,31.775172928351015]},"geometry":{"type":"Point","coordinates":[-110.53658,31.63016]},"tippecanoe":{"minzoom":5}}
,
{"type":"Feature","properties":{"_area":227839819,"OBJECTID_1":890,"OBJECTID":983,"Name_rgn":"Squaw Valley-Miramonte","state":null,"official":1,"country":"United States","class":"American Viticultural Area","altname":null,"gen":2,"color":0,"ppt_yr":672,"ppt_gs":137,"GDD_1":2516,"style":null,"latitude":36.7212,"elev":null,"climate":null,"GI_area":null,"auv":null,"_bbox":[-119.28101994338562,36.657514076641306,-119.03716868511488,36.774614580449594]},"geometry":{"type":"Point","coordinates":[-119.1351,36.71561]},"tippecanoe":{"minzoom":6}}
,
{"type":"Feature","properties":{"_area":1433215005,"OBJECTID_1":891,"OBJECTID":984,"Name_rgn":"Texas Davis Mountains","state":null,"official":1,"country":"United States","class":"American Viticultural Area","altname":null,"gen":2,"color":5,"ppt_yr":408,"ppt_gs":344,"GDD_1":2296,"style":null,"latitude":30.6818,"elev":null,"climate":null,"GI_area":null,"auv":null,"_bbox":[-104.28838519625606,30.52661802004614,-103.73538108205008,30.85292409270173]},"geometry":{"type":"Point","coordinates":[-104.04875,30.68467]},"tippecanoe":{"minzoom":5}}
,
{"type":"Feature","properties":{"_area":38232915492,"OBJECTID_1":892,"OBJECTID":985,"Name_rgn":"Texas High Plains","state":null,"official":1,"country":"United States","class":"American Viticultural Area","altname":null,"gen":2,"color":4,"ppt_yr":451,"ppt_gs":364,"GDD_1":2517,"style":null,"latitude":33.8434,"elev":null,"climate":null,"GI_area":null,"auv":null,"_bbox":[-103.06483704732558,32.700511480924725,-100.99102738600841,34.98603289544247]},"geometry":{"type":"Point","coordinates":[-102.11451,33.90804]},"tippecanoe":{"minzoom":4}}
,
{"type":"Feature","properties":{"_area":40649497458,"OBJECTID_1":893,"OBJECTID":986,"Name_rgn":"Texas Hill Country","state":null,"official":1,"country":"United States","class":"American Viticultural Area","altname":null,"gen":2,"color":1,"ppt_yr":728,"ppt_gs":504,"GDD_1":3090,"style":null,"latitude":30.2507,"elev":null,"climate":null,"GI_area":null,"auv":null,"_bbox":[-100.2054842167318,29.209598938134835,-97.66611361607973,31.269898362797953]},"geometry":{"type":"Point","coordinates":[-98.91729,30.31771]},"tippecanoe":{"minzoom":3}}
,
{"type":"Feature","properties":{"_area":9874503128,"OBJECTID_1":894,"OBJECTID":987,"Name_rgn":"Tip of the Mitt","state":null,"official":1,"country":"United States","class":"American Viticultural Area","altname":null,"gen":2,"color":1,"ppt_yr":822,"ppt_gs":565,"GDD_1":1212,"style":null,"latitude":45.357,"elev":null,"climate":null,"GI_area":null,"auv":null,"_bbox":[-85.39111801232184,45.02007695170783,-83.25995306169726,45.789396588987024]},"geometry":{"type":"Point","coordinates":[-84.77844,45.40737]},"tippecanoe":{"minzoom":4}}
,
{"type":"Feature","properties":{"_area":164536934,"OBJECTID_1":895,"OBJECTID":988,"Name_rgn":"Tracy Hills","state":null,"official":1,"country":"United States","class":"American Viticultural Area","altname":null,"gen":2,"color":2,"ppt_yr":274,"ppt_gs":55,"GDD_1":2546,"style":null,"latitude":37.6381,"elev":null,"climate":null,"GI_area":null,"auv":null,"_bbox":[-121.50637906814158,37.565502009369276,-121.2690970161688,37.70309000498582]},"geometry":{"type":"Point","coordinates":[-121.38384,37.65364]},"tippecanoe":{"minzoom":6}}
,
{"type":"Feature","properties":{"_area":949935301,"OBJECTID_1":896,"OBJECTID":989,"Name_rgn":"Trinity Lakes","state":null,"official":1,"country":"United States","class":"American Viticultural Area","altname":null,"gen":2,"color":4,"ppt_yr":963,"ppt_gs":210,"GDD_1":1733,"style":null,"latitude":40.8728,"elev":null,"climate":null,"GI_area":null,"auv":null,"_bbox":[-122.94002137518716,40.650398696365656,-122.58919629216078,41.103370496253966]},"geometry":{"type":"Point","coordinates":[-122.80367,40.84568]},"tippecanoe":{"minzoom":5}}
,
{"type":"Feature","properties":{"_area":2633133647,"OBJECTID_1":897,"OBJECTID":990,"Name_rgn":"Upper Hiwassee Highlands","state":null,"official":1,"country":"United States","class":"American Viticultural Area","altname":null,"gen":2,"color":4,"ppt_yr":1595,"ppt_gs":874,"GDD_1":2014,"style":null,"latitude":35.0088,"elev":null,"climate":null,"GI_area":null,"auv":null,"_bbox":[-84.25619923125575,34.73639560349614,-83.60437368495725,35.23915069275719]},"geometry":{"type":"Point","coordinates":[-83.89681,34.99366]},"tippecanoe":{"minzoom":5}}
,
{"type":"Feature","properties":{"_area":4996707022,"OBJECTID_1":898,"OBJECTID":991,"Name_rgn":"Upper Hudson","state":null,"official":1,"country":"United States","class":"American Viticultural Area","altname":null,"gen":2,"color":4,"ppt_yr":1078,"ppt_gs":696,"GDD_1":1502,"style":null,"latitude":42.9415,"elev":null,"climate":null,"GI_area":null,"auv":null,"_bbox":[-74.37213923727592,42.57373263867542,-73.33997268781359,43.3194498643876]},"geometry":{"type":"Point","coordinates":[-73.80921,42.98664]},"tippecanoe":{"minzoom":4}}
,
{"type":"Feature","properties":{"_area":1965122409,"OBJECTID_1":899,"OBJECTID":992,"Name_rgn":"Virginia's Eastern Shore","state":null,"official":1,"country":"United States","class":"American Viticultural Area","altname":null,"gen":2,"color":3,"ppt_yr":1069,"ppt_gs":645,"GDD_1":2302,"style":null,"latitude":37.6417,"elev":null,"climate":null,"GI_area":null,"auv":null,"_bbox":[-76.02812868069097,37.11664826468538,-75.37506548500134,38.015243679514]},"geometry":{"type":"Point","coordinates":[-75.83042,37.52099]},"tippecanoe":{"minzoom":5}}
,
{"type":"Feature","properties":{"_area":899917216,"OBJECTID_1":900,"OBJECTID":993,"Name_rgn":"Warren Hills","state":null,"official":1,"country":"United States","class":"American Viticultural Area","altname":null,"gen":2,"color":3,"ppt_yr":1248,"ppt_gs":794,"GDD_1":1701,"style":null,"latitude":40.8234,"elev":null,"climate":null,"GI_area":null,"auv":null,"_bbox":[-75.20337582343527,40.592285727695284,-74.76943153339444,41.019942104220206]},"geometry":{"type":"Point","coordinates":[-74.98746,40.85247]},"tippecanoe":{"minzoom":5}}
,
{"type":"Feature","properties":{"_area":287762106,"OBJECTID_1":901,"OBJECTID":994,"Name_rgn":"West Elks","state":null,"official":1,"country":"United States","class":"American Viticultural Area","altname":null,"gen":2,"color":4,"ppt_yr":335,"ppt_gs":205,"GDD_1":1906,"style":null,"latitude":38.8315,"elev":null,"climate":null,"GI_area":null,"auv":null,"_bbox":[-107.82213115032732,38.76800637022175,-107.5248566257658,38.925243132843185]},"geometry":{"type":"Point","coordinates":[-107.73307,38.82881]},"tippecanoe":{"minzoom":6}}
,
{"type":"Feature","properties":{"_area":5067088403,"OBJECTID_1":902,"OBJECTID":995,"Name_rgn":"Western Connecticut Highlands","state":null,"official":1,"country":"United States","class":"American Viticultural Area","altname":null,"gen":2,"color":5,"ppt_yr":1266,"ppt_gs":768,"GDD_1":1569,"style":null,"latitude":41.6311,"elev":null,"climate":null,"GI_area":null,"auv":null,"_bbox":[-73.72777638321647,41.03682133129461,-72.86374843793402,42.05051953454988]},"geometry":{"type":"Point","coordinates":[-73.25948,41.74644]},"tippecanoe":{"minzoom":4}}
,
{"type":"Feature","properties":{"_area":2808544525,"OBJECTID_1":903,"OBJECTID":996,"Name_rgn":"Willcox","state":null,"official":1,"country":"United States","class":"American Viticultural Area","altname":null,"gen":2,"color":2,"ppt_yr":330,"ppt_gs":225,"GDD_1":2721,"style":null,"latitude":32.1725,"elev":null,"climate":null,"GI_area":null,"auv":null,"_bbox":[-110.0939155629028,31.818061691069456,-109.50848257236729,32.62326310039429]},"geometry":{"type":"Point","coordinates":[-109.75832,32.04046]},"tippecanoe":{"minzoom":5}}
,
{"type":"Feature","properties":{"_area":77512142,"OBJECTID_1":904,"OBJECTID":997,"Name_rgn":"Willow Creek","state":null,"official":1,"country":"United States","class":"American Viticultural Area","altname":null,"gen":2,"color":4,"ppt_yr":1218,"ppt_gs":253,"GDD_1":1564,"style":null,"latitude":40.9292,"elev":null,"climate":null,"GI_area":null,"auv":null,"_bbox":[-123.66960140758975,40.872990324705356,-123.55676288209442,40.98624315324116]},"geometry":{"type":"Point","coordinates":[-123.6242,40.94219]},"tippecanoe":{"minzoom":6}}
,
{"type":"Feature","properties":{"_area":12810213239,"OBJECTID_1":905,"OBJECTID":998,"Name_rgn":"Wisconsin Ledge","state":null,"official":1,"country":"United States","class":"American Viticultural Area","altname":null,"gen":2,"color":5,"ppt_yr":826,"ppt_gs":616,"GDD_1":1323,"style":null,"latitude":44.0518,"elev":null,"climate":null,"GI_area":null,"auv":null,"_bbox":[-88.73912223372201,43.2932490680888,-86.97019063516055,45.29936624657843]},"geometry":{"type":"Point","coordinates":[-88.15653,43.72555]},"tippecanoe":{"minzoom":4}}
,
{"type":"Feature","properties":{"_area":7506188849,"OBJECTID_1":906,"OBJECTID":999,"Name_rgn":"Yadkin Valley","state":null,"official":1,"country":"United States","class":"American Viticultural Area","altname":null,"gen":2,"color":5,"ppt_yr":1226,"ppt_gs":761,"GDD_1":2229,"style":null,"latitude":36.2027,"elev":null,"climate":null,"GI_area":null,"auv":null,"_bbox":[-81.5454915011928,35.71971300202122,-80.22825110460934,36.562356167076956]},"geometry":{"type":"Point","coordinates":[-80.65306,36.18506]},"tippecanoe":{"minzoom":4}}
,
{"type":"Feature","properties":{"_area":255351203,"OBJECTID_1":907,"OBJECTID":1000,"Name_rgn":"Maasvallei Limburg","state":"Flanders, Limburg","official":1,"country":"Belgium, Netherlands","class":"Beschermde oorsprongsbenaming","altname":null,"gen":7,"color":0,"ppt_yr":735,"ppt_gs":431,"GDD_1":1210,"style":null,"latitude":51.0865,"elev":null,"climate":null,"GI_area":null,"auv":null,"_bbox":[5.691750300732507,50.90565146916827,5.984660344316393,51.20982313610349]},"geometry":{"type":"Point","coordinates":[5.85308,51.1219]},"tippecanoe":{"minzoom":6}}
,
{"type":"Feature","properties":{"_area":140937645,"OBJECTID_1":908,"OBJECTID":1001,"Name_rgn":"Heuvellandse wijn","state":"Flanders","official":1,"country":"Belgium","class":"Beschermde oorsprongsbenaming","altname":null,"gen":7,"color":5,"ppt_yr":758,"ppt_gs":442,"GDD_1":1063,"style":null,"latitude":50.7755,"elev":null,"climate":null,"GI_area":null,"auv":null,"_bbox":[2.713019917247507,50.70828352521603,2.960470448180656,50.82731913021814]},"geometry":{"type":"Point","coordinates":[2.85019,50.76269]},"tippecanoe":{"minzoom":6}}
,
{"type":"Feature","properties":{"_area":1164070805,"OBJECTID_1":909,"OBJECTID":1002,"Name_rgn":"Hagelandse Wijn","state":"Flanders","official":1,"country":"Belgium","class":"Beschermde oorsprongsbenaming","altname":null,"gen":7,"color":4,"ppt_yr":789,"ppt_gs":463,"GDD_1":1259,"style":null,"latitude":50.8958,"elev":null,"climate":null,"GI_area":null,"auv":null,"_bbox":[4.640307020082163,50.703346143495175,5.188035923309319,51.04982452812193]},"geometry":{"type":"Point","coordinates":[5.00776,50.88538]},"tippecanoe":{"minzoom":5}}
,
{"type":"Feature","properties":{"_area":910811025,"OBJECTID_1":910,"OBJECTID":1003,"Name_rgn":"Haspengouwse Wijn","state":"Flanders","official":1,"country":"Belgium","class":"Beschermde oorsprongsbenaming","altname":null,"gen":7,"color":4,"ppt_yr":812,"ppt_gs":487,"GDD_1":1220,"style":null,"latitude":50.8191,"elev":null,"climate":null,"GI_area":null,"auv":null,"_bbox":[5.10153245898889,50.69543392742403,5.688159938459396,50.971258250557234]},"geometry":{"type":"Point","coordinates":[5.23837,50.83227]},"tippecanoe":{"minzoom":5}}
,
{"type":"Feature","properties":{"_area":26018969386,"OBJECTID_1":911,"OBJECTID":1004,"Name_rgn":"North Canterbury","state":null,"official":1,"country":"New Zealand","class":"Region","altname":null,"gen":1,"color":5,"ppt_yr":1388,"ppt_gs":761,"GDD_1":774,"style":null,"latitude":-43.0755,"elev":null,"climate":null,"GI_area":null,"auv":null,"_bbox":[170.85399434156633,-43.902778871388435,173.46528728791858,-42.08785008731114]},"geometry":{"type":"Point","coordinates":[172.50276,-43.11805]},"tippecanoe":{"minzoom":4}}
,
{"type":"Feature","properties":{"_area":465969485,"OBJECTID_1":912,"OBJECTID":1005,"Name_rgn":"Mergelland","state":"Limburg","official":1,"country":"Netherlands","class":"Beschermde oorsprongsbenaming","altname":null,"gen":7,"color":4,"ppt_yr":818,"ppt_gs":484,"GDD_1":1163,"style":null,"latitude":50.8368,"elev":null,"climate":null,"GI_area":null,"auv":null,"_bbox":[5.638884437278869,50.75031473404948,6.027980169673475,50.94337105141475]},"geometry":{"type":"Point","coordinates":[5.77387,50.8476]},"tippecanoe":{"minzoom":5}}
,
{"type":"Feature","properties":{"_area":99229774,"OBJECTID_1":913,"OBJECTID":1006,"Name_rgn":"Ambt Delden","state":"Overijssel","official":1,"country":"Netherlands","class":"Beschermde oorsprongsbenaming","altname":null,"gen":7,"color":2,"ppt_yr":803,"ppt_gs":471,"GDD_1":1076,"style":null,"latitude":52.2491,"elev":null,"climate":null,"GI_area":null,"auv":null,"_bbox":[6.591320000399586,52.18891099992343,6.73501000011136,52.308710000012574]},"geometry":{"type":"Point","coordinates":[6.67041,52.24741]},"tippecanoe":{"minzoom":6}}
,
{"type":"Feature","properties":{"_area":853134635,"OBJECTID_1":914,"OBJECTID":1008,"Name_rgn":"Moselle Luxembourgeoise","state":null,"official":1,"country":"Luxembourg","class":"Appellation d'origine protégée","altname":null,"gen":7,"color":3,"ppt_yr":786,"ppt_gs":447,"GDD_1":1205,"style":null,"latitude":49.6264,"elev":null,"climate":null,"GI_area":null,"auv":null,"_bbox":[6.171597394169126,49.459505390249774,6.530897693828909,49.95519446803164]},"geometry":{"type":"Point","coordinates":[6.35756,49.73109]},"tippecanoe":{"minzoom":5}}
,
{"type":"Feature","properties":{"_area":937388063,"OBJECTID_1":915,"OBJECTID":1009,"Name_rgn":"Anapa","state":"Krasnodar","official":6,"country":"Russian Federation","class":"Терруары","altname":"Анапа","gen":8,"color":2,"ppt_yr":574,"ppt_gs":287,"GDD_1":1870,"style":null,"latitude":45.0192,"elev":null,"climate":null,"GI_area":null,"auv":null,"_bbox":[37.175415039268735,44.82136535638048,37.63256835929702,45.22015380838066]},"geometry":{"type":"Point","coordinates":[37.41336,45.02426]},"tippecanoe":{"minzoom":5}}
,
{"type":"Feature","properties":{"_area":1588695860,"OBJECTID_1":916,"OBJECTID":1010,"Name_rgn":"Gelendzhik","state":"Krasnodar","official":6,"country":"Russian Federation","class":"Терруары","altname":"Геленджик","gen":8,"color":3,"ppt_yr":913,"ppt_gs":419,"GDD_1":1737,"style":null,"latitude":44.5838,"elev":null,"climate":null,"GI_area":null,"auv":null,"_bbox":[37.799050487161,44.36791602959557,38.58004773912876,44.79719569364383]},"geometry":{"type":"Point","coordinates":[38.29457,44.55656]},"tippecanoe":{"minzoom":5}}
,
{"type":"Feature","properties":{"_area":1554007857,"OBJECTID_1":917,"OBJECTID":1011,"Name_rgn":"Krymsk","state":"Krasnodar","official":6,"country":"Russian Federation","class":"Терруары","altname":"Крымск","gen":8,"color":1,"ppt_yr":657,"ppt_gs":323,"GDD_1":1860,"style":null,"latitude":45.0799,"elev":null,"climate":null,"GI_area":null,"auv":null,"_bbox":[37.49804687529371,44.8560256955284,38.17496109007342,45.23638916037393]},"geometry":{"type":"Point","coordinates":[37.80449,45.04658]},"tippecanoe":{"minzoom":5}}
,
{"type":"Feature","properties":{"_area":2630108024,"OBJECTID_1":918,"OBJECTID":1012,"Name_rgn":"Novokubansk","state":"Krasnodar","official":6,"country":"Russian Federation","class":"Терруары","altname":"Новокубанск","gen":8,"color":1,"ppt_yr":754,"ppt_gs":513,"GDD_1":1585,"style":null,"latitude":44.4617,"elev":null,"climate":null,"GI_area":null,"auv":null,"_bbox":[40.68952941863166,44.07578277586639,41.29915618853871,44.77719116225532]},"geometry":{"type":"Point","coordinates":[41.0503,44.4699]},"tippecanoe":{"minzoom":5}}
,
{"type":"Feature","properties":{"_area":927629679,"OBJECTID_1":919,"OBJECTID":1013,"Name_rgn":"Novorossiysk","state":"Krasnodar","official":6,"country":"Russian Federation","class":"Терруары","altname":"Новороссийск","gen":8,"color":5,"ppt_yr":699,"ppt_gs":328,"GDD_1":1790,"style":null,"latitude":44.7963,"elev":null,"climate":null,"GI_area":null,"auv":null,"_bbox":[37.345973898860215,44.64902900968367,37.83006687050407,44.965534476775794]},"geometry":{"type":"Point","coordinates":[37.60499,44.81037]},"tippecanoe":{"minzoom":5}}
,
{"type":"Feature","properties":{"_area":3448873824,"OBJECTID_1":920,"OBJECTID":1014,"Name_rgn":"Taman","state":"Krasnodar","official":6,"country":"Russian Federation","class":"Терруары","altname":"Тамань","gen":8,"color":3,"ppt_yr":501,"ppt_gs":262,"GDD_1":1895,"style":null,"latitude":45.247,"elev":null,"climate":null,"GI_area":null,"auv":null,"_bbox":[36.59736248314002,45.01909646220444,37.77894199956328,45.48041526652971]},"geometry":{"type":"Point","coordinates":[37.16095,45.2448]},"tippecanoe":{"minzoom":5}}
,
{"type":"Feature","properties":{"_area":3637016057,"OBJECTID_1":921,"OBJECTID":1015,"Name_rgn":"Central Kuban","state":"Krasnodar","official":6,"country":"Russian Federation","class":"Терруары","altname":"Центр Кубани","gen":8,"color":4,"ppt_yr":822,"ppt_gs":409,"GDD_1":1874,"style":null,"latitude":44.8881,"elev":null,"climate":null,"GI_area":null,"auv":null,"_bbox":[38.316776683977956,44.55461890103917,39.24816129561384,45.20578023592422]},"geometry":{"type":"Point","coordinates":[38.68941,44.86367]},"tippecanoe":{"minzoom":5}}
,
{"type":"Feature","properties":{"_area":211458092,"OBJECTID_1":922,"OBJECTID":1016,"Name_rgn":"Ahrtaler","state":"Rhineland-Palatinate","official":1,"country":"Germany","class":"Geschützte geographifische Angabe","altname":null,"gen":8,"color":3,"ppt_yr":729,"ppt_gs":430,"GDD_1":1113,"style":null,"latitude":50.5393,"elev":null,"climate":null,"GI_area":null,"auv":null,"_bbox":[6.937653032694849,50.456619202076354,7.208732224532348,50.61230868450703]},"geometry":{"type":"Point","coordinates":[7.07571,50.54115]},"tippecanoe":{"minzoom":6}}
,
{"type":"Feature","properties":{"_area":1464189765,"OBJECTID_1":923,"OBJECTID":1017,"Name_rgn":"Nahe","state":"Rhineland-Palatinate","official":1,"country":"Germany","class":"Geschützte Ursprungsbezeichnung","altname":null,"gen":8,"color":0,"ppt_yr":593,"ppt_gs":366,"GDD_1":1191,"style":null,"latitude":49.8087,"elev":null,"climate":null,"GI_area":null,"auv":null,"_bbox":[7.472654342668473,49.55920410238271,8.003804206709841,50.00541305634166]},"geometry":{"type":"Point","coordinates":[7.76679,49.7871]},"tippecanoe":{"minzoom":5}}
,
{"type":"Feature","properties":{"_area":2781569345,"OBJECTID_1":924,"OBJECTID":1018,"Name_rgn":"Pfalz","state":"Rhineland-Palatinate","official":1,"country":"Germany","class":"Geschützte Ursprungsbezeichnung","altname":null,"gen":8,"color":2,"ppt_yr":692,"ppt_gs":413,"GDD_1":1323,"style":null,"latitude":49.3355,"elev":null,"climate":null,"GI_area":null,"auv":null,"_bbox":[7.824157511800504,48.9993172522958,8.491796288894983,49.71089184477059]},"geometry":{"type":"Point","coordinates":[8.14689,49.37682]},"tippecanoe":{"minzoom":5}}
,
{"type":"Feature","properties":{"_area":1592613455,"OBJECTID_1":925,"OBJECTID":1019,"Name_rgn":"Rheinhessen","state":"Rhineland-Palatinate","official":1,"country":"Germany","class":"Geschützte Ursprungsbezeichnung","altname":null,"gen":8,"color":4,"ppt_yr":566,"ppt_gs":357,"GDD_1":1357,"style":null,"latitude":49.8215,"elev":null,"climate":null,"GI_area":null,"auv":null,"_bbox":[7.855095041027997,49.58638023752737,8.458076111294005,50.035545798711986]},"geometry":{"type":"Point","coordinates":[8.17749,49.82982]},"tippecanoe":{"minzoom":5}}
,
{"type":"Feature","properties":{"_area":9893366253,"OBJECTID_1":926,"OBJECTID":1020,"Name_rgn":"Franken","state":"Bavaria","official":1,"country":"Germany","class":"Geschützte Ursprungsbezeichnung","altname":null,"gen":8,"color":4,"ppt_yr":696,"ppt_gs":413,"GDD_1":1205,"style":null,"latitude":49.8413,"elev":null,"climate":null,"GI_area":null,"auv":null,"_bbox":[9.019035340041913,49.32490158196711,10.959998130657311,50.20114517287711]},"geometry":{"type":"Point","coordinates":[10.13873,49.76687]},"tippecanoe":{"minzoom":4}}
,
{"type":"Feature","properties":{"_area":956573571,"OBJECTID_1":927,"OBJECTID":1021,"Name_rgn":"Hessische Bergstraße","state":"Hessen","official":1,"country":"Germany","class":"Geschützte Ursprungsbezeichnung","altname":null,"gen":8,"color":0,"ppt_yr":802,"ppt_gs":468,"GDD_1":1333,"style":null,"latitude":49.7831,"elev":null,"climate":null,"GI_area":null,"auv":null,"_bbox":[8.546519731812195,49.60347399110593,9.04370478813611,50.03944389755499]},"geometry":{"type":"Point","coordinates":[8.80665,49.85254]},"tippecanoe":{"minzoom":5}}
,
{"type":"Feature","properties":{"_area":2883571735,"OBJECTID_1":928,"OBJECTID":1022,"Name_rgn":"Mittelrhein","state":"Rhineland-Palatinate","official":1,"country":"Germany","class":"Geschützte Ursprungsbezeichnung","altname":null,"gen":8,"color":0,"ppt_yr":746,"ppt_gs":448,"GDD_1":1158,"style":null,"latitude":50.3949,"elev":null,"climate":null,"GI_area":null,"auv":null,"_bbox":[7.023486137319344,49.98178482171364,7.873449802493749,50.77443695195019]},"geometry":{"type":"Point","coordinates":[7.27196,50.51357]},"tippecanoe":{"minzoom":5}}
,
{"type":"Feature","properties":{"_area":1355416120,"OBJECTID_1":929,"OBJECTID":1023,"Name_rgn":"Rheingau","state":"Hessen","official":1,"country":"Germany","class":"Geschützte Ursprungsbezeichnung","altname":null,"gen":8,"color":5,"ppt_yr":639,"ppt_gs":388,"GDD_1":1320,"style":null,"latitude":50.077,"elev":null,"climate":null,"GI_area":null,"auv":null,"_bbox":[7.772620677962003,49.97190475535398,8.800290107500155,50.226257324495485]},"geometry":{"type":"Point","coordinates":[8.56449,50.112]},"tippecanoe":{"minzoom":5}}
,
{"type":"Feature","properties":{"_area":3008833218,"OBJECTID_1":930,"OBJECTID":1024,"Name_rgn":"Mosel","state":"Rhineland-Palatinate, Saarland","official":1,"country":"Germany","class":"Geschützte Ursprungsbezeichnung","altname":null,"gen":8,"color":1,"ppt_yr":784,"ppt_gs":448,"GDD_1":1147,"style":null,"latitude":49.9086,"elev":null,"climate":null,"GI_area":null,"auv":null,"_bbox":[6.356946960116347,49.452606381408124,7.695963862168195,50.41032060024804]},"geometry":{"type":"Point","coordinates":[6.60058,49.70934]},"tippecanoe":{"minzoom":5}}
,
{"type":"Feature","properties":{"_area":211458091,"OBJECTID_1":931,"OBJECTID":1025,"Name_rgn":"Ahr","state":"Rhineland-Palatinate","official":1,"country":"Germany","class":"Geschützte Ursprungsbezeichnung","altname":null,"gen":8,"color":3,"ppt_yr":729,"ppt_gs":430,"GDD_1":1120,"style":null,"latitude":50.5393,"elev":null,"climate":null,"GI_area":null,"auv":null,"_bbox":[6.937653032694849,50.45661920150433,7.208732224532348,50.61230868336701]},"geometry":{"type":"Point","coordinates":[7.07571,50.54115]},"tippecanoe":{"minzoom":6}}
,
{"type":"Feature","properties":{"_area":917296478,"OBJECTID_1":932,"OBJECTID":1026,"Name_rgn":"Sachsen","state":"Saxony","official":1,"country":"Germany","class":"Geschützte Ursprungsbezeichnung","altname":"Saxony","gen":8,"color":5,"ppt_yr":671,"ppt_gs":439,"GDD_1":1243,"style":null,"latitude":51.1085,"elev":null,"climate":null,"GI_area":null,"auv":null,"_bbox":[13.324737005441206,50.975185730061284,13.965848736113143,51.24625815452185]},"geometry":{"type":"Point","coordinates":[13.5524,51.12025]},"tippecanoe":{"minzoom":5}}
,
{"type":"Feature","properties":{"_area":205525241,"OBJECTID_1":933,"OBJECTID":1027,"Name_rgn":"Commandaria","state":"Limassol","official":1,"country":"Cyprus","class":"Προστατευόμενη Ονομασία Προέλευση","altname":"κουμανδαρία","gen":8,"color":2,"ppt_yr":667,"ppt_gs":126,"GDD_1":2540,"style":null,"latitude":34.8318,"elev":null,"climate":null,"GI_area":null,"auv":null,"_bbox":[32.869963144146006,34.76743890911779,33.094131340767916,34.892786574897144]},"geometry":{"type":"Point","coordinates":[33.0051,34.82815]},"tippecanoe":{"minzoom":6}}
,
{"type":"Feature","properties":{"_area":8309680812,"OBJECTID_1":934,"OBJECTID":1028,"Name_rgn":"Central Orange River","state":"Northern Cape","official":1,"country":"South Africa","class":"District","altname":"Sentraal-Oranjerivier","gen":1,"color":5,"ppt_yr":205,"ppt_gs":180,"GDD_1":3187,"style":null,"latitude":-28.6619,"elev":null,"climate":null,"GI_area":null,"auv":null,"_bbox":[20.311743131299206,-29.0719756941916,22.25453030323861,-28.33420752084144]},"geometry":{"type":"Point","coordinates":[21.50053,-28.64113]},"tippecanoe":{"minzoom":4}}
,
{"type":"Feature","properties":{"_area":15709396440,"OBJECTID_1":935,"OBJECTID":1029,"Name_rgn":"Cape West Coast","state":"Western Cape","official":1,"country":"South Africa","class":"Subregion","altname":"Kaap Weskus","gen":9,"color":1,"ppt_yr":291,"ppt_gs":77,"GDD_1":2262,"style":null,"latitude":-32.7375,"elev":null,"climate":null,"GI_area":null,"auv":null,"_bbox":[17.756802624715572,-33.59371566758227,18.66477279130303,-31.150676974759808]},"geometry":{"type":"Point","coordinates":[18.21256,-32.78683]},"tippecanoe":{"minzoom":4}}
,
{"type":"Feature","properties":{"_area":6321664306,"OBJECTID_1":936,"OBJECTID":1032,"Name_rgn":"Malokarpatská","state":null,"official":1,"country":"Slovakia","class":"Chránené Označenie Pôvodu","altname":null,"gen":0,"color":3,"ppt_yr":700,"ppt_gs":500,"GDD_1":1458,"style":null,"latitude":48.4828,"elev":null,"climate":null,"GI_area":null,"auv":null,"_bbox":[16.91296334975481,48.111881561640686,18.147721039719972,49.02090298221831]},"geometry":{"type":"Point","coordinates":[17.3333,48.51269]},"tippecanoe":{"minzoom":4}}
,
{"type":"Feature","properties":{"_area":5125098624,"OBJECTID_1":937,"OBJECTID":1033,"Name_rgn":"Nitrianska","state":null,"official":1,"country":"Slovakia","class":"Chránené Označenie Pôvodu","altname":null,"gen":0,"color":2,"ppt_yr":611,"ppt_gs":414,"GDD_1":1561,"style":null,"latitude":48.2621,"elev":null,"climate":null,"GI_area":null,"auv":null,"_bbox":[17.654463741211742,47.93190211568306,18.88617011736314,48.69598546659096]},"geometry":{"type":"Point","coordinates":[18.30102,48.34491]},"tippecanoe":{"minzoom":4}}
,
{"type":"Feature","properties":{"_area":4743072074,"OBJECTID_1":938,"OBJECTID":1034,"Name_rgn":"Stredoslovenská","state":"Nitra, Banská Bystrica","official":1,"country":"Slovakia","class":"Chránené Označenie Pôvodu","altname":null,"gen":0,"color":5,"ppt_yr":604,"ppt_gs":419,"GDD_1":1477,"style":null,"latitude":48.2434,"elev":null,"climate":null,"GI_area":null,"auv":null,"_bbox":[18.735446467978495,47.9749608948027,20.469843535591245,48.49532174475333]},"geometry":{"type":"Point","coordinates":[19.09878,48.2326]},"tippecanoe":{"minzoom":4}}
,
{"type":"Feature","properties":{"_area":5451520294,"OBJECTID_1":939,"OBJECTID":1035,"Name_rgn":"Východoslovenská","state":"Košice, Prešov","official":1,"country":"Slovakia","class":"Chránené Označenie Pôvodu","altname":null,"gen":0,"color":3,"ppt_yr":683,"ppt_gs":472,"GDD_1":1422,"style":null,"latitude":48.6385,"elev":null,"climate":null,"GI_area":null,"auv":null,"_bbox":[20.57494983204142,48.33271750589699,22.364294103925516,48.93000855810374]},"geometry":{"type":"Point","coordinates":[21.81561,48.63195]},"tippecanoe":{"minzoom":4}}
,
{"type":"Feature","properties":{"_area":372292730,"OBJECTID_1":940,"OBJECTID":1036,"Name_rgn":"Lefkada","state":"Ionian Islands","official":1,"country":"Greece","class":"Προστατευόμενη γεωγραφική ένδειξη","altname":"Λευκάδα","gen":9,"color":3,"ppt_yr":950,"ppt_gs":331,"GDD_1":2197,"style":null,"latitude":38.7076,"elev":null,"climate":null,"GI_area":null,"auv":null,"_bbox":[20.541959493387992,38.56138248719367,20.732303492888896,38.85270748683238]},"geometry":{"type":"Point","coordinates":[20.64457,38.67589]},"tippecanoe":{"minzoom":6}}
,
{"type":"Feature","properties":{"_area":1096906689,"OBJECTID_1":941,"OBJECTID":1037,"Name_rgn":"Corfu","state":"Ionian Islands","official":1,"country":"Greece","class":"Προστατευόμενη γεωγραφική ένδειξη","altname":"Κέρκυρα","gen":9,"color":3,"ppt_yr":1101,"ppt_gs":376,"GDD_1":2340,"style":null,"latitude":39.6349,"elev":null,"climate":null,"GI_area":null,"auv":null,"_bbox":[19.62818949161085,39.360807986291235,20.122276492081763,39.82251848544899]},"geometry":{"type":"Point","coordinates":[19.85138,39.68049]},"tippecanoe":{"minzoom":5}}
,
{"type":"Feature","properties":{"_area":151129640,"OBJECTID_1":942,"OBJECTID":1038,"Name_rgn":"Achterhoek-Winterswijk","state":"Gelderland","official":1,"country":"Netherlands","class":"Beschermde oorsprongsbenaming\n","altname":null,"gen":10,"color":4,"ppt_yr":806,"ppt_gs":474,"GDD_1":1098,"style":null,"latitude":51.9699,"elev":null,"climate":null,"GI_area":null,"auv":null,"_bbox":[6.629085713933129,51.89608051835111,6.832816677292636,52.04008314864366]},"geometry":{"type":"Point","coordinates":[6.72077,51.96752]},"tippecanoe":{"minzoom":6}}
,
{"type":"Feature","properties":{"_area":1788863185,"OBJECTID_1":943,"OBJECTID":1039,"Name_rgn":"Adelaide Hills","state":"South Australia","official":1,"country":"Australia","class":"Region","altname":null,"gen":1,"color":2,"ppt_yr":787,"ppt_gs":276,"GDD_1":1616,"style":"Chardonnay, Pinot Noir, Sauvignon Blanc, Shiraz","latitude":-34.9775,"elev":null,"climate":"warm summer, warm temperate","GI_area":null,"auv":3832,"_bbox":[138.57866800026844,-35.34951600032417,139.08393599960252,-34.68782999967599]},"geometry":{"type":"Point","coordinates":[138.87571,-34.86892]},"tippecanoe":{"minzoom":5}}
,
{"type":"Feature","properties":{"_area":1109995000,"OBJECTID_1":944,"OBJECTID":1040,"Name_rgn":"Adelaide Plains","state":"South Australia","official":1,"country":"Australia","class":"Region","altname":null,"gen":1,"color":4,"ppt_yr":427,"ppt_gs":180,"GDD_1":2135,"style":"Shiraz, Sauvignon Blanc, Cabernet Sauvignon, Grenache, Pinot Gris/Grigio","latitude":-34.6338,"elev":null,"climate":null,"GI_area":null,"auv":498,"_bbox":[138.36594399990472,-34.852546000164814,138.75312699987046,-34.44214000010647]},"geometry":{"type":"Point","coordinates":[138.55916,-34.63589]},"tippecanoe":{"minzoom":5}}
,
{"type":"Feature","properties":{"_area":694562171,"OBJECTID_1":945,"OBJECTID":1041,"Name_rgn":"Barossa Valley","state":"South Australia","official":1,"country":"Australia","class":"Region","altname":null,"gen":1,"color":5,"ppt_yr":521,"ppt_gs":204,"GDD_1":1890,"style":"Shiraz, Grenache, Mataro, Cabernet Sauvignon, Semillon, Fortified wine","latitude":-34.512,"elev":null,"climate":null,"GI_area":null,"auv":11156,"_bbox":[138.82486999961912,-34.71289299979399,139.12299999970716,-34.35049700004278]},"geometry":{"type":"Point","coordinates":[138.93725,-34.50152]},"tippecanoe":{"minzoom":5}}
,
{"type":"Feature","properties":{"_area":765532180,"OBJECTID_1":946,"OBJECTID":1043,"Name_rgn":"Clare Valley","state":"South Australia","official":1,"country":"Australia","class":"Region","altname":null,"gen":1,"color":0,"ppt_yr":511,"ppt_gs":212,"GDD_1":1931,"style":"Riesling, Shiraz, Cabernet Sauvignon, Pinot Grigio, Chardonnay","latitude":-33.8845,"elev":null,"climate":null,"GI_area":null,"auv":4994,"_bbox":[138.50306999995402,-34.10702700033265,138.76200299986803,-33.70594700025828]},"geometry":{"type":"Point","coordinates":[138.63203,-33.8132]},"tippecanoe":{"minzoom":5}}
,
{"type":"Feature","properties":{"_area":508799109,"OBJECTID_1":947,"OBJECTID":1044,"Name_rgn":"Coonawarra","state":"South Australia","official":1,"country":"Australia","class":"Region","altname":null,"gen":1,"color":2,"ppt_yr":620,"ppt_gs":238,"GDD_1":1572,"style":"Cabernet Sauvignon, Shiraz, Merlot, Chardonnay, Sauvignon Blanc","latitude":-37.3126,"elev":null,"climate":"warm summer, warm temperate","GI_area":null,"auv":5293,"_bbox":[140.75305199964825,-37.46563299995587,140.97307899964133,-37.13875600017493]},"geometry":{"type":"Point","coordinates":[140.87209,-37.30792]},"tippecanoe":{"minzoom":5}}
,
{"type":"Feature","properties":{"_area":602741890,"OBJECTID_1":948,"OBJECTID":1045,"Name_rgn":"Currency Creek","state":"South Australia","official":1,"country":"Australia","class":"Region","altname":null,"gen":1,"color":5,"ppt_yr":451,"ppt_gs":181,"GDD_1":1856,"style":"Shiraz, Cabernet Sauvignon, Chardonnay, Merlot, Sauvignon Blanc","latitude":-35.4615,"elev":null,"climate":"warm summer, warm temperate","GI_area":null,"auv":1054,"_bbox":[138.6571019999013,-35.56201399969464,139.0478569996774,-35.33203500015167]},"geometry":{"type":"Point","coordinates":[138.7959,-35.44927]},"tippecanoe":{"minzoom":5}}
,
{"type":"Feature","properties":{"_area":652701679,"OBJECTID_1":949,"OBJECTID":1046,"Name_rgn":"Eden Valley","state":"South Australia","official":1,"country":"Australia","class":"Region","altname":null,"gen":1,"color":1,"ppt_yr":531,"ppt_gs":211,"GDD_1":1784,"style":"Shiraz, Riesling, Chardonnay, Cabernet Sauvignon, Viognier","latitude":-34.6111,"elev":null,"climate":null,"GI_area":null,"auv":2102,"_bbox":[138.93765099969863,-34.77552400026178,139.19380600002063,-34.40746499970136]},"geometry":{"type":"Point","coordinates":[139.07473,-34.63844]},"tippecanoe":{"minzoom":5}}
,
{"type":"Feature","properties":{"_area":492516663,"OBJECTID_1":950,"OBJECTID":1047,"Name_rgn":"McLaren Vale","state":"South Australia","official":1,"country":"Australia","class":"Region","altname":null,"gen":1,"color":4,"ppt_yr":587,"ppt_gs":216,"GDD_1":1817,"style":"Shiraz, Cabernet Sauvignon, Grenache, Chardonnay, Mataro/Mourvèdre","latitude":-35.1845,"elev":null,"climate":"warm summer, warm temperate","GI_area":null,"auv":7173,"_bbox":[138.44146299967824,-35.3487820001266,138.69072799992452,-35.04863899966863]},"geometry":{"type":"Point","coordinates":[138.56561,-35.15745]},"tippecanoe":{"minzoom":5}}
,
{"type":"Feature","properties":{"_area":311242501,"OBJECTID_1":951,"OBJECTID":1048,"Name_rgn":"Mount Benson","state":"South Australia","official":1,"country":"Australia","class":"Region","altname":null,"gen":1,"color":1,"ppt_yr":622,"ppt_gs":209,"GDD_1":1543,"style":"Shiraz, Sauvignon Blanc, Cabernet Sauvignon, Chardonnay, Merlot","latitude":-37.0159,"elev":null,"climate":"warm summer, warm temperate","GI_area":null,"auv":535,"_bbox":[139.67005399955966,-37.12700700006313,139.9031860002099,-36.9403799996642]},"geometry":{"type":"Point","coordinates":[139.82132,-37.02312]},"tippecanoe":{"minzoom":6}}
,
{"type":"Feature","properties":{"_area":2989767755,"OBJECTID_1":952,"OBJECTID":1049,"Name_rgn":"Mount Gambier","state":"South Australia","official":1,"country":"Australia","class":"Region","altname":null,"gen":1,"color":5,"ppt_yr":716,"ppt_gs":271,"GDD_1":1388,"style":"Sauvignon Blanc, Pinot Noir, Chardonnay, Riesling, Pinot Gris/Grigio","latitude":-37.7655,"elev":null,"climate":"warm summer, warm temperate","GI_area":null,"auv":274,"_bbox":[140.36144699957723,-38.061461999845605,140.9739149996925,-37.464609999984496]},"geometry":{"type":"Point","coordinates":[140.69601,-37.77819]},"tippecanoe":{"minzoom":5}}
,
{"type":"Feature","properties":{"_area":430786348,"OBJECTID_1":953,"OBJECTID":1050,"Name_rgn":"Padthaway","state":"South Australia","official":1,"country":"Australia","class":"Region","altname":null,"gen":1,"color":0,"ppt_yr":500,"ppt_gs":197,"GDD_1":1748,"style":"Shiraz, Chardonnay, Cabernet Sauvignon, Pinot Gris/Grigio, Merlot","latitude":-36.683,"elev":null,"climate":"warm summer, warm temperate","GI_area":null,"auv":null,"_bbox":[140.34890000003534,-36.94516699981697,140.7388380000268,-36.4665480003211]},"geometry":{"type":"Point","coordinates":[140.63412,-36.79323]},"tippecanoe":{"minzoom":5}}
,
{"type":"Feature","properties":{"_area":1190799490,"OBJECTID_1":954,"OBJECTID":1051,"Name_rgn":"Robe","state":"South Australia","official":1,"country":"Australia","class":"Region","altname":null,"gen":1,"color":3,"ppt_yr":655,"ppt_gs":219,"GDD_1":1489,"style":"Chardonnay, Pinot Noir, Shiraz, Cabernet Sauvignon, Sauvignon Blanc","latitude":-37.2609,"elev":null,"climate":"warm summer, warm temperate","GI_area":null,"auv":677,"_bbox":[139.7388689999285,-37.49247900003635,140.1838300004418,-36.99013400007039]},"geometry":{"type":"Point","coordinates":[139.89052,-37.15745]},"tippecanoe":{"minzoom":5}}
,
{"type":"Feature","properties":{"_area":1635910285,"OBJECTID_1":955,"OBJECTID":1052,"Name_rgn":"Southern Fleurieu","state":"South Australia","official":1,"country":"Australia","class":"Region","altname":null,"gen":1,"color":3,"ppt_yr":705,"ppt_gs":251,"GDD_1":1661,"style":"Shiraz, Cabernet Sauvignon, Pinot Gris/Grigio, Pinot Noir, Sauvignon Blanc","latitude":-35.4907,"elev":null,"climate":"warm summer, warm temperate","GI_area":null,"auv":488,"_bbox":[138.09363599989516,-35.665873000246236,138.77023600015815,-35.26180499988716]},"geometry":{"type":"Point","coordinates":[138.47442,-35.49343]},"tippecanoe":{"minzoom":5}}
,
{"type":"Feature","properties":{"_area":851950186,"OBJECTID_1":956,"OBJECTID":1053,"Name_rgn":"Wrattonbully","state":"South Australia","official":1,"country":"Australia","class":"Region","altname":null,"gen":1,"color":0,"ppt_yr":567,"ppt_gs":226,"GDD_1":1680,"style":"Shiraz, Cabernet Sauvignon, Chardonnay, Merlot, Pinot Gris/Grigio","latitude":-37.0121,"elev":null,"climate":"warm summer, warm temperate","GI_area":null,"auv":2666,"_bbox":[140.71608599961831,-37.22652400031467,140.99071799965841,-36.82241099996162]},"geometry":{"type":"Point","coordinates":[140.86306,-36.96584]},"tippecanoe":{"minzoom":5}}
,
{"type":"Feature","properties":{"_area":1323422675,"OBJECTID_1":957,"OBJECTID":1054,"Name_rgn":"Granite Belt","state":"Queensland","official":1,"country":"Australia","class":"Region","altname":null,"gen":1,"color":3,"ppt_yr":737,"ppt_gs":533,"GDD_1":1878,"style":"Shiraz, Chardonnay, Merlot, Pinot Gris/Grigio, Cabernet Sauvignon","latitude":-28.7165,"elev":null,"climate":null,"GI_area":null,"auv":317,"_bbox":[151.75251199963947,-28.96331999961162,152.0760549995521,-28.47194000025098]},"geometry":{"type":"Point","coordinates":[151.90986,-28.72129]},"tippecanoe":{"minzoom":5}}
,
{"type":"Feature","properties":{"_area":1799533303,"OBJECTID_1":958,"OBJECTID":1055,"Name_rgn":"Hastings River","state":"New South Wales","official":1,"country":"Australia","class":"Region","altname":null,"gen":1,"color":2,"ppt_yr":1366,"ppt_gs":974,"GDD_1":2382,"style":"Chardonnay, Verdelho","latitude":-31.487,"elev":null,"climate":null,"GI_area":null,"auv":13,"_bbox":[152.48263700039905,-31.733902999817257,152.97395899990028,-31.235469000058206]},"geometry":{"type":"Point","coordinates":[152.73214,-31.4537]},"tippecanoe":{"minzoom":5}}
,
{"type":"Feature","properties":{"_area":32211081054,"OBJECTID_1":959,"OBJECTID":1056,"Name_rgn":"New England Australia","state":"New South Wales","official":1,"country":"Australia","class":"Region","altname":null,"gen":1,"color":0,"ppt_yr":814,"ppt_gs":581,"GDD_1":1783,"style":"Shiraz, Pinot Noir, Sauvignon Blanc, Semillon, Riesling","latitude":-30.0562,"elev":null,"climate":null,"GI_area":null,"auv":77,"_bbox":[150.7736670002283,-31.393705999884613,152.2500060000643,-28.86686399989092]},"geometry":{"type":"Point","coordinates":[151.51472,-29.85105]},"tippecanoe":{"minzoom":4}}
,
{"type":"Feature","properties":{"_area":9016425221,"OBJECTID_1":960,"OBJECTID":1057,"Name_rgn":"South Burnett","state":"Queensland","official":1,"country":"Australia","class":"Region","altname":null,"gen":1,"color":2,"ppt_yr":692,"ppt_gs":528,"GDD_1":2636,"style":"Shiraz, Chardonnay, Sangiovese, Semillon, Verdelho","latitude":-26.4455,"elev":null,"climate":null,"GI_area":null,"auv":218,"_bbox":[151.1907420000253,-26.998647000392015,152.21998700001146,-25.931399000268364]},"geometry":{"type":"Point","coordinates":[151.75059,-26.4006]},"tippecanoe":{"minzoom":4}}
,
{"type":"Feature","properties":{"_area":6723062909,"OBJECTID_1":961,"OBJECTID":1058,"Name_rgn":"Blackwood Valley","state":"Western Australia","official":1,"country":"Australia","class":"Region","altname":null,"gen":1,"color":4,"ppt_yr":664,"ppt_gs":176,"GDD_1":1806,"style":"Cabernet Sauvignon, Chardonnay, Sauvignon Blanc, Shiraz","latitude":-33.9211,"elev":null,"climate":"warm summer, warm temperate","GI_area":null,"auv":309,"_bbox":[115.5631260000097,-34.270632999765546,116.80150400028295,-33.5559589999127]},"geometry":{"type":"Point","coordinates":[116.28687,-33.89026]},"tippecanoe":{"minzoom":4}}
,
{"type":"Feature","properties":{"_area":9451848401,"OBJECTID_1":962,"OBJECTID":1059,"Name_rgn":"Canberra District","state":"New South Wales","official":1,"country":"Australia","class":"Region","altname":null,"gen":1,"color":3,"ppt_yr":691,"ppt_gs":396,"GDD_1":1662,"style":"Shiraz, Riesling, Pinot Noir, Cabernet Sauvignon, Chardonnay","latitude":-35.0299,"elev":null,"climate":null,"GI_area":null,"auv":330,"_bbox":[148.52225899958052,-35.584442000090924,149.53505899980135,-34.40891599966684]},"geometry":{"type":"Point","coordinates":[149.06773,-34.91633]},"tippecanoe":{"minzoom":4}}
,
{"type":"Feature","properties":{"_area":1943929850,"OBJECTID_1":963,"OBJECTID":1060,"Name_rgn":"Cowra","state":"New South Wales","official":1,"country":"Australia","class":"Region","altname":null,"gen":1,"color":4,"ppt_yr":595,"ppt_gs":350,"GDD_1":2303,"style":"Chardonnay, Cabernet Sauvignon, Shiraz, Sauvignon Blanc, Pinot Gris/Grigio","latitude":-33.7455,"elev":null,"climate":null,"GI_area":null,"auv":932,"_bbox":[148.4512549997988,-34.05865799997301,148.8494260000804,-33.42715400026895]},"geometry":{"type":"Point","coordinates":[148.64256,-33.76781]},"tippecanoe":{"minzoom":5}}
,
{"type":"Feature","properties":{"_area":7278763835,"OBJECTID_1":964,"OBJECTID":1061,"Name_rgn":"Geographe","state":"Western Australia","official":1,"country":"Australia","class":"Region","altname":null,"gen":1,"color":2,"ppt_yr":800,"ppt_gs":182,"GDD_1":1992,"style":"Cabernet Sauvignon, Sauvignon Blanc, Semillon, Shiraz","latitude":-33.4559,"elev":null,"climate":null,"GI_area":null,"auv":790,"_bbox":[115.30140600028307,-33.938579000147584,116.32782900029643,-32.87689699966748]},"geometry":{"type":"Point","coordinates":[115.83918,-33.40281]},"tippecanoe":{"minzoom":4}}
,
{"type":"Feature","properties":{"_area":18611625454,"OBJECTID_1":965,"OBJECTID":1062,"Name_rgn":"Great Southern","state":"Western Australia","official":1,"country":"Australia","class":"Region","altname":null,"gen":1,"color":3,"ppt_yr":630,"ppt_gs":228,"GDD_1":1656,"style":"Cabernet Sauvignon, Chardonnay, Pinot Noir, Riesling, Shiraz","latitude":-34.5854,"elev":null,"climate":"warm summer, warm temperate","GI_area":null,"auv":2480,"_bbox":[116.57166899998177,-35.13484199986223,118.91475800031121,-34.13212699981372]},"geometry":{"type":"Point","coordinates":[117.67867,-34.63299]},"tippecanoe":{"minzoom":4}}
,
{"type":"Feature","properties":{"_area":10800517948,"OBJECTID_1":966,"OBJECTID":1063,"Name_rgn":"Gundagai","state":"New South Wales","official":1,"country":"Australia","class":"Region","altname":null,"gen":1,"color":0,"ppt_yr":656,"ppt_gs":348,"GDD_1":2071,"style":"Shiraz, Cabernet Sauvignon, Chardonnay, Merlot, Durif","latitude":-35.0153,"elev":null,"climate":null,"GI_area":null,"auv":595,"_bbox":[147.2045999997528,-35.49671199967829,148.56497700040973,-34.44738700025978]},"geometry":{"type":"Point","coordinates":[147.88092,-34.98435]},"tippecanoe":{"minzoom":4}}
,
{"type":"Feature","properties":{"_area":4014091294,"OBJECTID_1":967,"OBJECTID":1064,"Name_rgn":"Hilltops","state":"New South Wales","official":1,"country":"Australia","class":"Region","altname":null,"gen":1,"color":5,"ppt_yr":629,"ppt_gs":350,"GDD_1":2032,"style":"Shiraz, Cabernet Sauvignon, Merlot, Tempranillo, Barbera","latitude":-34.3956,"elev":null,"climate":null,"GI_area":null,"auv":595,"_bbox":[148.0501849995513,-34.82336799990686,148.7441510000198,-34.05682700019647]},"geometry":{"type":"Point","coordinates":[148.39039,-34.42352]},"tippecanoe":{"minzoom":4}}
,
{"type":"Feature","properties":{"_area":2860514500,"OBJECTID_1":968,"OBJECTID":1065,"Name_rgn":"Manjimup","state":"Western Australia","official":1,"country":"Australia","class":"Region","altname":null,"gen":1,"color":5,"ppt_yr":770,"ppt_gs":222,"GDD_1":1631,"style":"Cabernet Sauvignon, Merlot, Chardonnay, Verdelho","latitude":-34.3406,"elev":null,"climate":"warm summer, warm temperate","GI_area":null,"auv":153,"_bbox":[115.91669700019605,-34.582878999952214,116.76949099991243,-34.129284000100384]},"geometry":{"type":"Point","coordinates":[116.45357,-34.3614]},"tippecanoe":{"minzoom":5}}
,
{"type":"Feature","properties":{"_area":2383877950,"OBJECTID_1":969,"OBJECTID":1066,"Name_rgn":"Margaret River","state":"Western Australia","official":1,"country":"Australia","class":"Region","altname":null,"gen":1,"color":0,"ppt_yr":923,"ppt_gs":204,"GDD_1":1953,"style":"Cabernet Sauvignon, Chardonnay, Semillon, Sauvignon Blanc","latitude":-33.9586,"elev":null,"climate":"warm summer, warm temperate","GI_area":null,"auv":5671,"_bbox":[114.97465300005997,-34.37674599981376,115.30148499992572,-33.52980199970358]},"geometry":{"type":"Point","coordinates":[115.13871,-33.86033]},"tippecanoe":{"minzoom":5}}
,
{"type":"Feature","properties":{"_area":12108748534,"OBJECTID_1":970,"OBJECTID":1067,"Name_rgn":"Mudgee","state":"New South Wales","official":1,"country":"Australia","class":"Region","altname":null,"gen":1,"color":5,"ppt_yr":695,"ppt_gs":448,"GDD_1":2015,"style":"Shiraz, Chardonnay, Cabernet Sauvignon, Merlot, Pinot Gris/Grigio","latitude":-32.5406,"elev":null,"climate":null,"GI_area":null,"auv":1922,"_bbox":[149.16821600035001,-33.125535000108115,150.3507550001417,-31.84984500000092]},"geometry":{"type":"Point","coordinates":[149.69655,-32.59374]},"tippecanoe":{"minzoom":4}}
,
{"type":"Feature","properties":{"_area":4393710297,"OBJECTID_1":971,"OBJECTID":1068,"Name_rgn":"Orange","state":"New South Wales","official":1,"country":"Australia","class":"Region","altname":null,"gen":1,"color":2,"ppt_yr":801,"ppt_gs":459,"GDD_1":1674,"style":"Shiraz, Chardonnay, Cabernet Sauvignon, Pinot Gris/Grigio, Sauvignon Blanc","latitude":-33.3908,"elev":null,"climate":null,"GI_area":null,"auv":1060,"_bbox":[148.79322799957373,-33.81237299962874,149.42206299963675,-32.964731000189936]},"geometry":{"type":"Point","coordinates":[149.08922,-33.35917]},"tippecanoe":{"minzoom":4}}
,
{"type":"Feature","properties":{"_area":9668904799,"OBJECTID_1":972,"OBJECTID":1069,"Name_rgn":"Peel","state":"Western Australia","official":1,"country":"Australia","class":"Region","altname":null,"gen":1,"color":1,"ppt_yr":751,"ppt_gs":184,"GDD_1":2110,"style":null,"latitude":-32.7508,"elev":null,"climate":"hot summer, warm temperate","GI_area":null,"auv":52,"_bbox":[115.60677600025117,-33.16929000018581,116.91715300036599,-32.20428699982282]},"geometry":{"type":"Point","coordinates":[116.23299,-32.71176]},"tippecanoe":{"minzoom":4}}
,
{"type":"Feature","properties":{"_area":2381733181,"OBJECTID_1":973,"OBJECTID":1070,"Name_rgn":"Pemberton","state":"Western Australia","official":1,"country":"Australia","class":"Region","altname":null,"gen":1,"color":2,"ppt_yr":1041,"ppt_gs":290,"GDD_1":1665,"style":"Chardonnay, Merlot, Pinot Noir","latitude":-34.479,"elev":null,"climate":"warm summer, warm temperate","GI_area":null,"auv":466,"_bbox":[115.74259300042128,-34.81893999979271,116.35378600009416,-34.251219999875524]},"geometry":{"type":"Point","coordinates":[116.0891,-34.47354]},"tippecanoe":{"minzoom":5}}
,
{"type":"Feature","properties":{"_area":718831332,"OBJECTID_1":974,"OBJECTID":1071,"Name_rgn":"Perricoota","state":"New South Wales","official":1,"country":"Australia","class":"Region","altname":null,"gen":1,"color":5,"ppt_yr":384,"ppt_gs":210,"GDD_1":2163,"style":"Chardonnay, Shiraz, Durif, Cabernet Sauvignon, Semillon","latitude":-36.0038,"elev":null,"climate":null,"GI_area":null,"auv":416,"_bbox":[144.543787000257,-36.129905999975676,144.98709400021124,-35.88460899992564]},"geometry":{"type":"Point","coordinates":[144.76417,-36.01684]},"tippecanoe":{"minzoom":5}}
,
{"type":"Feature","properties":{"_area":3889785045,"OBJECTID_1":975,"OBJECTID":1072,"Name_rgn":"Perth Hills","state":"Western Australia","official":1,"country":"Australia","class":"Region","altname":null,"gen":1,"color":0,"ppt_yr":819,"ppt_gs":189,"GDD_1":2202,"style":"Chardonnay, Shiraz, Grenache, Vermentino, Tempranillo","latitude":-31.8989,"elev":null,"climate":"hot summer, warm temperate","GI_area":null,"auv":119,"_bbox":[115.98930600013307,-32.499153000227906,116.33878499992689,-31.328031000196596]},"geometry":{"type":"Point","coordinates":[116.16473,-31.97698]},"tippecanoe":{"minzoom":5}}
,
{"type":"Feature","properties":{"_area":81791853697,"OBJECTID_1":976,"OBJECTID":1073,"Name_rgn":"Riverina","state":"New South Wales","official":1,"country":"Australia","class":"Region","altname":null,"gen":1,"color":1,"ppt_yr":384,"ppt_gs":222,"GDD_1":2504,"style":"Chardonnay, Shiraz, Semillon, Pinot Gris/Grigio, Sauvignon Blanc","latitude":-34.336,"elev":null,"climate":null,"GI_area":null,"auv":17248,"_bbox":[144.04239200013387,-35.67111400031302,147.58452799976982,-32.98727299981646]},"geometry":{"type":"Point","coordinates":[145.88426,-34.32461]},"tippecanoe":{"minzoom":3}}
,
{"type":"Feature","properties":{"_area":3231562613,"OBJECTID_1":977,"OBJECTID":1074,"Name_rgn":"Shoalhaven Coast","state":"New South Wales","official":1,"country":"Australia","class":"Region","altname":null,"gen":1,"color":2,"ppt_yr":1075,"ppt_gs":657,"GDD_1":1975,"style":"Red Wine","latitude":-35.0797,"elev":null,"climate":null,"GI_area":null,"auv":41,"_bbox":[150.2835900001339,-35.686217999845404,150.86543199957566,-34.63377299972517]},"geometry":{"type":"Point","coordinates":[150.64326,-34.9788]},"tippecanoe":{"minzoom":5}}
,
{"type":"Feature","properties":{"_area":3292540050,"OBJECTID_1":978,"OBJECTID":1075,"Name_rgn":"Southern Highlands","state":"New South Wales","official":1,"country":"Australia","class":"Region","altname":null,"gen":1,"color":0,"ppt_yr":906,"ppt_gs":579,"GDD_1":1597,"style":"Pinot Noir, Chardonnay, Pinot Gris/Grigio, Riesling","latitude":-34.4773,"elev":null,"climate":null,"GI_area":null,"auv":140,"_bbox":[149.969457999971,-34.769302000081666,150.7456819997778,-34.21237000001348]},"geometry":{"type":"Point","coordinates":[150.30666,-34.48866]},"tippecanoe":{"minzoom":5}}
,
{"type":"Feature","properties":{"_area":4057045474,"OBJECTID_1":979,"OBJECTID":1076,"Name_rgn":"Swan District","state":"Western Australia","official":1,"country":"Australia","class":"Region","altname":null,"gen":1,"color":4,"ppt_yr":655,"ppt_gs":151,"GDD_1":2465,"style":"Chenin Blanc, Verdelho, Chardonnay, Cabernet Sauvignon","latitude":-31.4908,"elev":null,"climate":"hot summer, warm temperate","GI_area":null,"auv":709,"_bbox":[115.52893799957184,-32.07850300027556,116.07944399958397,-31.1292429997177]},"geometry":{"type":"Point","coordinates":[115.80795,-31.38876]},"tippecanoe":{"minzoom":4}}
,
{"type":"Feature","properties":{"_area":3721198915,"OBJECTID_1":980,"OBJECTID":1077,"Name_rgn":"Tumbarumba","state":"New South Wales","official":1,"country":"Australia","class":"Region","altname":null,"gen":1,"color":4,"ppt_yr":897,"ppt_gs":443,"GDD_1":1730,"style":"Chardonnay, Pinot Noir, Tempranillo, Pinot Gris/Grigio, Sauvignon Blanc","latitude":-35.8135,"elev":null,"climate":null,"GI_area":null,"auv":215,"_bbox":[147.59281100028866,-36.34558200030553,148.26339099996397,-35.45458000029602]},"geometry":{"type":"Point","coordinates":[147.98573,-35.91075]},"tippecanoe":{"minzoom":5}}
,
{"type":"Feature","properties":{"_area":1113945725,"OBJECTID_1":981,"OBJECTID":1083,"Name_rgn":"Amelia","state":"Umbria","official":1,"country":"Italy","class":"Denominazione di origine controllata","altname":"D.O.C. Amelia","gen":11,"color":0,"ppt_yr":475,"ppt_gs":265,"GDD_1":2032,"style":null,"latitude":42.5434,"elev":null,"climate":null,"GI_area":null,"auv":null,"_bbox":[12.228231106697185,42.3644265442336,12.787226941627518,42.69989879233322]},"geometry":{"type":"Point","coordinates":[12.52439,42.53478]},"tippecanoe":{"minzoom":5}}
,
{"type":"Feature","properties":{"_area":138827095,"OBJECTID_1":982,"OBJECTID":1084,"Name_rgn":"Assisi","state":"Umbria","official":1,"country":"Italy","class":"Denominazione di origine controllata","altname":"D.O.C. Assisi","gen":11,"color":1,"ppt_yr":704,"ppt_gs":393,"GDD_1":2026,"style":null,"latitude":43.0704,"elev":null,"climate":null,"GI_area":null,"auv":null,"_bbox":[12.477012332721925,43.000775115681314,12.665342031776502,43.14241176444629]},"geometry":{"type":"Point","coordinates":[12.57118,43.07159]},"tippecanoe":{"minzoom":6}}
,
{"type":"Feature","properties":{"_area":479424503,"OBJECTID_1":983,"OBJECTID":1085,"Name_rgn":"Colli Perugini","state":"Umbria","official":1,"country":"Italy","class":"Denominazione di origine controllata","altname":"D.O.C. Colli Perugini","gen":11,"color":5,"ppt_yr":611,"ppt_gs":336,"GDD_1":2029,"style":null,"latitude":42.9813,"elev":null,"climate":null,"GI_area":null,"auv":null,"_bbox":[12.151432152272607,42.80166530950488,12.433165558314169,43.10763164555584]},"geometry":{"type":"Point","coordinates":[12.30055,42.96509]},"tippecanoe":{"minzoom":5}}
,
{"type":"Feature","properties":{"_area":750358639,"OBJECTID_1":984,"OBJECTID":1086,"Name_rgn":"Orvieto","state":"Umbria","official":1,"country":"Italy","class":"Denominazione di origine controllata","altname":"D.O.C. Orvieto","gen":11,"color":2,"ppt_yr":449,"ppt_gs":239,"GDD_1":2039,"style":null,"latitude":42.7177,"elev":null,"climate":null,"GI_area":null,"auv":null,"_bbox":[11.972551437331377,42.55758584005168,12.320776483311754,42.93268838923085]},"geometry":{"type":"Point","coordinates":[12.15551,42.71333]},"tippecanoe":{"minzoom":5}}
,
{"type":"Feature","properties":{"_area":823629953,"OBJECTID_1":985,"OBJECTID":1087,"Name_rgn":"Colli del Trasimeno","state":"Umbria","official":1,"country":"Italy","class":"Denominazione di origine controllata","altname":"D.O.C. Colli del Trasimeno","gen":11,"color":0,"ppt_yr":642,"ppt_gs":349,"GDD_1":2006,"style":null,"latitude":43.0947,"elev":null,"climate":null,"GI_area":null,"auv":null,"_bbox":[11.912644699055148,42.90911898023351,12.344343962657055,43.23263767424336]},"geometry":{"type":"Point","coordinates":[12.08515,43.09426]},"tippecanoe":{"minzoom":5}}
,
{"type":"Feature","properties":{"_area":295108225,"OBJECTID_1":986,"OBJECTID":1088,"Name_rgn":"Spoleto","state":"Umbria","official":1,"country":"Italy","class":"Denominazione di origine controllata","altname":"D.O.C. Spoleto","gen":11,"color":5,"ppt_yr":636,"ppt_gs":364,"GDD_1":2009,"style":null,"latitude":42.816,"elev":null,"climate":null,"GI_area":null,"auv":null,"_bbox":[12.609951705643455,42.70128242397098,12.800923408339052,42.938846984885565]},"geometry":{"type":"Point","coordinates":[12.70469,42.80945]},"tippecanoe":{"minzoom":6}}
,
{"type":"Feature","properties":{"_area":167413375,"OBJECTID_1":987,"OBJECTID":1089,"Name_rgn":"Cannara","state":"Umbria","official":1,"country":"Italy","class":"Indicazione geografica tipica","altname":"I.G.T. Cannara","gen":11,"color":4,"ppt_yr":664,"ppt_gs":371,"GDD_1":1984,"style":null,"latitude":42.9771,"elev":null,"climate":null,"GI_area":null,"auv":null,"_bbox":[12.455615891873812,42.89970409922048,12.639611416413546,43.053703364379146]},"geometry":{"type":"Point","coordinates":[12.54585,42.96828]},"tippecanoe":{"minzoom":6}}
,
{"type":"Feature","properties":{"_area":514801928,"OBJECTID_1":988,"OBJECTID":1090,"Name_rgn":"Todi","state":"Umbria","official":1,"country":"Italy","class":"Denominazione di origine controllata","altname":"D.O.C. Todi","gen":11,"color":0,"ppt_yr":543,"ppt_gs":302,"GDD_1":2013,"style":null,"latitude":42.7998,"elev":null,"climate":null,"GI_area":null,"auv":null,"_bbox":[12.29002571473015,42.67328324442659,12.587321203275456,42.9627947427332]},"geometry":{"type":"Point","coordinates":[12.42969,42.80277]},"tippecanoe":{"minzoom":5}}
,
{"type":"Feature","properties":{"_area":1718950907,"OBJECTID_1":990,"OBJECTID":1092,"Name_rgn":"Canavese","state":"Piedmont","official":1,"country":"Italy","class":"Denominazione di origine controllata","altname":null,"gen":11,"color":2,"ppt_yr":756,"ppt_gs":527,"GDD_1":1663,"style":null,"latitude":45.3819,"elev":null,"climate":null,"GI_area":null,"auv":null,"_bbox":[7.420810283206184,45.22607487606806,8.220597750482137,45.60258814947017]},"geometry":{"type":"Point","coordinates":[7.85652,45.41911]},"tippecanoe":{"minzoom":5}}
,
{"type":"Feature","properties":{"_area":358048040,"OBJECTID_1":991,"OBJECTID":1093,"Name_rgn":"Coste della Sesia","state":"Piedmont","official":1,"country":"Italy","class":"Denominazione di origine controllata","altname":null,"gen":11,"color":5,"ppt_yr":851,"ppt_gs":579,"GDD_1":1766,"style":null,"latitude":45.5901,"elev":null,"climate":null,"GI_area":null,"auv":null,"_bbox":[8.084709751963612,45.47530765419472,8.39442425437743,45.700210506091175]},"geometry":{"type":"Point","coordinates":[8.27052,45.59962]},"tippecanoe":{"minzoom":6}}
,
{"type":"Feature","properties":{"_area":4948066471,"OBJECTID_1":992,"OBJECTID":1095,"Name_rgn":"Balatonboglár","state":null,"official":1,"country":"Hungary","class":"Oltalom alatt álló eredetmegjelölés","altname":"Balatonboglári","gen":11,"color":3,"ppt_yr":659,"ppt_gs":462,"GDD_1":1682,"style":null,"latitude":46.6368,"elev":null,"climate":null,"GI_area":null,"auv":null,"_bbox":[17.039820430211808,46.20799712324063,18.213015945833924,46.94621395253399]},"geometry":{"type":"Point","coordinates":[17.83211,46.57783]},"tippecanoe":{"minzoom":4}}
,
{"type":"Feature","properties":{"_area":1471819055,"OBJECTID_1":993,"OBJECTID":1096,"Name_rgn":"Hajós-Baja","state":null,"official":1,"country":"Hungary","class":"Oltalom alatt álló eredetmegjelölés","altname":null,"gen":11,"color":3,"ppt_yr":582,"ppt_gs":404,"GDD_1":1773,"style":null,"latitude":46.2379,"elev":null,"climate":null,"GI_area":null,"auv":null,"_bbox":[18.821743176053076,45.94305903160038,19.290793063255354,46.47672686701955]},"geometry":{"type":"Point","coordinates":[19.03657,46.25774]},"tippecanoe":{"minzoom":5}}
,
{"type":"Feature","properties":{"_area":759167570,"OBJECTID_1":994,"OBJECTID":1097,"Name_rgn":"Eger","state":null,"official":1,"country":"Hungary","class":"Oltalom alatt álló eredetmegjelölés","altname":"Egri","gen":11,"color":4,"ppt_yr":559,"ppt_gs":407,"GDD_1":1613,"style":null,"latitude":47.8826,"elev":null,"climate":null,"GI_area":null,"auv":null,"_bbox":[20.116360389741484,47.752268366627135,20.530256903026537,48.06068996971867]},"geometry":{"type":"Point","coordinates":[20.39045,47.89383]},"tippecanoe":{"minzoom":5}}
,
{"type":"Feature","properties":{"_area":1496716698,"OBJECTID_1":995,"OBJECTID":1098,"Name_rgn":"Etyek-Buda","state":null,"official":1,"country":"Hungary","class":"Oltalom alatt álló eredetmegjelölés","altname":"Etyek-Budai","gen":11,"color":4,"ppt_yr":578,"ppt_gs":387,"GDD_1":1699,"style":null,"latitude":47.3893,"elev":null,"climate":null,"GI_area":null,"auv":null,"_bbox":[18.485015005335804,47.13948620346836,19.034397070993723,47.62694118762901]},"geometry":{"type":"Point","coordinates":[18.6759,47.40464]},"tippecanoe":{"minzoom":5}}
,
{"type":"Feature","properties":{"_area":3530417258,"OBJECTID_1":996,"OBJECTID":1099,"Name_rgn":"Csongrád","state":null,"official":1,"country":"Hungary","class":"Oltalom alatt álló eredetmegjelölés","altname":"Csongrádi","gen":11,"color":3,"ppt_yr":557,"ppt_gs":373,"GDD_1":1768,"style":null,"latitude":46.3808,"elev":null,"climate":null,"GI_area":null,"auv":null,"_bbox":[19.638170842514302,46.115792090593644,20.58288567143222,46.80639030478069]},"geometry":{"type":"Point","coordinates":[20.10554,46.4267]},"tippecanoe":{"minzoom":5}}
,
{"type":"Feature","properties":{"_area":5610853184,"OBJECTID_1":997,"OBJECTID":1100,"Name_rgn":"Bükk","state":null,"official":1,"country":"Hungary","class":"Oltalom alatt álló eredetmegjelölés","altname":"Bükki","gen":11,"color":3,"ppt_yr":575,"ppt_gs":417,"GDD_1":1566,"style":null,"latitude":48.0293,"elev":null,"climate":null,"GI_area":null,"auv":null,"_bbox":[20.45132420456207,47.739084494853216,22.503651957518393,48.34851743394043]},"geometry":{"type":"Point","coordinates":[20.81139,48.06701]},"tippecanoe":{"minzoom":4}}
,
{"type":"Feature","properties":{"_area":908274274,"OBJECTID_1":998,"OBJECTID":1101,"Name_rgn":"Balaton-felvidék","state":null,"official":1,"country":"Hungary","class":"Oltalom alatt álló eredetmegjelölés","altname":"Balaton-felvidéki","gen":11,"color":1,"ppt_yr":656,"ppt_gs":470,"GDD_1":1601,"style":null,"latitude":46.8921,"elev":null,"climate":null,"GI_area":null,"auv":null,"_bbox":[17.16644161577021,46.73161845064011,17.65225903924759,47.063489377062346]},"geometry":{"type":"Point","coordinates":[17.34729,46.88653]},"tippecanoe":{"minzoom":5}}
,
{"type":"Feature","properties":{"_area":1676690948,"OBJECTID_1":999,"OBJECTID":1103,"Name_rgn":"Neszmély","state":null,"official":1,"country":"Hungary","class":"Oltalom alatt álló eredetmegjelölés","altname":"Neszmélyi","gen":11,"color":3,"ppt_yr":584,"ppt_gs":394,"GDD_1":1612,"style":null,"latitude":47.6391,"elev":null,"climate":null,"GI_area":null,"auv":null,"_bbox":[17.883608206554,47.415918201353364,18.88247023698223,47.82277890320666]},"geometry":{"type":"Point","coordinates":[18.1669,47.58001]},"tippecanoe":{"minzoom":5}}
,
{"type":"Feature","properties":{"_area":738165315,"OBJECTID_1":1000,"OBJECTID":1104,"Name_rgn":"Balatonfüred-Csopak","state":null,"official":1,"country":"Hungary","class":"Oltalom alatt álló eredetmegjelölés","altname":"Balatonfüred-Csopaki","gen":11,"color":5,"ppt_yr":616,"ppt_gs":430,"GDD_1":1677,"style":null,"latitude":46.9601,"elev":null,"climate":null,"GI_area":null,"auv":null,"_bbox":[17.622872474714406,46.840406436468925,18.26166372495515,47.0746147950852]},"geometry":{"type":"Point","coordinates":[18.01169,46.99136]},"tippecanoe":{"minzoom":5}}
,
{"type":"Feature","properties":{"_area":1747244740,"OBJECTID_1":1001,"OBJECTID":1105,"Name_rgn":"Sopron","state":null,"official":1,"country":"Hungary","class":"Oltalom alatt álló eredetmegjelölés","altname":"Soproni","gen":11,"color":3,"ppt_yr":666,"ppt_gs":482,"GDD_1":1499,"style":null,"latitude":47.5624,"elev":null,"climate":null,"GI_area":null,"auv":null,"_bbox":[16.416889497759318,47.18452022122172,16.95114750124264,47.760374679774316]},"geometry":{"type":"Point","coordinates":[16.63967,47.52939]},"tippecanoe":{"minzoom":5}}
,
{"type":"Feature","properties":{"_area":3075241303,"OBJECTID_1":1002,"OBJECTID":1106,"Name_rgn":"Zala","state":null,"official":1,"country":"Hungary","class":"Oltalom alatt álló eredetmegjelölés","altname":"Zalai","gen":11,"color":0,"ppt_yr":745,"ppt_gs":523,"GDD_1":1563,"style":null,"latitude":46.6273,"elev":null,"climate":null,"GI_area":null,"auv":null,"_bbox":[16.500442603632486,46.35873631362379,17.289926555398,47.02889780764992]},"geometry":{"type":"Point","coordinates":[16.92584,46.65062]},"tippecanoe":{"minzoom":5}}
,
{"type":"Feature","properties":{"_area":339732689,"OBJECTID_1":1003,"OBJECTID":1107,"Name_rgn":"Mór","state":null,"official":1,"country":"Hungary","class":"Oltalom alatt álló eredetmegjelölés","altname":"Móri","gen":11,"color":0,"ppt_yr":599,"ppt_gs":406,"GDD_1":1623,"style":null,"latitude":47.3711,"elev":null,"climate":null,"GI_area":null,"auv":null,"_bbox":[18.091782357683023,47.257622334822834,18.45949888071324,47.47712946676448]},"geometry":{"type":"Point","coordinates":[18.19596,47.4021]},"tippecanoe":{"minzoom":6}}
,
{"type":"Feature","properties":{"_area":4149525049,"OBJECTID_1":1004,"OBJECTID":1108,"Name_rgn":"Mátra","state":null,"official":1,"country":"Hungary","class":"Oltalom alatt álló eredetmegjelölés","altname":"Mátrai","gen":11,"color":1,"ppt_yr":575,"ppt_gs":401,"GDD_1":1678,"style":null,"latitude":47.7451,"elev":null,"climate":null,"GI_area":null,"auv":null,"_bbox":[19.06884621887136,47.43610454624129,20.38312403902144,47.939562352142715]},"geometry":{"type":"Point","coordinates":[19.65589,47.70455]},"tippecanoe":{"minzoom":4}}
,
{"type":"Feature","properties":{"_area":367210735,"OBJECTID_1":1005,"OBJECTID":1109,"Name_rgn":"Badacsony","state":null,"official":1,"country":"Hungary","class":"Oltalom alatt álló eredetmegjelölés","altname":"Badacsonyi","gen":11,"color":3,"ppt_yr":633,"ppt_gs":452,"GDD_1":1665,"style":null,"latitude":46.8367,"elev":null,"climate":null,"GI_area":null,"auv":null,"_bbox":[17.361072778252257,46.74779164573924,17.7296176387043,46.946738921006336]},"geometry":{"type":"Point","coordinates":[17.48153,46.84338]},"tippecanoe":{"minzoom":6}}
,
{"type":"Feature","properties":{"_area":462083111,"OBJECTID_1":1006,"OBJECTID":1110,"Name_rgn":"Pannonhalma","state":null,"official":1,"country":"Hungary","class":"Oltalom alatt álló eredetmegjelölés","altname":"Pannonhalmi","gen":11,"color":2,"ppt_yr":584,"ppt_gs":405,"GDD_1":1595,"style":null,"latitude":47.5417,"elev":null,"climate":null,"GI_area":null,"auv":null,"_bbox":[17.52777871687768,47.42063060247975,17.86902121474844,47.650683204949324]},"geometry":{"type":"Point","coordinates":[17.65044,47.54599]},"tippecanoe":{"minzoom":5}}
,
{"type":"Feature","properties":{"_area":1265293929,"OBJECTID_1":1007,"OBJECTID":1113,"Name_rgn":"Tokaj","state":null,"official":1,"country":"Hungary","class":"Oltalom alatt álló eredetmegjelölés","altname":"Tokaji","gen":11,"color":1,"ppt_yr":616,"ppt_gs":429,"GDD_1":1540,"style":"Permitted varieties: Furmint,  Hárslevelű, Sárgamuskotály, Kabar, Kövérszőlő, Zéta","latitude":48.2439,"elev":null,"climate":null,"GI_area":null,"auv":null,"_bbox":[21.077397222892966,48.06668061101347,21.705874118551094,48.44256570752018]},"geometry":{"type":"Point","coordinates":[21.40666,48.21828]},"tippecanoe":{"minzoom":5}}
,
{"type":"Feature","properties":{"_area":1265293929,"OBJECTID_1":1008,"OBJECTID":1114,"Name_rgn":"Zemplén","state":null,"official":1,"country":"Hungary","class":"Oltalom alatt álló földrajzi jelzés","altname":"Zempléni","gen":11,"color":1,"ppt_yr":616,"ppt_gs":429,"GDD_1":1517,"style":null,"latitude":48.2439,"elev":null,"climate":null,"GI_area":null,"auv":null,"_bbox":[21.077397222892966,48.06668061101347,21.705874118551094,48.44256570752018]},"geometry":{"type":"Point","coordinates":[21.40666,48.21828]},"tippecanoe":{"minzoom":5}}
,
{"type":"Feature","properties":{"_area":510815561,"OBJECTID_1":1009,"OBJECTID":1115,"Name_rgn":"Nagy-Somló","state":null,"official":1,"country":"Hungary","class":"Oltalom alatt álló eredetmegjelölés","altname":"Nagy-Somlói","gen":11,"color":0,"ppt_yr":617,"ppt_gs":444,"GDD_1":1603,"style":null,"latitude":47.1834,"elev":null,"climate":null,"GI_area":null,"auv":null,"_bbox":[17.058441658042018,47.07929784617361,17.469069101396826,47.28092974661043]},"geometry":{"type":"Point","coordinates":[17.18367,47.19508]},"tippecanoe":{"minzoom":5}}
,
{"type":"Feature","properties":{"_area":13954733489,"OBJECTID_1":1010,"OBJECTID":1116,"Name_rgn":"Kunság","state":null,"official":1,"country":"Hungary","class":"Oltalom alatt álló eredetmegjelölés","altname":"Kunsági","gen":11,"color":0,"ppt_yr":562,"ppt_gs":379,"GDD_1":1763,"style":null,"latitude":46.8255,"elev":null,"climate":null,"GI_area":null,"auv":null,"_bbox":[18.8720700843068,46.03580064284068,20.370638638755125,47.60723872943545]},"geometry":{"type":"Point","coordinates":[19.5233,46.90948]},"tippecanoe":{"minzoom":4}}
,
{"type":"Feature","properties":{"_area":11527422894,"OBJECTID_1":1011,"OBJECTID":1117,"Name_rgn":"Balaton","state":null,"official":1,"country":"Hungary","class":"Oltalom alatt álló eredetmegjelölés","altname":"Balatoni","gen":11,"color":1,"ppt_yr":669,"ppt_gs":472,"GDD_1":1676,"style":null,"latitude":46.7526,"elev":null,"climate":null,"GI_area":null,"auv":null,"_bbox":[16.500442603632486,46.20799712324063,18.26166372495515,47.28092974661043]},"geometry":{"type":"Point","coordinates":[17.28157,46.73661]},"tippecanoe":{"minzoom":4}}
,
{"type":"Feature","properties":{"_area":1248703366,"OBJECTID_1":1012,"OBJECTID":1118,"Name_rgn":"Bianco di Pitigliano","state":"Tuscany","official":1,"country":"Italy","class":"Denominazione di origine controllata","altname":null,"gen":12,"color":1,"ppt_yr":473,"ppt_gs":230,"GDD_1":2041,"style":null,"latitude":42.6404,"elev":null,"climate":null,"GI_area":null,"auv":null,"_bbox":[11.304772242778169,42.4338149312425,11.820158231262008,42.80691262786787]},"geometry":{"type":"Point","coordinates":[11.5569,42.62474]},"tippecanoe":{"minzoom":5}}
,
{"type":"Feature","properties":{"_area":640480419,"OBJECTID_1":1013,"OBJECTID":1119,"Name_rgn":"Val di Cornia","state":"Tuscany","official":1,"country":"Italy","class":"Denominazione di origine controllata","altname":null,"gen":12,"color":1,"ppt_yr":615,"ppt_gs":312,"GDD_1":2176,"style":null,"latitude":43.0849,"elev":null,"climate":null,"GI_area":null,"auv":null,"_bbox":[10.4829610985834,42.91969617793017,10.796328740237293,43.247423840551726]},"geometry":{"type":"Point","coordinates":[10.6678,43.07026]},"tippecanoe":{"minzoom":5}}
,
{"type":"Feature","properties":{"_area":640480419,"OBJECTID_1":1014,"OBJECTID":1120,"Name_rgn":"Val di Cornia Rosso","state":"Tuscany","official":1,"country":"Italy","class":"Denominazione di origine controllata e garantita","altname":"Rosso della Val di Cornia","gen":12,"color":3,"ppt_yr":615,"ppt_gs":312,"GDD_1":2163,"style":null,"latitude":43.0849,"elev":null,"climate":null,"GI_area":null,"auv":null,"_bbox":[10.4829610985834,42.91969617793017,10.796328740237293,43.247423840551726]},"geometry":{"type":"Point","coordinates":[10.6678,43.07026]},"tippecanoe":{"minzoom":5}}
,
{"type":"Feature","properties":{"_area":1201339835,"OBJECTID_1":1015,"OBJECTID":1121,"Name_rgn":"Orcia","state":"Tuscany","official":1,"country":"Italy","class":"Denominazione di origine controllata","altname":null,"gen":12,"color":0,"ppt_yr":599,"ppt_gs":311,"GDD_1":1871,"style":null,"latitude":43.027,"elev":null,"climate":null,"GI_area":null,"auv":null,"_bbox":[11.400673167440424,42.794484023480685,11.903742922798852,43.22643607173125]},"geometry":{"type":"Point","coordinates":[11.6698,43.05855]},"tippecanoe":{"minzoom":5}}
,
{"type":"Feature","properties":{"_area":825415951,"OBJECTID_1":1016,"OBJECTID":1122,"Name_rgn":"Valdichiana Toscana","state":"Tuscany","official":1,"country":"Italy","class":"Denominazione di origine controllata","altname":null,"gen":12,"color":1,"ppt_yr":722,"ppt_gs":392,"GDD_1":2015,"style":null,"latitude":43.282,"elev":null,"climate":null,"GI_area":null,"auv":null,"_bbox":[11.727980628518024,43.05306303406513,12.086134122716416,43.48528577999611]},"geometry":{"type":"Point","coordinates":[11.90356,43.25103]},"tippecanoe":{"minzoom":5}}
,
{"type":"Feature","properties":{"_area":637079522,"OBJECTID_1":1017,"OBJECTID":1123,"Name_rgn":"Grance Senesi","state":"Tuscany","official":1,"country":"Italy","class":"Denominazione di origine controllata","altname":null,"gen":12,"color":0,"ppt_yr":676,"ppt_gs":347,"GDD_1":2044,"style":null,"latitude":43.2254,"elev":null,"climate":null,"GI_area":null,"auv":null,"_bbox":[11.273516185324038,43.07961888454152,11.678171432837283,43.35159691803013]},"geometry":{"type":"Point","coordinates":[11.37445,43.18692]},"tippecanoe":{"minzoom":5}}
,
{"type":"Feature","properties":{"_area":403818552,"OBJECTID_1":1018,"OBJECTID":1124,"Name_rgn":"Valdinievole","state":"Tuscany","official":1,"country":"Italy","class":"Denominazione di origine controllata","altname":null,"gen":12,"color":0,"ppt_yr":1106,"ppt_gs":558,"GDD_1":2027,"style":null,"latitude":43.8916,"elev":null,"climate":null,"GI_area":null,"auv":null,"_bbox":[10.647723193426813,43.78811402717929,10.941612247956849,44.02686789938264]},"geometry":{"type":"Point","coordinates":[10.75311,43.91588]},"tippecanoe":{"minzoom":5}}
,
{"type":"Feature","properties":{"_area":861403615,"OBJECTID_1":1019,"OBJECTID":1125,"Name_rgn":"Val di Magra","state":"Tuscany","official":1,"country":"Italy","class":"Indicazione geografica tipica","altname":null,"gen":12,"color":3,"ppt_yr":1245,"ppt_gs":612,"GDD_1":1812,"style":null,"latitude":44.2403,"elev":null,"climate":null,"GI_area":null,"auv":null,"_bbox":[9.82549239945041,44.00368879505626,10.210687861578714,44.42632957402835]},"geometry":{"type":"Point","coordinates":[10.05044,44.19854]},"tippecanoe":{"minzoom":5}}
,
{"type":"Feature","properties":{"_area":834165983,"OBJECTID_1":1020,"OBJECTID":1126,"Name_rgn":"Val d'Arbia","state":"Tuscany","official":1,"country":"Italy","class":"Denominazione di origine controllata","altname":null,"gen":12,"color":1,"ppt_yr":785,"ppt_gs":395,"GDD_1":1933,"style":null,"latitude":43.3351,"elev":null,"climate":null,"GI_area":null,"auv":null,"_bbox":[11.27970973323816,43.10013014230346,11.55199137937221,43.54845995507439]},"geometry":{"type":"Point","coordinates":[11.41372,43.31923]},"tippecanoe":{"minzoom":5}}
,
{"type":"Feature","properties":{"_area":754191287,"OBJECTID_1":1021,"OBJECTID":1127,"Name_rgn":"Terratico di Bibbona","state":"Tuscany","official":1,"country":"Italy","class":"Denominazione di origine controllata","altname":null,"gen":12,"color":0,"ppt_yr":703,"ppt_gs":368,"GDD_1":2167,"style":null,"latitude":43.4266,"elev":null,"climate":null,"GI_area":null,"auv":null,"_bbox":[10.339245204035262,43.23016650040188,10.698317734956454,43.63460834332107]},"geometry":{"type":"Point","coordinates":[10.51247,43.41181]},"tippecanoe":{"minzoom":5}}
,
{"type":"Feature","properties":{"_area":783311029,"OBJECTID_1":1022,"OBJECTID":1128,"Name_rgn":"Sovana","state":"Tuscany","official":1,"country":"Italy","class":"Denominazione di origine controllata","altname":null,"gen":12,"color":3,"ppt_yr":459,"ppt_gs":224,"GDD_1":2005,"style":null,"latitude":42.617,"elev":null,"climate":null,"GI_area":null,"auv":null,"_bbox":[11.376256524131724,42.4338149312425,11.820158231262008,42.77977042309213]},"geometry":{"type":"Point","coordinates":[11.56207,42.55612]},"tippecanoe":{"minzoom":5}}
,
{"type":"Feature","properties":{"_area":256539635,"OBJECTID_1":1023,"OBJECTID":1129,"Name_rgn":"Sant'Antimo","state":"Tuscany","official":1,"country":"Italy","class":"Denominazione di origine controllata","altname":null,"gen":12,"color":5,"ppt_yr":603,"ppt_gs":305,"GDD_1":1996,"style":null,"latitude":43.0347,"elev":null,"climate":null,"GI_area":null,"auv":null,"_bbox":[11.349836965624611,42.95799154744442,11.558783335521248,43.11289749394406]},"geometry":{"type":"Point","coordinates":[11.45431,43.03544]},"tippecanoe":{"minzoom":6}}
,
{"type":"Feature","properties":{"_area":280955044,"OBJECTID_1":1024,"OBJECTID":1130,"Name_rgn":"Rosso di Montalcino","state":"Tuscany","official":1,"country":"Italy","class":"Denominazione di origine controllata","altname":null,"gen":12,"color":3,"ppt_yr":603,"ppt_gs":305,"GDD_1":2000,"style":null,"latitude":43.0372,"elev":null,"climate":null,"GI_area":null,"auv":null,"_bbox":[11.349836965624611,42.95799154744442,11.589967467565511,43.11289749394406]},"geometry":{"type":"Point","coordinates":[11.44968,43.03605]},"tippecanoe":{"minzoom":6}}
,
{"type":"Feature","properties":{"_area":280955044,"OBJECTID_1":1025,"OBJECTID":1131,"Name_rgn":"Moscadello di Montalcino","state":"Tuscany","official":1,"country":"Italy","class":"Denominazione di origine controllata","altname":null,"gen":12,"color":3,"ppt_yr":603,"ppt_gs":305,"GDD_1":1996,"style":null,"latitude":43.0372,"elev":null,"climate":null,"GI_area":null,"auv":null,"_bbox":[11.349836965624611,42.95799154744442,11.589967467565511,43.11289749394406]},"geometry":{"type":"Point","coordinates":[11.44968,43.03605]},"tippecanoe":{"minzoom":6}}
,
{"type":"Feature","properties":{"_area":769509155,"OBJECTID_1":1026,"OBJECTID":1132,"Name_rgn":"Morellino di Scansano","state":"Tuscany","official":1,"country":"Italy","class":"Denominazione di origine controllata e garantita","altname":null,"gen":12,"color":5,"ppt_yr":527,"ppt_gs":253,"GDD_1":2129,"style":null,"latitude":42.6863,"elev":null,"climate":null,"GI_area":null,"auv":null,"_bbox":[11.133694167732324,42.547739519842686,11.564748564029461,42.830044912908306]},"geometry":{"type":"Point","coordinates":[11.31179,42.69385]},"tippecanoe":{"minzoom":5}}
,
{"type":"Feature","properties":{"_area":337046758,"OBJECTID_1":1027,"OBJECTID":1133,"Name_rgn":"Montescudaio","state":"Tuscany","official":1,"country":"Italy","class":"Denominazione di origine controllata","altname":null,"gen":12,"color":2,"ppt_yr":719,"ppt_gs":374,"GDD_1":2121,"style":null,"latitude":43.3629,"elev":null,"climate":null,"GI_area":null,"auv":null,"_bbox":[10.49013702882088,43.28270253593543,10.765369466390093,43.45365815318385]},"geometry":{"type":"Point","coordinates":[10.62169,43.36484]},"tippecanoe":{"minzoom":6}}
,
{"type":"Feature","properties":{"_area":1207387227,"OBJECTID_1":1028,"OBJECTID":1134,"Name_rgn":"Monteregio di Massa Marittima","state":"Tuscany","official":1,"country":"Italy","class":"Denominazione di origine controllata","altname":null,"gen":12,"color":5,"ppt_yr":614,"ppt_gs":310,"GDD_1":2123,"style":null,"latitude":42.9957,"elev":null,"climate":null,"GI_area":null,"auv":null,"_bbox":[10.71284122305797,42.77764971493454,11.243921053541424,43.16468472639454]},"geometry":{"type":"Point","coordinates":[10.94,42.96474]},"tippecanoe":{"minzoom":5}}
,
{"type":"Feature","properties":{"_area":881421832,"OBJECTID_1":1029,"OBJECTID":1135,"Name_rgn":"Montecucco","state":"Tuscany","official":1,"country":"Italy","class":"Denominazione di origine controllata","altname":null,"gen":12,"color":0,"ppt_yr":573,"ppt_gs":286,"GDD_1":2048,"style":null,"latitude":42.9187,"elev":null,"climate":null,"GI_area":null,"auv":null,"_bbox":[11.148953203574974,42.779786627596025,11.575321539989112,43.09154142202604]},"geometry":{"type":"Point","coordinates":[11.3164,42.93384]},"tippecanoe":{"minzoom":5}}
,
{"type":"Feature","properties":{"_area":482575465,"OBJECTID_1":1030,"OBJECTID":1136,"Name_rgn":"Capalbio","state":"Tuscany","official":1,"country":"Italy","class":"Denominazione di origine controllata","altname":null,"gen":12,"color":5,"ppt_yr":502,"ppt_gs":232,"GDD_1":2219,"style":null,"latitude":42.4923,"elev":null,"climate":null,"GI_area":null,"auv":null,"_bbox":[11.155325331177623,42.385249411737846,11.541332509200027,42.60387578506534]},"geometry":{"type":"Point","coordinates":[11.34919,42.49883]},"tippecanoe":{"minzoom":5}}
,
{"type":"Feature","properties":{"_area":280955044,"OBJECTID_1":1031,"OBJECTID":1137,"Name_rgn":"Brunello di Montalcino","state":"Tuscany","official":1,"country":"Italy","class":"Denominazione di origine controllata e garantita","altname":null,"gen":12,"color":3,"ppt_yr":603,"ppt_gs":305,"GDD_1":1996,"style":null,"latitude":43.0372,"elev":null,"climate":null,"GI_area":null,"auv":null,"_bbox":[11.349836965624611,42.95799154744442,11.589967467565511,43.11289749394406]},"geometry":{"type":"Point","coordinates":[11.44968,43.03605]},"tippecanoe":{"minzoom":6}}
,
{"type":"Feature","properties":{"_area":1018233970,"OBJECTID_1":1032,"OBJECTID":1138,"Name_rgn":"Ansonica Costa dell'Argentario","state":"Tuscany","official":1,"country":"Italy","class":"Denominazione di origine controllata","altname":null,"gen":12,"color":0,"ppt_yr":489,"ppt_gs":222,"GDD_1":2196,"style":null,"latitude":42.4467,"elev":null,"climate":null,"GI_area":null,"auv":null,"_bbox":[10.86396706167,42.23761541378941,11.541332509200027,42.540465220764965]},"geometry":{"type":"Point","coordinates":[11.11299,42.35651]},"tippecanoe":{"minzoom":5}}
,
{"type":"Feature","properties":{"_area":371790346,"OBJECTID_1":1033,"OBJECTID":1139,"Name_rgn":"Bianco dell'Empolese","state":"Tuscany","official":1,"country":"Italy","class":"Denominazione di origine controllata","altname":null,"gen":12,"color":2,"ppt_yr":845,"ppt_gs":448,"GDD_1":2167,"style":null,"latitude":43.7463,"elev":null,"climate":null,"GI_area":null,"auv":null,"_bbox":[10.711164787973033,43.65075221708638,11.068456693609406,43.82362293943972]},"geometry":{"type":"Point","coordinates":[10.92928,43.74191]},"tippecanoe":{"minzoom":6}}
,
{"type":"Feature","properties":{"_area":709858154,"OBJECTID_1":1034,"OBJECTID":1140,"Name_rgn":"Montecastelli","state":"Tuscany","official":1,"country":"Italy","class":"Indicazione geografica tipica","altname":null,"gen":12,"color":1,"ppt_yr":700,"ppt_gs":364,"GDD_1":1974,"style":null,"latitude":43.3181,"elev":null,"climate":null,"GI_area":null,"auv":null,"_bbox":[10.720549282930351,43.141827407977516,11.014006511015095,43.49741838139696]},"geometry":{"type":"Point","coordinates":[10.86842,43.30575]},"tippecanoe":{"minzoom":5}}
,
{"type":"Feature","properties":{"_area":919960211,"OBJECTID_1":1035,"OBJECTID":1141,"Name_rgn":"San Torpè","state":"Tuscany","official":1,"country":"Italy","class":"Denominazione di origine controllata","altname":null,"gen":12,"color":4,"ppt_yr":788,"ppt_gs":417,"GDD_1":2123,"style":null,"latitude":43.5744,"elev":null,"climate":null,"GI_area":null,"auv":null,"_bbox":[10.442716178596157,43.40468943117159,10.93404708399499,43.71938940533563]},"geometry":{"type":"Point","coordinates":[10.61789,43.54421]},"tippecanoe":{"minzoom":5}}
,
{"type":"Feature","properties":{"_area":362761444,"OBJECTID_1":1036,"OBJECTID":1142,"Name_rgn":"Elba","state":"Tuscany","official":1,"country":"Italy","class":"Denominazione di origine controllata","altname":null,"gen":12,"color":5,"ppt_yr":543,"ppt_gs":253,"GDD_1":2235,"style":null,"latitude":42.7787,"elev":null,"climate":null,"GI_area":null,"auv":null,"_bbox":[10.10249630128524,42.70749704812669,10.444143391376821,42.872947061345776]},"geometry":{"type":"Point","coordinates":[10.36554,42.7857]},"tippecanoe":{"minzoom":6}}
,
{"type":"Feature","properties":{"_area":6718699683,"OBJECTID_1":1037,"OBJECTID":1143,"Name_rgn":"Maremma Toscana","state":"Tuscany","official":1,"country":"Italy","class":"Denominazione di origine controllata","altname":null,"gen":12,"color":4,"ppt_yr":554,"ppt_gs":272,"GDD_1":1983,"style":null,"latitude":42.7887,"elev":null,"climate":null,"GI_area":null,"auv":null,"_bbox":[10.706272041912888,42.23761541378941,11.820158231262008,43.18903891981592]},"geometry":{"type":"Point","coordinates":[11.1792,42.70868]},"tippecanoe":{"minzoom":4}}
,
{"type":"Feature","properties":{"_area":954980155,"OBJECTID_1":1038,"OBJECTID":1144,"Name_rgn":"Terre di Pisa","state":"Tuscany","official":1,"country":"Italy","class":"Denominazione di origine controllata","altname":null,"gen":12,"color":5,"ppt_yr":782,"ppt_gs":413,"GDD_1":2075,"style":null,"latitude":43.5587,"elev":null,"climate":null,"GI_area":null,"auv":null,"_bbox":[10.464037443031403,43.40468943117159,10.93404708399499,43.71938940533563]},"geometry":{"type":"Point","coordinates":[10.70375,43.55098]},"tippecanoe":{"minzoom":5}}
,
{"type":"Feature","properties":{"_area":846535601,"OBJECTID_1":1039,"OBJECTID":1145,"Name_rgn":"Val d’Arno di Sopra","state":"Tuscany","official":1,"country":"Italy","class":"Denominazione di origine controllata e garantita","altname":"Valdarno di Sopra","gen":12,"color":3,"ppt_yr":905,"ppt_gs":464,"GDD_1":1891,"style":null,"latitude":43.508,"elev":null,"climate":null,"GI_area":null,"auv":null,"_bbox":[11.397382413975846,43.347560755426926,11.822371414220724,43.68644177536206]},"geometry":{"type":"Point","coordinates":[11.635,43.49251]},"tippecanoe":{"minzoom":5}}
,
{"type":"Feature","properties":{"_area":881421832,"OBJECTID_1":1040,"OBJECTID":1146,"Name_rgn":"Montecucco Sangiovese","state":"Tuscany","official":1,"country":"Italy","class":"Denominazione di origine controllata e garantita","altname":null,"gen":12,"color":0,"ppt_yr":573,"ppt_gs":286,"GDD_1":2066,"style":null,"latitude":42.9187,"elev":null,"climate":null,"GI_area":null,"auv":null,"_bbox":[11.148953203574974,42.779786627596025,11.575321539989112,43.09154142202604]},"geometry":{"type":"Point","coordinates":[11.3164,42.93384]},"tippecanoe":{"minzoom":5}}
,
{"type":"Feature","properties":{"_area":362761444,"OBJECTID_1":1041,"OBJECTID":1147,"Name_rgn":"Elba Aleatico Passito","state":"Tuscany","official":1,"country":"Italy","class":"Denominazione di origine controllata e garantita","altname":null,"gen":12,"color":4,"ppt_yr":543,"ppt_gs":253,"GDD_1":2242,"style":null,"latitude":42.7787,"elev":null,"climate":null,"GI_area":null,"auv":null,"_bbox":[10.10249630128524,42.70749704812669,10.444143391376821,42.872947061345776]},"geometry":{"type":"Point","coordinates":[10.36554,42.7857]},"tippecanoe":{"minzoom":6}}
,
{"type":"Feature","properties":{"_area":1001714472,"OBJECTID_1":1042,"OBJECTID":1148,"Name_rgn":"Vin Santo del Chianti Classico","state":"Tuscany","official":1,"country":"Italy","class":"Denominazione di origine controllata","altname":null,"gen":12,"color":4,"ppt_yr":896,"ppt_gs":448,"GDD_1":1900,"style":null,"latitude":43.5095,"elev":null,"climate":null,"GI_area":null,"auv":null,"_bbox":[11.121980420295088,43.3357818090953,11.551689926322503,43.708536613578026]},"geometry":{"type":"Point","coordinates":[11.32219,43.51852]},"tippecanoe":{"minzoom":5}}
,
{"type":"Feature","properties":{"_area":1001714472,"OBJECTID_1":1043,"OBJECTID":1149,"Name_rgn":"Chianti Classico","state":"Tuscany","official":1,"country":"Italy","class":"Denominazione di origine controllata e garantita","altname":null,"gen":12,"color":4,"ppt_yr":896,"ppt_gs":448,"GDD_1":1870,"style":null,"latitude":43.5095,"elev":null,"climate":null,"GI_area":null,"auv":null,"_bbox":[11.121980420295088,43.3357818090953,11.551689926322503,43.708536613578026]},"geometry":{"type":"Point","coordinates":[11.32219,43.51852]},"tippecanoe":{"minzoom":5}}
,
{"type":"Feature","properties":{"_area":9910711254,"OBJECTID_1":1044,"OBJECTID":1150,"Name_rgn":"Chianti","state":"Tuscany","official":1,"country":"Italy","class":"Denominazione di origine controllata e garantita","altname":null,"gen":12,"color":2,"ppt_yr":805,"ppt_gs":417,"GDD_1":1996,"style":null,"latitude":43.4796,"elev":null,"climate":null,"GI_area":null,"auv":null,"_bbox":[10.474322468518285,42.87571084047643,11.962739693743476,43.98756855579533]},"geometry":{"type":"Point","coordinates":[11.34785,43.49082]},"tippecanoe":{"minzoom":4}}
,
{"type":"Feature","properties":{"_area":9910711254,"OBJECTID_1":1045,"OBJECTID":1151,"Name_rgn":"Vin Santo del Chianti","state":"Tuscany","official":1,"country":"Italy","class":"Denominazione di origine controllata","altname":null,"gen":12,"color":0,"ppt_yr":805,"ppt_gs":417,"GDD_1":1999,"style":null,"latitude":43.4796,"elev":null,"climate":null,"GI_area":null,"auv":null,"_bbox":[10.474322468518285,42.87571084047643,11.962739693743476,43.98756855579533]},"geometry":{"type":"Point","coordinates":[11.34785,43.49082]},"tippecanoe":{"minzoom":4}}
,
{"type":"Feature","properties":{"_area":1126545854,"OBJECTID_1":1046,"OBJECTID":1152,"Name_rgn":"Montepulciano d'Abruzzo Colline Teramane","state":"Abruzzo","official":1,"country":"Italy","class":"Denominazione di origine controllata e garantita","altname":null,"gen":12,"color":4,"ppt_yr":710,"ppt_gs":415,"GDD_1":2078,"style":null,"latitude":42.7031,"elev":null,"climate":null,"GI_area":null,"auv":null,"_bbox":[13.640797803503371,42.51362754578365,14.119618107298953,42.89462891167585]},"geometry":{"type":"Point","coordinates":[13.83502,42.71231]},"tippecanoe":{"minzoom":5}}
,
{"type":"Feature","properties":{"_area":2923958019,"OBJECTID_1":1047,"OBJECTID":1153,"Name_rgn":"Duna","state":null,"official":1,"country":"Hungary","class":"Oltalom alatt álló eredetmegjelölés","altname":null,"gen":12,"color":3,"ppt_yr":560,"ppt_gs":377,"GDD_1":1766,"style":null,"latitude":46.8864,"elev":null,"climate":null,"GI_area":null,"auv":null,"_bbox":[19.081304597813983,46.50702747813699,19.656994018806824,47.419507512810306]},"geometry":{"type":"Point","coordinates":[19.37027,46.96241]},"tippecanoe":{"minzoom":5}}
,
{"type":"Feature","properties":{"_area":9257822190,"OBJECTID_1":1048,"OBJECTID":1154,"Name_rgn":"Pannon","state":null,"official":1,"country":"Hungary","class":"Oltalom alatt álló eredetmegjelölés","altname":null,"gen":11,"color":2,"ppt_yr":610,"ppt_gs":421,"GDD_1":1744,"style":null,"latitude":46.4203,"elev":null,"climate":null,"GI_area":null,"auv":null,"_bbox":[17.76697086831722,45.80912193322738,19.00631123824588,47.16571477487274]},"geometry":{"type":"Point","coordinates":[18.44534,46.33378]},"tippecanoe":{"minzoom":4}}
,
{"type":"Feature","properties":{"_area":800965351,"OBJECTID_1":1049,"OBJECTID":1155,"Name_rgn":"Colli Trevigiani","state":"Veneto","official":1,"country":"Italy","class":"Indicazione geografica tipica","altname":null,"gen":12,"color":2,"ppt_yr":999,"ppt_gs":671,"GDD_1":1789,"style":null,"latitude":45.8933,"elev":null,"climate":null,"GI_area":null,"auv":null,"_bbox":[11.819381374492442,45.774771398385006,12.427387969004174,46.04013722999333]},"geometry":{"type":"Point","coordinates":[12.10652,45.87947]},"tippecanoe":{"minzoom":5}}
,
{"type":"Feature","properties":{"_area":645978299,"OBJECTID_1":1051,"OBJECTID":1179,"Name_rgn":"Aïn-Bessem-Bouïra","state":null,"official":1,"country":"Algeria","class":"Vin d'appellation d'origine garantie","altname":null,"gen":12,"color":2,"ppt_yr":643,"ppt_gs":210,"GDD_1":2608,"style":null,"latitude":36.3288,"elev":null,"climate":null,"GI_area":null,"auv":null,"_bbox":[3.610851595130442,36.25274937091917,4.131725068291398,36.437013851974136]},"geometry":{"type":"Point","coordinates":[3.97866,36.34272]},"tippecanoe":{"minzoom":5}}
,
{"type":"Feature","properties":{"_area":822740313,"OBJECTID_1":1052,"OBJECTID":1180,"Name_rgn":"Médéa","state":null,"official":1,"country":"Algeria","class":"Vin d'appellation d'origine garantie","altname":"المدية","gen":12,"color":1,"ppt_yr":668,"ppt_gs":201,"GDD_1":2294,"style":null,"latitude":36.2173,"elev":null,"climate":null,"GI_area":null,"auv":null,"_bbox":[2.660905790074834,36.06489656312804,3.081369090494702,36.34538506085566]},"geometry":{"type":"Point","coordinates":[2.89428,36.19309]},"tippecanoe":{"minzoom":5}}
,
{"type":"Feature","properties":{"_area":1827876277,"OBJECTID_1":1053,"OBJECTID":1181,"Name_rgn":"Coteaux du Zaccar","state":null,"official":1,"country":"Algeria","class":"Vin d'appellation d'origine garantie","altname":"منحدرات زاكار","gen":12,"color":3,"ppt_yr":681,"ppt_gs":208,"GDD_1":2669,"style":null,"latitude":36.4716,"elev":null,"climate":null,"GI_area":null,"auv":null,"_bbox":[2.096226057423748,36.2715116744802,2.787876926030207,36.67402614687895]},"geometry":{"type":"Point","coordinates":[2.32107,36.45233]},"tippecanoe":{"minzoom":5}}
,
{"type":"Feature","properties":{"_area":1823423431,"OBJECTID_1":1054,"OBJECTID":1182,"Name_rgn":"Dahra","state":null,"official":1,"country":"Algeria","class":"Vin d'appellation d'origine garantie","altname":"الظاهرة","gen":12,"color":5,"ppt_yr":402,"ppt_gs":125,"GDD_1":2697,"style":null,"latitude":36.0035,"elev":null,"climate":null,"GI_area":null,"auv":null,"_bbox":[-0.103416506111888,35.69438589880605,0.705469357974729,36.33208510621155]},"geometry":{"type":"Point","coordinates":[0.31321,36.0313]},"tippecanoe":{"minzoom":5}}
,
{"type":"Feature","properties":{"_area":369167793,"OBJECTID_1":1055,"OBJECTID":1183,"Name_rgn":"Monts du Tessalah","state":null,"official":1,"country":"Algeria","class":"Vin d'appellation d'origine garantie","altname":"جبال تسالة","gen":12,"color":0,"ppt_yr":431,"ppt_gs":141,"GDD_1":2503,"style":null,"latitude":35.3607,"elev":null,"climate":null,"GI_area":null,"auv":null,"_bbox":[-0.620773113563057,35.23552823421112,-0.240472485179718,35.44948426620444]},"geometry":{"type":"Point","coordinates":[-0.45111,35.35504]},"tippecanoe":{"minzoom":6}}
,
{"type":"Feature","properties":{"_area":1610326231,"OBJECTID_1":1056,"OBJECTID":1184,"Name_rgn":"Coteaux de Mascara","state":null,"official":1,"country":"Algeria","class":"Vin d'appellation d'origine garantie","altname":"منحدرات معسكر","gen":12,"color":3,"ppt_yr":464,"ppt_gs":152,"GDD_1":2630,"style":null,"latitude":35.3189,"elev":null,"climate":null,"GI_area":null,"auv":null,"_bbox":[0.010441852470923,35.07682677020181,0.520024979340824,35.53697127560081]},"geometry":{"type":"Point","coordinates":[0.26972,35.28848]},"tippecanoe":{"minzoom":5}}
,
{"type":"Feature","properties":{"_area":4579349965,"OBJECTID_1":1057,"OBJECTID":1185,"Name_rgn":"Coteaux de Tlemcen","state":null,"official":1,"country":"Algeria","class":"Vin d'appellation d'origine garantie","altname":"تلال تلمسان","gen":12,"color":2,"ppt_yr":412,"ppt_gs":140,"GDD_1":2373,"style":null,"latitude":35.0983,"elev":null,"climate":null,"GI_area":null,"auv":null,"_bbox":[-1.564020969367548,34.75266972575578,-0.601660089555895,35.57569007272978]},"geometry":{"type":"Point","coordinates":[-0.96404,35.18869]},"tippecanoe":{"minzoom":4}}
,
{"type":"Feature","properties":{"_area":23503999,"OBJECTID_1":1058,"OBJECTID":1186,"Name_rgn":"Alisos Canyon","state":"California","official":1,"country":"United States","class":"American Viticultural Area","altname":null,"gen":12,"color":0,"ppt_yr":454,"ppt_gs":73,"GDD_1":1660,"style":null,"latitude":34.7522,"elev":null,"climate":null,"GI_area":null,"auv":null,"_bbox":[-120.244007230123,34.734046054940244,-120.15353680371128,34.76680754556211]},"geometry":{"type":"Point","coordinates":[-120.19845,34.75094]},"tippecanoe":{"minzoom":7}}
,
{"type":"Feature","properties":{"_area":80619430827,"OBJECTID_1":1059,"OBJECTID":1187,"Name_rgn":"Arequipa","state":"Arequipa","official":6,"country":"Peru","class":"Region","altname":null,"gen":13,"color":0,"ppt_yr":271,"ppt_gs":262,"GDD_1":966,"style":null,"latitude":-15.8458,"elev":null,"climate":null,"GI_area":null,"auv":null,"_bbox":[-75.07263946544187,-17.286249147281165,-70.80425262488048,-14.6326312889637]},"geometry":{"type":"Point","coordinates":[-72.25641,-15.73723]},"tippecanoe":{"minzoom":3}}
,
{"type":"Feature","properties":{"_area":28700130093,"OBJECTID_1":1061,"OBJECTID":1189,"Name_rgn":"Ica","state":"Ica","official":6,"country":"Peru","class":"Region","altname":null,"gen":13,"color":1,"ppt_yr":54,"ppt_gs":50,"GDD_1":2045,"style":null,"latitude":-14.2373,"elev":null,"climate":null,"GI_area":null,"auv":null,"_bbox":[-76.46791839632051,-15.441269861359904,-74.64701843302093,-12.964738833895856]},"geometry":{"type":"Point","coordinates":[-75.83576,-13.79552]},"tippecanoe":{"minzoom":4}}
,
{"type":"Feature","properties":{"_area":23461525562,"OBJECTID_1":1062,"OBJECTID":1190,"Name_rgn":"Lara","state":"Lara","official":6,"country":"Venezuela","class":"Region","altname":null,"gen":13,"color":5,"ppt_yr":929,"ppt_gs":712,"GDD_1":3094,"style":null,"latitude":10.1815,"elev":null,"climate":null,"GI_area":null,"auv":null,"_bbox":[-70.86114501950853,9.468479146638405,-68.86196136430038,10.782655705589942]},"geometry":{"type":"Point","coordinates":[-69.79145,10.10311]},"tippecanoe":{"minzoom":4}}
,
{"type":"Feature","properties":{"_area":47885105613,"OBJECTID_1":1063,"OBJECTID":1191,"Name_rgn":"Lima","state":"Lima","official":6,"country":"Peru","class":"Region","altname":null,"gen":13,"color":1,"ppt_yr":481,"ppt_gs":373,"GDD_1":949,"style":null,"latitude":-11.7898,"elev":null,"climate":null,"GI_area":null,"auv":null,"_bbox":[-77.88652801512723,-13.323604571326968,-75.50815582250132,-10.269972791062957]},"geometry":{"type":"Point","coordinates":[-77.10787,-11.12466]},"tippecanoe":{"minzoom":3}}
,
{"type":"Feature","properties":{"_area":20351502491,"OBJECTID_1":1064,"OBJECTID":1192,"Name_rgn":"Moquegua","state":"Moquegua","official":6,"country":"Peru","class":"Region","altname":null,"gen":13,"color":3,"ppt_yr":240,"ppt_gs":233,"GDD_1":943,"style":null,"latitude":-16.8617,"elev":null,"climate":null,"GI_area":null,"auv":null,"_bbox":[-71.49215698245794,-17.822639451090843,-69.9949569700225,-15.974266992768692]},"geometry":{"type":"Point","coordinates":[-70.67886,-16.67671]},"tippecanoe":{"minzoom":4}}
,
{"type":"Feature","properties":{"_area":19019852511,"OBJECTID_1":1065,"OBJECTID":1193,"Name_rgn":"Tacna","state":"Tacna","official":6,"country":"Peru","class":"Region","altname":null,"gen":13,"color":1,"ppt_yr":131,"ppt_gs":128,"GDD_1":1136,"style":null,"latitude":-17.6452,"elev":null,"climate":null,"GI_area":null,"auv":null,"_bbox":[-71.1421051027529,-18.35180471936531,-69.46009826670189,-16.7702083454557]},"geometry":{"type":"Point","coordinates":[-70.28103,-17.67453]},"tippecanoe":{"minzoom":4}}
,
{"type":"Feature","properties":{"_area":5128211111,"OBJECTID_1":1068,"OBJECTID":1196,"Name_rgn":"Fraser Valley","state":"British Columbia","official":1,"country":"Canada","class":"Geographical Indication","altname":null,"gen":3,"color":4,"ppt_yr":1723,"ppt_gs":684,"GDD_1":1056,"style":null,"latitude":49.183,"elev":null,"climate":null,"GI_area":null,"auv":null,"_bbox":[-123.2955766595129,49.00143294093414,-121.37494327018983,49.41091006174591]},"geometry":{"type":"Point","coordinates":[-122.15712,49.20097]},"tippecanoe":{"minzoom":4}}
,
{"type":"Feature","properties":{"_area":13296969474,"OBJECTID_1":1069,"OBJECTID":1197,"Name_rgn":"Gulf Islands","state":"British Columbia","official":1,"country":"Canada","class":"Geographical Indication","altname":null,"gen":3,"color":3,"ppt_yr":1170,"ppt_gs":203,"GDD_1":934,"style":null,"latitude":49.3496,"elev":null,"climate":null,"GI_area":null,"auv":null,"_bbox":[-125.21715237617904,48.384992591832656,-123.0083505989897,50.01056000010782]},"geometry":{"type":"Point","coordinates":[-123.59714,49.16365]},"tippecanoe":{"minzoom":4}}
,
{"type":"Feature","properties":{"_area":11754540578,"OBJECTID_1":1070,"OBJECTID":1198,"Name_rgn":"Okanagan Valley","state":"British Columbia","official":1,"country":"Canada","class":"Geographical Indication","altname":null,"gen":3,"color":2,"ppt_yr":523,"ppt_gs":285,"GDD_1":837,"style":null,"latitude":49.7989,"elev":null,"climate":null,"GI_area":null,"auv":null,"_bbox":[-120.23172432808803,49.00026841359219,-118.79825299110229,50.63314982911648]},"geometry":{"type":"Point","coordinates":[-119.50589,49.7807]},"tippecanoe":{"minzoom":4}}
,
{"type":"Feature","properties":{"_area":11404004111,"OBJECTID_1":1071,"OBJECTID":1199,"Name_rgn":"Vancouver Island","state":"British Columbia","official":1,"country":"Canada","class":"Geographical Indication","altname":null,"gen":3,"color":0,"ppt_yr":1647,"ppt_gs":545,"GDD_1":750,"style":null,"latitude":49.1908,"elev":null,"climate":null,"GI_area":null,"auv":null,"_bbox":[-125.54531231241018,48.30699495986014,-123.26182988549131,50.13577776004096]},"geometry":{"type":"Point","coordinates":[-124.32508,49.10843]},"tippecanoe":{"minzoom":4}}
,
{"type":"Feature","properties":{"_area":790914663,"OBJECTID_1":1072,"OBJECTID":1200,"Name_rgn":"Royal Slope","state":"Washington","official":1,"country":"United States","class":"American Viticultural Area","altname":null,"gen":13,"color":3,"ppt_yr":178,"ppt_gs":67,"GDD_1":1766,"style":null,"latitude":46.9174,"elev":null,"climate":null,"GI_area":null,"auv":null,"_bbox":[-119.98028356690106,46.82867540703344,-119.28910721537713,46.997368152424066]},"geometry":{"type":"Point","coordinates":[-119.71275,46.91961]},"tippecanoe":{"minzoom":5}}
,
{"type":"Feature","properties":{"_area":901745593,"OBJECTID_1":1073,"OBJECTID":1206,"Name_rgn":"Madeira","state":"Madeira","official":1,"country":"Portugal","class":"Denominação de Origem Protegida","altname":null,"gen":13,"color":2,"ppt_yr":683,"ppt_gs":260,"GDD_1":1647,"style":null,"latitude":32.7466,"elev":null,"climate":null,"GI_area":null,"auv":null,"_bbox":[-17.26593449991005,32.6341159994363,-16.679435500186408,32.870629499057095]},"geometry":{"type":"Point","coordinates":[-16.93057,32.73667]},"tippecanoe":{"minzoom":5}}
,
{"type":"Feature","properties":{"_area":901745593,"OBJECTID_1":1074,"OBJECTID":1207,"Name_rgn":"Madeirense","state":"Madeira","official":1,"country":"Portugal","class":"Denominação de Origem Protegida","altname":null,"gen":13,"color":2,"ppt_yr":683,"ppt_gs":260,"GDD_1":1644,"style":null,"latitude":32.7466,"elev":null,"climate":null,"GI_area":null,"auv":null,"_bbox":[-17.26593449991005,32.6341159994363,-16.679435500186408,32.870629499057095]},"geometry":{"type":"Point","coordinates":[-16.93057,32.73667]},"tippecanoe":{"minzoom":5}}
,
{"type":"Feature","properties":{"_area":901745593,"OBJECTID_1":1075,"OBJECTID":1208,"Name_rgn":"Terras Madeirenses","state":"Madeira","official":1,"country":"Portugal","class":"Indicação Geográfica Protegida","altname":null,"gen":13,"color":2,"ppt_yr":683,"ppt_gs":260,"GDD_1":1647,"style":null,"latitude":32.7466,"elev":null,"climate":null,"GI_area":null,"auv":null,"_bbox":[-17.26593449991005,32.6341159994363,-16.679435500186408,32.870629499057095]},"geometry":{"type":"Point","coordinates":[-16.93057,32.73667]},"tippecanoe":{"minzoom":5}}
,
{"type":"Feature","properties":{"_area":563836441,"OBJECTID_1":1076,"OBJECTID":1209,"Name_rgn":"Verdea of Zakynthos","state":null,"official":1,"country":"Greece","class":"Προστατευόμενη γεωγραφική ένδειξη","altname":"Βερντέα Ζακύνθου","gen":13,"color":4,"ppt_yr":942,"ppt_gs":280,"GDD_1":2351,"style":null,"latitude":37.7854,"elev":null,"climate":null,"GI_area":null,"auv":null,"_bbox":[20.61842570015321,37.64428409982171,20.99399749986297,37.93386910006395]},"geometry":{"type":"Point","coordinates":[20.83844,37.741]},"tippecanoe":{"minzoom":5}}
,
{"type":"Feature","properties":{"_area":563836441,"OBJECTID_1":1077,"OBJECTID":1210,"Name_rgn":"Zakynthos","state":null,"official":1,"country":"Greece","class":"Προστατευόμενη γεωγραφική ένδειξη","altname":"Ζάκυνθος","gen":13,"color":4,"ppt_yr":942,"ppt_gs":280,"GDD_1":2361,"style":null,"latitude":37.7854,"elev":null,"climate":null,"GI_area":null,"auv":null,"_bbox":[20.61842570015321,37.64428409982171,20.99399749986297,37.93386910006395]},"geometry":{"type":"Point","coordinates":[20.83844,37.741]},"tippecanoe":{"minzoom":5}}
,
{"type":"Feature","properties":{"_area":2138599379,"OBJECTID_1":1078,"OBJECTID":1211,"Name_rgn":"Chios","state":null,"official":1,"country":"Greece","class":"Προστατευόμενη γεωγραφική ένδειξη","altname":"Χίος","gen":13,"color":0,"ppt_yr":620,"ppt_gs":151,"GDD_1":2351,"style":null,"latitude":38.4125,"elev":null,"climate":null,"GI_area":null,"auv":null,"_bbox":[25.491126400045193,38.14690750001025,26.29609999955983,38.61029890012014]},"geometry":{"type":"Point","coordinates":[25.98303,38.40078]},"tippecanoe":{"minzoom":5}}
,
{"type":"Feature","properties":{"_area":337425458,"OBJECTID_1":1079,"OBJECTID":1213,"Name_rgn":"Malvasia Paros","state":null,"official":1,"country":"Greece","class":"Προστατευόμενη Ονομασία Προέλευση","altname":"Malvasia Πάρος","gen":13,"color":2,"ppt_yr":443,"ppt_gs":98,"GDD_1":2706,"style":null,"latitude":37.0504,"elev":null,"climate":null,"GI_area":null,"auv":null,"_bbox":[25.015117000232095,36.93863860025831,25.29439700033326,37.15529880023121]},"geometry":{"type":"Point","coordinates":[25.19581,37.06009]},"tippecanoe":{"minzoom":6}}
,
{"type":"Feature","properties":{"_area":337425458,"OBJECTID_1":1080,"OBJECTID":1214,"Name_rgn":"Paros","state":null,"official":1,"country":"Greece","class":"Προστατευόμενη Ονομασία Προέλευση","altname":"Πάρος","gen":13,"color":2,"ppt_yr":443,"ppt_gs":98,"GDD_1":2706,"style":null,"latitude":37.0504,"elev":null,"climate":null,"GI_area":null,"auv":null,"_bbox":[25.015117000232095,36.93863860025831,25.29439700033326,37.15529880023121]},"geometry":{"type":"Point","coordinates":[25.19581,37.06009]},"tippecanoe":{"minzoom":6}}
,
{"type":"Feature","properties":{"_area":174057225,"OBJECTID_1":1081,"OBJECTID":1215,"Name_rgn":"Santorini","state":null,"official":1,"country":"Greece","class":"Προστατευόμενη Ονομασία Προέλευση","altname":"Θήβα","gen":13,"color":1,"ppt_yr":513,"ppt_gs":108,"GDD_1":2766,"style":null,"latitude":36.4023,"elev":null,"climate":null,"GI_area":null,"auv":null,"_bbox":[25.323667899587072,36.33219100002925,25.487891899982053,36.482206000331445]},"geometry":{"type":"Point","coordinates":[25.39926,36.40778]},"tippecanoe":{"minzoom":6}}
,
{"type":"Feature","properties":{"_area":9369797932,"OBJECTID_1":1091,"OBJECTID":1227,"Name_rgn":"Terre di Cosenza","state":"Calabria","official":1,"country":"Italy","class":"Denominazione di origine controllata","altname":null,"gen":14,"color":1,"ppt_yr":850,"ppt_gs":357,"GDD_1":1824,"style":null,"latitude":39.5663,"elev":null,"climate":null,"GI_area":null,"auv":null,"_bbox":[15.754921999750797,39.04866700024069,17.025024999615937,40.143906000300376]},"geometry":{"type":"Point","coordinates":[16.40094,39.56634]},"tippecanoe":{"minzoom":4}}
,
{"type":"Feature","properties":{"_area":2593429276,"OBJECTID_1":1092,"OBJECTID":1228,"Name_rgn":"Sannio","state":"Campania","official":1,"country":"Italy","class":"Denominazione di origine controllata","altname":null,"gen":14,"color":5,"ppt_yr":700,"ppt_gs":333,"GDD_1":1928,"style":null,"latitude":41.2402,"elev":null,"climate":null,"GI_area":null,"auv":null,"_bbox":[14.352032000100895,40.97499100002927,15.149197000296601,41.48635799977998]},"geometry":{"type":"Point","coordinates":[14.67613,41.20321]},"tippecanoe":{"minzoom":5}}
,
{"type":"Feature","properties":{"_area":4408831112,"OBJECTID_1":1093,"OBJECTID":1229,"Name_rgn":"Matera","state":"Basilicata","official":1,"country":"Italy","class":"Denominazione di origine controllata","altname":null,"gen":14,"color":4,"ppt_yr":646,"ppt_gs":301,"GDD_1":2190,"style":null,"latitude":40.4697,"elev":null,"climate":null,"GI_area":null,"auv":null,"_bbox":[15.94149500014808,40.05562799986239,16.866974999794536,40.8380119996747]},"geometry":{"type":"Point","coordinates":[16.47862,40.44758]},"tippecanoe":{"minzoom":4}}
,
{"type":"Feature","properties":{"_area":238347211,"OBJECTID_1":1094,"OBJECTID":1231,"Name_rgn":"Kamptal","state":"Lower Austria","official":1,"country":"Austria","class":"Districtus Austriae Controllatus","altname":null,"gen":14,"color":0,"ppt_yr":601,"ppt_gs":454,"GDD_1":1397,"style":"Grüner Veltliner, Riesling","latitude":48.4969,"elev":null,"climate":null,"GI_area":null,"auv":3907,"_bbox":[15.54273185738065,48.39585751900575,15.785770224760908,48.58378253805127]},"geometry":{"type":"Point","coordinates":[15.69285,48.50193]},"tippecanoe":{"minzoom":6}}
,
{"type":"Feature","properties":{"_area":232779853,"OBJECTID_1":1095,"OBJECTID":1232,"Name_rgn":"Kremstal","state":"Lower Austria","official":1,"country":"Austria","class":"Districtus Austriae Controllatus","altname":null,"gen":14,"color":4,"ppt_yr":611,"ppt_gs":462,"GDD_1":1355,"style":"Grüner Veltliner, Riesling","latitude":48.4103,"elev":null,"climate":null,"GI_area":null,"auv":2368,"_bbox":[15.47995005924093,48.32564170865986,15.73907110079835,48.4924051835226]},"geometry":{"type":"Point","coordinates":[15.59004,48.40316]},"tippecanoe":{"minzoom":6}}
,
{"type":"Feature","properties":{"_area":1352600861,"OBJECTID_1":1096,"OBJECTID":1234,"Name_rgn":"Neusiedlersee","state":"Burgenland","official":1,"country":"Austria","class":"Districtus Austriae Controllatus","altname":null,"gen":14,"color":1,"ppt_yr":609,"ppt_gs":423,"GDD_1":1602,"style":"Zweigelt","latitude":47.8776,"elev":null,"climate":null,"GI_area":null,"auv":6675,"_bbox":[16.642421262422307,47.68162137235427,17.161179563313596,48.07788224659811]},"geometry":{"type":"Point","coordinates":[16.91562,47.88207]},"tippecanoe":{"minzoom":5}}
,
{"type":"Feature","properties":{"_area":289770250,"OBJECTID_1":1097,"OBJECTID":1235,"Name_rgn":"Rosalia","state":"Burgenland","official":1,"country":"Austria","class":"Districtus Austriae Controllatus","altname":null,"gen":14,"color":0,"ppt_yr":694,"ppt_gs":506,"GDD_1":1395,"style":"Zweigelt, Blaufränkisch; rosé","latitude":47.736,"elev":null,"climate":null,"GI_area":null,"auv":297,"_bbox":[16.268965127259023,47.63287794177392,16.5526020067938,47.82331777834609]},"geometry":{"type":"Point","coordinates":[16.39617,47.72884]},"tippecanoe":{"minzoom":6}}
,
{"type":"Feature","properties":{"_area":2191386995,"OBJECTID_1":1098,"OBJECTID":1236,"Name_rgn":"Traisental","state":"Lower Austria","official":1,"country":"Austria","class":"Districtus Austriae Controllatus","altname":null,"gen":14,"color":1,"ppt_yr":718,"ppt_gs":521,"GDD_1":1275,"style":"Grüner Veltliner, Riesling","latitude":48.173,"elev":null,"climate":null,"GI_area":null,"auv":815,"_bbox":[15.263455697577378,47.8890220804956,16.209623790419258,48.3881884932924]},"geometry":{"type":"Point","coordinates":[15.61346,48.16493]},"tippecanoe":{"minzoom":5}}
,
{"type":"Feature","properties":{"_area":251830669,"OBJECTID_1":1099,"OBJECTID":1237,"Name_rgn":"Wachau","state":"Lower Austria","official":1,"country":"Austria","class":"Districtus Austriae Controllatus","altname":null,"gen":14,"color":3,"ppt_yr":725,"ppt_gs":536,"GDD_1":1158,"style":"Grüner Veltliner, Riesling","latitude":48.3656,"elev":null,"climate":null,"GI_area":null,"auv":1344,"_bbox":[15.270583059500622,48.27579585906916,15.605684336322616,48.430846509874726]},"geometry":{"type":"Point","coordinates":[15.4008,48.34787]},"tippecanoe":{"minzoom":6}}
,
{"type":"Feature","properties":{"_area":1004895399,"OBJECTID_1":1100,"OBJECTID":1238,"Name_rgn":"Wagram","state":"Lower Austria","official":1,"country":"Austria","class":"Districtus Austriae Controllatus","altname":null,"gen":14,"color":2,"ppt_yr":578,"ppt_gs":424,"GDD_1":1453,"style":"Grüner Veltliner, Roter Veltliner","latitude":48.3537,"elev":null,"climate":null,"GI_area":null,"auv":2720,"_bbox":[15.71251175365324,48.19497164453809,16.3631888451835,48.50075682850588]},"geometry":{"type":"Point","coordinates":[15.98067,48.36399]},"tippecanoe":{"minzoom":5}}
,
{"type":"Feature","properties":{"_area":648104198,"OBJECTID_1":1101,"OBJECTID":1239,"Name_rgn":"Leithaberg","state":"Burgenland","official":1,"country":"Austria","class":"Districtus Austriae Controllatus","altname":null,"gen":14,"color":5,"ppt_yr":630,"ppt_gs":451,"GDD_1":1540,"style":"Weissburgunder, Chardonnay, Neuburger, Grüner Veltliner, Blaufränkisch","latitude":47.8597,"elev":null,"climate":null,"GI_area":null,"auv":3097,"_bbox":[16.348346324900444,47.73654630486937,16.839505024157695,47.99236186358946]},"geometry":{"type":"Point","coordinates":[16.64763,47.84697]},"tippecanoe":{"minzoom":5}}
,
{"type":"Feature","properties":{"_area":528190865,"OBJECTID_1":1102,"OBJECTID":1240,"Name_rgn":"Wien","state":null,"official":1,"country":"Austria","class":"Districtus Austriae Controllatus","altname":"Vienna","gen":4,"color":5,"ppt_yr":609,"ppt_gs":428,"GDD_1":1539,"style":"Grüner Veltliner, Riesling, Weissburgunder, Chardonnay","latitude":48.2085,"elev":null,"climate":null,"GI_area":null,"auv":637,"_bbox":[16.18183048146717,48.11790323478412,16.577514234474982,48.322666549838715]},"geometry":{"type":"Point","coordinates":[16.40539,48.21988]},"tippecanoe":{"minzoom":5}}
,
{"type":"Feature","properties":{"_area":2682362175,"OBJECTID_1":1103,"OBJECTID":1249,"Name_rgn":"Cer-Valjevo","state":null,"official":1,"country":"Serbia","class":"Vinogradarski rejon","altname":"Поцерско-Ваље","gen":12,"color":1,"ppt_yr":792,"ppt_gs":523,"GDD_1":1700,"style":null,"latitude":44.4054,"elev":null,"climate":null,"GI_area":null,"auv":null,"_bbox":[19.332879994004077,44.192974989025075,20.44242453036358,44.6928842790266]},"geometry":{"type":"Point","coordinates":[19.94605,44.38435]},"tippecanoe":{"minzoom":5}}
,
{"type":"Feature","properties":{"_area":1998661564,"OBJECTID_1":1104,"OBJECTID":1250,"Name_rgn":"Negotinska Krajina","state":null,"official":1,"country":"Serbia","class":"Vinogradarski rejon","altname":"Неготинска Кр","gen":12,"color":2,"ppt_yr":645,"ppt_gs":397,"GDD_1":1846,"style":null,"latitude":44.3268,"elev":null,"climate":null,"GI_area":null,"auv":null,"_bbox":[22.216078314557294,44.0294223449945,22.764404345021738,44.65311407223146]},"geometry":{"type":"Point","coordinates":[22.47257,44.29555]},"tippecanoe":{"minzoom":5}}
,
{"type":"Feature","properties":{"_area":2673957872,"OBJECTID_1":1105,"OBJECTID":1251,"Name_rgn":"Knjaževac","state":null,"official":1,"country":"Serbia","class":"Vinogradarski rejon","altname":"Књажевачки","gen":12,"color":1,"ppt_yr":667,"ppt_gs":417,"GDD_1":1680,"style":null,"latitude":43.9007,"elev":null,"climate":null,"GI_area":null,"auv":null,"_bbox":[21.851991621282064,43.512675992901485,22.548973007444584,44.1815799929152]},"geometry":{"type":"Point","coordinates":[22.18318,43.87391]},"tippecanoe":{"minzoom":5}}
,
{"type":"Feature","properties":{"_area":3444142302,"OBJECTID_1":1106,"OBJECTID":1252,"Name_rgn":"Mlava","state":null,"official":1,"country":"Serbia","class":"Vinogradarski rejon","altname":"Млавски","gen":12,"color":4,"ppt_yr":688,"ppt_gs":444,"GDD_1":1763,"style":null,"latitude":44.4699,"elev":null,"climate":null,"GI_area":null,"auv":null,"_bbox":[21.041051448481223,44.04139362458707,21.719996084873397,44.81820657694338]},"geometry":{"type":"Point","coordinates":[21.3845,44.49889]},"tippecanoe":{"minzoom":5}}
,
{"type":"Feature","properties":{"_area":1397199172,"OBJECTID_1":1107,"OBJECTID":1253,"Name_rgn":"Toplica","state":null,"official":1,"country":"Serbia","class":"Vinogradarski rejon","altname":"Топлички","gen":12,"color":5,"ppt_yr":672,"ppt_gs":414,"GDD_1":1710,"style":null,"latitude":43.2474,"elev":null,"climate":null,"GI_area":null,"auv":null,"_bbox":[21.190293600790834,43.04212668755215,21.874199339646456,43.39973500807479]},"geometry":{"type":"Point","coordinates":[21.62683,43.21884]},"tippecanoe":{"minzoom":5}}
,
{"type":"Feature","properties":{"_area":2082069624,"OBJECTID_1":1108,"OBJECTID":1254,"Name_rgn":"Niš","state":null,"official":1,"country":"Serbia","class":"Vinogradarski rejon","altname":"Нишки","gen":12,"color":3,"ppt_yr":659,"ppt_gs":407,"GDD_1":1693,"style":null,"latitude":43.4572,"elev":null,"climate":null,"GI_area":null,"auv":null,"_bbox":[21.531481599669952,43.22210371925155,22.166669667780273,43.730280243683936]},"geometry":{"type":"Point","coordinates":[21.84264,43.48165]},"tippecanoe":{"minzoom":5}}
,
{"type":"Feature","properties":{"_area":993048476,"OBJECTID_1":1109,"OBJECTID":1255,"Name_rgn":"Nišava","state":null,"official":1,"country":"Serbia","class":"Vinogradarski rejon","altname":"Нишавски","gen":12,"color":0,"ppt_yr":654,"ppt_gs":419,"GDD_1":1477,"style":null,"latitude":43.1512,"elev":null,"climate":null,"GI_area":null,"auv":null,"_bbox":[22.15400563302811,42.981636505515795,22.85370248166573,43.321480297616034]},"geometry":{"type":"Point","coordinates":[22.48389,43.13231]},"tippecanoe":{"minzoom":5}}
,
{"type":"Feature","properties":{"_area":1448857976,"OBJECTID_1":1110,"OBJECTID":1256,"Name_rgn":"Leskovac","state":null,"official":1,"country":"Serbia","class":"Vinogradarski rejon","altname":"Лесковачки","gen":12,"color":4,"ppt_yr":648,"ppt_gs":397,"GDD_1":1728,"style":null,"latitude":43.0173,"elev":null,"climate":null,"GI_area":null,"auv":null,"_bbox":[21.599870001788506,42.859381827932545,22.206895057494922,43.236396886439955]},"geometry":{"type":"Point","coordinates":[21.93344,43.04568]},"tippecanoe":{"minzoom":5}}
,
{"type":"Feature","properties":{"_area":1059349518,"OBJECTID_1":1111,"OBJECTID":1257,"Name_rgn":"Vranje","state":null,"official":1,"country":"Serbia","class":"Vinogradarski rejon","altname":"Врањски","gen":12,"color":1,"ppt_yr":604,"ppt_gs":382,"GDD_1":1669,"style":null,"latitude":42.4509,"elev":null,"climate":null,"GI_area":null,"auv":null,"_bbox":[21.629358046304397,42.23131448641486,22.200682526382266,42.72092477561467]},"geometry":{"type":"Point","coordinates":[21.8756,42.46034]},"tippecanoe":{"minzoom":5}}
,
{"type":"Feature","properties":{"_area":1666634670,"OBJECTID_1":1112,"OBJECTID":1258,"Name_rgn":"Čačak-Kraljevo","state":null,"official":1,"country":"Serbia","class":"Vinogradarski rejon","altname":"Чачанско-Краљ","gen":12,"color":5,"ppt_yr":789,"ppt_gs":512,"GDD_1":1702,"style":null,"latitude":43.8581,"elev":null,"climate":null,"GI_area":null,"auv":null,"_bbox":[20.229990292374527,43.25484466787973,20.70237251695416,44.02709222756416]},"geometry":{"type":"Point","coordinates":[20.5137,43.77197]},"tippecanoe":{"minzoom":5}}
,
{"type":"Feature","properties":{"_area":3702897916,"OBJECTID_1":1113,"OBJECTID":1259,"Name_rgn":"Tri Morave","state":null,"official":1,"country":"Serbia","class":"Vinogradarski rejon","altname":"Три Мораве","gen":12,"color":2,"ppt_yr":688,"ppt_gs":435,"GDD_1":1704,"style":null,"latitude":43.7347,"elev":null,"climate":null,"GI_area":null,"auv":null,"_bbox":[20.965310116573228,43.34902866013037,21.63732822469528,44.12541493486652]},"geometry":{"type":"Point","coordinates":[21.30591,43.69751]},"tippecanoe":{"minzoom":5}}
,
{"type":"Feature","properties":{"_area":3513091690,"OBJECTID_1":1114,"OBJECTID":1260,"Name_rgn":"Beograd","state":null,"official":1,"country":"Serbia","class":"Vinogradarski rejon","altname":"Београдски","gen":12,"color":0,"ppt_yr":700,"ppt_gs":461,"GDD_1":1742,"style":null,"latitude":44.5616,"elev":null,"climate":null,"GI_area":null,"auv":null,"_bbox":[20.196214641109826,44.262634162163245,21.14583481495985,44.844445065863596]},"geometry":{"type":"Point","coordinates":[20.54791,44.56774]},"tippecanoe":{"minzoom":5}}
,
{"type":"Feature","properties":{"_area":3380346385,"OBJECTID_1":1115,"OBJECTID":1261,"Name_rgn":"Šumadija","state":null,"official":1,"country":"Serbia","class":"Vinogradarski rejon","altname":"Шумадијски","gen":12,"color":3,"ppt_yr":704,"ppt_gs":461,"GDD_1":1695,"style":null,"latitude":44.2069,"elev":null,"climate":null,"GI_area":null,"auv":null,"_bbox":[20.439415996120356,43.875862494452896,21.187161435008278,44.533766073574974]},"geometry":{"type":"Point","coordinates":[20.85575,44.18939]},"tippecanoe":{"minzoom":5}}
,
{"type":"Feature","properties":{"_area":1729422838,"OBJECTID_1":1116,"OBJECTID":1262,"Name_rgn":"Srem","state":null,"official":1,"country":"Serbia","class":"Vinogradarski rejon","altname":"Сремски","gen":12,"color":5,"ppt_yr":657,"ppt_gs":432,"GDD_1":1776,"style":null,"latitude":45.1217,"elev":null,"climate":null,"GI_area":null,"auv":null,"_bbox":[19.214772855655667,44.998075628679885,20.36162125111841,45.260869911531294]},"geometry":{"type":"Point","coordinates":[19.85687,45.13717]},"tippecanoe":{"minzoom":5}}
,
{"type":"Feature","properties":{"_area":1247608867,"OBJECTID_1":1117,"OBJECTID":1263,"Name_rgn":"Subotica","state":null,"official":1,"country":"Serbia","class":"Vinogradarski rejon","altname":"Суботички","gen":12,"color":5,"ppt_yr":579,"ppt_gs":391,"GDD_1":1780,"style":null,"latitude":46.0867,"elev":null,"climate":null,"GI_area":null,"auv":null,"_bbox":[18.921175786830663,45.90815456362397,20.01191192598066,46.19055839092442]},"geometry":{"type":"Point","coordinates":[19.59299,46.09238]},"tippecanoe":{"minzoom":5}}
,
{"type":"Feature","properties":{"_area":1125517080,"OBJECTID_1":1118,"OBJECTID":1264,"Name_rgn":"Telečka","state":null,"official":1,"country":"Serbia","class":"Vinogradarski rejon","altname":"Телечка","gen":12,"color":4,"ppt_yr":602,"ppt_gs":402,"GDD_1":1809,"style":null,"latitude":45.746,"elev":null,"climate":null,"GI_area":null,"auv":null,"_bbox":[19.15723693311093,45.55166226905054,19.725139828187952,45.95142844041411]},"geometry":{"type":"Point","coordinates":[19.56559,45.73359]},"tippecanoe":{"minzoom":5}}
,
{"type":"Feature","properties":{"_area":1651906655,"OBJECTID_1":1119,"OBJECTID":1265,"Name_rgn":"Tisa","state":null,"official":1,"country":"Serbia","class":"Vinogradarski rejon","altname":"Потиски","gen":12,"color":0,"ppt_yr":573,"ppt_gs":384,"GDD_1":1817,"style":null,"latitude":45.7071,"elev":null,"climate":null,"GI_area":null,"auv":null,"_bbox":[20.012540116960512,45.197894898931494,20.317839548873234,46.107670059524295]},"geometry":{"type":"Point","coordinates":[20.15207,45.56163]},"tippecanoe":{"minzoom":5}}
,
{"type":"Feature","properties":{"_area":1768001501,"OBJECTID_1":1120,"OBJECTID":1266,"Name_rgn":"Banat","state":null,"official":1,"country":"Serbia","class":"Vinogradarski rejon","altname":"Банатски","gen":12,"color":2,"ppt_yr":581,"ppt_gs":384,"GDD_1":1830,"style":null,"latitude":45.6662,"elev":null,"climate":null,"GI_area":null,"auv":null,"_bbox":[20.21633980862575,45.211205436738894,20.6194074015536,45.88406783480176]},"geometry":{"type":"Point","coordinates":[20.41236,45.66544]},"tippecanoe":{"minzoom":5}}
,
{"type":"Feature","properties":{"_area":2126170004,"OBJECTID_1":1121,"OBJECTID":1267,"Name_rgn":"Južni Banat","state":null,"official":1,"country":"Serbia","class":"Vinogradarski rejon","altname":"Јужнобанатскr","gen":12,"color":3,"ppt_yr":689,"ppt_gs":459,"GDD_1":1826,"style":null,"latitude":44.9678,"elev":null,"climate":null,"GI_area":null,"auv":null,"_bbox":[20.898082876790976,44.74182829838232,21.565692516130902,45.21252422494286]},"geometry":{"type":"Point","coordinates":[21.16239,44.97856]},"tippecanoe":{"minzoom":5}}
,
{"type":"Feature","properties":{"_area":573787339,"OBJECTID_1":1122,"OBJECTID":1268,"Name_rgn":"Rajoni i Pejës","state":null,"official":1,"country":"Kosovo","class":"Treguesi i origjinës gjeografike të kontrolluar","altname":"Severna Metohija","gen":12,"color":3,"ppt_yr":890,"ppt_gs":500,"GDD_1":1734,"style":null,"latitude":42.7115,"elev":null,"climate":null,"GI_area":null,"auv":null,"_bbox":[20.268873763446482,42.58091741473239,20.657222959907322,42.826854106390755]},"geometry":{"type":"Point","coordinates":[20.50905,42.70196]},"tippecanoe":{"minzoom":5}}
,
{"type":"Feature","properties":{"_area":1457487761,"OBJECTID_1":1123,"OBJECTID":1269,"Name_rgn":"Rajoni i Prizrenit","state":null,"official":1,"country":"Kosovo","class":"Treguesi i origjinës gjeografike të kontrolluar","altname":"Južna Metohija","gen":12,"color":2,"ppt_yr":843,"ppt_gs":458,"GDD_1":1820,"style":null,"latitude":42.3787,"elev":null,"climate":null,"GI_area":null,"auv":null,"_bbox":[20.34862763436996,42.15036036293056,20.949365076873992,42.54226580143166]},"geometry":{"type":"Point","coordinates":[20.67662,42.34746]},"tippecanoe":{"minzoom":5}}
,
{"type":"Feature","properties":{"_area":1060199167,"OBJECTID_1":1124,"OBJECTID":1270,"Name_rgn":"Bačka","state":null,"official":1,"country":"Serbia","class":"Vinogradarski rejon","altname":"Бачки","gen":12,"color":1,"ppt_yr":617,"ppt_gs":412,"GDD_1":1834,"style":null,"latitude":45.4869,"elev":null,"climate":null,"GI_area":null,"auv":null,"_bbox":[19.015290575942036,45.38304746259384,19.93803125475768,45.79075799046266]},"geometry":{"type":"Point","coordinates":[19.24941,45.61079]},"tippecanoe":{"minzoom":5}}
,
{"type":"Feature","properties":{"_area":14469447531,"OBJECTID_1":1125,"OBJECTID":1367,"Name_rgn":"Girò di Cagliari","state":null,"official":1,"country":"Italy","class":"Denominazione di origine controllata","altname":null,"gen":15,"color":0,"ppt_yr":577,"ppt_gs":220,"GDD_1":2373,"style":null,"latitude":39.4993,"elev":null,"climate":null,"GI_area":null,"auv":null,"_bbox":[8.219631999567941,38.859201999658,9.659767999630267,40.23562500010651]},"geometry":{"type":"Point","coordinates":[8.85072,39.50373]},"tippecanoe":{"minzoom":4}}
,
{"type":"Feature","properties":{"_area":872029577,"OBJECTID_1":1127,"OBJECTID":1369,"Name_rgn":"Valli Ossolane","state":null,"official":1,"country":"Italy","class":"Denominazione di origine controllata","altname":null,"gen":15,"color":0,"ppt_yr":1042,"ppt_gs":712,"GDD_1":775,"style":null,"latitude":46.1185,"elev":null,"climate":null,"GI_area":null,"auv":null,"_bbox":[8.108072000402466,45.93268899991172,8.456320999959914,46.29929499974087]},"geometry":{"type":"Point","coordinates":[8.28628,46.11634]},"tippecanoe":{"minzoom":5}}
,
{"type":"Feature","properties":{"_area":4624203661,"OBJECTID_1":1128,"OBJECTID":1370,"Name_rgn":"Tintilia del Molise","state":null,"official":1,"country":"Italy","class":"Denominazione di origine controllata","altname":null,"gen":15,"color":1,"ppt_yr":552,"ppt_gs":288,"GDD_1":1981,"style":null,"latitude":41.7213,"elev":null,"climate":null,"GI_area":null,"auv":null,"_bbox":[13.977928999779627,41.41820899978106,15.16159099967771,42.069991000320925]},"geometry":{"type":"Point","coordinates":[14.78629,41.74283]},"tippecanoe":{"minzoom":4}}
,
{"type":"Feature","properties":{"_area":772622488,"OBJECTID_1":1129,"OBJECTID":1371,"Name_rgn":"Cacc'e mmitte di Lucera","state":null,"official":1,"country":"Italy","class":"Denominazione di origine controllata","altname":null,"gen":15,"color":3,"ppt_yr":494,"ppt_gs":256,"GDD_1":2220,"style":null,"latitude":41.4484,"elev":null,"climate":null,"GI_area":null,"auv":null,"_bbox":[15.140415000010428,41.31810199979728,15.504331999731823,41.60043099968438]},"geometry":{"type":"Point","coordinates":[15.30198,41.45651]},"tippecanoe":{"minzoom":5}}
,
{"type":"Feature","properties":{"_area":577156178,"OBJECTID_1":1130,"OBJECTID":1372,"Name_rgn":"Irpinia","state":null,"official":1,"country":"Italy","class":"Denominazione di origine controllata","altname":null,"gen":15,"color":5,"ppt_yr":729,"ppt_gs":339,"GDD_1":1860,"style":null,"latitude":40.9874,"elev":null,"climate":null,"GI_area":null,"auv":null,"_bbox":[14.855509000405203,40.83230900003414,15.174682999916072,41.14083900029774]},"geometry":{"type":"Point","coordinates":[15.00556,40.99802]},"tippecanoe":{"minzoom":5}}
,
{"type":"Feature","properties":{"_area":546216586,"OBJECTID_1":1132,"OBJECTID":1375,"Name_rgn":"Dolcetto di Ovada Superiore","state":null,"official":1,"country":"Italy","class":"Denominazione di origine controllata e garantita","altname":"Ovada","gen":15,"color":2,"ppt_yr":937,"ppt_gs":532,"GDD_1":1757,"style":null,"latitude":44.6308,"elev":null,"climate":null,"GI_area":null,"auv":null,"_bbox":[8.523140000361327,44.48800299978483,8.829061999800206,44.76579199992518]},"geometry":{"type":"Point","coordinates":[8.66909,44.62635]},"tippecanoe":{"minzoom":5}}
,
{"type":"Feature","properties":{"_area":239991223,"OBJECTID_1":1133,"OBJECTID":1376,"Name_rgn":"Galatina","state":null,"official":1,"country":"Italy","class":"Denominazione di origine controllata","altname":null,"gen":15,"color":2,"ppt_yr":569,"ppt_gs":238,"GDD_1":2481,"style":null,"latitude":40.1446,"elev":null,"climate":null,"GI_area":null,"auv":null,"_bbox":[18.068526999779824,40.05190000007498,18.25254000014502,40.250537999954275]},"geometry":{"type":"Point","coordinates":[18.15622,40.13384]},"tippecanoe":{"minzoom":6}}
,
{"type":"Feature","properties":{"_area":350050204,"OBJECTID_1":1134,"OBJECTID":1377,"Name_rgn":"Taurasi","state":null,"official":1,"country":"Italy","class":"Denominazione di origine controllata e garantita","altname":null,"gen":15,"color":0,"ppt_yr":747,"ppt_gs":345,"GDD_1":1954,"style":null,"latitude":40.9932,"elev":null,"climate":null,"GI_area":null,"auv":null,"_bbox":[14.855509000405203,40.87664900017967,15.084043000324803,41.11806300015268]},"geometry":{"type":"Point","coordinates":[14.9671,40.99895]},"tippecanoe":{"minzoom":6}}
,
{"type":"Feature","properties":{"_area":606380736,"OBJECTID_1":1135,"OBJECTID":1378,"Name_rgn":"Mandrolisai","state":null,"official":1,"country":"Italy","class":"Denominazione di origine controllata","altname":null,"gen":15,"color":1,"ppt_yr":760,"ppt_gs":284,"GDD_1":1804,"style":null,"latitude":39.9835,"elev":null,"climate":null,"GI_area":null,"auv":null,"_bbox":[8.878231000313916,39.86782500031161,9.322954000277482,40.076379000081445]},"geometry":{"type":"Point","coordinates":[9.09086,39.96803]},"tippecanoe":{"minzoom":5}}
,
{"type":"Feature","properties":{"_area":282008242,"OBJECTID_1":1136,"OBJECTID":1380,"Name_rgn":"Nizza","state":null,"official":1,"country":"Italy","class":"Denominazione di origine controllata e garantita","altname":null,"gen":15,"color":1,"ppt_yr":631,"ppt_gs":378,"GDD_1":1946,"style":null,"latitude":44.781,"elev":null,"climate":null,"GI_area":null,"auv":null,"_bbox":[8.219835999782429,44.687862000299,8.513643000397824,44.85405599992896]},"geometry":{"type":"Point","coordinates":[8.35552,44.77291]},"tippecanoe":{"minzoom":6}}
,
{"type":"Feature","properties":{"_area":780116999,"OBJECTID_1":1137,"OBJECTID":1381,"Name_rgn":"Riesi","state":null,"official":1,"country":"Italy","class":"Denominazione di origine controllata","altname":null,"gen":15,"color":2,"ppt_yr":446,"ppt_gs":174,"GDD_1":2474,"style":null,"latitude":37.2362,"elev":null,"climate":null,"GI_area":null,"auv":null,"_bbox":[13.982345000037053,37.102096000161524,14.392771999607586,37.36710699991918]},"geometry":{"type":"Point","coordinates":[14.13038,37.23564]},"tippecanoe":{"minzoom":5}}
,
{"type":"Feature","properties":{"_area":354046413,"OBJECTID_1":1138,"OBJECTID":1382,"Name_rgn":"Fiano di Avellino","state":null,"official":1,"country":"Italy","class":"Denominazione di origine controllata e garantita","altname":null,"gen":15,"color":3,"ppt_yr":802,"ppt_gs":369,"GDD_1":1851,"style":null,"latitude":40.9243,"elev":null,"climate":null,"GI_area":null,"auv":null,"_bbox":[14.654098000047396,40.8362490000332,14.968180999806428,41.00467199995695]},"geometry":{"type":"Point","coordinates":[14.77713,40.9198]},"tippecanoe":{"minzoom":6}}
,
{"type":"Feature","properties":{"_area":1844786595,"OBJECTID_1":1139,"OBJECTID":1383,"Name_rgn":"Langhe","state":null,"official":1,"country":"Italy","class":"Denominazione di origine controllata","altname":null,"gen":15,"color":5,"ppt_yr":609,"ppt_gs":374,"GDD_1":1812,"style":null,"latitude":44.5967,"elev":null,"climate":null,"GI_area":null,"auv":null,"_bbox":[7.689338999848593,44.32765700004962,8.252820999748208,44.83007800019183]},"geometry":{"type":"Point","coordinates":[7.96214,44.60438]},"tippecanoe":{"minzoom":5}}
,
{"type":"Feature","properties":{"_area":14469447531,"OBJECTID_1":1140,"OBJECTID":1384,"Name_rgn":"Cagliari","state":null,"official":1,"country":"Italy","class":"Denominazione di origine controllata","altname":null,"gen":15,"color":0,"ppt_yr":577,"ppt_gs":220,"GDD_1":2367,"style":null,"latitude":39.4993,"elev":null,"climate":null,"GI_area":null,"auv":null,"_bbox":[8.219631999567941,38.859201999658,9.659767999630267,40.23562500010651]},"geometry":{"type":"Point","coordinates":[8.85072,39.50373]},"tippecanoe":{"minzoom":4}}
,
{"type":"Feature","properties":{"_area":14469447531,"OBJECTID_1":1141,"OBJECTID":1385,"Name_rgn":"Nasco di Cagliari","state":null,"official":1,"country":"Italy","class":"Denominazione di origine controllata","altname":null,"gen":15,"color":0,"ppt_yr":577,"ppt_gs":220,"GDD_1":2373,"style":null,"latitude":39.4993,"elev":null,"climate":null,"GI_area":null,"auv":null,"_bbox":[8.219631999567941,38.859201999658,9.659767999630267,40.23562500010651]},"geometry":{"type":"Point","coordinates":[8.85072,39.50373]},"tippecanoe":{"minzoom":4}}
,
{"type":"Feature","properties":{"_area":4777115602,"OBJECTID_1":1142,"OBJECTID":1386,"Name_rgn":"Monferrato","state":null,"official":1,"country":"Italy","class":"Denominazione di origine controllata","altname":null,"gen":15,"color":2,"ppt_yr":698,"ppt_gs":425,"GDD_1":1920,"style":null,"latitude":44.8344,"elev":null,"climate":null,"GI_area":null,"auv":null,"_bbox":[7.891664000075409,44.464915999997956,8.889577999756716,45.18108800022832]},"geometry":{"type":"Point","coordinates":[8.45607,44.8223]},"tippecanoe":{"minzoom":4}}
,
{"type":"Feature","properties":{"_area":2157147244,"OBJECTID_1":1143,"OBJECTID":1387,"Name_rgn":"Modena","state":null,"official":1,"country":"Italy","class":"Denominazione di origine controllata","altname":"di Modena","gen":15,"color":2,"ppt_yr":692,"ppt_gs":425,"GDD_1":2086,"style":null,"latitude":44.6792,"elev":null,"climate":null,"GI_area":null,"auv":null,"_bbox":[10.721122000246512,44.35167700010699,11.368617000325628,44.96296000004485]},"geometry":{"type":"Point","coordinates":[11.01124,44.73253]},"tippecanoe":{"minzoom":5}}
,
{"type":"Feature","properties":{"_area":287402354,"OBJECTID_1":1144,"OBJECTID":1388,"Name_rgn":"Aversa","state":null,"official":1,"country":"Italy","class":"Denominazione di origine controllata","altname":null,"gen":15,"color":1,"ppt_yr":885,"ppt_gs":396,"GDD_1":2313,"style":null,"latitude":40.991,"elev":null,"climate":null,"GI_area":null,"auv":null,"_bbox":[13.993741999708599,40.911611999969075,14.297643999788866,41.04887399978051]},"geometry":{"type":"Point","coordinates":[14.13047,40.97971]},"tippecanoe":{"minzoom":6}}
,
{"type":"Feature","properties":{"_area":318090565,"OBJECTID_1":1145,"OBJECTID":1389,"Name_rgn":"Sardegna Semidano Mogoro","state":null,"official":1,"country":"Italy","class":"Indicazione geografica tipica","altname":null,"gen":15,"color":4,"ppt_yr":568,"ppt_gs":219,"GDD_1":2373,"style":null,"latitude":39.6688,"elev":null,"climate":null,"GI_area":null,"auv":null,"_bbox":[8.65121100031293,39.57002099972511,8.902545000321599,39.745993999823575]},"geometry":{"type":"Point","coordinates":[8.81481,39.66213]},"tippecanoe":{"minzoom":6}}
,
{"type":"Feature","properties":{"_area":8762986047,"OBJECTID_1":1146,"OBJECTID":1390,"Name_rgn":"Reggiano Rosso","state":null,"official":1,"country":"Italy","class":"Denominazione di origine controllata","altname":"Reggiano","gen":15,"color":5,"ppt_yr":669,"ppt_gs":405,"GDD_1":2090,"style":null,"latitude":44.6228,"elev":null,"climate":null,"GI_area":null,"auv":null,"_bbox":[10.435881999832109,42.62197799975482,12.384108999924615,44.94807100007094]},"geometry":{"type":"Point","coordinates":[10.74362,44.68293]},"tippecanoe":{"minzoom":4}}
,
{"type":"Feature","properties":{"_area":498549940,"OBJECTID_1":1147,"OBJECTID":1391,"Name_rgn":"Colline Novaresi","state":null,"official":1,"country":"Italy","class":"Denominazione di origine controllata","altname":null,"gen":15,"color":0,"ppt_yr":959,"ppt_gs":634,"GDD_1":1783,"style":null,"latitude":45.6325,"elev":null,"climate":null,"GI_area":null,"auv":null,"_bbox":[8.310590999899752,45.49960400003587,8.704910999813457,45.737608999878724]},"geometry":{"type":"Point","coordinates":[8.49932,45.62697]},"tippecanoe":{"minzoom":5}}
,
{"type":"Feature","properties":{"_area":5714826737,"OBJECTID_1":1148,"OBJECTID":1393,"Name_rgn":"Molise","state":null,"official":1,"country":"Italy","class":"Denominazione di origine controllata","altname":"del Molise","gen":15,"color":3,"ppt_yr":579,"ppt_gs":303,"GDD_1":1601,"style":null,"latitude":41.6893,"elev":null,"climate":null,"GI_area":null,"auv":null,"_bbox":[13.97271500000422,41.36392899978245,15.16159099967771,42.069991000320925]},"geometry":{"type":"Point","coordinates":[14.77117,41.73213]},"tippecanoe":{"minzoom":4}}
,
{"type":"Feature","properties":{"_area":447052255,"OBJECTID_1":1149,"OBJECTID":1394,"Name_rgn":"Avola","state":null,"official":1,"country":"Italy","class":"Indicazione geografica tipica","altname":null,"gen":15,"color":0,"ppt_yr":503,"ppt_gs":209,"GDD_1":2664,"style":null,"latitude":37.0098,"elev":null,"climate":null,"GI_area":null,"auv":null,"_bbox":[15.067056000235944,36.874946999900786,15.336739999741019,37.116473999961336]},"geometry":{"type":"Point","coordinates":[15.17697,37.01505]},"tippecanoe":{"minzoom":5}}
,
{"type":"Feature","properties":{"_area":436516257,"OBJECTID_1":1150,"OBJECTID":1395,"Name_rgn":"Bivongi","state":null,"official":1,"country":"Italy","class":"Denominazione di origine controllata","altname":null,"gen":15,"color":3,"ppt_yr":886,"ppt_gs":349,"GDD_1":2359,"style":null,"latitude":38.4503,"elev":null,"climate":null,"GI_area":null,"auv":null,"_bbox":[16.309430999568548,38.33041799967854,16.58286800043056,38.57377700028523]},"geometry":{"type":"Point","coordinates":[16.43254,38.44592]},"tippecanoe":{"minzoom":5}}
,
{"type":"Feature","properties":{"_area":492827617,"OBJECTID_1":1151,"OBJECTID":1396,"Name_rgn":"Reggiano Bianco Spumante","state":null,"official":1,"country":"Italy","class":"Denominazione di origine controllata","altname":"Reggiano","gen":15,"color":4,"ppt_yr":680,"ppt_gs":417,"GDD_1":2137,"style":null,"latitude":44.8106,"elev":null,"climate":null,"GI_area":null,"auv":null,"_bbox":[10.627906999656231,44.6277549998919,10.898023999704735,44.94807100007094]},"geometry":{"type":"Point","coordinates":[10.75347,44.82507]},"tippecanoe":{"minzoom":5}}
,
{"type":"Feature","properties":{"_area":546216586,"OBJECTID_1":1152,"OBJECTID":1397,"Name_rgn":"Dolcetto di Ovada","state":null,"official":1,"country":"Italy","class":"Denominazione di origine controllata","altname":null,"gen":15,"color":2,"ppt_yr":925,"ppt_gs":526,"GDD_1":1800,"style":null,"latitude":44.6302,"elev":null,"climate":null,"GI_area":null,"auv":null,"_bbox":[8.523140000361327,44.48800299978483,8.829061999800206,44.76579199992518]},"geometry":{"type":"Point","coordinates":[8.66909,44.62635]},"tippecanoe":{"minzoom":5}}
,
{"type":"Feature","properties":{"_area":3501208709,"OBJECTID_1":1153,"OBJECTID":1398,"Name_rgn":"Colli Etruschi Viterbesi","state":null,"official":1,"country":"Italy","class":"Denominazione di origine controllata","altname":"Tuscia","gen":15,"color":4,"ppt_yr":365,"ppt_gs":182,"GDD_1":2041,"style":null,"latitude":42.4859,"elev":null,"climate":null,"GI_area":null,"auv":null,"_bbox":[11.560130999788576,42.147255000231745,12.467626999636447,42.83872799976634]},"geometry":{"type":"Point","coordinates":[11.89034,42.52878]},"tippecanoe":{"minzoom":5}}
,
{"type":"Feature","properties":{"_area":311853973,"OBJECTID_1":1154,"OBJECTID":1399,"Name_rgn":"Terre dell'Alta Val d'Agri","state":null,"official":1,"country":"Italy","class":"Denominazione di origine controllata","altname":null,"gen":15,"color":3,"ppt_yr":772,"ppt_gs":352,"GDD_1":1512,"style":null,"latitude":40.2857,"elev":null,"climate":null,"GI_area":null,"auv":null,"_bbox":[15.787443000109304,40.14416400010629,15.967501000349571,40.41110799970861]},"geometry":{"type":"Point","coordinates":[15.87607,40.2778]},"tippecanoe":{"minzoom":6}}
,
{"type":"Feature","properties":{"_area":236968327,"OBJECTID_1":1155,"OBJECTID":1400,"Name_rgn":"I Terreni di Sanseverino","state":null,"official":1,"country":"Italy","class":"Denominazione di origine controllata","altname":null,"gen":15,"color":2,"ppt_yr":798,"ppt_gs":472,"GDD_1":1884,"style":null,"latitude":43.2685,"elev":null,"climate":null,"GI_area":null,"auv":null,"_bbox":[13.065359999723265,43.18959400025973,13.284297000120269,43.35164000011231]},"geometry":{"type":"Point","coordinates":[13.18879,43.26745]},"tippecanoe":{"minzoom":6}}
,
{"type":"Feature","properties":{"_area":10641744913,"OBJECTID_1":1157,"OBJECTID":1402,"Name_rgn":"Reggiano Lambrusco","state":null,"official":1,"country":"Italy","class":"Denominazione di origine controllata","altname":"Reggiano","gen":15,"color":1,"ppt_yr":759,"ppt_gs":454,"GDD_1":1873,"style":null,"latitude":44.6142,"elev":null,"climate":null,"GI_area":null,"auv":null,"_bbox":[10.351063999563577,42.62197799975482,12.384108999924615,44.94807100007094]},"geometry":{"type":"Point","coordinates":[10.7134,44.61631]},"tippecanoe":{"minzoom":4}}
,
{"type":"Feature","properties":{"_area":1055505117,"OBJECTID_1":1158,"OBJECTID":1403,"Name_rgn":"Noto","state":null,"official":1,"country":"Italy","class":"Denominazione di origine controllata","altname":null,"gen":15,"color":4,"ppt_yr":500,"ppt_gs":196,"GDD_1":2564,"style":null,"latitude":36.8953,"elev":null,"climate":null,"GI_area":null,"auv":null,"_bbox":[14.837020999918229,36.65568799984564,15.190447000339466,37.07624599968451]},"geometry":{"type":"Point","coordinates":[15.01304,36.90488]},"tippecanoe":{"minzoom":5}}
,
{"type":"Feature","properties":{"_area":2530045641,"OBJECTID_1":1159,"OBJECTID":1404,"Name_rgn":"Biferno","state":null,"official":1,"country":"Italy","class":"Denominazione di origine controllata","altname":null,"gen":15,"color":5,"ppt_yr":480,"ppt_gs":254,"GDD_1":2130,"style":null,"latitude":41.7843,"elev":null,"climate":null,"GI_area":null,"auv":null,"_bbox":[14.583582000162192,41.44751199991196,15.16159099967771,42.069991000320925]},"geometry":{"type":"Point","coordinates":[14.86976,41.76305]},"tippecanoe":{"minzoom":5}}
,
{"type":"Feature","properties":{"_area":49246895691,"OBJECTID_1":1160,"OBJECTID":1405,"Name_rgn":"Piemonte","state":null,"official":1,"country":"Italy","class":"Denominazione di origine controllata","altname":null,"gen":15,"color":4,"ppt_yr":768,"ppt_gs":485,"GDD_1":1465,"style":null,"latitude":44.9596,"elev":null,"climate":null,"GI_area":null,"auv":null,"_bbox":[6.848033999865034,44.14241800025873,11.536497000196475,46.29929499974087]},"geometry":{"type":"Point","coordinates":[8.54837,45.34776]},"tippecanoe":{"minzoom":3}}
,
{"type":"Feature","properties":{"_area":9009686755,"OBJECTID_1":1161,"OBJECTID":1406,"Name_rgn":"Casteller","state":null,"official":1,"country":"Italy","class":"Denominazione di origine controllata","altname":null,"gen":15,"color":5,"ppt_yr":654,"ppt_gs":472,"GDD_1":1189,"style":null,"latitude":45.948,"elev":null,"climate":null,"GI_area":null,"auv":null,"_bbox":[8.20960800024806,44.97901799988833,11.322520999854982,46.2900899999434]},"geometry":{"type":"Point","coordinates":[10.96171,45.93223]},"tippecanoe":{"minzoom":4}}
,
{"type":"Feature","properties":{"_area":1000300222,"OBJECTID_1":1162,"OBJECTID":1407,"Name_rgn":"Pentro di Isernia","state":null,"official":1,"country":"Italy","class":"Denominazione di origine controllata","altname":"Pentro","gen":15,"color":2,"ppt_yr":722,"ppt_gs":372,"GDD_1":1795,"style":null,"latitude":41.6348,"elev":null,"climate":null,"GI_area":null,"auv":null,"_bbox":[13.977928999779627,41.41820899978106,14.485357999835895,41.87989999981575]},"geometry":{"type":"Point","coordinates":[14.21328,41.58503]},"tippecanoe":{"minzoom":5}}
,
{"type":"Feature","properties":{"_area":313269492,"OBJECTID_1":1163,"OBJECTID":1408,"Name_rgn":"Cisterna d'Asti","state":null,"official":1,"country":"Italy","class":"Denominazione di origine controllata","altname":null,"gen":15,"color":1,"ppt_yr":545,"ppt_gs":349,"GDD_1":1955,"style":null,"latitude":44.823,"elev":null,"climate":null,"GI_area":null,"auv":null,"_bbox":[7.850065999877937,44.74404699977858,8.180429000444446,44.91239599969466]},"geometry":{"type":"Point","coordinates":[8.0217,44.83019]},"tippecanoe":{"minzoom":6}}
,
{"type":"Feature","properties":{"_area":3837946244,"OBJECTID_1":1164,"OBJECTID":1409,"Name_rgn":"Vermentino di Gallura","state":null,"official":1,"country":"Italy","class":"Denominazione di origine controllata e garantita","altname":null,"gen":15,"color":0,"ppt_yr":581,"ppt_gs":223,"GDD_1":2209,"style":null,"latitude":40.9237,"elev":null,"climate":null,"GI_area":null,"auv":null,"_bbox":[8.80258600014376,40.64617600011165,9.77896699978236,41.20773099974375]},"geometry":{"type":"Point","coordinates":[9.33617,40.92641]},"tippecanoe":{"minzoom":5}}
,
{"type":"Feature","properties":{"_area":1272421807,"OBJECTID_1":1165,"OBJECTID":1410,"Name_rgn":"Mamertino","state":null,"official":1,"country":"Italy","class":"Denominazione di origine controllata","altname":"Mamertino di Milazzo","gen":15,"color":5,"ppt_yr":687,"ppt_gs":222,"GDD_1":2165,"style":null,"latitude":38.0935,"elev":null,"climate":null,"GI_area":null,"auv":null,"_bbox":[14.920537999805191,37.945138000193225,15.477470000285948,38.271728000167315]},"geometry":{"type":"Point","coordinates":[15.22991,38.1078]},"tippecanoe":{"minzoom":5}}
,
{"type":"Feature","properties":{"_area":2039682274,"OBJECTID_1":1166,"OBJECTID":1411,"Name_rgn":"Arborea","state":null,"official":1,"country":"Italy","class":"Denominazione di origine controllata","altname":null,"gen":15,"color":0,"ppt_yr":587,"ppt_gs":225,"GDD_1":2487,"style":null,"latitude":39.8626,"elev":null,"climate":null,"GI_area":null,"auv":null,"_bbox":[8.275014000114886,39.62707600022571,8.987643000074325,40.07420399966322]},"geometry":{"type":"Point","coordinates":[8.60905,39.87466]},"tippecanoe":{"minzoom":5}}
,
{"type":"Feature","properties":{"_area":290459614,"OBJECTID_1":1167,"OBJECTID":1412,"Name_rgn":"Pergola","state":null,"official":1,"country":"Italy","class":"Denominazione di origine controllata","altname":null,"gen":15,"color":5,"ppt_yr":940,"ppt_gs":534,"GDD_1":1902,"style":null,"latitude":43.5575,"elev":null,"climate":null,"GI_area":null,"auv":null,"_bbox":[12.66635800031164,43.44607099967855,12.98837600043502,43.6599499997714]},"geometry":{"type":"Point","coordinates":[12.83638,43.57682]},"tippecanoe":{"minzoom":6}}
,
{"type":"Feature","properties":{"_area":2733829325,"OBJECTID_1":1169,"OBJECTID":1414,"Name_rgn":"Marsala","state":null,"official":1,"country":"Italy","class":"Denominazione di origine controllata","altname":null,"gen":15,"color":0,"ppt_yr":503,"ppt_gs":189,"GDD_1":2541,"style":null,"latitude":37.8338,"elev":null,"climate":null,"GI_area":null,"auv":null,"_bbox":[12.424147000172704,37.55938600022499,13.100286000303173,38.1896399999853]},"geometry":{"type":"Point","coordinates":[12.70542,37.8542]},"tippecanoe":{"minzoom":5}}
,
{"type":"Feature","properties":{"_area":315984019,"OBJECTID_1":1170,"OBJECTID":1415,"Name_rgn":"Faro","state":null,"official":1,"country":"Italy","class":"Denominazione di origine controllata","altname":null,"gen":15,"color":4,"ppt_yr":786,"ppt_gs":304,"GDD_1":2575,"style":null,"latitude":38.1912,"elev":null,"climate":null,"GI_area":null,"auv":null,"_bbox":[15.408100000073304,38.05460999999557,15.652965999780635,38.3015379996915]},"geometry":{"type":"Point","coordinates":[15.50806,38.2043]},"tippecanoe":{"minzoom":6}}
,
{"type":"Feature","properties":{"_area":183994352,"OBJECTID_1":1171,"OBJECTID":1416,"Name_rgn":"Galluccio","state":null,"official":1,"country":"Italy","class":"Denominazione di origine controllata","altname":null,"gen":15,"color":4,"ppt_yr":854,"ppt_gs":403,"GDD_1":2090,"style":null,"latitude":41.377,"elev":null,"climate":null,"GI_area":null,"auv":null,"_bbox":[13.861227999735345,41.30595699992441,14.046719999859079,41.4410860001593]},"geometry":{"type":"Point","coordinates":[13.94727,41.37405]},"tippecanoe":{"minzoom":6}}
,
{"type":"Feature","properties":{"_area":1967968146,"OBJECTID_1":1172,"OBJECTID":1417,"Name_rgn":"Carignano del Sulcis","state":null,"official":1,"country":"Italy","class":"Denominazione di origine controllata","altname":null,"gen":15,"color":2,"ppt_yr":645,"ppt_gs":233,"GDD_1":2373,"style":null,"latitude":39.089,"elev":null,"climate":null,"GI_area":null,"auv":null,"_bbox":[8.219631999567941,38.859201999658,8.853133000133614,39.28341299995922]},"geometry":{"type":"Point","coordinates":[8.55188,39.07048]},"tippecanoe":{"minzoom":5}}
,
{"type":"Feature","properties":{"_area":364574718,"OBJECTID_1":1173,"OBJECTID":1418,"Name_rgn":"Friuli Annia","state":null,"official":1,"country":"Italy","class":"Denominazione di origine controllata","altname":null,"gen":15,"color":0,"ppt_yr":1184,"ppt_gs":665,"GDD_1":2061,"style":null,"latitude":45.8021,"elev":null,"climate":null,"GI_area":null,"auv":null,"_bbox":[13.064589999794379,45.68547400030355,13.333891999707998,45.9325119998114]},"geometry":{"type":"Point","coordinates":[13.22044,45.82878]},"tippecanoe":{"minzoom":6}}
,
{"type":"Feature","properties":{"_area":335982634,"OBJECTID_1":1174,"OBJECTID":1419,"Name_rgn":"Nardò","state":null,"official":1,"country":"Italy","class":"Denominazione di origine controllata","altname":null,"gen":15,"color":1,"ppt_yr":525,"ppt_gs":224,"GDD_1":2498,"style":null,"latitude":40.2418,"elev":null,"climate":null,"GI_area":null,"auv":null,"_bbox":[17.76255000008929,40.121398000325854,18.08603299972744,40.36252499972852]},"geometry":{"type":"Point","coordinates":[17.99473,40.20005]},"tippecanoe":{"minzoom":6}}
,
{"type":"Feature","properties":{"_area":538592205,"OBJECTID_1":1175,"OBJECTID":1420,"Name_rgn":"Brindisi","state":null,"official":1,"country":"Italy","class":"Denominazione di origine controllata","altname":null,"gen":15,"color":0,"ppt_yr":496,"ppt_gs":220,"GDD_1":2435,"style":null,"latitude":40.5879,"elev":null,"climate":null,"GI_area":null,"auv":null,"_bbox":[17.722569999567497,40.45661399996502,18.04522299990056,40.708366000010884]},"geometry":{"type":"Point","coordinates":[17.84205,40.58692]},"tippecanoe":{"minzoom":5}}
,
{"type":"Feature","properties":{"_area":704165314,"OBJECTID_1":1176,"OBJECTID":1421,"Name_rgn":"Dolcetto d'Acqui","state":null,"official":1,"country":"Italy","class":"Denominazione di origine controllata","altname":null,"gen":15,"color":1,"ppt_yr":752,"ppt_gs":435,"GDD_1":1891,"style":null,"latitude":44.6406,"elev":null,"climate":null,"GI_area":null,"auv":null,"_bbox":[8.278252999839319,44.464915999997956,8.63025700040348,44.80259100025158]},"geometry":{"type":"Point","coordinates":[8.47149,44.61727]},"tippecanoe":{"minzoom":5}}
,
{"type":"Feature","properties":{"_area":492827617,"OBJECTID_1":1177,"OBJECTID":1422,"Name_rgn":"Reggiano Lambrusco Salamino","state":null,"official":1,"country":"Italy","class":"Denominazione di origine controllata","altname":"Reggiano","gen":15,"color":4,"ppt_yr":680,"ppt_gs":417,"GDD_1":2090,"style":null,"latitude":44.8106,"elev":null,"climate":null,"GI_area":null,"auv":null,"_bbox":[10.627906999656231,44.6277549998919,10.898023999704735,44.94807100007094]},"geometry":{"type":"Point","coordinates":[10.75347,44.82507]},"tippecanoe":{"minzoom":5}}
,
{"type":"Feature","properties":{"_area":1137403144,"OBJECTID_1":1178,"OBJECTID":1423,"Name_rgn":"Pinerolese","state":null,"official":1,"country":"Italy","class":"Denominazione di origine controllata","altname":null,"gen":15,"color":2,"ppt_yr":838,"ppt_gs":531,"GDD_1":1267,"style":null,"latitude":44.8549,"elev":null,"climate":null,"GI_area":null,"auv":null,"_bbox":[6.999926999729756,44.67593200030471,7.475278000016538,45.0082310001713]},"geometry":{"type":"Point","coordinates":[7.29848,44.84468]},"tippecanoe":{"minzoom":5}}
,
{"type":"Feature","properties":{"_area":5677258109,"OBJECTID_1":1179,"OBJECTID":1424,"Name_rgn":"Tavoliere delle Puglie","state":null,"official":1,"country":"Italy","class":"Denominazione di origine controllata","altname":"Tavoliere","gen":15,"color":0,"ppt_yr":474,"ppt_gs":248,"GDD_1":2327,"style":null,"latitude":41.4314,"elev":null,"climate":null,"GI_area":null,"auv":null,"_bbox":[15.10183100030475,41.08316799988117,16.354881999783753,41.85082600011969]},"geometry":{"type":"Point","coordinates":[15.48716,41.50148]},"tippecanoe":{"minzoom":4}}
,
{"type":"Feature","properties":{"_area":436345185,"OBJECTID_1":1180,"OBJECTID":1425,"Name_rgn":"Est! Est!! Est!!! di Montefiascone","state":null,"official":1,"country":"Italy","class":"Indicazione geografica tipica","altname":null,"gen":15,"color":5,"ppt_yr":372,"ppt_gs":191,"GDD_1":1966,"style":null,"latitude":42.5886,"elev":null,"climate":null,"GI_area":null,"auv":null,"_bbox":[11.824515000202814,42.461237999937,12.093918000398823,42.707362999739644]},"geometry":{"type":"Point","coordinates":[11.94181,42.57853]},"tippecanoe":{"minzoom":5}}
,
{"type":"Feature","properties":{"_area":331126542,"OBJECTID_1":1181,"OBJECTID":1426,"Name_rgn":"Terracina","state":null,"official":1,"country":"Italy","class":"Denominazione di origine controllata","altname":"Moscato di Terracina","gen":15,"color":1,"ppt_yr":910,"ppt_gs":401,"GDD_1":2232,"style":null,"latitude":41.3487,"elev":null,"climate":null,"GI_area":null,"auv":null,"_bbox":[13.060885999739577,41.25820499989853,13.36986299967814,41.4504900000641]},"geometry":{"type":"Point","coordinates":[13.23852,41.36148]},"tippecanoe":{"minzoom":6}}
,
{"type":"Feature","properties":{"_area":372681687,"OBJECTID_1":1182,"OBJECTID":1427,"Name_rgn":"Sciacca","state":null,"official":1,"country":"Italy","class":"Denominazione di origine controllata","altname":null,"gen":15,"color":0,"ppt_yr":505,"ppt_gs":199,"GDD_1":2505,"style":null,"latitude":37.5591,"elev":null,"climate":null,"GI_area":null,"auv":null,"_bbox":[12.990668999605107,37.46403600031312,13.268726000040738,37.65169200031112]},"geometry":{"type":"Point","coordinates":[13.17209,37.5597]},"tippecanoe":{"minzoom":6}}
,
{"type":"Feature","properties":{"_area":603138435,"OBJECTID_1":1183,"OBJECTID":1428,"Name_rgn":"Grignolino d'Asti","state":null,"official":1,"country":"Italy","class":"Denominazione di origine controllata","altname":null,"gen":15,"color":2,"ppt_yr":609,"ppt_gs":385,"GDD_1":1958,"style":null,"latitude":44.9269,"elev":null,"climate":null,"GI_area":null,"auv":null,"_bbox":[8.087994999653779,44.77185100028869,8.391807000220743,45.07709199984888]},"geometry":{"type":"Point","coordinates":[8.25355,44.92316]},"tippecanoe":{"minzoom":5}}
,
{"type":"Feature","properties":{"_area":3520856715,"OBJECTID_1":1184,"OBJECTID":1429,"Name_rgn":"Colli Maceratesi","state":null,"official":1,"country":"Italy","class":"Denominazione di origine controllata","altname":null,"gen":15,"color":0,"ppt_yr":777,"ppt_gs":464,"GDD_1":1751,"style":null,"latitude":43.1957,"elev":null,"climate":null,"GI_area":null,"auv":null,"_bbox":[12.829658999718465,42.83183200031521,13.743042999909612,43.4741910000058]},"geometry":{"type":"Point","coordinates":[13.20479,43.17434]},"tippecanoe":{"minzoom":5}}
,
{"type":"Feature","properties":{"_area":296440244,"OBJECTID_1":1185,"OBJECTID":1430,"Name_rgn":"Siracusa","state":null,"official":1,"country":"Italy","class":"Denominazione di origine controllata","altname":null,"gen":15,"color":5,"ppt_yr":503,"ppt_gs":210,"GDD_1":2680,"style":null,"latitude":37.0393,"elev":null,"climate":null,"GI_area":null,"auv":null,"_bbox":[15.082730000247674,36.94768999973381,15.336739999741019,37.116473999961336]},"geometry":{"type":"Point","coordinates":[15.19943,37.03538]},"tippecanoe":{"minzoom":6}}
,
{"type":"Feature","properties":{"_area":1677910752,"OBJECTID_1":1186,"OBJECTID":1431,"Name_rgn":"Campidano di Terralba","state":null,"official":1,"country":"Italy","class":"Denominazione di origine controllata","altname":"Terralba","gen":15,"color":3,"ppt_yr":596,"ppt_gs":227,"GDD_1":2373,"style":null,"latitude":39.6392,"elev":null,"climate":null,"GI_area":null,"auv":null,"_bbox":[8.379269999826153,39.42341399994023,8.902545000321599,39.89363199969219]},"geometry":{"type":"Point","coordinates":[8.63734,39.66311]},"tippecanoe":{"minzoom":5}}
,
{"type":"Feature","properties":{"_area":14469447531,"OBJECTID_1":1187,"OBJECTID":1432,"Name_rgn":"Nuragus di Cagliari","state":null,"official":1,"country":"Italy","class":"Denominazione di origine controllata","altname":null,"gen":15,"color":1,"ppt_yr":578,"ppt_gs":221,"GDD_1":2187,"style":null,"latitude":39.5085,"elev":null,"climate":null,"GI_area":null,"auv":null,"_bbox":[8.219631999567941,38.859201999658,9.659767999630267,40.23562500010651]},"geometry":{"type":"Point","coordinates":[8.85072,39.50373]},"tippecanoe":{"minzoom":4}}
,
{"type":"Feature","properties":{"_area":2327424546,"OBJECTID_1":1188,"OBJECTID":1433,"Name_rgn":"Pompeiano","state":"Napoli","official":1,"country":"Italy","class":"Indicazione geografica tipica","altname":null,"gen":15,"color":2,"ppt_yr":912,"ppt_gs":410,"GDD_1":2221,"style":null,"latitude":40.8493,"elev":null,"climate":null,"GI_area":null,"auv":null,"_bbox":[13.990198000385618,40.53584499988051,14.670284000245198,41.01980599998448]},"geometry":{"type":"Point","coordinates":[14.27613,40.77641]},"tippecanoe":{"minzoom":5}}
,
{"type":"Feature","properties":{"_area":5685068115,"OBJECTID_1":1189,"OBJECTID":1434,"Name_rgn":"Murgia","state":"Bari, Barletta-Andria-Trani","official":1,"country":"Italy","class":"Indicazione geografica tipica","altname":null,"gen":15,"color":2,"ppt_yr":527,"ppt_gs":262,"GDD_1":2138,"style":null,"latitude":40.9865,"elev":null,"climate":null,"GI_area":null,"auv":null,"_bbox":[15.870311000441218,40.69198000008471,17.399834000292078,41.36022399989391]},"geometry":{"type":"Point","coordinates":[16.50397,40.97455]},"tippecanoe":{"minzoom":4}}
,
{"type":"Feature","properties":{"_area":10007638827,"OBJECTID_1":1190,"OBJECTID":1435,"Name_rgn":"Daunia","state":"Foggia, Barletta-Andria-Trani","official":1,"country":"Italy","class":"Indicazione geografica tipica","altname":null,"gen":15,"color":4,"ppt_yr":426,"ppt_gs":223,"GDD_1":2098,"style":null,"latitude":41.5333,"elev":null,"climate":null,"GI_area":null,"auv":null,"_bbox":[14.934100000396803,41.05568500016429,16.208168000432693,42.22654600024094]},"geometry":{"type":"Point","coordinates":[15.66417,41.61882]},"tippecanoe":{"minzoom":4}}
,
{"type":"Feature","properties":{"_area":680416539,"OBJECTID_1":1191,"OBJECTID":1436,"Name_rgn":"Colli Cimini","state":"Viterbo","official":1,"country":"Italy","class":"Indicazione geografica tipica","altname":null,"gen":15,"color":3,"ppt_yr":272,"ppt_gs":143,"GDD_1":2012,"style":null,"latitude":42.3421,"elev":null,"climate":null,"GI_area":null,"auv":null,"_bbox":[12.107732999812137,42.17647199975053,12.488072999557764,42.4917469998443]},"geometry":{"type":"Point","coordinates":[12.27461,42.36059]},"tippecanoe":{"minzoom":5}}
,
{"type":"Feature","properties":{"_area":844740350,"OBJECTID_1":1192,"OBJECTID":1437,"Name_rgn":"Valle d'Itria","state":"Bari, Brindisi, Taranto","official":1,"country":"Italy","class":"Indicazione geografica tipica","altname":null,"gen":15,"color":4,"ppt_yr":553,"ppt_gs":255,"GDD_1":2261,"style":null,"latitude":40.7411,"elev":null,"climate":null,"GI_area":null,"auv":null,"_bbox":[17.18464000030793,40.59508600001644,17.67696299971674,40.892240999761135]},"geometry":{"type":"Point","coordinates":[17.48702,40.72683]},"tippecanoe":{"minzoom":5}}
,
{"type":"Feature","properties":{"_area":3863762527,"OBJECTID_1":1193,"OBJECTID":1438,"Name_rgn":"Colli del Limbara","state":"Olbia-Tempio, Sassari","official":1,"country":"Italy","class":"Indicazione geografica tipica","altname":null,"gen":15,"color":5,"ppt_yr":582,"ppt_gs":224,"GDD_1":2137,"style":null,"latitude":40.9129,"elev":null,"climate":null,"GI_area":null,"auv":null,"_bbox":[8.80258600014376,40.64491000013782,9.77896699978236,41.20773099974375]},"geometry":{"type":"Point","coordinates":[9.33957,40.92357]},"tippecanoe":{"minzoom":5}}
,
{"type":"Feature","properties":{"_area":723160963,"OBJECTID_1":1194,"OBJECTID":1439,"Name_rgn":"Colline Frentane","state":"Chieti","official":1,"country":"Italy","class":"Indicazione geografica tipica","altname":null,"gen":15,"color":0,"ppt_yr":604,"ppt_gs":330,"GDD_1":2109,"style":null,"latitude":42.158,"elev":null,"climate":null,"GI_area":null,"auv":null,"_bbox":[14.233372999724008,41.98364199969512,14.607211999556284,42.313363999826926]},"geometry":{"type":"Point","coordinates":[14.42721,42.1543]},"tippecanoe":{"minzoom":5}}
,
{"type":"Feature","properties":{"_area":2096243172,"OBJECTID_1":1195,"OBJECTID":1440,"Name_rgn":"Nurra","state":"Sassari","official":1,"country":"Italy","class":"Indicazione geografica tipica","altname":null,"gen":15,"color":1,"ppt_yr":661,"ppt_gs":258,"GDD_1":2221,"style":null,"latitude":40.7146,"elev":null,"climate":null,"GI_area":null,"auv":null,"_bbox":[8.13081399986691,40.49486899990978,8.64397999975532,41.12078900000686]},"geometry":{"type":"Point","coordinates":[8.35983,40.7299]},"tippecanoe":{"minzoom":5}}
,
{"type":"Feature","properties":{"_area":1406137970,"OBJECTID_1":1196,"OBJECTID":1441,"Name_rgn":"Barbagia","state":"Nuoro","official":1,"country":"Italy","class":"Indicazione geografica tipica","altname":null,"gen":15,"color":4,"ppt_yr":688,"ppt_gs":261,"GDD_1":1921,"style":null,"latitude":40.2368,"elev":null,"climate":null,"GI_area":null,"auv":null,"_bbox":[8.990204999756214,40.031156000276134,9.530529000264789,40.41104200024697]},"geometry":{"type":"Point","coordinates":[9.28254,40.22258]},"tippecanoe":{"minzoom":5}}
,
{"type":"Feature","properties":{"_area":11312927438,"OBJECTID_1":1197,"OBJECTID":1442,"Name_rgn":"Provincia di Nuoro","state":null,"official":1,"country":"Italy","class":"Indicazione geografica tipica","altname":null,"gen":15,"color":5,"ppt_yr":632,"ppt_gs":242,"GDD_1":2066,"style":null,"latitude":40.1435,"elev":null,"climate":null,"GI_area":null,"auv":null,"_bbox":[8.376631000151361,39.54923100003986,9.827046999626607,40.865253000200475]},"geometry":{"type":"Point","coordinates":[9.23899,40.15969]},"tippecanoe":{"minzoom":4}}
,
{"type":"Feature","properties":{"_area":918484079,"OBJECTID_1":1198,"OBJECTID":1443,"Name_rgn":"Valli di Porto Pino","state":"Cagliari, Carbonia-Iglesias","official":1,"country":"Italy","class":"Indicazione geografica tipica","altname":null,"gen":15,"color":1,"ppt_yr":644,"ppt_gs":235,"GDD_1":2373,"style":null,"latitude":39.0615,"elev":null,"climate":null,"GI_area":null,"auv":null,"_bbox":[8.536353999900097,38.86409899992403,8.853133000133614,39.231917000045115]},"geometry":{"type":"Point","coordinates":[8.70093,39.06332]},"tippecanoe":{"minzoom":5}}
,
{"type":"Feature","properties":{"_area":1288534354,"OBJECTID_1":1199,"OBJECTID":1444,"Name_rgn":"Locride","state":"Reggio Di Calabria","official":1,"country":"Italy","class":"Indicazione geografica tipica","altname":null,"gen":15,"color":1,"ppt_yr":865,"ppt_gs":320,"GDD_1":2473,"style":null,"latitude":38.2945,"elev":null,"climate":null,"GI_area":null,"auv":null,"_bbox":[15.999702999967571,37.98169700011149,16.58286800043056,38.47844299971706]},"geometry":{"type":"Point","coordinates":[16.27136,38.31545]},"tippecanoe":{"minzoom":5}}
,
{"type":"Feature","properties":{"_area":683117093,"OBJECTID_1":1200,"OBJECTID":1445,"Name_rgn":"Colline Teatine","state":"Chieti","official":1,"country":"Italy","class":"Indicazione geografica tipica","altname":null,"gen":15,"color":4,"ppt_yr":642,"ppt_gs":354,"GDD_1":2095,"style":null,"latitude":42.3084,"elev":null,"climate":null,"GI_area":null,"auv":null,"_bbox":[14.075687999775521,42.14689299986306,14.441371000208889,42.4448790002085]},"geometry":{"type":"Point","coordinates":[14.23341,42.29414]},"tippecanoe":{"minzoom":5}}
,
{"type":"Feature","properties":{"_area":3461643124,"OBJECTID_1":1201,"OBJECTID":1446,"Name_rgn":"Tharros","state":"Oristano","official":1,"country":"Italy","class":"Indicazione geografica tipica","altname":null,"gen":15,"color":1,"ppt_yr":647,"ppt_gs":241,"GDD_1":2118,"style":null,"latitude":39.9638,"elev":null,"climate":null,"GI_area":null,"auv":null,"_bbox":[8.275014000114886,39.62707600022571,9.048422999621392,40.264187999696524]},"geometry":{"type":"Point","coordinates":[8.70245,39.9475]},"tippecanoe":{"minzoom":5}}
,
{"type":"Feature","properties":{"_area":512789693,"OBJECTID_1":1202,"OBJECTID":1447,"Name_rgn":"Trexenta","state":"Cagliari","official":1,"country":"Italy","class":"Indicazione geografica tipica","altname":null,"gen":15,"color":5,"ppt_yr":537,"ppt_gs":209,"GDD_1":2373,"style":null,"latitude":39.5553,"elev":null,"climate":null,"GI_area":null,"auv":null,"_bbox":[8.98242799957565,39.44620000023224,9.295231999592692,39.677489999707234]},"geometry":{"type":"Point","coordinates":[9.13195,39.56049]},"tippecanoe":{"minzoom":5}}
,
{"type":"Feature","properties":{"_area":2812090479,"OBJECTID_1":1203,"OBJECTID":1448,"Name_rgn":"Ogliastra","state":"Cagliari, Ogliastra","official":1,"country":"Italy","class":"Indicazione geografica tipica","altname":null,"gen":15,"color":0,"ppt_yr":511,"ppt_gs":206,"GDD_1":2019,"style":null,"latitude":39.801,"elev":null,"climate":null,"GI_area":null,"auv":null,"_bbox":[9.27289500018422,39.26182299990844,9.735710999726287,40.224966999986684]},"geometry":{"type":"Point","coordinates":[9.49029,39.87695]},"tippecanoe":{"minzoom":5}}
,
{"type":"Feature","properties":{"_area":3261012295,"OBJECTID_1":1204,"OBJECTID":1449,"Name_rgn":"Paestum","state":"Salerno","official":1,"country":"Italy","class":"Indicazione geografica tipica","altname":null,"gen":15,"color":3,"ppt_yr":801,"ppt_gs":357,"GDD_1":2002,"style":null,"latitude":40.3084,"elev":null,"climate":null,"GI_area":null,"auv":null,"_bbox":[14.899024000029094,39.990513000178204,15.716642999643668,40.633258999771215]},"geometry":{"type":"Point","coordinates":[15.2317,40.35833]},"tippecanoe":{"minzoom":5}}
,
{"type":"Feature","properties":{"_area":1160943190,"OBJECTID_1":1205,"OBJECTID":1450,"Name_rgn":"Costa Etrusco Romana","state":"Roma","official":1,"country":"Italy","class":"Indicazione geografica tipica","altname":null,"gen":15,"color":0,"ppt_yr":421,"ppt_gs":186,"GDD_1":2248,"style":null,"latitude":41.9985,"elev":null,"climate":null,"GI_area":null,"auv":null,"_bbox":[11.818313999865138,41.741049999978465,12.316955999612322,42.24111100032432]},"geometry":{"type":"Point","coordinates":[12.17087,41.92609]},"tippecanoe":{"minzoom":5}}
,
{"type":"Feature","properties":{"_area":499836270,"OBJECTID_1":1206,"OBJECTID":1451,"Name_rgn":"Colli del Sangro","state":"Chieti","official":1,"country":"Italy","class":"Indicazione geografica tipica","altname":null,"gen":15,"color":5,"ppt_yr":590,"ppt_gs":322,"GDD_1":2127,"style":null,"latitude":42.1332,"elev":null,"climate":null,"GI_area":null,"auv":null,"_bbox":[14.301413000141013,41.98364199969512,14.607211999556284,42.26520899987749]},"geometry":{"type":"Point","coordinates":[14.4301,42.11893]},"tippecanoe":{"minzoom":5}}
,
{"type":"Feature","properties":{"_area":507648944,"OBJECTID_1":1207,"OBJECTID":1452,"Name_rgn":"Lipuda","state":"Crotone","official":1,"country":"Italy","class":"Indicazione geografica tipica","altname":null,"gen":15,"color":1,"ppt_yr":690,"ppt_gs":262,"GDD_1":2369,"style":null,"latitude":39.3441,"elev":null,"climate":null,"GI_area":null,"auv":null,"_bbox":[16.870150999769727,39.19603100033061,17.15700100036219,39.48236799989359]},"geometry":{"type":"Point","coordinates":[16.98536,39.33361]},"tippecanoe":{"minzoom":5}}
,
{"type":"Feature","properties":{"_area":3832840012,"OBJECTID_1":1208,"OBJECTID":1453,"Name_rgn":"Bianco del Sillaro","state":"Bologna, F-C, Ravenna, Rimini","official":1,"country":"Italy","class":"Indicazione geografica tipica","altname":"Sillaro","gen":15,"color":2,"ppt_yr":749,"ppt_gs":434,"GDD_1":2028,"style":null,"latitude":44.2856,"elev":null,"climate":null,"GI_area":null,"auv":null,"_bbox":[11.430610000390802,43.891575000175266,12.643190999801517,44.58440699999836]},"geometry":{"type":"Point","coordinates":[11.71884,44.32595]},"tippecanoe":{"minzoom":5}}
,
{"type":"Feature","properties":{"_area":151240204,"OBJECTID_1":1209,"OBJECTID":1454,"Name_rgn":"Catalanesca del Monte Somma","state":"Napoli","official":1,"country":"Italy","class":"Indicazione geografica tipica","altname":null,"gen":15,"color":3,"ppt_yr":920,"ppt_gs":416,"GDD_1":2135,"style":null,"latitude":40.8469,"elev":null,"climate":null,"GI_area":null,"auv":null,"_bbox":[14.346783999990244,40.7749649999593,14.532184000052473,40.910580999989435]},"geometry":{"type":"Point","coordinates":[14.43896,40.85443]},"tippecanoe":{"minzoom":6}}
,
{"type":"Feature","properties":{"_area":324710818,"OBJECTID_1":1210,"OBJECTID":1455,"Name_rgn":"Costa Viola","state":"Reggio Di Calabria","official":1,"country":"Italy","class":"Indicazione geografica tipica","altname":null,"gen":15,"color":0,"ppt_yr":824,"ppt_gs":338,"GDD_1":2142,"style":null,"latitude":38.3025,"elev":null,"climate":null,"GI_area":null,"auv":null,"_bbox":[15.685743000232213,38.156494000008976,15.923858999605773,38.42230000010901]},"geometry":{"type":"Point","coordinates":[15.82201,38.26579]},"tippecanoe":{"minzoom":6}}
,
{"type":"Feature","properties":{"_area":669755443,"OBJECTID_1":1211,"OBJECTID":1456,"Name_rgn":"del Vastese","state":"Chieti","official":1,"country":"Italy","class":"Indicazione geografica tipica","altname":"Histonium","gen":15,"color":4,"ppt_yr":530,"ppt_gs":289,"GDD_1":2132,"style":null,"latitude":42.0587,"elev":null,"climate":null,"GI_area":null,"auv":null,"_bbox":[14.453468000387394,41.87692299982574,14.78303900038534,42.204798000098464]},"geometry":{"type":"Point","coordinates":[14.60908,42.06712]},"tippecanoe":{"minzoom":5}}
,
{"type":"Feature","properties":{"_area":2741297022,"OBJECTID_1":1212,"OBJECTID":1457,"Name_rgn":"Terre del Volturno","state":"Caserta, Napoli","official":1,"country":"Italy","class":"Indicazione geografica tipica","altname":null,"gen":15,"color":3,"ppt_yr":830,"ppt_gs":386,"GDD_1":2099,"style":null,"latitude":41.1763,"elev":null,"climate":null,"GI_area":null,"auv":null,"_bbox":[13.902254000370538,40.868810000256296,14.534473999747854,41.50733799999543]},"geometry":{"type":"Point","coordinates":[14.25109,41.19418]},"tippecanoe":{"minzoom":5}}
,
{"type":"Feature","properties":{"_area":508141458,"OBJECTID_1":1213,"OBJECTID":1458,"Name_rgn":"Valle Belice","state":"Palermo","official":1,"country":"Italy","class":"Indicazione geografica tipica","altname":null,"gen":15,"color":2,"ppt_yr":505,"ppt_gs":202,"GDD_1":2420,"style":null,"latitude":37.6833,"elev":null,"climate":null,"GI_area":null,"auv":null,"_bbox":[12.88708999993632,37.53818300030022,13.23692799975548,37.794536000138564]},"geometry":{"type":"Point","coordinates":[12.99924,37.65034]},"tippecanoe":{"minzoom":5}}
,
{"type":"Feature","properties":{"_area":509155375,"OBJECTID_1":1214,"OBJECTID":1459,"Name_rgn":"Valdamato","state":"Catanzaro","official":1,"country":"Italy","class":"Indicazione geografica tipica","altname":null,"gen":15,"color":2,"ppt_yr":928,"ppt_gs":367,"GDD_1":2398,"style":null,"latitude":38.9123,"elev":null,"climate":null,"GI_area":null,"auv":null,"_bbox":[16.147856999617375,38.791649000003986,16.480105999648135,39.02422000004383]},"geometry":{"type":"Point","coordinates":[16.29367,38.90112]},"tippecanoe":{"minzoom":5}}
,
{"type":"Feature","properties":{"_area":783214919,"OBJECTID_1":1215,"OBJECTID":1460,"Name_rgn":"Marmilla","state":"Oristano","official":1,"country":"Italy","class":"Indicazione geografica tipica","altname":null,"gen":15,"color":2,"ppt_yr":570,"ppt_gs":220,"GDD_1":2373,"style":null,"latitude":39.6134,"elev":null,"climate":null,"GI_area":null,"auv":null,"_bbox":[8.671323000323364,39.44761000007424,9.026119999649831,39.79823400000101]},"geometry":{"type":"Point","coordinates":[8.80966,39.63251]},"tippecanoe":{"minzoom":5}}
,
{"type":"Feature","properties":{"_area":1723670775,"OBJECTID_1":1216,"OBJECTID":1461,"Name_rgn":"Val di Neto","state":"Catanzaro","official":1,"country":"Italy","class":"Indicazione geografica tipica","altname":null,"gen":15,"color":4,"ppt_yr":745,"ppt_gs":282,"GDD_1":2373,"style":null,"latitude":39.1403,"elev":null,"climate":null,"GI_area":null,"auv":null,"_bbox":[16.638375999577626,38.91126699993554,17.20665500039948,39.413273999769125]},"geometry":{"type":"Point","coordinates":[16.94085,39.14805]},"tippecanoe":{"minzoom":5}}
,
{"type":"Feature","properties":{"_area":363494780,"OBJECTID_1":1217,"OBJECTID":1462,"Name_rgn":"Planargia","state":"Oristano","official":1,"country":"Italy","class":"Indicazione geografica tipica","altname":null,"gen":15,"color":3,"ppt_yr":773,"ppt_gs":282,"GDD_1":2166,"style":null,"latitude":40.31,"elev":null,"climate":null,"GI_area":null,"auv":null,"_bbox":[8.376631000151361,40.17482399979131,8.628297000421037,40.407858999993316]},"geometry":{"type":"Point","coordinates":[8.5018,40.30181]},"tippecanoe":{"minzoom":6}}
,
{"type":"Feature","properties":{"_area":1192207803,"OBJECTID_1":1218,"OBJECTID":1463,"Name_rgn":"Roccamonfina","state":"Caserta","official":1,"country":"Italy","class":"Indicazione geografica tipica","altname":null,"gen":15,"color":0,"ppt_yr":856,"ppt_gs":394,"GDD_1":2203,"style":null,"latitude":41.2636,"elev":null,"climate":null,"GI_area":null,"auv":null,"_bbox":[13.762134999745872,41.046283999846914,14.28261099983467,41.46411199985769]},"geometry":{"type":"Point","coordinates":[13.98288,41.27193]},"tippecanoe":{"minzoom":5}}
,
{"type":"Feature","properties":{"_area":501647496,"OBJECTID_1":1219,"OBJECTID":1464,"Name_rgn":"Romangia","state":"Sassari","official":1,"country":"Italy","class":"Indicazione geografica tipica","altname":null,"gen":15,"color":4,"ppt_yr":614,"ppt_gs":243,"GDD_1":2167,"style":null,"latitude":40.8179,"elev":null,"climate":null,"GI_area":null,"auv":null,"_bbox":[8.464436000249297,40.69889999992289,8.874611999749604,40.94853799979084]},"geometry":{"type":"Point","coordinates":[8.66483,40.79593]},"tippecanoe":{"minzoom":5}}
,
{"type":"Feature","properties":{"_area":1007255084,"OBJECTID_1":1220,"OBJECTID":1465,"Name_rgn":"Valle del Tirso","state":"Oristano","official":1,"country":"Italy","class":"Indicazione geografica tipica","altname":null,"gen":15,"color":2,"ppt_yr":576,"ppt_gs":222,"GDD_1":2373,"style":null,"latitude":39.95,"elev":null,"climate":null,"GI_area":null,"auv":null,"_bbox":[8.275014000114886,39.79823400000101,8.797924999663923,40.07420399966322]},"geometry":{"type":"Point","coordinates":[8.62914,39.94538]},"tippecanoe":{"minzoom":5}}
,
{"type":"Feature","properties":{"_area":290518337,"OBJECTID_1":1222,"OBJECTID":1467,"Name_rgn":"Palizzi","state":"Reggio Di Calabria","official":1,"country":"Italy","class":"Indicazione geografica tipica","altname":null,"gen":15,"color":4,"ppt_yr":798,"ppt_gs":323,"GDD_1":2536,"style":null,"latitude":37.9751,"elev":null,"climate":null,"GI_area":null,"auv":null,"_bbox":[15.83921399958959,37.91572200011405,16.116404000011887,38.05127500008018]},"geometry":{"type":"Point","coordinates":[15.95412,37.98403]},"tippecanoe":{"minzoom":6}}
,
{"type":"Feature","properties":{"_area":287344561,"OBJECTID_1":1223,"OBJECTID":1468,"Name_rgn":"Parteolla","state":"Cagliari","official":1,"country":"Italy","class":"Indicazione geografica tipica","altname":null,"gen":15,"color":2,"ppt_yr":506,"ppt_gs":203,"GDD_1":2373,"style":null,"latitude":39.3981,"elev":null,"climate":null,"GI_area":null,"auv":null,"_bbox":[9.002734999579754,39.32792399993226,9.28104300008558,39.470289999655876]},"geometry":{"type":"Point","coordinates":[9.16568,39.39966]},"tippecanoe":{"minzoom":6}}
,
{"type":"Feature","properties":{"_area":1058494870,"OBJECTID_1":1224,"OBJECTID":1469,"Name_rgn":"Bianco di Castelfranco Emilia","state":"Modena","official":1,"country":"Italy","class":"Indicazione geografica tipica","altname":null,"gen":15,"color":3,"ppt_yr":684,"ppt_gs":414,"GDD_1":2182,"style":null,"latitude":44.6123,"elev":null,"climate":null,"GI_area":null,"auv":null,"_bbox":[10.982082999914976,44.42111600004577,11.433724000441687,44.80474699980461]},"geometry":{"type":"Point","coordinates":[11.19151,44.62904]},"tippecanoe":{"minzoom":5}}
,
{"type":"Feature","properties":{"_area":388545397,"OBJECTID_1":1225,"OBJECTID":1470,"Name_rgn":"Akhmeta","state":null,"official":1,"country":"Georgia","class":"Microzone","altname":"ახმეტა","gen":15,"color":2,"ppt_yr":733,"ppt_gs":536,"GDD_1":1850,"style":null,"latitude":42.0345,"elev":null,"climate":null,"GI_area":null,"auv":null,"_bbox":[45.149618771016655,41.94321706647676,45.419182304645496,42.156980038443145]},"geometry":{"type":"Point","coordinates":[45.31913,42.04091]},"tippecanoe":{"minzoom":5}}
,
{"type":"Feature","properties":{"_area":14047107,"OBJECTID_1":1226,"OBJECTID":1471,"Name_rgn":"Atenuri","state":null,"official":1,"country":"Georgia","class":"Microzone","altname":"ატენი (ატენური)","gen":15,"color":4,"ppt_yr":652,"ppt_gs":441,"GDD_1":1385,"style":null,"latitude":41.9349,"elev":null,"climate":null,"GI_area":null,"auv":null,"_bbox":[44.08933450130877,41.903322075088276,44.14057701382252,41.95165910586095]},"geometry":{"type":"Point","coordinates":[44.11313,41.93391]},"tippecanoe":{"minzoom":7}}
,
{"type":"Feature","properties":{"_area":247938111,"OBJECTID_1":1227,"OBJECTID":1472,"Name_rgn":"Gurjaani","state":null,"official":1,"country":"Georgia","class":"Microzone","altname":"გურჯაანი","gen":15,"color":2,"ppt_yr":739,"ppt_gs":535,"GDD_1":1992,"style":null,"latitude":41.791,"elev":null,"climate":null,"GI_area":null,"auv":null,"_bbox":[45.63073802981261,41.655569296459625,45.92017269008998,41.90121145013345]},"geometry":{"type":"Point","coordinates":[45.70606,41.83932]},"tippecanoe":{"minzoom":6}}
,
{"type":"Feature","properties":{"_area":14020066,"OBJECTID_1":1228,"OBJECTID":1473,"Name_rgn":"Kardenakhi","state":null,"official":1,"country":"Georgia","class":"Microzone","altname":"კარდენახი","gen":15,"color":0,"ppt_yr":725,"ppt_gs":518,"GDD_1":1992,"style":null,"latitude":41.6781,"elev":null,"climate":null,"GI_area":null,"auv":null,"_bbox":[45.86432720017888,41.6555345521621,45.92016544966877,41.70083360560574]},"geometry":{"type":"Point","coordinates":[45.8937,41.67854]},"tippecanoe":{"minzoom":7}}
,
{"type":"Feature","properties":{"_area":229456503,"OBJECTID_1":1229,"OBJECTID":1474,"Name_rgn":"Khvanchkara","state":null,"official":1,"country":"Georgia","class":"Microzone","altname":"ხვანჭკარა","gen":15,"color":5,"ppt_yr":1388,"ppt_gs":789,"GDD_1":1439,"style":null,"latitude":42.5522,"elev":null,"climate":null,"GI_area":null,"auv":null,"_bbox":[42.80206219994591,42.49331407144443,43.22524054063274,42.64562275321849]},"geometry":{"type":"Point","coordinates":[42.95973,42.57363]},"tippecanoe":{"minzoom":6}}
,
{"type":"Feature","properties":{"_area":190898502,"OBJECTID_1":1230,"OBJECTID":1475,"Name_rgn":"Manavi","state":null,"official":1,"country":"Georgia","class":"Microzone","altname":"მანავი","gen":15,"color":0,"ppt_yr":664,"ppt_gs":487,"GDD_1":1975,"style":null,"latitude":41.6884,"elev":null,"climate":null,"GI_area":null,"auv":null,"_bbox":[45.332129532207006,41.618234362816686,45.57477178207283,41.75500226892168]},"geometry":{"type":"Point","coordinates":[45.48973,41.68181]},"tippecanoe":{"minzoom":6}}
,
{"type":"Feature","properties":{"_area":225250563,"OBJECTID_1":1231,"OBJECTID":1476,"Name_rgn":"Mukuzani","state":null,"official":1,"country":"Georgia","class":"Microzone","altname":"მუკუზანი","gen":15,"color":3,"ppt_yr":739,"ppt_gs":533,"GDD_1":2110,"style":null,"latitude":41.8289,"elev":null,"climate":null,"GI_area":null,"auv":null,"_bbox":[45.63073802981261,41.749883775649955,45.8993438371777,41.90925561379351]},"geometry":{"type":"Point","coordinates":[45.76957,41.8165]},"tippecanoe":{"minzoom":6}}
,
{"type":"Feature","properties":{"_area":131066057,"OBJECTID_1":1232,"OBJECTID":1477,"Name_rgn":"Napareuli","state":null,"official":1,"country":"Georgia","class":"Microzone","altname":"ნაფარეული","gen":15,"color":1,"ppt_yr":733,"ppt_gs":538,"GDD_1":1984,"style":null,"latitude":42.0497,"elev":null,"climate":null,"GI_area":null,"auv":null,"_bbox":[45.403434967970625,42.00138735990005,45.61257343989587,42.10234514152948]},"geometry":{"type":"Point","coordinates":[45.49493,42.04871]},"tippecanoe":{"minzoom":6}}
,
{"type":"Feature","properties":{"_area":14557454,"OBJECTID_1":1233,"OBJECTID":1478,"Name_rgn":"Saperavi Khashmi","state":null,"official":1,"country":"Georgia","class":"Microzone","altname":"ხაშმის საფერავი","gen":15,"color":0,"ppt_yr":687,"ppt_gs":502,"GDD_1":1789,"style":null,"latitude":41.7548,"elev":null,"climate":null,"GI_area":null,"auv":null,"_bbox":[45.169141573218816,41.72927986836558,45.20872159706371,41.79503976534505]},"geometry":{"type":"Point","coordinates":[45.18769,41.75031]},"tippecanoe":{"minzoom":7}}
,
{"type":"Feature","properties":{"_area":162414475,"OBJECTID_1":1234,"OBJECTID":1479,"Name_rgn":"Sviri","state":null,"official":1,"country":"Georgia","class":"Microzone","altname":"სვირი","gen":15,"color":0,"ppt_yr":1337,"ppt_gs":692,"GDD_1":2010,"style":null,"latitude":42.1289,"elev":null,"climate":null,"GI_area":null,"auv":null,"_bbox":[42.783684853037265,42.04968167659395,43.01557408120435,42.19633764567974]},"geometry":{"type":"Point","coordinates":[42.93321,42.11098]},"tippecanoe":{"minzoom":6}}
,
{"type":"Feature","properties":{"_area":88756642,"OBJECTID_1":1235,"OBJECTID":1480,"Name_rgn":"Tibaani","state":null,"official":1,"country":"Georgia","class":"Microzone","altname":"ტიბაანი","gen":15,"color":4,"ppt_yr":711,"ppt_gs":501,"GDD_1":2056,"style":null,"latitude":41.5783,"elev":null,"climate":null,"GI_area":null,"auv":null,"_bbox":[45.96870355707023,41.53446121510095,46.12654186979331,41.625383671960066]},"geometry":{"type":"Point","coordinates":[46.06744,41.57779]},"tippecanoe":{"minzoom":6}}
,
{"type":"Feature","properties":{"_area":327559535,"OBJECTID_1":1236,"OBJECTID":1481,"Name_rgn":"Tsinandali","state":null,"official":1,"country":"Georgia","class":"Microzone","altname":"წინანდალი","gen":15,"color":4,"ppt_yr":737,"ppt_gs":541,"GDD_1":1893,"style":null,"latitude":41.9388,"elev":null,"climate":null,"GI_area":null,"auv":null,"_bbox":[45.36517129042729,41.850533806957124,45.717686302132456,42.02267740586909]},"geometry":{"type":"Point","coordinates":[45.54673,41.93526]},"tippecanoe":{"minzoom":6}}
,
{"type":"Feature","properties":{"_area":65932733,"OBJECTID_1":1237,"OBJECTID":1482,"Name_rgn":"Tvishi","state":null,"official":1,"country":"Georgia","class":"Microzone","altname":"ტვიში","gen":15,"color":1,"ppt_yr":1478,"ppt_gs":835,"GDD_1":1501,"style":null,"latitude":42.5176,"elev":null,"climate":null,"GI_area":null,"auv":null,"_bbox":[42.725991312991106,42.48373695279481,42.86254349349139,42.569159105236444]},"geometry":{"type":"Point","coordinates":[42.7974,42.52044]},"tippecanoe":{"minzoom":6}}
,
{"type":"Feature","properties":{"_area":541586661,"OBJECTID_1":1238,"OBJECTID":1483,"Name_rgn":"Kindzmarauli","state":null,"official":1,"country":"Georgia","class":"Microzone","altname":"ყვარელი","gen":15,"color":1,"ppt_yr":748,"ppt_gs":541,"GDD_1":2086,"style":null,"latitude":41.9167,"elev":null,"climate":null,"GI_area":null,"auv":null,"_bbox":[45.548366470846084,41.8033365620457,46.07983827581393,42.037943770977456]},"geometry":{"type":"Point","coordinates":[45.91173,41.88169]},"tippecanoe":{"minzoom":5}}
,
{"type":"Feature","properties":{"_area":541586661,"OBJECTID_1":1239,"OBJECTID":1484,"Name_rgn":"Kvareli","state":null,"official":1,"country":"Georgia","class":"Microzone","altname":"ქინძმარაული","gen":15,"color":5,"ppt_yr":748,"ppt_gs":541,"GDD_1":2087,"style":null,"latitude":41.9167,"elev":null,"climate":null,"GI_area":null,"auv":null,"_bbox":[45.548366470846084,41.8033365620457,46.07983827581393,42.037943770977456]},"geometry":{"type":"Point","coordinates":[45.91173,41.88169]},"tippecanoe":{"minzoom":5}}
,
{"type":"Feature","properties":{"_area":4031995668,"OBJECTID_1":1240,"OBJECTID":1489,"Name_rgn":"Crnogorski sjever","state":null,"official":1,"country":"Montenegro","class":"Rejon","altname":null,"gen":15,"color":4,"ppt_yr":1269,"ppt_gs":633,"GDD_1":1696,"style":null,"latitude":42.8242,"elev":null,"climate":null,"GI_area":null,"auv":null,"_bbox":[18.669740298754444,42.57262073196897,19.812982675207067,43.35402288075742]},"geometry":{"type":"Point","coordinates":[19.04823,43.02437]},"tippecanoe":{"minzoom":4}}
,
{"type":"Feature","properties":{"_area":7172094,"OBJECTID_1":1241,"OBJECTID":1490,"Name_rgn":"Nudo","state":null,"official":1,"country":"Montenegro","class":"Rejon","altname":null,"gen":15,"color":3,"ppt_yr":1297,"ppt_gs":613,"GDD_1":2320,"style":null,"latitude":42.6776,"elev":null,"climate":null,"GI_area":null,"auv":null,"_bbox":[18.54596354140661,42.66178329170911,18.592584632313674,42.692931761389694]},"geometry":{"type":"Point","coordinates":[18.56056,42.68028]},"tippecanoe":{"minzoom":7}}
,
{"type":"Feature","properties":{"_area":207154780,"OBJECTID_1":1242,"OBJECTID":1491,"Name_rgn":"Bjelopavlići","state":null,"official":1,"country":"Montenegro","class":"Subregion","altname":null,"gen":15,"color":2,"ppt_yr":1520,"ppt_gs":695,"GDD_1":2315,"style":null,"latitude":42.5764,"elev":null,"climate":null,"GI_area":null,"auv":null,"_bbox":[18.961095997283742,42.47181275216306,19.220564031984296,42.704760726612335]},"geometry":{"type":"Point","coordinates":[19.12989,42.55598]},"tippecanoe":{"minzoom":6}}
,
{"type":"Feature","properties":{"_area":486221372,"OBJECTID_1":1243,"OBJECTID":1492,"Name_rgn":"Boka Kotorska","state":null,"official":1,"country":"Montenegro","class":"Subregion","altname":null,"gen":15,"color":4,"ppt_yr":1395,"ppt_gs":620,"GDD_1":2348,"style":null,"latitude":42.4064,"elev":null,"climate":null,"GI_area":null,"auv":null,"_bbox":[18.433681328193785,42.26710559282032,18.822104821616797,42.5261150376917]},"geometry":{"type":"Point","coordinates":[18.68814,42.42747]},"tippecanoe":{"minzoom":5}}
,
{"type":"Feature","properties":{"_area":405529655,"OBJECTID_1":1244,"OBJECTID":1493,"Name_rgn":"Budva-Bar","state":null,"official":1,"country":"Montenegro","class":"Subregion","altname":null,"gen":15,"color":2,"ppt_yr":1495,"ppt_gs":648,"GDD_1":2340,"style":null,"latitude":42.1224,"elev":null,"climate":null,"GI_area":null,"auv":null,"_bbox":[18.790915421851718,41.96465411500431,19.2653849888935,42.31978082131568]},"geometry":{"type":"Point","coordinates":[19.10789,42.08881]},"tippecanoe":{"minzoom":5}}
,
{"type":"Feature","properties":{"_area":344576211,"OBJECTID_1":1245,"OBJECTID":1494,"Name_rgn":"Crmnica","state":null,"official":1,"country":"Montenegro","class":"Subregion","altname":null,"gen":15,"color":3,"ppt_yr":1528,"ppt_gs":666,"GDD_1":2030,"style":null,"latitude":42.1866,"elev":null,"climate":null,"GI_area":null,"auv":null,"_bbox":[18.969710775281428,42.063040518636754,19.3885520776243,42.30853841872113]},"geometry":{"type":"Point","coordinates":[19.06081,42.2462]},"tippecanoe":{"minzoom":6}}
,
{"type":"Feature","properties":{"_area":204419582,"OBJECTID_1":1246,"OBJECTID":1495,"Name_rgn":"Katuni","state":null,"official":1,"country":"Montenegro","class":"Subregion","altname":null,"gen":15,"color":2,"ppt_yr":1464,"ppt_gs":678,"GDD_1":2130,"style":null,"latitude":42.5275,"elev":null,"climate":null,"GI_area":null,"auv":null,"_bbox":[18.94749346829975,42.4427257863484,19.203158610110833,42.70564279654173]},"geometry":{"type":"Point","coordinates":[19.10129,42.49666]},"tippecanoe":{"minzoom":6}}
,
{"type":"Feature","properties":{"_area":23548282,"OBJECTID_1":1247,"OBJECTID":1496,"Name_rgn":"Piperi","state":null,"official":1,"country":"Montenegro","class":"Subregion","altname":null,"gen":15,"color":5,"ppt_yr":1408,"ppt_gs":664,"GDD_1":1996,"style":null,"latitude":42.5407,"elev":null,"climate":null,"GI_area":null,"auv":null,"_bbox":[19.226739912731666,42.51831245444919,19.30595588773444,42.565636334765166]},"geometry":{"type":"Point","coordinates":[19.25964,42.54234]},"tippecanoe":{"minzoom":7}}
,
{"type":"Feature","properties":{"_area":884480082,"OBJECTID_1":1248,"OBJECTID":1497,"Name_rgn":"Podgorica","state":null,"official":1,"country":"Montenegro","class":"Subregion","altname":null,"gen":15,"color":1,"ppt_yr":1580,"ppt_gs":710,"GDD_1":2286,"style":null,"latitude":42.4172,"elev":null,"climate":null,"GI_area":null,"auv":null,"_bbox":[19.0751582132489,42.2671698706225,19.498084722025666,42.627562098495]},"geometry":{"type":"Point","coordinates":[19.3173,42.44173]},"tippecanoe":{"minzoom":5}}
,
{"type":"Feature","properties":{"_area":263725798,"OBJECTID_1":1249,"OBJECTID":1498,"Name_rgn":"Rijeka","state":null,"official":1,"country":"Montenegro","class":"Subregion","altname":null,"gen":15,"color":1,"ppt_yr":1496,"ppt_gs":667,"GDD_1":2183,"style":null,"latitude":42.3582,"elev":null,"climate":null,"GI_area":null,"auv":null,"_bbox":[18.955755064660302,42.23418340030766,19.162079813689658,42.45159723629745]},"geometry":{"type":"Point","coordinates":[19.05851,42.32808]},"tippecanoe":{"minzoom":6}}
,
{"type":"Feature","properties":{"_area":298060516,"OBJECTID_1":1250,"OBJECTID":1499,"Name_rgn":"Ulcinj","state":null,"official":1,"country":"Montenegro","class":"Subregion","altname":null,"gen":15,"color":2,"ppt_yr":1528,"ppt_gs":651,"GDD_1":2410,"style":null,"latitude":41.9765,"elev":null,"climate":null,"GI_area":null,"auv":null,"_bbox":[19.138723076415097,41.875946142060904,19.38456182581094,42.06042268699671]},"geometry":{"type":"Point","coordinates":[19.30374,41.97179]},"tippecanoe":{"minzoom":6}}
,
{"type":"Feature","properties":{"_area":638675204,"OBJECTID_1":1251,"OBJECTID":1500,"Name_rgn":"Jablanica","state":null,"official":1,"country":"Bosnia and Herzegovina","class":"District","altname":"Jablaničko vinogorje","gen":16,"color":1,"ppt_yr":1059,"ppt_gs":586,"GDD_1":1481,"style":null,"latitude":43.7059,"elev":null,"climate":null,"GI_area":null,"auv":null,"_bbox":[17.533759352391314,43.594196991882754,18.04406740442414,43.83110462100008]},"geometry":{"type":"Point","coordinates":[17.76882,43.69969]},"tippecanoe":{"minzoom":5}}
,
{"type":"Feature","properties":{"_area":4220880882,"OBJECTID_1":1252,"OBJECTID":1501,"Name_rgn":"Kozara","state":null,"official":1,"country":"Bosnia and Herzegovina","class":"District","altname":"Kozaračko vinogorje","gen":16,"color":2,"ppt_yr":1073,"ppt_gs":675,"GDD_1":1642,"style":null,"latitude":44.9682,"elev":null,"climate":null,"GI_area":null,"auv":null,"_bbox":[16.175257005476766,44.547670157466996,17.290649400062716,45.203580329577434]},"geometry":{"type":"Point","coordinates":[16.73637,44.89356]},"tippecanoe":{"minzoom":4}}
,
{"type":"Feature","properties":{"_area":548374508,"OBJECTID_1":1253,"OBJECTID":1502,"Name_rgn":"Listica","state":null,"official":1,"country":"Bosnia and Herzegovina","class":"District","altname":"Lištičko vinogorje","gen":16,"color":3,"ppt_yr":1053,"ppt_gs":546,"GDD_1":2099,"style":null,"latitude":43.3577,"elev":null,"climate":null,"GI_area":null,"auv":null,"_bbox":[17.276885525568815,43.269762667799654,17.78488183418485,43.43265255550577]},"geometry":{"type":"Point","coordinates":[17.43914,43.35566]},"tippecanoe":{"minzoom":5}}
,
{"type":"Feature","properties":{"_area":3835520541,"OBJECTID_1":1255,"OBJECTID":1504,"Name_rgn":"Mostar","state":null,"official":1,"country":"Bosnia and Herzegovina","class":"District","altname":"Mostarsko vinogorje","gen":16,"color":5,"ppt_yr":1124,"ppt_gs":559,"GDD_1":2320,"style":null,"latitude":43.1137,"elev":null,"climate":null,"GI_area":null,"auv":null,"_bbox":[17.361349766583615,42.673493848483226,18.546250444443736,43.47621187148307]},"geometry":{"type":"Point","coordinates":[17.80778,43.19675]},"tippecanoe":{"minzoom":5}}
,
{"type":"Feature","properties":{"_area":4176693343,"OBJECTID_1":1256,"OBJECTID":1505,"Name_rgn":"Ukrina","state":null,"official":1,"country":"Bosnia and Herzegovina","class":"District","altname":"Ukrinsko vinogorje","gen":16,"color":5,"ppt_yr":900,"ppt_gs":569,"GDD_1":1714,"style":null,"latitude":44.8457,"elev":null,"climate":null,"GI_area":null,"auv":null,"_bbox":[17.228392563001993,44.505413427235716,18.334575589195275,45.11645126207796]},"geometry":{"type":"Point","coordinates":[17.90149,44.80616]},"tippecanoe":{"minzoom":4}}
,
{"type":"Feature","properties":{"_area":3657588856,"OBJECTID_1":1257,"OBJECTID":0,"Name_rgn":"Aragatsotn","state":"Aragatsotn","official":9,"country":"Armenia","class":"Region","altname":"Արագածոտն","gen":16,"color":0,"ppt_yr":525,"ppt_gs":380,"GDD_1":1176,"style":null,"latitude":40.4334,"elev":null,"climate":null,"GI_area":null,"auv":null,"_bbox":[43.59054995800008,40.185408953,44.54721333400006,40.75534901300006]},"geometry":{"type":"Point","coordinates":[44.22672,40.47316]},"tippecanoe":{"minzoom":5}}
,
{"type":"Feature","properties":{"_area":2555635752,"OBJECTID_1":1258,"OBJECTID":0,"Name_rgn":"Ararat","state":"Ararat","official":9,"country":"Armenia","class":"Region","altname":"Արարատ","gen":16,"color":1,"ppt_yr":389,"ppt_gs":259,"GDD_1":1594,"style":null,"latitude":39.9565,"elev":null,"climate":null,"GI_area":null,"auv":null,"_bbox":[44.31984880600007,39.714621384000104,45.12570729200011,40.17221951200011]},"geometry":{"type":"Point","coordinates":[44.82616,39.94387]},"tippecanoe":{"minzoom":5}}
,
{"type":"Feature","properties":{"_area":1641520996,"OBJECTID_1":1259,"OBJECTID":0,"Name_rgn":"Armavir","state":"Armavir","official":9,"country":"Armenia","class":"Region","altname":"Արմավիրի մարզ","gen":16,"color":3,"ppt_yr":321,"ppt_gs":214,"GDD_1":2034,"style":null,"latitude":40.1435,"elev":null,"climate":null,"GI_area":null,"auv":null,"_bbox":[43.649649520625964,40.01862746237085,44.413001663314496,40.288718011676586]},"geometry":{"type":"Point","coordinates":[43.97302,40.14998]},"tippecanoe":{"minzoom":5}}
,
{"type":"Feature","properties":{"_area":3830294952,"OBJECTID_1":1260,"OBJECTID":0,"Name_rgn":"Tavush","state":"Tavush","official":9,"country":"Armenia","class":"Region","altname":"Տավուշ","gen":16,"color":5,"ppt_yr":588,"ppt_gs":446,"GDD_1":1206,"style":null,"latitude":40.9128,"elev":null,"climate":null,"GI_area":null,"auv":null,"_bbox":[44.72506179700013,40.6387504520001,45.608730699000034,41.30183635300006]},"geometry":{"type":"Point","coordinates":[45.04365,40.93144]},"tippecanoe":{"minzoom":5}}
,
{"type":"Feature","properties":{"_area":2620506258,"OBJECTID_1":1261,"OBJECTID":0,"Name_rgn":"Vayots Dzor","state":"Vayots Dzor","official":9,"country":"Armenia","class":"Region","altname":"Վայոց Ձոր","gen":16,"color":2,"ppt_yr":496,"ppt_gs":337,"GDD_1":1075,"style":null,"latitude":39.7713,"elev":null,"climate":null,"GI_area":null,"auv":null,"_bbox":[45.070344681000066,39.49057765200013,45.81533220500002,40.015464888000054]},"geometry":{"type":"Point","coordinates":[45.4594,39.74943]},"tippecanoe":{"minzoom":5}}
,
{"type":"Feature","properties":{"_area":331984577,"OBJECTID_1":1262,"OBJECTID":272,"Name_rgn":"Tehachapi Mountains","state":"California","official":1,"country":"United States","class":"American Viticultural Area","altname":null,"gen":16,"color":4,"ppt_yr":288,"ppt_gs":62,"GDD_1":1699,"style":null,"latitude":35.1172,"elev":null,"climate":null,"GI_area":null,"auv":null,"_bbox":[-118.687031361255,35.061140218069454,-118.32349905517297,35.17638415997193]},"geometry":{"type":"Point","coordinates":[-118.50876,35.12056]},"tippecanoe":{"minzoom":6}}
,
{"type":"Feature","properties":{"_area":281207,"OBJECTID_1":1263,"OBJECTID":0,"Name_rgn":"Darnibole","state":"Cornwall","official":1,"country":"United Kingdom","class":"PDO","altname":"Darnibole Bacchus","gen":16,"color":1,"ppt_yr":1058,"ppt_gs":541,"GDD_1":1017,"style":null,"latitude":50.4777,"elev":null,"climate":null,"GI_area":null,"auv":null,"_bbox":[-4.786391600000012,50.4743384,-4.779528696786525,50.48141203160436]},"geometry":{"type":"Point","coordinates":[-4.78296,50.47777]},"tippecanoe":{"minzoom":9}}
,
{"type":"Feature","properties":{"_area":1547402204,"OBJECTID_1":1264,"OBJECTID":0,"Name_rgn":"Pleven","state":null,"official":1,"country":"Bulgaria","class":"Гарантирано наименование запроизх","altname":"Плевен","gen":16,"color":5,"ppt_yr":597,"ppt_gs":386,"GDD_1":1997,"style":null,"latitude":43.4704,"elev":null,"climate":null,"GI_area":null,"auv":null,"_bbox":[24.308658052748754,43.25481920469812,24.982789237444468,43.688079934544035]},"geometry":{"type":"Point","coordinates":[24.50625,43.45918]},"tippecanoe":{"minzoom":5}}
,
{"type":"Feature","properties":{"_area":658645473,"OBJECTID_1":1265,"OBJECTID":0,"Name_rgn":"Asenovgrad","state":null,"official":1,"country":"Bulgaria","class":"Гарантирано и контролиранонаимено","altname":"Асеновград","gen":16,"color":0,"ppt_yr":617,"ppt_gs":358,"GDD_1":1720,"style":null,"latitude":41.9796,"elev":null,"climate":null,"GI_area":null,"auv":null,"_bbox":[24.84462107432977,41.84099980490056,25.165360745843348,42.176156130908055]},"geometry":{"type":"Point","coordinates":[25.01188,41.98696]},"tippecanoe":{"minzoom":5}}
,
{"type":"Feature","properties":{"_area":961979048,"OBJECTID_1":1266,"OBJECTID":0,"Name_rgn":"Varna","state":null,"official":1,"country":"Bulgaria","class":"Гарантирано наименование запроизх","altname":"Варна","gen":16,"color":0,"ppt_yr":541,"ppt_gs":309,"GDD_1":1831,"style":null,"latitude":43.1633,"elev":null,"climate":null,"GI_area":null,"auv":null,"_bbox":[27.663447175868626,42.83625471429743,28.0483489643096,43.3041855780926]},"geometry":{"type":"Point","coordinates":[27.85176,43.14711]},"tippecanoe":{"minzoom":5}}
,
{"type":"Feature","properties":{"_area":1089345486,"OBJECTID_1":1267,"OBJECTID":0,"Name_rgn":"Veliki Preslav","state":null,"official":1,"country":"Bulgaria","class":"Гарантирано и контролиранонаимено","altname":"Велики Преслав","gen":16,"color":3,"ppt_yr":605,"ppt_gs":369,"GDD_1":1782,"style":null,"latitude":43.2277,"elev":null,"climate":null,"GI_area":null,"auv":null,"_bbox":[26.702086578344087,43.06681170543559,27.293514413266223,43.494393074081565]},"geometry":{"type":"Point","coordinates":[27.11422,43.35702]},"tippecanoe":{"minzoom":5}}
,
{"type":"Feature","properties":{"_area":1450678880,"OBJECTID_1":1268,"OBJECTID":0,"Name_rgn":"Vidin","state":null,"official":1,"country":"Bulgaria","class":"Гарантирано наименование запроизх","altname":"Видин","gen":16,"color":1,"ppt_yr":635,"ppt_gs":394,"GDD_1":1799,"style":null,"latitude":43.9314,"elev":null,"climate":null,"GI_area":null,"auv":null,"_bbox":[22.43954608051333,43.555627386515624,22.900145648059244,44.18807113246686]},"geometry":{"type":"Point","coordinates":[22.6541,43.74589]},"tippecanoe":{"minzoom":5}}
,
{"type":"Feature","properties":{"_area":3866091321,"OBJECTID_1":1269,"OBJECTID":0,"Name_rgn":"Vratsa","state":null,"official":1,"country":"Bulgaria","class":"Гарантирано наименование запроизх","altname":"Враца","gen":16,"color":2,"ppt_yr":599,"ppt_gs":386,"GDD_1":1909,"style":null,"latitude":43.4678,"elev":null,"climate":null,"GI_area":null,"auv":null,"_bbox":[23.351134874442916,43.02695935197337,24.281767888735644,43.802819409193916]},"geometry":{"type":"Point","coordinates":[23.79134,43.47929]},"tippecanoe":{"minzoom":5}}
,
{"type":"Feature","properties":{"_area":46084936,"OBJECTID_1":1270,"OBJECTID":0,"Name_rgn":"Varbitsa","state":null,"official":1,"country":"Bulgaria","class":"Гарантирано и контролиранонаимено","altname":"Върбица","gen":16,"color":1,"ppt_yr":603,"ppt_gs":391,"GDD_1":1964,"style":null,"latitude":43.4674,"elev":null,"climate":null,"GI_area":null,"auv":null,"_bbox":[24.64062780519105,43.42688193367604,24.73335798464244,43.507553948835834]},"geometry":{"type":"Point","coordinates":[24.69609,43.46218]},"tippecanoe":{"minzoom":6}}
,
{"type":"Feature","properties":{"_area":9967307327,"OBJECTID_1":1271,"OBJECTID":0,"Name_rgn":"Struma Valley","state":null,"official":1,"country":"Bulgaria","class":"Гарантирано наименование запроизх","altname":"Долината на Струма","gen":16,"color":2,"ppt_yr":583,"ppt_gs":356,"GDD_1":1503,"style":null,"latitude":41.8131,"elev":null,"climate":null,"GI_area":null,"auv":null,"_bbox":[22.360206899802666,41.3188262409645,23.960448968889338,42.47402816361828]},"geometry":{"type":"Point","coordinates":[23.23507,41.75936]},"tippecanoe":{"minzoom":4}}
,
{"type":"Feature","properties":{"_area":121350381,"OBJECTID_1":1272,"OBJECTID":0,"Name_rgn":"Ivaylovgrad","state":null,"official":1,"country":"Bulgaria","class":"Гарантирано наименование запроизх","altname":"Ивайловград","gen":16,"color":5,"ppt_yr":632,"ppt_gs":312,"GDD_1":2008,"style":null,"latitude":41.5024,"elev":null,"climate":null,"GI_area":null,"auv":null,"_bbox":[26.041615741125973,41.436126402243545,26.18592153755316,41.55965631726738]},"geometry":{"type":"Point","coordinates":[26.13089,41.50223]},"tippecanoe":{"minzoom":6}}
,
{"type":"Feature","properties":{"_area":305838177,"OBJECTID_1":1273,"OBJECTID":0,"Name_rgn":"Lovech","state":null,"official":1,"country":"Bulgaria","class":"Гарантирано наименование запроизх","altname":"Ловеч","gen":16,"color":0,"ppt_yr":625,"ppt_gs":411,"GDD_1":1930,"style":null,"latitude":43.2372,"elev":null,"climate":null,"GI_area":null,"auv":null,"_bbox":[24.59638538478447,43.143671091621115,24.86790834304777,43.31578708018075]},"geometry":{"type":"Point","coordinates":[24.77186,43.24116]},"tippecanoe":{"minzoom":6}}
,
{"type":"Feature","properties":{"_area":51034647,"OBJECTID_1":1274,"OBJECTID":0,"Name_rgn":"Lositsa","state":null,"official":1,"country":"Bulgaria","class":"Гарантирано и контролиранонаимено","altname":"Лозица","gen":16,"color":3,"ppt_yr":585,"ppt_gs":378,"GDD_1":2074,"style":null,"latitude":43.6088,"elev":null,"climate":null,"GI_area":null,"auv":null,"_bbox":[24.948578554256663,43.57051162802352,25.07188001712623,43.64031407197945]},"geometry":{"type":"Point","coordinates":[24.99275,43.60596]},"tippecanoe":{"minzoom":6}}
,
{"type":"Feature","properties":{"_area":208165348,"OBJECTID_1":1275,"OBJECTID":0,"Name_rgn":"Lom","state":null,"official":1,"country":"Bulgaria","class":"Гарантирано наименование запроизх","altname":"Лом","gen":16,"color":1,"ppt_yr":595,"ppt_gs":373,"GDD_1":1985,"style":null,"latitude":43.8054,"elev":null,"climate":null,"GI_area":null,"auv":null,"_bbox":[23.17132972922116,43.736214604379654,23.48782504869707,43.85179824712048]},"geometry":{"type":"Point","coordinates":[23.27563,43.79175]},"tippecanoe":{"minzoom":6}}
,
{"type":"Feature","properties":{"_area":63701248,"OBJECTID_1":1276,"OBJECTID":0,"Name_rgn":"Lyaskovets","state":null,"official":1,"country":"Bulgaria","class":"Гарантирано наименование запроизх","altname":"Лясковец","gen":16,"color":3,"ppt_yr":612,"ppt_gs":387,"GDD_1":1973,"style":null,"latitude":43.1089,"elev":null,"climate":null,"GI_area":null,"auv":null,"_bbox":[25.68573874464702,43.07199373579722,25.80667154906841,43.15317510405728]},"geometry":{"type":"Point","coordinates":[25.74853,43.11322]},"tippecanoe":{"minzoom":6}}
,
{"type":"Feature","properties":{"_area":2850374511,"OBJECTID_1":1277,"OBJECTID":0,"Name_rgn":"Montana","state":null,"official":1,"country":"Bulgaria","class":"Гарантирано наименование запроизх","altname":"Монтана","gen":16,"color":4,"ppt_yr":624,"ppt_gs":403,"GDD_1":1752,"style":null,"latitude":43.4969,"elev":null,"climate":null,"GI_area":null,"auv":null,"_bbox":[22.942221036577504,43.11126999875199,23.6263406372396,43.75145145757723]},"geometry":{"type":"Point","coordinates":[23.23418,43.482]},"tippecanoe":{"minzoom":5}}
,
{"type":"Feature","properties":{"_area":4217241134,"OBJECTID_1":1278,"OBJECTID":0,"Name_rgn":"Nova Zagora","state":null,"official":1,"country":"Bulgaria","class":"Гарантирано наименование запроизх","altname":"Нова Загора","gen":16,"color":2,"ppt_yr":638,"ppt_gs":382,"GDD_1":1928,"style":null,"latitude":42.5419,"elev":null,"climate":null,"GI_area":null,"auv":null,"_bbox":[25.24641661823265,42.26510972895308,26.67250237223379,42.78414623317748]},"geometry":{"type":"Point","coordinates":[25.85314,42.54135]},"tippecanoe":{"minzoom":4}}
,
{"type":"Feature","properties":{"_area":274519027,"OBJECTID_1":1279,"OBJECTID":0,"Name_rgn":"Pavlikeni","state":null,"official":1,"country":"Bulgaria","class":"Гарантирано и контролиранонаимено","altname":"Павликени","gen":16,"color":5,"ppt_yr":593,"ppt_gs":383,"GDD_1":2009,"style":null,"latitude":43.3377,"elev":null,"climate":null,"GI_area":null,"auv":null,"_bbox":[25.13849001830149,43.19678443189422,25.435134322138126,43.41361275585457]},"geometry":{"type":"Point","coordinates":[25.32567,43.35009]},"tippecanoe":{"minzoom":6}}
,
{"type":"Feature","properties":{"_area":81883873,"OBJECTID_1":1280,"OBJECTID":0,"Name_rgn":"Pazardzhik","state":null,"official":1,"country":"Bulgaria","class":"Гарантирано наименование запроизх","altname":"Пазарджик","gen":16,"color":0,"ppt_yr":578,"ppt_gs":364,"GDD_1":1950,"style":null,"latitude":42.2793,"elev":null,"climate":null,"GI_area":null,"auv":null,"_bbox":[24.079718408334003,42.223915890593354,24.200732512567406,42.334159626867816]},"geometry":{"type":"Point","coordinates":[24.14905,42.27344]},"tippecanoe":{"minzoom":6}}
,
{"type":"Feature","properties":{"_area":3587095811,"OBJECTID_1":1281,"OBJECTID":0,"Name_rgn":"Plovdiv","state":null,"official":1,"country":"Bulgaria","class":"Гарантирано наименование запроизх","altname":"Пловдив","gen":16,"color":4,"ppt_yr":596,"ppt_gs":356,"GDD_1":1897,"style":null,"latitude":42.1326,"elev":null,"climate":null,"GI_area":null,"auv":null,"_bbox":[24.428035566971293,41.84099980490056,25.268491966216892,42.476201690695035]},"geometry":{"type":"Point","coordinates":[24.91374,42.18155]},"tippecanoe":{"minzoom":5}}
,
{"type":"Feature","properties":{"_area":1828803181,"OBJECTID_1":1282,"OBJECTID":0,"Name_rgn":"Ruse","state":null,"official":1,"country":"Bulgaria","class":"Гарантирано наименование запроизх","altname":"Русе","gen":16,"color":4,"ppt_yr":607,"ppt_gs":393,"GDD_1":1997,"style":null,"latitude":43.6341,"elev":null,"climate":null,"GI_area":null,"auv":null,"_bbox":[25.526491126558376,43.38285003030565,26.358824789964064,43.86520527947536]},"geometry":{"type":"Point","coordinates":[25.76531,43.55196]},"tippecanoe":{"minzoom":5}}
,
{"type":"Feature","properties":{"_area":303817461,"OBJECTID_1":1283,"OBJECTID":0,"Name_rgn":"Svishtov","state":null,"official":1,"country":"Bulgaria","class":"Гарантирано и контролиранонаимено","altname":"Свищов","gen":16,"color":3,"ppt_yr":572,"ppt_gs":368,"GDD_1":2074,"style":null,"latitude":43.6128,"elev":null,"climate":null,"GI_area":null,"auv":null,"_bbox":[24.97231718401698,43.544321733964225,25.475861296367565,43.66984287068704]},"geometry":{"type":"Point","coordinates":[25.2871,43.61199]},"tippecanoe":{"minzoom":6}}
,
{"type":"Feature","properties":{"_area":25632935,"OBJECTID_1":1284,"OBJECTID":0,"Name_rgn":"Septemvri","state":null,"official":1,"country":"Bulgaria","class":"Гарантирано наименование запроизх","altname":"Септември","gen":16,"color":0,"ppt_yr":573,"ppt_gs":358,"GDD_1":1955,"style":null,"latitude":42.2155,"elev":null,"climate":null,"GI_area":null,"auv":null,"_bbox":[24.079449969749813,42.19392582878179,24.161412764046858,42.23983405998354]},"geometry":{"type":"Point","coordinates":[24.12321,42.21616]},"tippecanoe":{"minzoom":7}}
,
{"type":"Feature","properties":{"_area":26667400,"OBJECTID_1":1285,"OBJECTID":0,"Name_rgn":"Slavyantsi","state":null,"official":1,"country":"Bulgaria","class":"Гарантирано и контролиранонаимено","altname":"Славянци","gen":16,"color":2,"ppt_yr":633,"ppt_gs":378,"GDD_1":1839,"style":null,"latitude":42.7543,"elev":null,"climate":null,"GI_area":null,"auv":null,"_bbox":[26.704231445843245,42.71806419674272,26.75961063877965,42.79246301898975]},"geometry":{"type":"Point","coordinates":[26.73322,42.75397]},"tippecanoe":{"minzoom":7}}
,
{"type":"Feature","properties":{"_area":11893887725,"OBJECTID_1":1286,"OBJECTID":0,"Name_rgn":"Sliven","state":null,"official":1,"country":"Bulgaria","class":"Гарантирано наименование запроизх","altname":"Сливен","gen":16,"color":1,"ppt_yr":645,"ppt_gs":387,"GDD_1":1847,"style":null,"latitude":42.6353,"elev":null,"climate":null,"GI_area":null,"auv":null,"_bbox":[25.80792983333218,42.32468698191678,27.23467862384432,43.979228500228785]},"geometry":{"type":"Point","coordinates":[26.64183,42.97467]},"tippecanoe":{"minzoom":4}}
,
{"type":"Feature","properties":{"_area":201548908,"OBJECTID_1":1287,"OBJECTID":0,"Name_rgn":"Stambolovo","state":null,"official":1,"country":"Bulgaria","class":"Гарантирано и контролиранонаимено","altname":"Стамболово","gen":16,"color":2,"ppt_yr":624,"ppt_gs":333,"GDD_1":1946,"style":null,"latitude":41.7594,"elev":null,"climate":null,"GI_area":null,"auv":null,"_bbox":[25.555183322914917,41.69221635634211,25.82881239306519,41.80663016411757]},"geometry":{"type":"Point","coordinates":[25.67541,41.74987]},"tippecanoe":{"minzoom":6}}
,
{"type":"Feature","properties":{"_area":1444734685,"OBJECTID_1":1288,"OBJECTID":0,"Name_rgn":"Stara Zagora","state":null,"official":1,"country":"Bulgaria","class":"Гарантирано наименование запроизх","altname":"Стара Загора","gen":16,"color":5,"ppt_yr":619,"ppt_gs":371,"GDD_1":1994,"style":null,"latitude":42.3504,"elev":null,"climate":null,"GI_area":null,"auv":null,"_bbox":[25.155170448557453,42.052389855242765,25.805973129720066,42.48618625033887]},"geometry":{"type":"Point","coordinates":[25.60295,42.29259]},"tippecanoe":{"minzoom":5}}
,
{"type":"Feature","properties":{"_area":630260332,"OBJECTID_1":1289,"OBJECTID":0,"Name_rgn":"Sungurlare","state":null,"official":1,"country":"Bulgaria","class":"Гарантирано и контролиранонаимено","altname":"Сунгурларе","gen":16,"color":0,"ppt_yr":632,"ppt_gs":375,"GDD_1":1781,"style":null,"latitude":42.773,"elev":null,"climate":null,"GI_area":null,"auv":null,"_bbox":[26.500567997840744,42.684561507827226,26.98813330647603,42.87398176380765]},"geometry":{"type":"Point","coordinates":[26.88015,42.78297]},"tippecanoe":{"minzoom":5}}
,
{"type":"Feature","properties":{"_area":323686210,"OBJECTID_1":1290,"OBJECTID":0,"Name_rgn":"Suhindol","state":null,"official":1,"country":"Bulgaria","class":"Гарантирано и контролиранонаимено","altname":"Сухиндол","gen":16,"color":3,"ppt_yr":623,"ppt_gs":405,"GDD_1":1906,"style":null,"latitude":43.1726,"elev":null,"climate":null,"GI_area":null,"auv":null,"_bbox":[25.074074951700748,43.08876831245028,25.351569546986024,43.26683033581333]},"geometry":{"type":"Point","coordinates":[25.18049,43.1771]},"tippecanoe":{"minzoom":6}}
,
{"type":"Feature","properties":{"_area":1085578038,"OBJECTID_1":1291,"OBJECTID":0,"Name_rgn":"Han Krum","state":null,"official":1,"country":"Bulgaria","class":"Гарантирано и контролиранонаимено","altname":"Хан Крум","gen":16,"color":4,"ppt_yr":604,"ppt_gs":367,"GDD_1":1800,"style":null,"latitude":43.209,"elev":null,"climate":null,"GI_area":null,"auv":null,"_bbox":[26.702086578344087,43.06681170543559,27.293514413266223,43.375738798700745]},"geometry":{"type":"Point","coordinates":[26.98507,43.21222]},"tippecanoe":{"minzoom":5}}
,
{"type":"Feature","properties":{"_area":4066281935,"OBJECTID_1":1292,"OBJECTID":0,"Name_rgn":"Haskovo","state":null,"official":1,"country":"Bulgaria","class":"Гарантирано наименование запроизх","altname":"Хасково","gen":16,"color":1,"ppt_yr":616,"ppt_gs":332,"GDD_1":2037,"style":null,"latitude":41.8784,"elev":null,"climate":null,"GI_area":null,"auv":null,"_bbox":[25.301481498119642,41.724842762879945,26.856957539460012,42.19256844976706]},"geometry":{"type":"Point","coordinates":[26.21638,41.91805]},"tippecanoe":{"minzoom":4}}
,
{"type":"Feature","properties":{"_area":50737435,"OBJECTID_1":1293,"OBJECTID":0,"Name_rgn":"Hisarya","state":null,"official":1,"country":"Bulgaria","class":"Гарантирано и контролиранонаимено","altname":"Хисаря","gen":16,"color":2,"ppt_yr":583,"ppt_gs":368,"GDD_1":1926,"style":null,"latitude":42.4456,"elev":null,"climate":null,"GI_area":null,"auv":null,"_bbox":[24.60670855609848,42.3872182337398,24.699929934839226,42.492354361251365]},"geometry":{"type":"Point","coordinates":[24.66534,42.45167]},"tippecanoe":{"minzoom":6}}
,
{"type":"Feature","properties":{"_area":23045943837,"OBJECTID_1":1294,"OBJECTID":0,"Name_rgn":"Black Sea Region","state":null,"official":1,"country":"Bulgaria","class":"Гарантирано наименование запроизх","altname":"Черноморски район","gen":16,"color":3,"ppt_yr":567,"ppt_gs":348,"GDD_1":1798,"style":null,"latitude":43.5125,"elev":null,"climate":null,"GI_area":null,"auv":null,"_bbox":[25.982074686877695,42.82640086182896,28.607463734600948,44.14446601471354]},"geometry":{"type":"Point","coordinates":[27.07746,43.50732]},"tippecanoe":{"minzoom":4}}
,
{"type":"Feature","properties":{"_area":10332966248,"OBJECTID_1":1295,"OBJECTID":0,"Name_rgn":"Southern Black Sea coast","state":null,"official":1,"country":"Bulgaria","class":"Гарантирано наименование запроизх","altname":"Южно Черноморие","gen":16,"color":3,"ppt_yr":610,"ppt_gs":344,"GDD_1":1858,"style":null,"latitude":42.496,"elev":null,"climate":null,"GI_area":null,"auv":null,"_bbox":[26.57865499836358,41.90441414877112,28.035400482588102,42.98470680741162]},"geometry":{"type":"Point","coordinates":[27.46958,42.44192]},"tippecanoe":{"minzoom":4}}
,
{"type":"Feature","properties":{"_area":2166495383,"OBJECTID_1":1296,"OBJECTID":0,"Name_rgn":"Yambol","state":null,"official":1,"country":"Bulgaria","class":"Гарантирано наименование запроизх","altname":"Ямбол","gen":16,"color":0,"ppt_yr":619,"ppt_gs":355,"GDD_1":1998,"style":null,"latitude":42.398,"elev":null,"climate":null,"GI_area":null,"auv":null,"_bbox":[26.301240602369568,42.116727643017754,26.904447178207626,42.67478791567769]},"geometry":{"type":"Point","coordinates":[26.65711,42.37014]},"tippecanoe":{"minzoom":5}}
,
{"type":"Feature","properties":{"_area":5013797409,"OBJECTID_1":1297,"OBJECTID":0,"Name_rgn":"Majevica","state":null,"official":1,"country":"Bosnia and Herzegovina","class":"District","altname":"Majevičko vinogorje","gen":16,"color":1,"ppt_yr":880,"ppt_gs":568,"GDD_1":1655,"style":null,"latitude":44.6541,"elev":null,"climate":null,"GI_area":null,"auv":null,"_bbox":[18.05138972948902,44.26765260224083,19.279683691872176,44.96792907776533]},"geometry":{"type":"Point","coordinates":[18.7674,44.57881]},"tippecanoe":{"minzoom":4}}
,
{"type":"Feature","properties":{"_area":14965574418,"OBJECTID_1":1298,"OBJECTID":0,"Name_rgn":"Caspian Shoreline","state":null,"official":6,"country":"Azerbaijan","class":"Zone","altname":null,"gen":16,"color":5,"ppt_yr":321,"ppt_gs":174,"GDD_1":2116,"style":null,"latitude":40.9182,"elev":null,"climate":null,"GI_area":null,"auv":null,"_bbox":[48.24955337201921,40.05052185058599,50.37007522583009,41.88502502441415]},"geometry":{"type":"Point","coordinates":[49.55959,40.49974]},"tippecanoe":{"minzoom":4}}
,
{"type":"Feature","properties":{"_area":10660520322,"OBJECTID_1":1299,"OBJECTID":0,"Name_rgn":"Shirvan Valley and Greater Caucasus","state":null,"official":6,"country":"Azerbaijan","class":"Zone","altname":null,"gen":16,"color":3,"ppt_yr":554,"ppt_gs":364,"GDD_1":1871,"style":null,"latitude":40.8584,"elev":null,"climate":null,"GI_area":null,"auv":null,"_bbox":[45.95032196266331,40.368617912277884,48.941606935334725,41.23335935424388]},"geometry":{"type":"Point","coordinates":[47.38677,40.98762]},"tippecanoe":{"minzoom":4}}
,
{"type":"Feature","properties":{"_area":10750287911,"OBJECTID_1":1300,"OBJECTID":0,"Name_rgn":"Ganja and Lesser Caucasus","state":null,"official":6,"country":"Azerbaijan","class":"Zone","altname":null,"gen":16,"color":4,"ppt_yr":447,"ppt_gs":321,"GDD_1":2091,"style":null,"latitude":40.8987,"elev":null,"climate":null,"GI_area":null,"auv":null,"_bbox":[45.00405502319352,40.31265401461833,46.89321010513472,41.46811294555694]},"geometry":{"type":"Point","coordinates":[46.30677,40.7341]},"tippecanoe":{"minzoom":4}}
,
{"type":"Feature","properties":{"_area":1563684752,"OBJECTID_1":1301,"OBJECTID":0,"Name_rgn":"Veles","state":null,"official":1,"country":"North Macedonia","class":"District","altname":"Велес","gen":16,"color":2,"ppt_yr":529,"ppt_gs":319,"GDD_1":1693,"style":null,"latitude":41.6573,"elev":null,"climate":null,"GI_area":null,"auv":null,"_bbox":[21.369407500377715,41.43522000005147,21.880539500248716,41.91970000007746]},"geometry":{"type":"Point","coordinates":[21.65943,41.64198]},"tippecanoe":{"minzoom":5}}
,
{"type":"Feature","properties":{"_area":1331326208,"OBJECTID_1":1302,"OBJECTID":0,"Name_rgn":"Gevgelija-Valandovo","state":null,"official":1,"country":"North Macedonia","class":"District","altname":"Гевгелија-Валандово","gen":16,"color":5,"ppt_yr":469,"ppt_gs":283,"GDD_1":2056,"style":null,"latitude":41.263,"elev":null,"climate":null,"GI_area":null,"auv":null,"_bbox":[22.214016000219008,41.117296000305,22.780015500307776,41.458626500156335]},"geometry":{"type":"Point","coordinates":[22.45001,41.28396]},"tippecanoe":{"minzoom":5}}
,
{"type":"Feature","properties":{"_area":1203676368,"OBJECTID_1":1303,"OBJECTID":0,"Name_rgn":"Kochani-Vinica","state":null,"official":1,"country":"North Macedonia","class":"District","altname":"Кочани-Виница","gen":16,"color":4,"ppt_yr":558,"ppt_gs":351,"GDD_1":1505,"style":null,"latitude":41.9095,"elev":null,"climate":null,"GI_area":null,"auv":null,"_bbox":[22.204636000225456,41.727843000077094,22.734933499990714,42.12580300030401]},"geometry":{"type":"Point","coordinates":[22.43199,41.94975]},"tippecanoe":{"minzoom":5}}
,
{"type":"Feature","properties":{"_area":2321864747,"OBJECTID_1":1304,"OBJECTID":0,"Name_rgn":"Ovche Pole","state":null,"official":1,"country":"North Macedonia","class":"District","altname":"Овче Поле","gen":16,"color":0,"ppt_yr":489,"ppt_gs":306,"GDD_1":1906,"style":null,"latitude":41.8211,"elev":null,"climate":null,"GI_area":null,"auv":null,"_bbox":[21.80588000008091,41.54902000023636,22.469821000269423,42.07075000030601]},"geometry":{"type":"Point","coordinates":[22.19667,41.81855]},"tippecanoe":{"minzoom":5}}
,
{"type":"Feature","properties":{"_area":2212213139,"OBJECTID_1":1305,"OBJECTID":0,"Name_rgn":"Skopje","state":null,"official":1,"country":"North Macedonia","class":"District","altname":"Скопје","gen":16,"color":5,"ppt_yr":607,"ppt_gs":358,"GDD_1":1587,"style":null,"latitude":41.9603,"elev":null,"climate":null,"GI_area":null,"auv":null,"_bbox":[21.149873500280716,41.70378200016956,21.821308500143502,42.24919050032054]},"geometry":{"type":"Point","coordinates":[21.44069,41.96264]},"tippecanoe":{"minzoom":5}}
,
{"type":"Feature","properties":{"_area":2119595451,"OBJECTID_1":1306,"OBJECTID":0,"Name_rgn":"Strumica-Radovish","state":null,"official":1,"country":"North Macedonia","class":"District","altname":"Струмица-Радовиш","gen":16,"color":1,"ppt_yr":506,"ppt_gs":311,"GDD_1":1797,"style":null,"latitude":41.5255,"elev":null,"climate":null,"GI_area":null,"auv":null,"_bbox":[22.266379500256765,41.31598349996926,22.979477500293676,41.787294000308805]},"geometry":{"type":"Point","coordinates":[22.53287,41.56867]},"tippecanoe":{"minzoom":5}}
,
{"type":"Feature","properties":{"_area":2492405250,"OBJECTID_1":1307,"OBJECTID":0,"Name_rgn":"Tikveš","state":null,"official":1,"country":"North Macedonia","class":"District","altname":"Тиквеш","gen":16,"color":3,"ppt_yr":485,"ppt_gs":298,"GDD_1":1787,"style":null,"latitude":41.4059,"elev":null,"climate":null,"GI_area":null,"auv":null,"_bbox":[21.772809000167523,41.10024350011869,22.3704695000337,41.734497500179614]},"geometry":{"type":"Point","coordinates":[22.06288,41.37981]},"tippecanoe":{"minzoom":5}}
,
{"type":"Feature","properties":{"_area":5278902923,"OBJECTID_1":1308,"OBJECTID":0,"Name_rgn":"Lake Erie North Shore","state":"Ontario","official":1,"country":"Canada","class":"Appellation","altname":null,"gen":16,"color":4,"ppt_yr":938,"ppt_gs":597,"GDD_1":1585,"style":null,"latitude":42.2528,"elev":null,"climate":null,"GI_area":null,"auv":null,"_bbox":[-83.13067089999998,41.90938428921806,-81.66835159999995,42.60789938982401]},"geometry":{"type":"Point","coordinates":[-82.55153,42.1761]},"tippecanoe":{"minzoom":4}}
,
{"type":"Feature","properties":{"_area":2493815079,"OBJECTID_1":1310,"OBJECTID":0,"Name_rgn":"Prince Edward County","state":"Ontario","official":1,"country":"Canada","class":"Appellation","altname":null,"gen":16,"color":5,"ppt_yr":962,"ppt_gs":563,"GDD_1":1359,"style":null,"latitude":44.0419,"elev":null,"climate":null,"GI_area":null,"auv":null,"_bbox":[-77.73670889999994,43.83872239084842,-76.61879189999992,44.24730859211828]},"geometry":{"type":"Point","coordinates":[-77.16373,44.02546]},"tippecanoe":{"minzoom":5}}
,
{"type":"Feature","properties":{"_area":16138474679,"OBJECTID_1":1311,"OBJECTID":0,"Name_rgn":"Côtes de Sambre et Meuse","state":"Wallonia","official":1,"country":"Belgium","class":"Appellation d'origine protégée","altname":null,"gen":16,"color":0,"ppt_yr":934,"ppt_gs":529,"GDD_1":1030,"style":null,"latitude":50.2507,"elev":null,"climate":null,"GI_area":null,"auv":null,"_bbox":[4.087542055547254,49.49754447884414,6.376150200013149,50.812673118863856]},"geometry":{"type":"Point","coordinates":[5.49578,50.15061]},"tippecanoe":{"minzoom":4}}
,
{"type":"Feature","properties":{"_area":92023992,"OBJECTID_1":1312,"OBJECTID":0,"Name_rgn":"Vale dos Vinhedos","state":"Rio Grande do Sul","official":1,"country":"Brazil","class":"Denominação de Origem","altname":null,"gen":0,"color":4,"ppt_yr":1727,"ppt_gs":1032,"GDD_1":2117,"style":null,"latitude":-29.1871,"elev":null,"climate":null,"GI_area":null,"auv":null,"_bbox":[-51.6325843788951,-29.240698860582043,-51.49745161654679,-29.13991236865723]},"geometry":{"type":"Point","coordinates":[-51.55424,-29.18361]},"tippecanoe":{"minzoom":6}}
,
{"type":"Feature","properties":{"_area":267053906,"OBJECTID_1":1313,"OBJECTID":0,"Name_rgn":"Altos Montes","state":"Rio Grande do Sul","official":1,"country":"Brazil","class":"Indicação de Procedência","altname":null,"gen":16,"color":1,"ppt_yr":1822,"ppt_gs":1050,"GDD_1":2001,"style":null,"latitude":-29.0114,"elev":null,"climate":null,"GI_area":null,"auv":null,"_bbox":[-51.37734094180074,-29.084126605090354,-51.1568327023491,-28.933175514853833]},"geometry":{"type":"Point","coordinates":[-51.23347,-29.00629]},"tippecanoe":{"minzoom":6}}
,
{"type":"Feature","properties":{"_area":103942157,"OBJECTID_1":1314,"OBJECTID":0,"Name_rgn":"Monte Belo","state":"Rio Grande do Sul","official":1,"country":"Brazil","class":"Indicação de Procedência","altname":null,"gen":16,"color":5,"ppt_yr":1652,"ppt_gs":1009,"GDD_1":2263,"style":null,"latitude":-29.144,"elev":null,"climate":null,"GI_area":null,"auv":null,"_bbox":[-51.74014503519195,-29.195468184044334,-51.6068980641816,-29.077390092864977]},"geometry":{"type":"Point","coordinates":[-51.66911,-29.13366]},"tippecanoe":{"minzoom":6}}
,
{"type":"Feature","properties":{"_area":113658670,"OBJECTID_1":1315,"OBJECTID":0,"Name_rgn":"Pinto Bandeira","state":"Rio Grande do Sul","official":1,"country":"Brazil","class":"Indicação de Procedência","altname":null,"gen":16,"color":3,"ppt_yr":1760,"ppt_gs":1031,"GDD_1":2105,"style":null,"latitude":-29.1097,"elev":null,"climate":null,"GI_area":null,"auv":null,"_bbox":[-51.5150531096182,-29.179364307000696,-51.402848604989735,-29.02174025444688]},"geometry":{"type":"Point","coordinates":[-51.44405,-29.11537]},"tippecanoe":{"minzoom":6}}
,
{"type":"Feature","properties":{"_area":65781211516,"OBJECTID_1":1316,"OBJECTID":0,"Name_rgn":"Campanha Gaúcha","state":"Rio Grande do Sul","official":1,"country":"Brazil","class":"Indicação de Procedência","altname":null,"gen":16,"color":3,"ppt_yr":1514,"ppt_gs":948,"GDD_1":2673,"style":null,"latitude":-30.3723,"elev":null,"climate":null,"GI_area":null,"auv":null,"_bbox":[-57.64443621969849,-31.959132720349352,-53.56058730841469,-28.848534381347072]},"geometry":{"type":"Point","coordinates":[-56.00826,-29.95388]},"tippecanoe":{"minzoom":3}}
,
{"type":"Feature","properties":{"_area":497547336,"OBJECTID_1":1317,"OBJECTID":0,"Name_rgn":"Farroupilha","state":"Rio Grande do Sul","official":1,"country":"Brazil","class":"Indicação de Procedência","altname":null,"gen":16,"color":2,"ppt_yr":1777,"ppt_gs":1050,"GDD_1":2041,"style":null,"latitude":-29.2102,"elev":null,"climate":null,"GI_area":null,"auv":null,"_bbox":[-51.49214438699993,-29.33313425980629,-51.25840565899993,-29.056122283801667]},"geometry":{"type":"Point","coordinates":[-51.37938,-29.20576]},"tippecanoe":{"minzoom":5}}
,
{"type":"Feature","properties":{"_area":9122248019,"OBJECTID_1":1318,"OBJECTID":0,"Name_rgn":"Beira Interior","state":null,"official":1,"country":"Portugal","class":"Denominação de Origem Protegida","altname":null,"gen":16,"color":2,"ppt_yr":1005,"ppt_gs":385,"GDD_1":1903,"style":null,"latitude":40.2664,"elev":null,"climate":null,"GI_area":null,"auv":null,"_bbox":[-7.850755138272101,39.62255493220466,-6.800155290938184,40.98331815051003]},"geometry":{"type":"Point","coordinates":[-7.3075,40.24994]},"tippecanoe":{"minzoom":4}}
,
{"type":"Feature","properties":{"_area":14392421516,"OBJECTID_1":1319,"OBJECTID":0,"Name_rgn":"Alentejo","state":null,"official":1,"country":"Portugal","class":"Denominação de Origem Protegida","altname":null,"gen":16,"color":0,"ppt_yr":609,"ppt_gs":239,"GDD_1":2236,"style":null,"latitude":38.5447,"elev":null,"climate":null,"GI_area":null,"auv":null,"_bbox":[-8.410500071265751,37.74120437754126,-7.106776072689114,39.513537421962326]},"geometry":{"type":"Point","coordinates":[-7.71344,38.57959]},"tippecanoe":{"minzoom":4}}
,
{"type":"Feature","properties":{"_area":1343779207,"OBJECTID_1":1320,"OBJECTID":0,"Name_rgn":"Bairrada","state":null,"official":1,"country":"Portugal","class":"Denominação de Origem Protegida","altname":null,"gen":16,"color":1,"ppt_yr":1026,"ppt_gs":402,"GDD_1":1902,"style":null,"latitude":40.4444,"elev":null,"climate":null,"GI_area":null,"auv":null,"_bbox":[-8.745748185787194,40.233039216549834,-8.249950365644205,40.66922313928102]},"geometry":{"type":"Point","coordinates":[-8.51488,40.42983]},"tippecanoe":{"minzoom":5}}
,
{"type":"Feature","properties":{"_area":5530299882,"OBJECTID_1":1321,"OBJECTID":0,"Name_rgn":"Dão","state":null,"official":1,"country":"Portugal","class":"Denominação de Origem Protegida","altname":null,"gen":16,"color":4,"ppt_yr":1442,"ppt_gs":555,"GDD_1":1678,"style":null,"latitude":40.5444,"elev":null,"climate":null,"GI_area":null,"auv":null,"_bbox":[-8.359447500784325,40.136312532473916,-7.419851062989673,40.936536116158905]},"geometry":{"type":"Point","coordinates":[-7.96363,40.53682]},"tippecanoe":{"minzoom":4}}
,
{"type":"Feature","properties":{"_area":9061636535,"OBJECTID_1":1322,"OBJECTID":0,"Name_rgn":"DoTejo","state":null,"official":1,"country":"Portugal","class":"Denominação de Origem Protegida","altname":null,"gen":16,"color":2,"ppt_yr":754,"ppt_gs":293,"GDD_1":2141,"style":null,"latitude":39.2631,"elev":null,"climate":null,"GI_area":null,"auv":null,"_bbox":[-9.00474636967694,38.7314903865106,-7.808988144142546,39.80349302389618]},"geometry":{"type":"Point","coordinates":[-8.44833,39.20939]},"tippecanoe":{"minzoom":4}}
,
{"type":"Feature","properties":{"_area":887811150,"OBJECTID_1":1323,"OBJECTID":0,"Name_rgn":"Távora-Varosa","state":null,"official":1,"country":"Portugal","class":"Denominação de Origem Protegida","altname":null,"gen":16,"color":3,"ppt_yr":1298,"ppt_gs":500,"GDD_1":1584,"style":null,"latitude":41.006,"elev":null,"climate":null,"GI_area":null,"auv":null,"_bbox":[-7.859908331804203,40.83384963240919,-7.329915380772302,41.12729172241099]},"geometry":{"type":"Point","coordinates":[-7.5166,40.98688]},"tippecanoe":{"minzoom":5}}
,
{"type":"Feature","properties":{"_area":6583478226,"OBJECTID_1":1324,"OBJECTID":0,"Name_rgn":"Trás-os-Montes","state":null,"official":1,"country":"Portugal","class":"Denominação de Origem Protegida","altname":null,"gen":16,"color":5,"ppt_yr":1153,"ppt_gs":466,"GDD_1":1708,"style":null,"latitude":41.5042,"elev":null,"climate":null,"GI_area":null,"auv":null,"_bbox":[-7.67567237411127,41.101732059367414,-6.189159307479245,41.871244480805196]},"geometry":{"type":"Point","coordinates":[-6.91367,41.44591]},"tippecanoe":{"minzoom":4}}
,
{"type":"Feature","properties":{"_area":10406612239,"OBJECTID_1":1325,"OBJECTID":0,"Name_rgn":"Vinho Verde","state":null,"official":1,"country":"Portugal","class":"Denominação de Origem Protegida","altname":null,"gen":16,"color":3,"ppt_yr":1402,"ppt_gs":559,"GDD_1":1601,"style":null,"latitude":41.4912,"elev":null,"climate":null,"GI_area":null,"auv":null,"_bbox":[-8.88105831699495,40.76317341493938,-7.704066800094965,42.15431112740956]},"geometry":{"type":"Point","coordinates":[-8.2667,41.48443]},"tippecanoe":{"minzoom":4}}
,
{"type":"Feature","properties":{"_area":50737970021,"OBJECTID_1":1326,"OBJECTID":0,"Name_rgn":"Azores","state":null,"official":1,"country":"Portugal","class":"Indicação Geográfica Protegida","altname":"Açores","gen":16,"color":1,"ppt_yr":1170,"ppt_gs":553,"GDD_1":1947,"style":null,"latitude":38.3546,"elev":null,"climate":null,"GI_area":null,"auv":null,"_bbox":[-31.268186569213814,36.92669677734387,-25.013633728027266,39.72536468505869]},"geometry":{"type":"Point","coordinates":[-27.28951,38.32535]},"tippecanoe":{"minzoom":3}}
,
{"type":"Feature","properties":{"_area":4316992734,"OBJECTID_1":1327,"OBJECTID":0,"Name_rgn":"Port","state":null,"official":1,"country":"Portugal","class":"Denominação de Origem Protegida","altname":"Porto","gen":17,"color":0,"ppt_yr":1169,"ppt_gs":462,"GDD_1":1811,"style":null,"latitude":41.1583,"elev":null,"climate":null,"GI_area":null,"auv":null,"_bbox":[-7.914437026517058,40.922848124024085,-6.7494468996829,41.53059766704823]},"geometry":{"type":"Point","coordinates":[-7.18146,41.20951]},"tippecanoe":{"minzoom":4}}
,
{"type":"Feature","properties":{"_area":1860559813,"OBJECTID_1":1328,"OBJECTID":0,"Name_rgn":"Setúbal","state":null,"official":1,"country":"Portugal","class":"Denominação de Origem Protegida","altname":null,"gen":17,"color":3,"ppt_yr":718,"ppt_gs":271,"GDD_1":2140,"style":null,"latitude":38.6123,"elev":null,"climate":null,"GI_area":null,"auv":null,"_bbox":[-9.222927001180846,38.409076731111846,-8.490979009627742,38.845424618439665]},"geometry":{"type":"Point","coordinates":[-8.82323,38.62469]},"tippecanoe":{"minzoom":5}}
,
{"type":"Feature","properties":{"_area":4316992734,"OBJECTID_1":1329,"OBJECTID":0,"Name_rgn":"Douro","state":null,"official":1,"country":"Portugal","class":"Denominação de Origem Protegida","altname":null,"gen":17,"color":0,"ppt_yr":1169,"ppt_gs":462,"GDD_1":1814,"style":null,"latitude":41.1583,"elev":null,"climate":null,"GI_area":null,"auv":null,"_bbox":[-7.914437026517058,40.922848124024085,-6.7494468996829,41.53059766704823]},"geometry":{"type":"Point","coordinates":[-7.18146,41.20951]},"tippecanoe":{"minzoom":4}}
,
{"type":"Feature","properties":{"_area":1860559813,"OBJECTID_1":1330,"OBJECTID":0,"Name_rgn":"Palmela","state":null,"official":1,"country":"Portugal","class":"Denominação de Origem Protegida","altname":null,"gen":17,"color":3,"ppt_yr":718,"ppt_gs":271,"GDD_1":2149,"style":null,"latitude":38.6123,"elev":null,"climate":null,"GI_area":null,"auv":null,"_bbox":[-9.222927001180846,38.409076731111846,-8.490979009627742,38.845424618439665]},"geometry":{"type":"Point","coordinates":[-8.82323,38.62469]},"tippecanoe":{"minzoom":5}}
,
{"type":"Feature","properties":{"_area":8217223383,"OBJECTID_1":1331,"OBJECTID":0,"Name_rgn":"Dalmatinska zagora","state":null,"official":1,"country":"Croatia","class":"Zaštićena oznaka izvornosti","altname":null,"gen":17,"color":5,"ppt_yr":964,"ppt_gs":512,"GDD_1":1850,"style":null,"latitude":43.8194,"elev":null,"climate":null,"GI_area":null,"auv":null,"_bbox":[15.39898109779012,43.14631070005543,17.450814616545443,44.3000019372478]},"geometry":{"type":"Point","coordinates":[16.11722,43.94116]},"tippecanoe":{"minzoom":4}}
,
{"type":"Feature","properties":{"_area":3552285642,"OBJECTID_1":1332,"OBJECTID":0,"Name_rgn":"Croatian Istria","state":null,"official":1,"country":"Croatia","class":"Zaštićena oznaka izvornosti","altname":"Hrvatska Istra","gen":17,"color":1,"ppt_yr":1052,"ppt_gs":612,"GDD_1":1904,"style":null,"latitude":45.2003,"elev":null,"climate":null,"GI_area":null,"auv":null,"_bbox":[13.489720944237728,44.75759269925614,14.228534811143163,45.51998146156494]},"geometry":{"type":"Point","coordinates":[13.90314,45.19554]},"tippecanoe":{"minzoom":5}}
,
{"type":"Feature","properties":{"_area":8181312408,"OBJECTID_1":1333,"OBJECTID":0,"Name_rgn":"Hrvatsko Podunavlje","state":null,"official":1,"country":"Croatia","class":"Zaštićena oznaka izvornosti","altname":null,"gen":17,"color":0,"ppt_yr":695,"ppt_gs":455,"GDD_1":1793,"style":null,"latitude":45.4219,"elev":null,"climate":null,"GI_area":null,"auv":null,"_bbox":[17.909079804768986,44.84972128990426,19.447355534258726,45.92182571863465]},"geometry":{"type":"Point","coordinates":[18.70164,45.49989]},"tippecanoe":{"minzoom":4}}
,
{"type":"Feature","properties":{"_area":8818523779,"OBJECTID_1":1334,"OBJECTID":0,"Name_rgn":"Kvarner and Croatian Coast","state":null,"official":1,"country":"Croatia","class":"Zaštićena oznaka izvornosti","altname":"Kvarner i Hrvatsko primorje","gen":17,"color":3,"ppt_yr":1355,"ppt_gs":759,"GDD_1":1579,"style":null,"latitude":44.9426,"elev":null,"climate":null,"GI_area":null,"auv":null,"_bbox":[14.10718805004483,44.28033959071238,15.343250707665009,45.50581355370063]},"geometry":{"type":"Point","coordinates":[14.62598,44.88769]},"tippecanoe":{"minzoom":4}}
,
{"type":"Feature","properties":{"_area":2942539806,"OBJECTID_1":1335,"OBJECTID":0,"Name_rgn":"Moslavina","state":null,"official":1,"country":"Croatia","class":"Zaštićena oznaka izvornosti","altname":null,"gen":17,"color":3,"ppt_yr":914,"ppt_gs":595,"GDD_1":1712,"style":null,"latitude":45.5857,"elev":null,"climate":null,"GI_area":null,"auv":null,"_bbox":[16.273959556086428,45.23834552624343,17.194909790109286,45.857872595316145]},"geometry":{"type":"Point","coordinates":[16.74223,45.62434]},"tippecanoe":{"minzoom":5}}
,
{"type":"Feature","properties":{"_area":1363138667,"OBJECTID_1":1336,"OBJECTID":0,"Name_rgn":"Plešivica","state":null,"official":1,"country":"Croatia","class":"Zaštićena oznaka izvornosti","altname":null,"gen":17,"color":1,"ppt_yr":1138,"ppt_gs":746,"GDD_1":1488,"style":null,"latitude":45.7037,"elev":null,"climate":null,"GI_area":null,"auv":null,"_bbox":[15.238171273845488,45.507142669594806,15.885408889748073,45.853569123416655]},"geometry":{"type":"Point","coordinates":[15.58392,45.69862]},"tippecanoe":{"minzoom":5}}
,
{"type":"Feature","properties":{"_area":10359105407,"OBJECTID_1":1337,"OBJECTID":0,"Name_rgn":"Pokuplje","state":null,"official":1,"country":"Croatia","class":"Zaštićena oznaka izvornosti","altname":null,"gen":17,"color":0,"ppt_yr":1131,"ppt_gs":710,"GDD_1":1554,"style":null,"latitude":45.365,"elev":null,"climate":null,"GI_area":null,"auv":null,"_bbox":[14.95959523911426,44.99568967399794,17.144187672751865,45.810583839469906]},"geometry":{"type":"Point","coordinates":[15.9042,45.41348]},"tippecanoe":{"minzoom":4}}
,
{"type":"Feature","properties":{"_area":6233985609,"OBJECTID_1":1338,"OBJECTID":0,"Name_rgn":"Prigorje - Bilogora","state":null,"official":1,"country":"Croatia","class":"Zaštićena oznaka izvornosti","altname":null,"gen":17,"color":5,"ppt_yr":853,"ppt_gs":568,"GDD_1":1659,"style":null,"latitude":45.9535,"elev":null,"climate":null,"GI_area":null,"auv":null,"_bbox":[15.798512191446221,45.62751398688783,17.385509922054176,46.3552267363558]},"geometry":{"type":"Point","coordinates":[16.83891,45.97431]},"tippecanoe":{"minzoom":4}}
,
{"type":"Feature","properties":{"_area":6429231060,"OBJECTID_1":1339,"OBJECTID":0,"Name_rgn":"Northern Dalmatia","state":null,"official":1,"country":"Croatia","class":"Zaštićena oznaka izvornosti","altname":"Sjeverna Dalmacija","gen":17,"color":1,"ppt_yr":869,"ppt_gs":463,"GDD_1":2208,"style":null,"latitude":43.9836,"elev":null,"climate":null,"GI_area":null,"auv":null,"_bbox":[14.567525663426963,43.48683004163609,16.153799445611163,44.433692041682754]},"geometry":{"type":"Point","coordinates":[15.37476,44.08694]},"tippecanoe":{"minzoom":4}}
,
{"type":"Feature","properties":{"_area":9491618769,"OBJECTID_1":1340,"OBJECTID":0,"Name_rgn":"Slavonia","state":null,"official":1,"country":"Croatia","class":"Zaštićena oznaka izvornosti","altname":"Slavonija","gen":17,"color":4,"ppt_yr":843,"ppt_gs":550,"GDD_1":1706,"style":null,"latitude":45.4532,"elev":null,"climate":null,"GI_area":null,"auv":null,"_bbox":[16.928278091595242,45.043769347494944,18.57499248298533,45.996117074176205]},"geometry":{"type":"Point","coordinates":[17.41236,45.53994]},"tippecanoe":{"minzoom":4}}
,
{"type":"Feature","properties":{"_area":21281667337,"OBJECTID_1":1341,"OBJECTID":0,"Name_rgn":"Central and Southern Dalmatia","state":null,"official":1,"country":"Croatia","class":"Zaštićena oznaka izvornosti","altname":"Srednja i Južna Dalmacija","gen":17,"color":3,"ppt_yr":914,"ppt_gs":442,"GDD_1":2301,"style":null,"latitude":43.1116,"elev":null,"climate":null,"GI_area":null,"auv":null,"_bbox":[15.458630322472532,42.37765987449874,18.533745144371334,43.63520532378554]},"geometry":{"type":"Point","coordinates":[16.49574,42.98371]},"tippecanoe":{"minzoom":4}}
,
{"type":"Feature","properties":{"_area":4260153914,"OBJECTID_1":1342,"OBJECTID":0,"Name_rgn":"Zagorje - Međimurje","state":null,"official":1,"country":"Croatia","class":"Zaštićena oznaka izvornosti","altname":null,"gen":17,"color":4,"ppt_yr":963,"ppt_gs":654,"GDD_1":1521,"style":null,"latitude":46.2024,"elev":null,"climate":null,"GI_area":null,"auv":null,"_bbox":[15.59559625292154,45.826862775875526,16.857894182891087,46.55502543292206]},"geometry":{"type":"Point","coordinates":[16.23985,46.24072]},"tippecanoe":{"minzoom":4}}
,
{"type":"Feature","properties":{"_area":1634653694,"OBJECTID_1":1349,"OBJECTID":0,"Name_rgn":"Hua Hin Hills","state":"Prachuap Khiri Khan","official":6,"country":"Thailand","class":"Region","altname":null,"gen":17,"color":4,"ppt_yr":953,"ppt_gs":785,"GDD_1":3811,"style":null,"latitude":12.4972,"elev":null,"climate":null,"GI_area":null,"auv":null,"_bbox":[99.38703902200007,12.357439363194098,100.006658605834,12.636175848000105]},"geometry":{"type":"Point","coordinates":[99.85904,12.5028]},"tippecanoe":{"minzoom":5}}
,
{"type":"Feature","properties":{"_area":1014165358,"OBJECTID_1":1350,"OBJECTID":0,"Name_rgn":"Pattaya","state":"Chon Buri","official":6,"country":"Thailand","class":"Region","altname":null,"gen":17,"color":5,"ppt_yr":1302,"ppt_gs":1102,"GDD_1":4036,"style":null,"latitude":12.8612,"elev":null,"climate":null,"GI_area":null,"auv":null,"_bbox":[100.83741295700011,12.598049221000029,101.09649621023179,13.076243263789383]},"geometry":{"type":"Point","coordinates":[100.98264,12.92747]},"tippecanoe":{"minzoom":5}}
,
{"type":"Feature","properties":{"_area":3349406771,"OBJECTID_1":1351,"OBJECTID":0,"Name_rgn":"Khao Yai","state":"Nakhon Ratchasima","official":1,"country":"Thailand","class":"Region","altname":"Wine Khao Yai","gen":17,"color":1,"ppt_yr":1202,"ppt_gs":1081,"GDD_1":3574,"style":null,"latitude":14.5027,"elev":null,"climate":null,"GI_area":null,"auv":null,"_bbox":[101.04255444216675,14.236744802110985,102.01228597112375,14.690357408881717]},"geometry":{"type":"Point","coordinates":[101.58875,14.49146]},"tippecanoe":{"minzoom":5}}
,
{"type":"Feature","properties":{"_area":15088708375,"OBJECTID_1":1353,"OBJECTID":0,"Name_rgn":"Phurua  Plateau","state":"Loei","official":1,"country":"Thailand","class":"Region","altname":"Ti Raab Soong Phu Rua","gen":17,"color":0,"ppt_yr":1226,"ppt_gs":1137,"GDD_1":3606,"style":null,"latitude":17.4096,"elev":null,"climate":null,"GI_area":null,"auv":null,"_bbox":[100.88265913281269,16.758848171405994,102.15131554637533,18.213798930000213]},"geometry":{"type":"Point","coordinates":[101.60805,17.33557]},"tippecanoe":{"minzoom":4}}
,
{"type":"Feature","properties":{"_area":19158719011,"OBJECTID_1":1355,"OBJECTID":0,"Name_rgn":"Zeravshan Valley","state":null,"official":6,"country":"Uzbekistan","class":"Region","altname":"Zaravshan vodiysi","gen":18,"color":3,"ppt_yr":278,"ppt_gs":87,"GDD_1":2564,"style":null,"latitude":39.8981,"elev":null,"climate":null,"GI_area":null,"auv":null,"_bbox":[64.08996624598981,39.42218332843297,67.60563633049019,40.240829077942706]},"geometry":{"type":"Point","coordinates":[65.35711,39.89946]},"tippecanoe":{"minzoom":4}}
,
{"type":"Feature","properties":{"_area":2998489318,"OBJECTID_1":1356,"OBJECTID":0,"Name_rgn":"Tashkent","state":null,"official":6,"country":"Uzbekistan","class":"Region","altname":"Toshkent","gen":18,"color":4,"ppt_yr":480,"ppt_gs":168,"GDD_1":2580,"style":null,"latitude":41.2283,"elev":null,"climate":null,"GI_area":null,"auv":null,"_bbox":[68.89574482830761,40.895711100649486,69.79171789868859,41.517990581237186]},"geometry":{"type":"Point","coordinates":[69.23362,41.20442]},"tippecanoe":{"minzoom":5}}
,
{"type":"Feature","properties":{"_area":23162551548,"OBJECTID_1":1357,"OBJECTID":0,"Name_rgn":"Fergana Valley","state":null,"official":6,"country":"Uzbekistan","class":"Region","altname":"Farg‘ona vodiysi","gen":18,"color":5,"ppt_yr":242,"ppt_gs":109,"GDD_1":2517,"style":null,"latitude":40.7438,"elev":null,"climate":null,"GI_area":null,"auv":null,"_bbox":[70.37127950440568,40.15506306859413,73.13030331529069,41.536679672353834]},"geometry":{"type":"Point","coordinates":[71.61055,40.82361]},"tippecanoe":{"minzoom":4}}
,
{"type":"Feature","properties":{"_area":2013102518,"OBJECTID_1":1358,"OBJECTID":0,"Name_rgn":"Chardzhou","state":null,"official":6,"country":"Turkmenistan","class":"Region","altname":"Çärjew","gen":18,"color":2,"ppt_yr":133,"ppt_gs":38,"GDD_1":2887,"style":null,"latitude":39.1061,"elev":null,"climate":null,"GI_area":null,"auv":null,"_bbox":[63.02840626570441,38.76508201716373,64.00059852502827,39.37181867212112]},"geometry":{"type":"Point","coordinates":[63.5279,39.11289]},"tippecanoe":{"minzoom":5}}
,
{"type":"Feature","properties":{"_area":4943100864,"OBJECTID_1":1359,"OBJECTID":0,"Name_rgn":"Ashgabat","state":null,"official":6,"country":"Turkmenistan","class":"Region","altname":"Aşgabat","gen":18,"color":0,"ppt_yr":223,"ppt_gs":82,"GDD_1":3031,"style":null,"latitude":37.9704,"elev":null,"climate":null,"GI_area":null,"auv":null,"_bbox":[57.73977885626638,37.62800707891085,59.32829579037,38.33757965597043]},"geometry":{"type":"Point","coordinates":[58.06754,38.10544]},"tippecanoe":{"minzoom":4}}
,
{"type":"Feature","properties":{"_area":7314802865,"OBJECTID_1":1360,"OBJECTID":0,"Name_rgn":"Murghāb Valley","state":null,"official":6,"country":"Turkmenistan","class":"Region","altname":"Mary","gen":18,"color":1,"ppt_yr":153,"ppt_gs":41,"GDD_1":3119,"style":null,"latitude":37.6682,"elev":null,"climate":null,"GI_area":null,"auv":null,"_bbox":[61.29971938276331,37.16906994612387,62.53703277641369,38.128699381746024]},"geometry":{"type":"Point","coordinates":[61.92151,37.7337]},"tippecanoe":{"minzoom":4}}
,
{"type":"Feature","properties":{"_area":248461410,"OBJECTID_1":1361,"OBJECTID":0,"Name_rgn":"Aglianico del Taburno","state":"Campania","official":1,"country":"Italy","class":"Denominazione di origine controllata e garantita","altname":null,"gen":18,"color":3,"ppt_yr":792,"ppt_gs":367,"GDD_1":2160,"style":null,"latitude":41.14,"elev":null,"climate":null,"GI_area":null,"auv":null,"_bbox":[14.591382957668424,41.042462337616264,14.76708300472193,41.241195608089356]},"geometry":{"type":"Point","coordinates":[14.68953,41.15433]},"tippecanoe":{"minzoom":6}}
,
{"type":"Feature","properties":{"_area":1815256092,"OBJECTID_1":1362,"OBJECTID":0,"Name_rgn":"Aglianico del Vulture","state":"Basilicata","official":1,"country":"Italy","class":"Denominazione di origine controllata","altname":null,"gen":18,"color":5,"ppt_yr":523,"ppt_gs":263,"GDD_1":1983,"style":null,"latitude":40.9354,"elev":null,"climate":null,"GI_area":null,"auv":null,"_bbox":[15.534116901144612,40.75572273536933,16.24405081556334,41.139921290842345]},"geometry":{"type":"Point","coordinates":[15.85603,40.95608]},"tippecanoe":{"minzoom":5}}
,
{"type":"Feature","properties":{"_area":1815256092,"OBJECTID_1":1363,"OBJECTID":0,"Name_rgn":"Aglianico del Vulture Superiore","state":"Basilicata","official":1,"country":"Italy","class":"Denominazione di origine controllata e garantita","altname":null,"gen":18,"color":1,"ppt_yr":523,"ppt_gs":263,"GDD_1":2007,"style":null,"latitude":40.9354,"elev":null,"climate":null,"GI_area":null,"auv":null,"_bbox":[15.534116901144612,40.75572273536933,16.24405081556334,41.139921290842345]},"geometry":{"type":"Point","coordinates":[15.85603,40.95608]},"tippecanoe":{"minzoom":5}}
,
{"type":"Feature","properties":{"_area":960737592,"OBJECTID_1":1364,"OBJECTID":0,"Name_rgn":"Alba","state":"Piemonte","official":1,"country":"Italy","class":"Denominazione di origine controllata","altname":null,"gen":18,"color":2,"ppt_yr":564,"ppt_gs":348,"GDD_1":1929,"style":null,"latitude":44.6679,"elev":null,"climate":null,"GI_area":null,"auv":null,"_bbox":[7.856203627302783,44.41983893483011,8.268569945198589,44.85651925412359]},"geometry":{"type":"Point","coordinates":[8.02171,44.682]},"tippecanoe":{"minzoom":5}}
,
{"type":"Feature","properties":{"_area":533852000,"OBJECTID_1":1365,"OBJECTID":0,"Name_rgn":"Alcamo","state":"Sicilia","official":1,"country":"Italy","class":"Denominazione di origine controllata","altname":null,"gen":18,"color":5,"ppt_yr":502,"ppt_gs":204,"GDD_1":2469,"style":null,"latitude":37.9312,"elev":null,"climate":null,"GI_area":null,"auv":null,"_bbox":[12.847755922055596,37.8097547735597,13.19056154482674,38.042349116943136]},"geometry":{"type":"Point","coordinates":[13.00494,37.92514]},"tippecanoe":{"minzoom":5}}
,
{"type":"Feature","properties":{"_area":737060748,"OBJECTID_1":1366,"OBJECTID":0,"Name_rgn":"Alghero","state":"Sardegna","official":1,"country":"Italy","class":"Denominazione di origine controllata","altname":null,"gen":18,"color":1,"ppt_yr":712,"ppt_gs":275,"GDD_1":2309,"style":null,"latitude":40.6129,"elev":null,"climate":null,"GI_area":null,"auv":null,"_bbox":[8.13773211433601,40.494962179214895,8.643864283787538,40.700264650669325]},"geometry":{"type":"Point","coordinates":[8.36469,40.5904]},"tippecanoe":{"minzoom":5}}
,
{"type":"Feature","properties":{"_area":307536581,"OBJECTID_1":1367,"OBJECTID":0,"Name_rgn":"Aprilia","state":"Lazio","official":1,"country":"Italy","class":"Denominazione di origine controllata","altname":null,"gen":18,"color":3,"ppt_yr":842,"ppt_gs":357,"GDD_1":2346,"style":null,"latitude":41.5687,"elev":null,"climate":null,"GI_area":null,"auv":null,"_bbox":[12.530158966983437,41.46822489599153,12.827285831735292,41.67193447951397]},"geometry":{"type":"Point","coordinates":[12.71835,41.55695]},"tippecanoe":{"minzoom":6}}
,
{"type":"Feature","properties":{"_area":1218696632,"OBJECTID_1":1368,"OBJECTID":0,"Name_rgn":"Asti","state":"Piemonte","official":1,"country":"Italy","class":"Denominazione di origine controllata e garantita","altname":null,"gen":18,"color":2,"ppt_yr":629,"ppt_gs":375,"GDD_1":1898,"style":null,"latitude":44.7096,"elev":null,"climate":null,"GI_area":null,"auv":null,"_bbox":[7.902866730674415,44.57013488742531,8.569355949272818,44.84966976498707]},"geometry":{"type":"Point","coordinates":[8.237,44.70335]},"tippecanoe":{"minzoom":5}}
,
{"type":"Feature","properties":{"_area":852123293,"OBJECTID_1":1369,"OBJECTID":0,"Name_rgn":"Barbera d'Alba","state":"Piemonte","official":1,"country":"Italy","class":"Denominazione di origine controllata","altname":null,"gen":18,"color":5,"ppt_yr":562,"ppt_gs":348,"GDD_1":1880,"style":null,"latitude":44.6891,"elev":null,"climate":null,"GI_area":null,"auv":null,"_bbox":[7.850319117144132,44.54564894927272,8.268569945198589,44.85651925412359]},"geometry":{"type":"Point","coordinates":[8.01972,44.69198]},"tippecanoe":{"minzoom":5}}
,
{"type":"Feature","properties":{"_area":702332572,"OBJECTID_1":1370,"OBJECTID":0,"Name_rgn":"Barletta","state":"Puglia","official":1,"country":"Italy","class":"Denominazione di origine controllata","altname":null,"gen":18,"color":0,"ppt_yr":456,"ppt_gs":234,"GDD_1":2365,"style":null,"latitude":41.2925,"elev":null,"climate":null,"GI_area":null,"auv":null,"_bbox":[15.93647364351123,41.1766951322413,16.467587860309443,41.441711075784355]},"geometry":{"type":"Point","coordinates":[16.07933,41.31127]},"tippecanoe":{"minzoom":5}}
,
{"type":"Feature","properties":{"_area":718804309,"OBJECTID_1":1371,"OBJECTID":0,"Name_rgn":"Bianchello del Metauro","state":"Marche","official":1,"country":"Italy","class":"Denominazione di origine controllata","altname":null,"gen":18,"color":4,"ppt_yr":803,"ppt_gs":464,"GDD_1":2011,"style":null,"latitude":43.7332,"elev":null,"climate":null,"GI_area":null,"auv":null,"_bbox":[12.650512138642805,43.58845613183553,13.12342253479442,43.881573107544504]},"geometry":{"type":"Point","coordinates":[12.89153,43.72872]},"tippecanoe":{"minzoom":5}}
,
{"type":"Feature","properties":{"_area":2067760494,"OBJECTID_1":1372,"OBJECTID":0,"Name_rgn":"Bosco Eliceo","state":"Emilia Romagna","official":1,"country":"Italy","class":"Denominazione di origine controllata","altname":null,"gen":18,"color":5,"ppt_yr":620,"ppt_gs":382,"GDD_1":2157,"style":null,"latitude":44.6708,"elev":null,"climate":null,"GI_area":null,"auv":null,"_bbox":[11.895810734096596,44.21825605878401,12.398107692596108,44.96182645692423]},"geometry":{"type":"Point","coordinates":[12.17296,44.65041]},"tippecanoe":{"minzoom":5}}
,
{"type":"Feature","properties":{"_area":435374887,"OBJECTID_1":1373,"OBJECTID":0,"Name_rgn":"Brachetto d'Acqui","state":"Piemonte","official":1,"country":"Italy","class":"Denominazione di origine controllata e garantita","altname":"Acqui","gen":18,"color":1,"ppt_yr":674,"ppt_gs":397,"GDD_1":1920,"style":null,"latitude":44.7033,"elev":null,"climate":null,"GI_area":null,"auv":null,"_bbox":[8.194471010048344,44.6144081131877,8.569041935726469,44.80724587161]},"geometry":{"type":"Point","coordinates":[8.46603,44.71422]},"tippecanoe":{"minzoom":5}}
,
{"type":"Feature","properties":{"_area":503174885,"OBJECTID_1":1374,"OBJECTID":0,"Name_rgn":"Carso","state":"Friuli Venezia Giulia","official":1,"country":"Italy","class":"Denominazione di origine controllata","altname":null,"gen":18,"color":3,"ppt_yr":1351,"ppt_gs":832,"GDD_1":1888,"style":null,"latitude":45.7295,"elev":null,"climate":null,"GI_area":null,"auv":null,"_bbox":[13.481780495001532,45.58092671154551,13.918853089528907,45.89960405472363]},"geometry":{"type":"Point","coordinates":[13.76249,45.66744]},"tippecanoe":{"minzoom":5}}
,
{"type":"Feature","properties":{"_area":231666034,"OBJECTID_1":1375,"OBJECTID":0,"Name_rgn":"Casavecchia di Pontelatone","state":"Campania","official":1,"country":"Italy","class":"Denominazione di origine controllata","altname":null,"gen":18,"color":4,"ppt_yr":834,"ppt_gs":389,"GDD_1":2153,"style":null,"latitude":41.1955,"elev":null,"climate":null,"GI_area":null,"auv":null,"_bbox":[14.1936414572378,41.1395603658591,14.458161489034236,41.25610976689066]},"geometry":{"type":"Point","coordinates":[14.28515,41.19738]},"tippecanoe":{"minzoom":6}}
,
{"type":"Feature","properties":{"_area":207045582,"OBJECTID_1":1376,"OBJECTID":0,"Name_rgn":"Castel San Lorenzo","state":"Campania","official":1,"country":"Italy","class":"Denominazione di origine controllata","altname":null,"gen":18,"color":0,"ppt_yr":810,"ppt_gs":358,"GDD_1":2154,"style":null,"latitude":40.4316,"elev":null,"climate":null,"GI_area":null,"auv":null,"_bbox":[15.128262509109488,40.34295678251801,15.342040324854743,40.514833601180555]},"geometry":{"type":"Point","coordinates":[15.25314,40.4195]},"tippecanoe":{"minzoom":6}}
,
{"type":"Feature","properties":{"_area":1585517122,"OBJECTID_1":1377,"OBJECTID":0,"Name_rgn":"Castel del Monte","state":"Puglia","official":1,"country":"Italy","class":"Denominazione di origine controllata","altname":null,"gen":18,"color":4,"ppt_yr":465,"ppt_gs":238,"GDD_1":2118,"style":null,"latitude":41.0901,"elev":null,"climate":null,"GI_area":null,"auv":null,"_bbox":[15.917901402680421,40.92974212401804,16.707113486503836,41.276332801182264]},"geometry":{"type":"Point","coordinates":[16.14332,41.11861]},"tippecanoe":{"minzoom":5}}
,
{"type":"Feature","properties":{"_area":1457075502,"OBJECTID_1":1378,"OBJECTID":0,"Name_rgn":"Castel del Monte Bombino Nero","state":"Puglia","official":1,"country":"Italy","class":"Denominazione di origine controllata e garantita","altname":null,"gen":18,"color":1,"ppt_yr":464,"ppt_gs":237,"GDD_1":2138,"style":null,"latitude":41.0793,"elev":null,"climate":null,"GI_area":null,"auv":null,"_bbox":[15.93754459893681,40.92974212401804,16.707113486503836,41.23364933578136]},"geometry":{"type":"Point","coordinates":[16.20999,41.10247]},"tippecanoe":{"minzoom":5}}
,
{"type":"Feature","properties":{"_area":1457075502,"OBJECTID_1":1379,"OBJECTID":0,"Name_rgn":"Castel del Monte Nero di Troia Riserva","state":"Puglia","official":1,"country":"Italy","class":"Denominazione di origine controllata e garantita","altname":null,"gen":18,"color":3,"ppt_yr":464,"ppt_gs":237,"GDD_1":2138,"style":null,"latitude":41.0793,"elev":null,"climate":null,"GI_area":null,"auv":null,"_bbox":[15.93754459893681,40.92974212401804,16.707113486503836,41.23364933578136]},"geometry":{"type":"Point","coordinates":[16.20999,41.10247]},"tippecanoe":{"minzoom":5}}
,
{"type":"Feature","properties":{"_area":1457075502,"OBJECTID_1":1380,"OBJECTID":0,"Name_rgn":"Castel del Monte Rosso Riserva","state":"Puglia","official":1,"country":"Italy","class":"Denominazione di origine controllata e garantita","altname":null,"gen":18,"color":3,"ppt_yr":464,"ppt_gs":237,"GDD_1":2138,"style":null,"latitude":41.0793,"elev":null,"climate":null,"GI_area":null,"auv":null,"_bbox":[15.93754459893681,40.92974212401804,16.707113486503836,41.23364933578136]},"geometry":{"type":"Point","coordinates":[16.20999,41.10247]},"tippecanoe":{"minzoom":5}}
,
{"type":"Feature","properties":{"_area":1095845894,"OBJECTID_1":1381,"OBJECTID":0,"Name_rgn":"Castelli Romani","state":"Lazio","official":1,"country":"Italy","class":"Denominazione di origine controllata","altname":null,"gen":18,"color":0,"ppt_yr":791,"ppt_gs":359,"GDD_1":2162,"style":null,"latitude":41.7156,"elev":null,"climate":null,"GI_area":null,"auv":null,"_bbox":[12.480350518459733,41.53859644849966,12.987208083196029,41.899639611425485]},"geometry":{"type":"Point","coordinates":[12.72786,41.72405]},"tippecanoe":{"minzoom":5}}
,
{"type":"Feature","properties":{"_area":725137761,"OBJECTID_1":1382,"OBJECTID":0,"Name_rgn":"Cerveteri","state":"Lazio","official":1,"country":"Italy","class":"Denominazione di origine controllata","altname":null,"gen":18,"color":4,"ppt_yr":412,"ppt_gs":179,"GDD_1":2242,"style":null,"latitude":42.059,"elev":null,"climate":null,"GI_area":null,"auv":null,"_bbox":[11.733545749378612,41.92634486564122,12.204038136596136,42.24112928308141]},"geometry":{"type":"Point","coordinates":[11.89647,42.12001]},"tippecanoe":{"minzoom":5}}
,
{"type":"Feature","properties":{"_area":203985605,"OBJECTID_1":1383,"OBJECTID":0,"Name_rgn":"Cesanese del Piglio","state":"Lazio","official":1,"country":"Italy","class":"Denominazione di origine controllata e garantita","altname":"Piglio","gen":18,"color":3,"ppt_yr":950,"ppt_gs":470,"GDD_1":2003,"style":null,"latitude":41.7912,"elev":null,"climate":null,"GI_area":null,"auv":null,"_bbox":[13.005963984090931,41.71127053615298,13.201752726313304,41.86104013295555]},"geometry":{"type":"Point","coordinates":[13.11244,41.78499]},"tippecanoe":{"minzoom":6}}
,
{"type":"Feature","properties":{"_area":4586290608,"OBJECTID_1":1384,"OBJECTID":0,"Name_rgn":"Cilento","state":"Campania","official":1,"country":"Italy","class":"Denominazione di origine controllata","altname":null,"gen":18,"color":5,"ppt_yr":806,"ppt_gs":357,"GDD_1":2142,"style":null,"latitude":40.242,"elev":null,"climate":null,"GI_area":null,"auv":null,"_bbox":[14.614770536067715,39.99091985980622,15.716377188384183,40.8218114985451]},"geometry":{"type":"Point","coordinates":[15.19291,40.38486]},"tippecanoe":{"minzoom":4}}
,
{"type":"Feature","properties":{"_area":959894655,"OBJECTID_1":1385,"OBJECTID":0,"Name_rgn":"Circeo","state":"Lazio","official":1,"country":"Italy","class":"Denominazione di origine controllata","altname":null,"gen":18,"color":0,"ppt_yr":872,"ppt_gs":358,"GDD_1":2347,"style":null,"latitude":41.3899,"elev":null,"climate":null,"GI_area":null,"auv":null,"_bbox":[12.719602498180226,41.22202021751338,13.31353054009245,41.56186237104827]},"geometry":{"type":"Point","coordinates":[13.0767,41.34017]},"tippecanoe":{"minzoom":5}}
,
{"type":"Feature","properties":{"_area":1542646084,"OBJECTID_1":1386,"OBJECTID":0,"Name_rgn":"Colli Aprutini","state":"Abruzzo","official":1,"country":"Italy","class":"Indicazione geografica tipica","altname":null,"gen":18,"color":1,"ppt_yr":726,"ppt_gs":430,"GDD_1":1920,"style":null,"latitude":42.6722,"elev":null,"climate":null,"GI_area":null,"auv":null,"_bbox":[13.56446540612361,42.48704953463506,14.146257494855687,42.895081396174824]},"geometry":{"type":"Point","coordinates":[13.82506,42.68389]},"tippecanoe":{"minzoom":5}}
,
{"type":"Feature","properties":{"_area":766443592,"OBJECTID_1":1387,"OBJECTID":0,"Name_rgn":"Colli Bolognesi","state":"Emilia Romagna","official":1,"country":"Italy","class":"Denominazione di origine controllata","altname":null,"gen":18,"color":5,"ppt_yr":795,"ppt_gs":462,"GDD_1":1877,"style":null,"latitude":44.4057,"elev":null,"climate":null,"GI_area":null,"auv":null,"_bbox":[10.977043080675127,44.2623997168352,11.464687993053037,44.510739060446845]},"geometry":{"type":"Point","coordinates":[11.22053,44.39142]},"tippecanoe":{"minzoom":5}}
,
{"type":"Feature","properties":{"_area":266592255,"OBJECTID_1":1388,"OBJECTID":0,"Name_rgn":"Colli Bolognesi Classico Pignoletto","state":"Emilia Romagna","official":1,"country":"Italy","class":"Denominazione di origine controllata e garantita","altname":null,"gen":18,"color":1,"ppt_yr":777,"ppt_gs":460,"GDD_1":1986,"style":null,"latitude":44.4482,"elev":null,"climate":null,"GI_area":null,"auv":null,"_bbox":[11.006078614526722,44.347804000504546,11.272945120757111,44.51173739512768]},"geometry":{"type":"Point","coordinates":[11.14504,44.43169]},"tippecanoe":{"minzoom":6}}
,
{"type":"Feature","properties":{"_area":733408624,"OBJECTID_1":1389,"OBJECTID":0,"Name_rgn":"Colli Orientali del Friuli Picolit","state":"Friuli Venezia Giulia","official":1,"country":"Italy","class":"Denominazione di origine controllata e garantita","altname":null,"gen":18,"color":2,"ppt_yr":1888,"ppt_gs":1203,"GDD_1":1793,"style":null,"latitude":46.1137,"elev":null,"climate":null,"GI_area":null,"auv":null,"_bbox":[13.15734516529381,45.93130880265892,13.602525331702997,46.26411179602987]},"geometry":{"type":"Point","coordinates":[13.3972,46.08926]},"tippecanoe":{"minzoom":5}}
,
{"type":"Feature","properties":{"_area":1624211414,"OBJECTID_1":1390,"OBJECTID":0,"Name_rgn":"Colli Pesaresi","state":"Marche","official":1,"country":"Italy","class":"Denominazione di origine controllata","altname":null,"gen":18,"color":3,"ppt_yr":802,"ppt_gs":463,"GDD_1":2017,"style":null,"latitude":43.7526,"elev":null,"climate":null,"GI_area":null,"auv":null,"_bbox":[12.467855251935022,43.50403416847224,13.172938504702357,43.96971709538844]},"geometry":{"type":"Point","coordinates":[12.8203,43.74188]},"tippecanoe":{"minzoom":5}}
,
{"type":"Feature","properties":{"_area":1956942572,"OBJECTID_1":1391,"OBJECTID":0,"Name_rgn":"Colli Romagna Centrale","state":"Emilia Romagna","official":1,"country":"Italy","class":"Denominazione di origine controllata","altname":null,"gen":18,"color":5,"ppt_yr":880,"ppt_gs":482,"GDD_1":1837,"style":null,"latitude":44.049,"elev":null,"climate":null,"GI_area":null,"auv":null,"_bbox":[11.681888758858502,43.84508475506288,12.421014679008222,44.25289689653994]},"geometry":{"type":"Point","coordinates":[11.95788,44.04461]},"tippecanoe":{"minzoom":5}}
,
{"type":"Feature","properties":{"_area":943880705,"OBJECTID_1":1392,"OBJECTID":0,"Name_rgn":"Colli Tortonesi","state":"Piemonte","official":1,"country":"Italy","class":"Denominazione di origine controllata","altname":null,"gen":18,"color":0,"ppt_yr":1025,"ppt_gs":586,"GDD_1":1412,"style":null,"latitude":44.7709,"elev":null,"climate":null,"GI_area":null,"auv":null,"_bbox":[8.773942544939121,44.57420447375371,9.214254570150624,44.95625042279127]},"geometry":{"type":"Point","coordinates":[8.98511,44.77642]},"tippecanoe":{"minzoom":5}}
,
{"type":"Feature","properties":{"_area":877216626,"OBJECTID_1":1393,"OBJECTID":0,"Name_rgn":"Colli d'Imola","state":"Emilia Romagna","official":1,"country":"Italy","class":"Denominazione di origine controllata","altname":null,"gen":18,"color":4,"ppt_yr":740,"ppt_gs":430,"GDD_1":2055,"style":null,"latitude":44.3672,"elev":null,"climate":null,"GI_area":null,"auv":null,"_bbox":[11.40319716894512,44.216853153057095,11.810077220532033,44.568837579669875]},"geometry":{"type":"Point","coordinates":[11.55994,44.3681]},"tippecanoe":{"minzoom":5}}
,
{"type":"Feature","properties":{"_area":955939899,"OBJECTID_1":1394,"OBJECTID":0,"Name_rgn":"Colli della Sabina","state":"Lazio","official":1,"country":"Italy","class":"Denominazione di origine controllata","altname":null,"gen":18,"color":3,"ppt_yr":614,"ppt_gs":306,"GDD_1":2225,"style":null,"latitude":42.1635,"elev":null,"climate":null,"GI_area":null,"auv":null,"_bbox":[12.46763449614101,41.927050919075555,12.827195405576514,42.40356673407161]},"geometry":{"type":"Point","coordinates":[12.69166,42.09911]},"tippecanoe":{"minzoom":5}}
,
{"type":"Feature","properties":{"_area":685552801,"OBJECTID_1":1395,"OBJECTID":0,"Name_rgn":"Colli di Faenza","state":"Emilia Romagna","official":1,"country":"Italy","class":"Denominazione di origine controllata","altname":null,"gen":18,"color":5,"ppt_yr":850,"ppt_gs":470,"GDD_1":1902,"style":null,"latitude":44.2035,"elev":null,"climate":null,"GI_area":null,"auv":null,"_bbox":[11.524947064422708,44.05552295762098,11.965634271548803,44.33375221916363]},"geometry":{"type":"Point","coordinates":[11.74938,44.19409]},"tippecanoe":{"minzoom":5}}
,
{"type":"Feature","properties":{"_area":871414336,"OBJECTID_1":1396,"OBJECTID":0,"Name_rgn":"Colli di Parma","state":"Emilia Romagna","official":1,"country":"Italy","class":"Denominazione di origine controllata","altname":null,"gen":18,"color":5,"ppt_yr":955,"ppt_gs":547,"GDD_1":1802,"style":null,"latitude":44.6742,"elev":null,"climate":null,"GI_area":null,"auv":null,"_bbox":[9.90030469498517,44.48358675905167,10.414501992052603,44.852974237615406]},"geometry":{"type":"Point","coordinates":[10.0951,44.71013]},"tippecanoe":{"minzoom":5}}
,
{"type":"Feature","properties":{"_area":759208602,"OBJECTID_1":1397,"OBJECTID":0,"Name_rgn":"Colli di Scandiano e di Canossa","state":"Emilia Romagna","official":1,"country":"Italy","class":"Denominazione di origine controllata","altname":null,"gen":18,"color":4,"ppt_yr":837,"ppt_gs":494,"GDD_1":2055,"style":null,"latitude":44.6017,"elev":null,"climate":null,"GI_area":null,"auv":null,"_bbox":[10.351494716793589,44.46775599901264,10.786258153000416,44.767449943104104]},"geometry":{"type":"Point","coordinates":[10.50778,44.60882]},"tippecanoe":{"minzoom":5}}
,
{"type":"Feature","properties":{"_area":698123946,"OBJECTID_1":1398,"OBJECTID":0,"Name_rgn":"Collina Torinese","state":"Piemonte","official":1,"country":"Italy","class":"Denominazione di origine controllata","altname":null,"gen":18,"color":3,"ppt_yr":687,"ppt_gs":487,"GDD_1":1855,"style":null,"latitude":45.0744,"elev":null,"climate":null,"GI_area":null,"auv":null,"_bbox":[7.64745319059854,44.927934819345175,8.146747453834388,45.18727162764518]},"geometry":{"type":"Point","coordinates":[7.85563,45.04697]},"tippecanoe":{"minzoom":5}}
,
{"type":"Feature","properties":{"_area":1715995620,"OBJECTID_1":1399,"OBJECTID":0,"Name_rgn":"Colline Joniche Tarantine","state":"Puglia","official":1,"country":"Italy","class":"Denominazione di origine controllata","altname":null,"gen":18,"color":2,"ppt_yr":598,"ppt_gs":281,"GDD_1":2186,"style":null,"latitude":40.6471,"elev":null,"climate":null,"GI_area":null,"auv":null,"_bbox":[16.696489364065986,40.49921233768512,17.475384343598005,40.80339715410566]},"geometry":{"type":"Point","coordinates":[17.24842,40.66022]},"tippecanoe":{"minzoom":5}}
,
{"type":"Feature","properties":{"_area":318472926,"OBJECTID_1":1400,"OBJECTID":0,"Name_rgn":"Colline Saluzzesi","state":"Piemonte","official":1,"country":"Italy","class":"Denominazione di origine controllata","altname":null,"gen":18,"color":5,"ppt_yr":710,"ppt_gs":461,"GDD_1":1695,"style":null,"latitude":44.6036,"elev":null,"climate":null,"GI_area":null,"auv":null,"_bbox":[7.314680067730959,44.4543386498776,7.493629745973232,44.736549572174]},"geometry":{"type":"Point","coordinates":[7.40975,44.57177]},"tippecanoe":{"minzoom":6}}
,
{"type":"Feature","properties":{"_area":928869225,"OBJECTID_1":1401,"OBJECTID":0,"Name_rgn":"Contea di Sclafani","state":"Sicilia","official":1,"country":"Italy","class":"Denominazione di origine controllata","altname":"Valledolmo-Contea di Sclafani","gen":18,"color":0,"ppt_yr":531,"ppt_gs":222,"GDD_1":2153,"style":null,"latitude":37.7235,"elev":null,"climate":null,"GI_area":null,"auv":null,"_bbox":[13.630063844432494,37.585585844174,14.051622791663911,37.89735237451565]},"geometry":{"type":"Point","coordinates":[13.83405,37.73355]},"tippecanoe":{"minzoom":5}}
,
{"type":"Feature","properties":{"_area":1567312379,"OBJECTID_1":1402,"OBJECTID":0,"Name_rgn":"Cortese dell'Alto Monferrato","state":"Piemonte","official":1,"country":"Italy","class":"Denominazione di origine controllata","altname":null,"gen":18,"color":3,"ppt_yr":742,"ppt_gs":432,"GDD_1":1842,"style":null,"latitude":44.666,"elev":null,"climate":null,"GI_area":null,"auv":null,"_bbox":[8.194851811244703,44.46491510709425,8.783509578589413,44.87625261662347]},"geometry":{"type":"Point","coordinates":[8.41418,44.66817]},"tippecanoe":{"minzoom":5}}
,
{"type":"Feature","properties":{"_area":299253574,"OBJECTID_1":1403,"OBJECTID":0,"Name_rgn":"Cònero","state":"Marche","official":1,"country":"Italy","class":"Denominazione di origine controllata e garantita","altname":null,"gen":18,"color":0,"ppt_yr":687,"ppt_gs":404,"GDD_1":2054,"style":null,"latitude":43.5355,"elev":null,"climate":null,"GI_area":null,"auv":null,"_bbox":[13.376177199996793,43.44590646898882,13.628482580076302,43.631467990909194]},"geometry":{"type":"Point","coordinates":[13.49252,43.54557]},"tippecanoe":{"minzoom":6}}
,
{"type":"Feature","properties":{"_area":1052430310,"OBJECTID_1":1404,"OBJECTID":0,"Name_rgn":"Delia Nivolelli","state":"Sicilia","official":1,"country":"Italy","class":"Denominazione di origine controllata","altname":null,"gen":18,"color":3,"ppt_yr":496,"ppt_gs":195,"GDD_1":2653,"style":null,"latitude":37.7689,"elev":null,"climate":null,"GI_area":null,"auv":null,"_bbox":[12.423964499178657,37.57553940885208,12.88059331653809,37.93461474667848]},"geometry":{"type":"Point","coordinates":[12.63646,37.7656]},"tippecanoe":{"minzoom":5}}
,
{"type":"Feature","properties":{"_area":312811872,"OBJECTID_1":1405,"OBJECTID":0,"Name_rgn":"Dogliani","state":"Piemonte","official":1,"country":"Italy","class":"Denominazione di origine controllata e garantita","altname":null,"gen":18,"color":2,"ppt_yr":622,"ppt_gs":373,"GDD_1":1936,"style":null,"latitude":44.4675,"elev":null,"climate":null,"GI_area":null,"auv":null,"_bbox":[7.816707339807669,44.3566183207626,8.034559678227454,44.581553234135924]},"geometry":{"type":"Point","coordinates":[7.93882,44.48044]},"tippecanoe":{"minzoom":6}}
,
{"type":"Feature","properties":{"_area":578276495,"OBJECTID_1":1406,"OBJECTID":0,"Name_rgn":"Dolcetto d'Alba","state":"Piemonte","official":1,"country":"Italy","class":"Denominazione di origine controllata","altname":null,"gen":18,"color":5,"ppt_yr":581,"ppt_gs":355,"GDD_1":1600,"style":null,"latitude":44.6516,"elev":null,"climate":null,"GI_area":null,"auv":null,"_bbox":[7.866118150407035,44.54445403476207,8.26872579300725,44.754899529146165]},"geometry":{"type":"Point","coordinates":[8.13041,44.64927]},"tippecanoe":{"minzoom":5}}
,
{"type":"Feature","properties":{"_area":401013594,"OBJECTID_1":1407,"OBJECTID":0,"Name_rgn":"Dolcetto d'Asti","state":"Piemonte","official":1,"country":"Italy","class":"Denominazione di origine controllata","altname":null,"gen":18,"color":0,"ppt_yr":657,"ppt_gs":389,"GDD_1":192,"style":null,"latitude":44.6731,"elev":null,"climate":null,"GI_area":null,"auv":null,"_bbox":[8.194471010048344,44.51897280187679,8.51361615303956,44.80724587160991]},"geometry":{"type":"Point","coordinates":[8.31102,44.6389]},"tippecanoe":{"minzoom":5}}
,
{"type":"Feature","properties":{"_area":1152697977,"OBJECTID_1":1408,"OBJECTID":0,"Name_rgn":"Eloro","state":"Sicilia","official":1,"country":"Italy","class":"Denominazione di origine controllata","altname":null,"gen":18,"color":2,"ppt_yr":495,"ppt_gs":193,"GDD_1":2701,"style":null,"latitude":36.8691,"elev":null,"climate":null,"GI_area":null,"auv":null,"_bbox":[14.836865239265599,36.64402900125031,15.182358087824635,37.07585646974282]},"geometry":{"type":"Point","coordinates":[15.00894,36.90382]},"tippecanoe":{"minzoom":5}}
,
{"type":"Feature","properties":{"_area":193752664,"OBJECTID_1":1409,"OBJECTID":0,"Name_rgn":"Erice","state":"Sicilia","official":1,"country":"Italy","class":"Denominazione di origine controllata","altname":null,"gen":18,"color":3,"ppt_yr":517,"ppt_gs":209,"GDD_1":2453,"style":null,"latitude":38.0072,"elev":null,"climate":null,"GI_area":null,"auv":null,"_bbox":[12.553184946885013,37.94343635103987,12.811158912714014,38.06750074802211]},"geometry":{"type":"Point","coordinates":[12.68791,38.00838]},"tippecanoe":{"minzoom":6}}
,
{"type":"Feature","properties":{"_area":2038312189,"OBJECTID_1":1410,"OBJECTID":0,"Name_rgn":"Etna","state":"Sicilia","official":1,"country":"Italy","class":"Denominazione di origine controllata","altname":null,"gen":18,"color":5,"ppt_yr":626,"ppt_gs":256,"GDD_1":2066,"style":null,"latitude":37.6996,"elev":null,"climate":null,"GI_area":null,"auv":null,"_bbox":[14.70603332758869,37.40557485566421,15.226532054897204,37.960814757293775]},"geometry":{"type":"Point","coordinates":[14.96323,37.70954]},"tippecanoe":{"minzoom":5}}
,
{"type":"Feature","properties":{"_area":426312871,"OBJECTID_1":1411,"OBJECTID":0,"Name_rgn":"Falerno del Massico","state":"Campania","official":1,"country":"Italy","class":"Denominazione di origine controllata","altname":null,"gen":18,"color":1,"ppt_yr":870,"ppt_gs":390,"GDD_1":2217,"style":null,"latitude":41.1938,"elev":null,"climate":null,"GI_area":null,"auv":null,"_bbox":[13.762065451886816,41.04648848198656,14.040970307970692,41.323465977038595]},"geometry":{"type":"Point","coordinates":[13.91191,41.20499]},"tippecanoe":{"minzoom":5}}
,
{"type":"Feature","properties":{"_area":2045601287,"OBJECTID_1":1412,"OBJECTID":0,"Name_rgn":"Freisa d'Asti","state":"Piemonte","official":1,"country":"Italy","class":"Denominazione di origine controllata","altname":null,"gen":18,"color":2,"ppt_yr":611,"ppt_gs":386,"GDD_1":1974,"style":null,"latitude":44.8758,"elev":null,"climate":null,"GI_area":null,"auv":null,"_bbox":[7.892517186375657,44.51956628552698,8.512570604569342,45.132957125612606]},"geometry":{"type":"Point","coordinates":[8.20221,44.88676]},"tippecanoe":{"minzoom":5}}
,
{"type":"Feature","properties":{"_area":237985866,"OBJECTID_1":1413,"OBJECTID":0,"Name_rgn":"Freisa di Chieri","state":"Piemonte","official":1,"country":"Italy","class":"Denominazione di origine controllata","altname":null,"gen":18,"color":0,"ppt_yr":681,"ppt_gs":485,"GDD_1":1465,"style":null,"latitude":45.0222,"elev":null,"climate":null,"GI_area":null,"auv":null,"_bbox":[7.702356105344002,44.93624731843988,7.957080364648327,45.09510847977135]},"geometry":{"type":"Point","coordinates":[7.85998,45.0194]},"tippecanoe":{"minzoom":6}}
,
{"type":"Feature","properties":{"_area":282575412,"OBJECTID_1":1414,"OBJECTID":0,"Name_rgn":"Friuli Aquileia","state":"Friuli Venezia Giulia","official":1,"country":"Italy","class":"Denominazione di origine controllata","altname":null,"gen":18,"color":1,"ppt_yr":1261,"ppt_gs":813,"GDD_1":2048,"style":null,"latitude":45.8343,"elev":null,"climate":null,"GI_area":null,"auv":null,"_bbox":[13.27069000680396,45.72362751770387,13.461096379048035,45.954873526939004]},"geometry":{"type":"Point","coordinates":[13.35474,45.81511]},"tippecanoe":{"minzoom":6}}
,
{"type":"Feature","properties":{"_area":785467596,"OBJECTID_1":1415,"OBJECTID":0,"Name_rgn":"Friuli Colli Orientali","state":"Friuli Venezia Giulia","official":1,"country":"Italy","class":"Denominazione di origine controllata","altname":null,"gen":18,"color":2,"ppt_yr":1922,"ppt_gs":1222,"GDD_1":1378,"style":null,"latitude":46.1144,"elev":null,"climate":null,"GI_area":null,"auv":null,"_bbox":[13.15734516529381,45.93130880265892,13.652044892002179,46.26411179602987]},"geometry":{"type":"Point","coordinates":[13.3998,46.09186]},"tippecanoe":{"minzoom":5}}
,
{"type":"Feature","properties":{"_area":307290713,"OBJECTID_1":1416,"OBJECTID":0,"Name_rgn":"Friuli Isonzo","state":"Friuli Venezia Giulia","official":1,"country":"Italy","class":"Denominazione di origine controllata","altname":"Isonzo del Friuli","gen":18,"color":5,"ppt_yr":1350,"ppt_gs":864,"GDD_1":2007,"style":null,"latitude":45.8819,"elev":null,"climate":null,"GI_area":null,"auv":null,"_bbox":[13.38663929636232,45.77268998143199,13.64047952147193,45.97992466666313]},"geometry":{"type":"Point","coordinates":[13.49309,45.88724]},"tippecanoe":{"minzoom":6}}
,
{"type":"Feature","properties":{"_area":418437019,"OBJECTID_1":1417,"OBJECTID":0,"Name_rgn":"Friuli Latisana","state":"Friuli Venezia Giulia","official":1,"country":"Italy","class":"Denominazione di origine controllata","altname":null,"gen":18,"color":3,"ppt_yr":1151,"ppt_gs":752,"GDD_1":2051,"style":null,"latitude":45.8147,"elev":null,"climate":null,"GI_area":null,"auv":null,"_bbox":[12.896774607815432,45.64277585081107,13.163288476769022,45.923554854901816]},"geometry":{"type":"Point","coordinates":[13.06178,45.81195]},"tippecanoe":{"minzoom":5}}
,
{"type":"Feature","properties":{"_area":430433691,"OBJECTID_1":1418,"OBJECTID":0,"Name_rgn":"Gavi","state":"Piemonte","official":1,"country":"Italy","class":"Denominazione di origine controllata e garantita","altname":"Cortese di Gavi","gen":18,"color":2,"ppt_yr":943,"ppt_gs":538,"GDD_1":1914,"style":null,"latitude":44.683,"elev":null,"climate":null,"GI_area":null,"auv":null,"_bbox":[8.656938727021462,44.48742969779638,8.889662135609296,44.808029777028466]},"geometry":{"type":"Point","coordinates":[8.78375,44.69515]},"tippecanoe":{"minzoom":5}}
,
{"type":"Feature","properties":{"_area":740442587,"OBJECTID_1":1419,"OBJECTID":0,"Name_rgn":"Gravina","state":"Puglia","official":1,"country":"Italy","class":"Denominazione di origine controllata","altname":null,"gen":18,"color":4,"ppt_yr":532,"ppt_gs":265,"GDD_1":2082,"style":null,"latitude":40.8533,"elev":null,"climate":null,"GI_area":null,"auv":null,"_bbox":[16.089841381724032,40.70081100947637,16.5630759086111,41.00534610312664]},"geometry":{"type":"Point","coordinates":[16.43304,40.80609]},"tippecanoe":{"minzoom":5}}
,
{"type":"Feature","properties":{"_area":605603328,"OBJECTID_1":1420,"OBJECTID":0,"Name_rgn":"Grignolino del Monferrato Casalese","state":"Piemonte","official":1,"country":"Italy","class":"Denominazione di origine controllata","altname":null,"gen":18,"color":1,"ppt_yr":675,"ppt_gs":441,"GDD_1":1893,"style":null,"latitude":45.0896,"elev":null,"climate":null,"GI_area":null,"auv":null,"_bbox":[8.109330051638254,44.95015561035742,8.517014157888587,45.181093466992884]},"geometry":{"type":"Point","coordinates":[8.38628,45.06111]},"tippecanoe":{"minzoom":5}}
,
{"type":"Feature","properties":{"_area":307520588,"OBJECTID_1":1421,"OBJECTID":0,"Name_rgn":"Lacrima di Morro","state":"Marche","official":1,"country":"Italy","class":"Denominazione di origine controllata","altname":"Lacrima di Morro d'Alba","gen":18,"color":5,"ppt_yr":737,"ppt_gs":431,"GDD_1":2014,"style":null,"latitude":43.6238,"elev":null,"climate":null,"GI_area":null,"auv":null,"_bbox":[13.083013286221908,43.5224833407013,13.320306532392344,43.73868240139527]},"geometry":{"type":"Point","coordinates":[13.18689,43.62636]},"tippecanoe":{"minzoom":6}}
,
{"type":"Feature","properties":{"_area":872732811,"OBJECTID_1":1422,"OBJECTID":0,"Name_rgn":"Lambrusco Grasparossa di Castelvetro","state":"Emilia Romagna","official":1,"country":"Italy","class":"Denominazione di origine controllata","altname":null,"gen":18,"color":0,"ppt_yr":750,"ppt_gs":454,"GDD_1":1645,"style":null,"latitude":44.5321,"elev":null,"climate":null,"GI_area":null,"auv":null,"_bbox":[10.621524978406748,44.38535207631167,11.152534223528502,44.662427952227915]},"geometry":{"type":"Point","coordinates":[10.87641,44.52118]},"tippecanoe":{"minzoom":5}}
,
{"type":"Feature","properties":{"_area":468504208,"OBJECTID_1":1423,"OBJECTID":0,"Name_rgn":"Lambrusco di Sorbara","state":"Emilia Romagna","official":1,"country":"Italy","class":"Denominazione di origine controllata","altname":null,"gen":18,"color":4,"ppt_yr":663,"ppt_gs":407,"GDD_1":2140,"style":null,"latitude":44.7049,"elev":null,"climate":null,"GI_area":null,"auv":null,"_bbox":[10.796127866790917,44.58958208459306,11.141586748879105,44.8239679217907]},"geometry":{"type":"Point","coordinates":[10.98519,44.69899]},"tippecanoe":{"minzoom":5}}
,
{"type":"Feature","properties":{"_area":593743711,"OBJECTID_1":1424,"OBJECTID":0,"Name_rgn":"Lamezia","state":"Calabria","official":1,"country":"Italy","class":"Denominazione di origine controllata","altname":null,"gen":18,"color":3,"ppt_yr":931,"ppt_gs":370,"GDD_1":2290,"style":null,"latitude":38.9084,"elev":null,"climate":null,"GI_area":null,"auv":null,"_bbox":[16.124873588652104,38.748345445019496,16.479755316616796,39.02425192386222]},"geometry":{"type":"Point","coordinates":[16.28923,38.89546]},"tippecanoe":{"minzoom":5}}
,
{"type":"Feature","properties":{"_area":537108285,"OBJECTID_1":1425,"OBJECTID":0,"Name_rgn":"Lessini Durello","state":"Veneto","official":1,"country":"Italy","class":"Denominazione di origine controllata","altname":"Durello Lessini","gen":18,"color":4,"ppt_yr":927,"ppt_gs":603,"GDD_1":1924,"style":null,"latitude":45.5598,"elev":null,"climate":null,"GI_area":null,"auv":null,"_bbox":[11.124049239433747,45.43697570679076,11.48451856401839,45.71232046125648]},"geometry":{"type":"Point","coordinates":[11.33325,45.56658]},"tippecanoe":{"minzoom":5}}
,
{"type":"Feature","properties":{"_area":361116201,"OBJECTID_1":1426,"OBJECTID":0,"Name_rgn":"Malvasia di Bosa","state":"Sardegna","official":1,"country":"Italy","class":"Denominazione di origine controllata","altname":null,"gen":18,"color":1,"ppt_yr":768,"ppt_gs":280,"GDD_1":2066,"style":null,"latitude":40.3148,"elev":null,"climate":null,"GI_area":null,"auv":null,"_bbox":[8.378615166611853,40.17479713537919,8.624693289985345,40.40893946455458]},"geometry":{"type":"Point","coordinates":[8.50026,40.31108]},"tippecanoe":{"minzoom":6}}
,
{"type":"Feature","properties":{"_area":865042501,"OBJECTID_1":1427,"OBJECTID":0,"Name_rgn":"Martina","state":"Puglia","official":1,"country":"Italy","class":"Denominazione di origine controllata","altname":"Martina Franca","gen":18,"color":1,"ppt_yr":582,"ppt_gs":270,"GDD_1":2116,"style":null,"latitude":40.6777,"elev":null,"climate":null,"GI_area":null,"auv":null,"_bbox":[17.130799216380698,40.5509897050257,17.521229338966283,40.9199820143282]},"geometry":{"type":"Point","coordinates":[17.28178,40.6926]},"tippecanoe":{"minzoom":5}}
,
{"type":"Feature","properties":{"_area":788672381,"OBJECTID_1":1428,"OBJECTID":0,"Name_rgn":"Melissa","state":"Calabria","official":1,"country":"Italy","class":"Denominazione di origine controllata","altname":null,"gen":18,"color":3,"ppt_yr":716,"ppt_gs":271,"GDD_1":1785,"style":null,"latitude":39.2449,"elev":null,"climate":null,"GI_area":null,"auv":null,"_bbox":[16.75085020552221,39.10012899193339,17.141215370479106,39.41329414559241]},"geometry":{"type":"Point","coordinates":[16.96982,39.24081]},"tippecanoe":{"minzoom":5}}
,
{"type":"Feature","properties":{"_area":459124834,"OBJECTID_1":1429,"OBJECTID":0,"Name_rgn":"Menfi","state":"Sicilia","official":1,"country":"Italy","class":"Denominazione di origine controllata","altname":null,"gen":18,"color":2,"ppt_yr":495,"ppt_gs":194,"GDD_1":2328,"style":null,"latitude":37.6124,"elev":null,"climate":null,"GI_area":null,"auv":null,"_bbox":[12.728047284745996,37.52961803104103,13.215035607930307,37.69056414212314]},"geometry":{"type":"Point","coordinates":[13.02542,37.61072]},"tippecanoe":{"minzoom":5}}
,
{"type":"Feature","properties":{"_area":1162328497,"OBJECTID_1":1430,"OBJECTID":0,"Name_rgn":"Monreale","state":"Sicilia","official":1,"country":"Italy","class":"Denominazione di origine controllata","altname":null,"gen":18,"color":3,"ppt_yr":533,"ppt_gs":222,"GDD_1":2237,"style":null,"latitude":37.8795,"elev":null,"climate":null,"GI_area":null,"auv":null,"_bbox":[12.92887878007722,37.709231791123976,13.462075132330451,38.02531050343156]},"geometry":{"type":"Point","coordinates":[13.27891,37.87406]},"tippecanoe":{"minzoom":5}}
,
{"type":"Feature","properties":{"_area":256279468,"OBJECTID_1":1431,"OBJECTID":0,"Name_rgn":"Montefalco Sagrantino","state":"Umbria","official":1,"country":"Italy","class":"Denominazione di origine controllata e garantita","altname":null,"gen":18,"color":5,"ppt_yr":638,"ppt_gs":360,"GDD_1":1944,"style":null,"latitude":42.8876,"elev":null,"climate":null,"GI_area":null,"auv":null,"_bbox":[12.476065208109066,42.80836741912616,12.703068514623723,42.990987633057614]},"geometry":{"type":"Point","coordinates":[12.56096,42.90467]},"tippecanoe":{"minzoom":6}}
,
{"type":"Feature","properties":{"_area":2030049561,"OBJECTID_1":1432,"OBJECTID":0,"Name_rgn":"Moscato di Trani","state":"Puglia","official":1,"country":"Italy","class":"Denominazione di origine controllata","altname":null,"gen":18,"color":2,"ppt_yr":460,"ppt_gs":236,"GDD_1":2326,"style":null,"latitude":41.1405,"elev":null,"climate":null,"GI_area":null,"auv":null,"_bbox":[15.8703002929688,40.94390869140626,16.664123535156236,41.35607910156254]},"geometry":{"type":"Point","coordinates":[16.16413,41.16207]},"tippecanoe":{"minzoom":5}}
,
{"type":"Feature","properties":{"_area":642300527,"OBJECTID_1":1433,"OBJECTID":0,"Name_rgn":"Narni","state":"Umbria","official":1,"country":"Italy","class":"Indicazione geografica tipica","altname":null,"gen":18,"color":4,"ppt_yr":438,"ppt_gs":236,"GDD_1":2089,"style":null,"latitude":42.5297,"elev":null,"climate":null,"GI_area":null,"auv":null,"_bbox":[12.23585400401633,42.36410384186373,12.613004515580004,42.66206297029029]},"geometry":{"type":"Point","coordinates":[12.47271,42.52996]},"tippecanoe":{"minzoom":5}}
,
{"type":"Feature","properties":{"_area":544213174,"OBJECTID_1":1434,"OBJECTID":0,"Name_rgn":"Nebbiolo d'Alba","state":"Piemonte","official":1,"country":"Italy","class":"Denominazione di origine controllata","altname":null,"gen":18,"color":1,"ppt_yr":548,"ppt_gs":342,"GDD_1":1812,"style":null,"latitude":44.7155,"elev":null,"climate":null,"GI_area":null,"auv":null,"_bbox":[7.843464131813914,44.54564894927272,8.137682598538275,44.85651925412359]},"geometry":{"type":"Point","coordinates":[7.98483,44.6985]},"tippecanoe":{"minzoom":5}}
,
{"type":"Feature","properties":{"_area":506132735,"OBJECTID_1":1435,"OBJECTID":0,"Name_rgn":"Offida","state":"Marche","official":1,"country":"Italy","class":"Denominazione di origine controllata e garantita","altname":null,"gen":18,"color":5,"ppt_yr":695,"ppt_gs":412,"GDD_1":2048,"style":null,"latitude":42.9685,"elev":null,"climate":null,"GI_area":null,"auv":null,"_bbox":[13.514921470899102,42.85826928472168,13.891429019976018,43.10146875205047]},"geometry":{"type":"Point","coordinates":[13.76952,42.97607]},"tippecanoe":{"minzoom":5}}
,
{"type":"Feature","properties":{"_area":378582075,"OBJECTID_1":1436,"OBJECTID":0,"Name_rgn":"Orta Nova","state":"Puglia","official":1,"country":"Italy","class":"Denominazione di origine controllata","altname":null,"gen":18,"color":0,"ppt_yr":506,"ppt_gs":264,"GDD_1":2348,"style":null,"latitude":41.3332,"elev":null,"climate":null,"GI_area":null,"auv":null,"_bbox":[15.53536133478841,41.21871337298155,15.829231559961089,41.44452881838682]},"geometry":{"type":"Point","coordinates":[15.6959,41.35456]},"tippecanoe":{"minzoom":5}}
,
{"type":"Feature","properties":{"_area":672875969,"OBJECTID_1":1437,"OBJECTID":0,"Name_rgn":"Ostuni","state":"Puglia","official":1,"country":"Italy","class":"Denominazione di origine controllata","altname":null,"gen":18,"color":2,"ppt_yr":529,"ppt_gs":241,"GDD_1":2400,"style":null,"latitude":40.6876,"elev":null,"climate":null,"GI_area":null,"auv":null,"_bbox":[17.365959464147302,40.55786223352358,17.81008307571731,40.81438900347741]},"geometry":{"type":"Point","coordinates":[17.53581,40.69865]},"tippecanoe":{"minzoom":5}}
,
{"type":"Feature","properties":{"_area":212375635,"OBJECTID_1":1438,"OBJECTID":0,"Name_rgn":"Penisola Sorrentina","state":"Campania","official":1,"country":"Italy","class":"Denominazione di origine controllata","altname":null,"gen":18,"color":4,"ppt_yr":875,"ppt_gs":390,"GDD_1":1917,"style":null,"latitude":40.6511,"elev":null,"climate":null,"GI_area":null,"auv":null,"_bbox":[14.320373649916638,40.56904106524017,14.59062231165888,40.73174024980299]},"geometry":{"type":"Point","coordinates":[14.53455,40.66755]},"tippecanoe":{"minzoom":6}}
,
{"type":"Feature","properties":{"_area":420464451,"OBJECTID_1":1439,"OBJECTID":0,"Name_rgn":"Pornassio","state":"Liguria","official":1,"country":"Italy","class":"Denominazione di origine controllata","altname":"Ormeasco di Pornassio","gen":18,"color":2,"ppt_yr":823,"ppt_gs":466,"GDD_1":1348,"style":null,"latitude":44.0478,"elev":null,"climate":null,"GI_area":null,"auv":null,"_bbox":[7.715204471528038,43.93953796940541,8.038954773980205,44.12874425528886]},"geometry":{"type":"Point","coordinates":[7.82607,44.03266]},"tippecanoe":{"minzoom":5}}
,
{"type":"Feature","properties":{"_area":988640545,"OBJECTID_1":1440,"OBJECTID":0,"Name_rgn":"Portofino","state":"Liguria","official":1,"country":"Italy","class":"Denominazione di origine controllata","altname":"Golfo del Tigullio-Portofino","gen":18,"color":4,"ppt_yr":1395,"ppt_gs":738,"GDD_1":1837,"style":null,"latitude":44.387,"elev":null,"climate":null,"GI_area":null,"auv":null,"_bbox":[8.933599983305653,44.21666068643588,9.574846021479738,44.49712155556508]},"geometry":{"type":"Point","coordinates":[9.3888,44.37278]},"tippecanoe":{"minzoom":5}}
,
{"type":"Feature","properties":{"_area":1034318098,"OBJECTID_1":1441,"OBJECTID":0,"Name_rgn":"Primitivo di Manduria Dolce Naturale","state":"Puglia","official":1,"country":"Italy","class":"Denominazione di origine controllata e garantita","altname":null,"gen":18,"color":2,"ppt_yr":532,"ppt_gs":237,"GDD_1":2452,"style":null,"latitude":40.4053,"elev":null,"climate":null,"GI_area":null,"auv":null,"_bbox":[17.258181450479277,40.294583595941944,17.800177864287342,40.560593038211906]},"geometry":{"type":"Point","coordinates":[17.66083,40.42603]},"tippecanoe":{"minzoom":5}}
,
{"type":"Feature","properties":{"_area":1026105442,"OBJECTID_1":1442,"OBJECTID":0,"Name_rgn":"Primitivo di Manduria","state":"Puglia","official":1,"country":"Italy","class":"Denominazione di origine controllata","altname":null,"gen":18,"color":2,"ppt_yr":531,"ppt_gs":237,"GDD_1":2448,"style":null,"latitude":40.4046,"elev":null,"climate":null,"GI_area":null,"auv":null,"_bbox":[17.26361174297242,40.294583595941944,17.800177864287342,40.560593038212]},"geometry":{"type":"Point","coordinates":[17.66107,40.42603]},"tippecanoe":{"minzoom":5}}
,
{"type":"Feature","properties":{"_area":1231073631,"OBJECTID_1":1443,"OBJECTID":0,"Name_rgn":"Riviera del Garda Bresciano","state":"Lombardia","official":1,"country":"Italy","class":"Denominazione di origine controllata","altname":"Garda Bresciano","gen":18,"color":4,"ppt_yr":749,"ppt_gs":521,"GDD_1":1646,"style":null,"latitude":45.6189,"elev":null,"climate":null,"GI_area":null,"auv":null,"_bbox":[10.369945466121196,45.38111283969093,10.84015755556627,45.843020367132205]},"geometry":{"type":"Point","coordinates":[10.55805,45.61071]},"tippecanoe":{"minzoom":5}}
,
{"type":"Feature","properties":{"_area":189552076,"OBJECTID_1":1444,"OBJECTID":0,"Name_rgn":"Roero","state":"Piemonte","official":1,"country":"Italy","class":"Denominazione di origine controllata e garantita","altname":null,"gen":18,"color":0,"ppt_yr":546,"ppt_gs":348,"GDD_1":1812,"style":null,"latitude":44.7666,"elev":null,"climate":null,"GI_area":null,"auv":null,"_bbox":[7.872332981879936,44.69335408173503,8.09028526452913,44.85660562829673]},"geometry":{"type":"Point","coordinates":[7.975,44.78072]},"tippecanoe":{"minzoom":6}}
,
{"type":"Feature","properties":{"_area":2283541197,"OBJECTID_1":1445,"OBJECTID":0,"Name_rgn":"Romagna Albana","state":"Emilia Romagna","official":1,"country":"Italy","class":"Denominazione di origine controllata e garantita","altname":null,"gen":18,"color":0,"ppt_yr":781,"ppt_gs":445,"GDD_1":2176,"style":null,"latitude":44.228,"elev":null,"climate":null,"GI_area":null,"auv":null,"_bbox":[11.402197977839114,44.009351611523925,12.420538098151281,44.47967823467457]},"geometry":{"type":"Point","coordinates":[11.65527,44.26886]},"tippecanoe":{"minzoom":5}}
,
{"type":"Feature","properties":{"_area":316960560,"OBJECTID_1":1446,"OBJECTID":0,"Name_rgn":"Rossese di Dolceacqua","state":"Liguria","official":1,"country":"Italy","class":"Denominazione di origine controllata","altname":"Dolceaqua","gen":18,"color":0,"ppt_yr":775,"ppt_gs":412,"GDD_1":1871,"style":null,"latitude":43.8869,"elev":null,"climate":null,"GI_area":null,"auv":null,"_bbox":[7.527088006690978,43.77978204889529,7.780048667258899,43.99822755251759]},"geometry":{"type":"Point","coordinates":[7.63503,43.88772]},"tippecanoe":{"minzoom":6}}
,
{"type":"Feature","properties":{"_area":299253574,"OBJECTID_1":1447,"OBJECTID":0,"Name_rgn":"Rosso Cònero","state":"Marche","official":1,"country":"Italy","class":"Denominazione di origine controllata","altname":null,"gen":18,"color":5,"ppt_yr":687,"ppt_gs":404,"GDD_1":2053,"style":null,"latitude":43.5355,"elev":null,"climate":null,"GI_area":null,"auv":null,"_bbox":[13.376177199996793,43.44590646898882,13.628482580076302,43.631467990909194]},"geometry":{"type":"Point","coordinates":[13.49252,43.54557]},"tippecanoe":{"minzoom":6}}
,
{"type":"Feature","properties":{"_area":843597818,"OBJECTID_1":1448,"OBJECTID":0,"Name_rgn":"Rosso di Cerignola","state":"Puglia","official":1,"country":"Italy","class":"Denominazione di origine controllata","altname":null,"gen":18,"color":2,"ppt_yr":483,"ppt_gs":251,"GDD_1":2338,"style":null,"latitude":41.2786,"elev":null,"climate":null,"GI_area":null,"auv":null,"_bbox":[15.656461202044596,41.11368580592698,16.040242348385227,41.476495178068355]},"geometry":{"type":"Point","coordinates":[15.89916,41.30537]},"tippecanoe":{"minzoom":5}}
,
{"type":"Feature","properties":{"_area":339744712,"OBJECTID_1":1449,"OBJECTID":0,"Name_rgn":"S. Anna di Isola Capo Rizzuto","state":"Calabria","official":1,"country":"Italy","class":"Denominazione di origine controllata","altname":null,"gen":18,"color":2,"ppt_yr":708,"ppt_gs":258,"GDD_1":2566,"style":null,"latitude":39.0023,"elev":null,"climate":null,"GI_area":null,"auv":null,"_bbox":[16.981139162379915,38.89257569856922,17.206526470898204,39.1138041447391]},"geometry":{"type":"Point","coordinates":[17.08268,39.00708]},"tippecanoe":{"minzoom":6}}
,
{"type":"Feature","properties":{"_area":358752662,"OBJECTID_1":1450,"OBJECTID":0,"Name_rgn":"Salice Salentino","state":"Puglia","official":1,"country":"Italy","class":"Denominazione di origine controllata","altname":null,"gen":18,"color":4,"ppt_yr":513,"ppt_gs":224,"GDD_1":2479,"style":null,"latitude":40.4056,"elev":null,"climate":null,"GI_area":null,"auv":null,"_bbox":[17.771302543538194,40.3067200302841,18.047605655498806,40.513608367177675]},"geometry":{"type":"Point","coordinates":[17.91273,40.41097]},"tippecanoe":{"minzoom":6}}
,
{"type":"Feature","properties":{"_area":1014261111,"OBJECTID_1":1451,"OBJECTID":0,"Name_rgn":"San Severo","state":"Puglia","official":1,"country":"Italy","class":"Denominazione di origine controllata","altname":null,"gen":18,"color":0,"ppt_yr":436,"ppt_gs":233,"GDD_1":2358,"style":null,"latitude":41.6862,"elev":null,"climate":null,"GI_area":null,"auv":null,"_bbox":[15.101801215347523,41.53376097422912,15.605442266397642,41.87947749988627]},"geometry":{"type":"Point","coordinates":[15.30775,41.71]},"tippecanoe":{"minzoom":5}}
,
{"type":"Feature","properties":{"_area":269885181,"OBJECTID_1":1452,"OBJECTID":0,"Name_rgn":"Savuto","state":"Calabria","official":1,"country":"Italy","class":"Denominazione di origine controllata","altname":null,"gen":18,"color":3,"ppt_yr":945,"ppt_gs":383,"GDD_1":2102,"style":null,"latitude":39.1034,"elev":null,"climate":null,"GI_area":null,"auv":null,"_bbox":[16.085769971712647,39.00397848945833,16.368252525386602,39.20301515145122]},"geometry":{"type":"Point","coordinates":[16.26809,39.12566]},"tippecanoe":{"minzoom":6}}
,
{"type":"Feature","properties":{"_area":344023920,"OBJECTID_1":1453,"OBJECTID":0,"Name_rgn":"Squinzano","state":"Puglia","official":1,"country":"Italy","class":"Denominazione di origine controllata","altname":null,"gen":18,"color":5,"ppt_yr":518,"ppt_gs":224,"GDD_1":2510,"style":null,"latitude":40.4631,"elev":null,"climate":null,"GI_area":null,"auv":null,"_bbox":[17.878488807108234,40.34610824636914,18.158720862804298,40.5587101511212]},"geometry":{"type":"Point","coordinates":[18.02839,40.45449]},"tippecanoe":{"minzoom":6}}
,
{"type":"Feature","properties":{"_area":565456430,"OBJECTID_1":1454,"OBJECTID":0,"Name_rgn":"Terre di Offida","state":"Marche","official":1,"country":"Italy","class":"Denominazione di origine controllata","altname":null,"gen":18,"color":0,"ppt_yr":694,"ppt_gs":410,"GDD_1":2096,"style":null,"latitude":42.9611,"elev":null,"climate":null,"GI_area":null,"auv":null,"_bbox":[13.514216257704378,42.83853573057977,13.896177049778137,43.10203930866625]},"geometry":{"type":"Point","coordinates":[13.76846,42.96926]},"tippecanoe":{"minzoom":5}}
,
{"type":"Feature","properties":{"_area":1267510492,"OBJECTID_1":1455,"OBJECTID":0,"Name_rgn":"Terre di Veleja","state":"Emilia Romagna","official":1,"country":"Italy","class":"Indicazione geografica tipica","altname":null,"gen":18,"color":2,"ppt_yr":903,"ppt_gs":539,"GDD_1":1663,"style":null,"latitude":44.8338,"elev":null,"climate":null,"GI_area":null,"auv":null,"_bbox":[9.284722007772203,44.69276072401129,10.011339805863356,44.97798182224606]},"geometry":{"type":"Point","coordinates":[9.72815,44.84206]},"tippecanoe":{"minzoom":5}}
,
{"type":"Feature","properties":{"_area":417575447,"OBJECTID_1":1456,"OBJECTID":0,"Name_rgn":"Val Tidone","state":"Emilia Romagna","official":1,"country":"Italy","class":"Indicazione geografica tipica","altname":null,"gen":18,"color":4,"ppt_yr":768,"ppt_gs":470,"GDD_1":1864,"style":null,"latitude":44.967,"elev":null,"climate":null,"GI_area":null,"auv":null,"_bbox":[9.277111899072134,44.863994649124585,9.579083279424719,45.09876642009873]},"geometry":{"type":"Point","coordinates":[9.44769,44.97221]},"tippecanoe":{"minzoom":5}}
,
{"type":"Feature","properties":{"_area":615820431,"OBJECTID_1":1457,"OBJECTID":0,"Name_rgn":"Valsusa","state":"Piemonte","official":1,"country":"Italy","class":"Denominazione di origine controllata","altname":null,"gen":18,"color":0,"ppt_yr":980,"ppt_gs":580,"GDD_1":1186,"style":null,"latitude":45.1302,"elev":null,"climate":null,"GI_area":null,"auv":null,"_bbox":[6.848304620780982,45.04797871368264,7.45498354039613,45.203403557372084]},"geometry":{"type":"Point","coordinates":[7.1628,45.12448]},"tippecanoe":{"minzoom":5}}
,
{"type":"Feature","properties":{"_area":213963357,"OBJECTID_1":1458,"OBJECTID":0,"Name_rgn":"Velletri","state":"Lazio","official":1,"country":"Italy","class":"Denominazione di origine controllata","altname":null,"gen":18,"color":5,"ppt_yr":831,"ppt_gs":377,"GDD_1":2200,"style":null,"latitude":41.6666,"elev":null,"climate":null,"GI_area":null,"auv":null,"_bbox":[12.697488475375712,41.57273575060078,12.855171813272273,41.755056549012025]},"geometry":{"type":"Point","coordinates":[12.77571,41.65835]},"tippecanoe":{"minzoom":6}}
,
{"type":"Feature","properties":{"_area":196252361,"OBJECTID_1":1459,"OBJECTID":0,"Name_rgn":"Verdicchio di Matelica","state":"Marche","official":1,"country":"Italy","class":"Denominazione di origine controllata","altname":null,"gen":18,"color":3,"ppt_yr":836,"ppt_gs":487,"GDD_1":2062,"style":null,"latitude":43.2452,"elev":null,"climate":null,"GI_area":null,"auv":null,"_bbox":[12.918830004673838,43.13960782221842,13.106441064086948,43.344877355261495]},"geometry":{"type":"Point","coordinates":[13.01667,43.23671]},"tippecanoe":{"minzoom":6}}
,
{"type":"Feature","properties":{"_area":196252361,"OBJECTID_1":1460,"OBJECTID":0,"Name_rgn":"Verdicchio di Matelica Riserva","state":"Marche","official":1,"country":"Italy","class":"Denominazione di origine controllata e garantita","altname":null,"gen":18,"color":4,"ppt_yr":836,"ppt_gs":487,"GDD_1":1959,"style":null,"latitude":43.2452,"elev":null,"climate":null,"GI_area":null,"auv":null,"_bbox":[12.918830004673838,43.13960782221842,13.106441064086948,43.344877355261495]},"geometry":{"type":"Point","coordinates":[13.01667,43.23671]},"tippecanoe":{"minzoom":6}}
,
{"type":"Feature","properties":{"_area":833082247,"OBJECTID_1":1461,"OBJECTID":0,"Name_rgn":"Vernaccia di Oristano","state":"Sardegna","official":1,"country":"Italy","class":"Denominazione di origine controllata","altname":null,"gen":18,"color":2,"ppt_yr":578,"ppt_gs":223,"GDD_1":2373,"style":null,"latitude":39.9537,"elev":null,"climate":null,"GI_area":null,"auv":null,"_bbox":[8.376264950324968,39.798242486514454,8.79788015275596,40.074216213384126]},"geometry":{"type":"Point","coordinates":[8.62906,39.94539]},"tippecanoe":{"minzoom":5}}
,
{"type":"Feature","properties":{"_area":315105299,"OBJECTID_1":1462,"OBJECTID":0,"Name_rgn":"Vernaccia di Serrapetrona","state":"Marche","official":1,"country":"Italy","class":"Denominazione di origine controllata e garantita","altname":null,"gen":18,"color":4,"ppt_yr":799,"ppt_gs":474,"GDD_1":1918,"style":null,"latitude":43.2474,"elev":null,"climate":null,"GI_area":null,"auv":null,"_bbox":[13.065326316491893,43.140148083366036,13.284209135626215,43.35156797427517]},"geometry":{"type":"Point","coordinates":[13.18838,43.25164]},"tippecanoe":{"minzoom":6}}
,
{"type":"Feature","properties":{"_area":205117821,"OBJECTID_1":1463,"OBJECTID":0,"Name_rgn":"Vignanello","state":"Lazio","official":1,"country":"Italy","class":"Denominazione di origine controllata","altname":null,"gen":18,"color":5,"ppt_yr":314,"ppt_gs":164,"GDD_1":2105,"style":null,"latitude":42.3954,"elev":null,"climate":null,"GI_area":null,"auv":null,"_bbox":[12.2332281638259,42.320315495121314,12.450281620586304,42.487913258895304]},"geometry":{"type":"Point","coordinates":[12.32292,42.3956]},"tippecanoe":{"minzoom":6}}
,
{"type":"Feature","properties":{"_area":2815814795,"OBJECTID_1":1464,"OBJECTID":0,"Name_rgn":"Vittoria","state":"Sicilia","official":1,"country":"Italy","class":"Denominazione di origine controllata","altname":null,"gen":18,"color":0,"ppt_yr":452,"ppt_gs":174,"GDD_1":2496,"style":null,"latitude":37.127,"elev":null,"climate":null,"GI_area":null,"auv":null,"_bbox":[13.98209350451631,36.78354239961722,14.796014051067747,37.36719328586981]},"geometry":{"type":"Point","coordinates":[14.47569,37.08335]},"tippecanoe":{"minzoom":5}}
,
{"type":"Feature","properties":{"_area":318565205,"OBJECTID_1":1465,"OBJECTID":0,"Name_rgn":"San Ginesio","state":"Marche","official":1,"country":"Italy","class":"Denominazione di origine controllata","altname":null,"gen":18,"color":3,"ppt_yr":749,"ppt_gs":452,"GDD_1":1937,"style":null,"latitude":43.1152,"elev":null,"climate":null,"GI_area":null,"auv":null,"_bbox":[13.155003876478535,43.040891583205585,13.462063973279841,43.20682676443103]},"geometry":{"type":"Point","coordinates":[13.3527,43.11543]},"tippecanoe":{"minzoom":6}}
,
{"type":"Feature","properties":{"_area":2918528348,"OBJECTID_1":1466,"OBJECTID":0,"Name_rgn":"Garda","state":"Lombardy, Veneto","official":1,"country":"Italy","class":"Denominazione di origine controllata","altname":null,"gen":5,"color":4,"ppt_yr":781,"ppt_gs":532,"GDD_1":1637,"style":null,"latitude":45.5314,"elev":null,"climate":null,"GI_area":null,"auv":null,"_bbox":[10.369882346513137,45.30801963766599,11.336480936151187,45.84307907221396]},"geometry":{"type":"Point","coordinates":[10.74871,45.58025]},"tippecanoe":{"minzoom":5}}
,
{"type":"Feature","properties":{"_area":4183773974,"OBJECTID_1":1467,"OBJECTID":90,"Name_rgn":"Coal River Valley","state":"Tasmania","official":6,"country":"Australia","class":"Subregion","altname":null,"gen":1,"color":0,"ppt_yr":601,"ppt_gs":349,"GDD_1":989,"style":null,"latitude":-42.5599,"elev":null,"climate":null,"GI_area":null,"auv":null,"_bbox":[147.0078349180595,-42.90358149573679,147.83375006234212,-42.213750003897516]},"geometry":{"type":"Point","coordinates":[147.47873,-42.53509]},"tippecanoe":{"minzoom":4}}
,
{"type":"Feature","properties":{"_area":11658582822,"OBJECTID_1":1468,"OBJECTID":143,"Name_rgn":"Derwent Valley","state":"Tasmania","official":6,"country":"Australia","class":"Subregion","altname":null,"gen":1,"color":3,"ppt_yr":939,"ppt_gs":482,"GDD_1":748,"style":null,"latitude":-42.3812,"elev":null,"climate":null,"GI_area":null,"auv":null,"_bbox":[146.12249208638036,-43.07605609545215,147.6504195040134,-41.75781999685479]},"geometry":{"type":"Point","coordinates":[146.77775,-42.36158]},"tippecanoe":{"minzoom":4}}
,
{"type":"Feature","properties":{"_area":9712441527,"OBJECTID_1":1469,"OBJECTID":168,"Name_rgn":"East Coast","state":"Tasmania","official":6,"country":"Australia","class":"Subregion","altname":null,"gen":1,"color":4,"ppt_yr":685,"ppt_gs":395,"GDD_1":1058,"style":null,"latitude":-42.1687,"elev":null,"climate":null,"GI_area":null,"auv":null,"_bbox":[147.61941650377142,-43.24657139580327,148.35925880284333,-40.991787565580395]},"geometry":{"type":"Point","coordinates":[148.0363,-42.28059]},"tippecanoe":{"minzoom":4}}
,
{"type":"Feature","properties":{"_area":4609097050,"OBJECTID_1":1470,"OBJECTID":223,"Name_rgn":"Huon Valley and D'Entrecasteaux Channel","state":"Tasmania","official":6,"country":"Australia","class":"Subregion","altname":null,"gen":1,"color":5,"ppt_yr":1066,"ppt_gs":552,"GDD_1":799,"style":null,"latitude":-43.1612,"elev":null,"climate":null,"GI_area":null,"auv":null,"_bbox":[146.55782000474088,-43.621174669330706,147.43327070439412,-42.85946517728944]},"geometry":{"type":"Point","coordinates":[147.01678,-43.22916]},"tippecanoe":{"minzoom":4}}
,
{"type":"Feature","properties":{"_area":13821459130,"OBJECTID_1":1471,"OBJECTID":305,"Name_rgn":"North West","state":"Tasmania","official":6,"country":"Australia","class":"Subregion","altname":null,"gen":1,"color":0,"ppt_yr":1209,"ppt_gs":525,"GDD_1":893,"style":null,"latitude":-41.2464,"elev":null,"climate":null,"GI_area":null,"auv":null,"_bbox":[144.60734000386472,-41.85507999598393,146.7916274648229,-40.641392296034475]},"geometry":{"type":"Point","coordinates":[146.24416,-41.41536]},"tippecanoe":{"minzoom":4}}
,
{"type":"Feature","properties":{"_area":15782868826,"OBJECTID_1":1472,"OBJECTID":343,"Name_rgn":"Pipers River and North East","state":"Tasmania","official":6,"country":"Australia","class":"Subregion","altname":null,"gen":1,"color":1,"ppt_yr":802,"ppt_gs":395,"GDD_1":1136,"style":null,"latitude":-40.8476,"elev":null,"climate":null,"GI_area":null,"auv":null,"_bbox":[147.01713390328328,-41.48552323713488,148.4819037017977,-39.71954599777008]},"geometry":{"type":"Point","coordinates":[147.7792,-40.88224]},"tippecanoe":{"minzoom":4}}
,
{"type":"Feature","properties":{"_area":13405081412,"OBJECTID_1":1473,"OBJECTID":436,"Name_rgn":"Tamar Valley","state":"Tasmania","official":6,"country":"Australia","class":"Subregion","altname":null,"gen":1,"color":2,"ppt_yr":715,"ppt_gs":364,"GDD_1":1006,"style":null,"latitude":-41.6951,"elev":null,"climate":null,"GI_area":null,"auv":null,"_bbox":[146.6508370867111,-42.40375026107986,148.24875002300305,-40.98026199640481]},"geometry":{"type":"Point","coordinates":[147.51202,-41.76777]},"tippecanoe":{"minzoom":4}}
,
{"type":"Feature","properties":{"_area":501168203,"OBJECTID_1":1477,"OBJECTID":0,"Name_rgn":"Pitsilia","state":"Limassol","official":1,"country":"Cyprus","class":"Προστατευόμενη Ονομασία Προέλευση","altname":"Πιτσιλιά","gen":19,"color":0,"ppt_yr":809,"ppt_gs":165,"GDD_1":2151,"style":null,"latitude":34.9367,"elev":null,"climate":null,"GI_area":null,"auv":null,"_bbox":[32.91172627880964,34.85071796091996,33.26520681807185,35.03982514355823]},"geometry":{"type":"Point","coordinates":[33.07461,34.94712]},"tippecanoe":{"minzoom":5}}
,
{"type":"Feature","properties":{"_area":200308879,"OBJECTID_1":1478,"OBJECTID":0,"Name_rgn":"Laona Akama","state":"Paphos","official":1,"country":"Cyprus","class":"Προστατευόμενη Ονομασία Προέλευση","altname":"Λαόνα Ακάμα","gen":19,"color":3,"ppt_yr":526,"ppt_gs":97,"GDD_1":2573,"style":null,"latitude":34.9617,"elev":null,"climate":null,"GI_area":null,"auv":null,"_bbox":[32.272672540722105,34.881517814895744,32.45917170228334,35.06191801940005]},"geometry":{"type":"Point","coordinates":[32.38472,34.95833]},"tippecanoe":{"minzoom":6}}
,
{"type":"Feature","properties":{"_area":139863699,"OBJECTID_1":1479,"OBJECTID":0,"Name_rgn":"Vouni Panagias-Ampelitis","state":"Paphos","official":1,"country":"Cyprus","class":"Προστατευόμενη Ονομασία Προέλευση","altname":"Βουνί Παναγιάς–Αμπελ","gen":19,"color":1,"ppt_yr":629,"ppt_gs":125,"GDD_1":2415,"style":null,"latitude":34.9253,"elev":null,"climate":null,"GI_area":null,"auv":null,"_bbox":[32.567969954022495,34.847544807138156,32.683305636385924,35.00632299236153]},"geometry":{"type":"Point","coordinates":[32.62384,34.90701]},"tippecanoe":{"minzoom":6}}
,
{"type":"Feature","properties":{"_area":312240374,"OBJECTID_1":1481,"OBJECTID":0,"Name_rgn":"Côtes-de-l’Orbe","state":"Vaud","official":1,"country":"Switzerland","class":"Appellation d'origine contrôlée","altname":null,"gen":1,"color":5,"ppt_yr":1167,"ppt_gs":725,"GDD_1":1235,"style":null,"latitude":46.7373,"elev":null,"climate":null,"GI_area":null,"auv":null,"_bbox":[6.434787561336972,46.63614017127499,6.776814929616894,46.80994770373363]},"geometry":{"type":"Point","coordinates":[6.54002,46.72915]},"tippecanoe":{"minzoom":6}}
,
{"type":"Feature","properties":{"_area":16295326186,"OBJECTID_1":1482,"OBJECTID":0,"Name_rgn":"Berkane","state":null,"official":1,"country":"Morocco","class":"Appellation d'origine garantie","altname":null,"gen":19,"color":0,"ppt_yr":297,"ppt_gs":120,"GDD_1":2358,"style":null,"latitude":34.8324,"elev":null,"climate":null,"GI_area":null,"auv":null,"_bbox":[-3.810980081558166,34.35939025878923,-1.684980034828171,35.440139770507734]},"geometry":{"type":"Point","coordinates":[-3.02522,34.88868]},"tippecanoe":{"minzoom":4}}
,
{"type":"Feature","properties":{"_area":10771609081,"OBJECTID_1":1483,"OBJECTID":0,"Name_rgn":"Doukkala","state":null,"official":1,"country":"Morocco","class":"Appellation d'origine garantie","altname":null,"gen":19,"color":0,"ppt_yr":340,"ppt_gs":88,"GDD_1":2677,"style":null,"latitude":32.7462,"elev":null,"climate":null,"GI_area":null,"auv":null,"_bbox":[-9.291249275207491,32.14483261108401,-7.932388782501163,33.45847320556641]},"geometry":{"type":"Point","coordinates":[-8.41955,32.80614]},"tippecanoe":{"minzoom":4}}
,
{"type":"Feature","properties":{"_area":6082022571,"OBJECTID_1":1484,"OBJECTID":0,"Name_rgn":"Rharb","state":null,"official":1,"country":"Morocco","class":"Appellation d'origine garantie","altname":null,"gen":19,"color":3,"ppt_yr":507,"ppt_gs":170,"GDD_1":2442,"style":null,"latitude":33.867,"elev":null,"climate":null,"GI_area":null,"auv":null,"_bbox":[-5.923295021057104,33.38956069946295,-5.066524028778086,34.2680130004883]},"geometry":{"type":"Point","coordinates":[-5.4811,33.79912]},"tippecanoe":{"minzoom":4}}
,
{"type":"Feature","properties":{"_area":10108128155,"OBJECTID_1":1486,"OBJECTID":0,"Name_rgn":"Zemmour","state":null,"official":1,"country":"Morocco","class":"Appellation d'origine garantie","altname":null,"gen":19,"color":2,"ppt_yr":590,"ppt_gs":156,"GDD_1":2710,"style":null,"latitude":34.5157,"elev":null,"climate":null,"GI_area":null,"auv":null,"_bbox":[-6.711805820465059,34.09564971923828,-5.146657943725526,34.98802947998051]},"geometry":{"type":"Point","coordinates":[-6.0142,34.53443]},"tippecanoe":{"minzoom":4}}
,
{"type":"Feature","properties":{"_area":16027617784,"OBJECTID_1":1487,"OBJECTID":0,"Name_rgn":"Zenata","state":null,"official":1,"country":"Morocco","class":"Appellation d'origine garantie","altname":null,"gen":19,"color":5,"ppt_yr":400,"ppt_gs":113,"GDD_1":2518,"style":null,"latitude":33.2224,"elev":null,"climate":null,"GI_area":null,"auv":null,"_bbox":[-8.152548789978038,32.71301651000987,-6.284471035003626,33.909305572509865]},"geometry":{"type":"Point","coordinates":[-7.06783,33.27086]},"tippecanoe":{"minzoom":4}}
,
{"type":"Feature","properties":{"_area":4748995053,"OBJECTID_1":1488,"OBJECTID":0,"Name_rgn":"Les Coteaux de l'Atlas","state":null,"official":1,"country":"Morocco","class":"Appellation d'origine contrôlée","altname":null,"gen":19,"color":1,"ppt_yr":509,"ppt_gs":167,"GDD_1":2655,"style":null,"latitude":34.0393,"elev":null,"climate":null,"GI_area":null,"auv":null,"_bbox":[-5.433617115020768,33.61247253417988,-4.553186893463096,34.397686004638665]},"geometry":{"type":"Point","coordinates":[-4.93634,34.01543]},"tippecanoe":{"minzoom":4}}
,
{"type":"Feature","properties":{"_area":6082022571,"OBJECTID_1":1490,"OBJECTID":0,"Name_rgn":"Chellah","state":null,"official":1,"country":"Morocco","class":"Appellation d'origine garantie","altname":null,"gen":19,"color":3,"ppt_yr":507,"ppt_gs":170,"GDD_1":2445,"style":null,"latitude":33.867,"elev":null,"climate":null,"GI_area":null,"auv":null,"_bbox":[-5.923295021057104,33.38956069946295,-5.066524028778086,34.2680130004883]},"geometry":{"type":"Point","coordinates":[-5.4811,33.79912]},"tippecanoe":{"minzoom":4}}
,
{"type":"Feature","properties":{"_area":11091821477,"OBJECTID_1":1491,"OBJECTID":0,"Name_rgn":"Zaër","state":null,"official":1,"country":"Morocco","class":"Appellation d'origine garantie","altname":null,"gen":19,"color":4,"ppt_yr":481,"ppt_gs":140,"GDD_1":2423,"style":null,"latitude":33.7063,"elev":null,"climate":null,"GI_area":null,"auv":null,"_bbox":[-6.999138832092163,33.1420783996582,-5.744725227355949,34.18736267089874]},"geometry":{"type":"Point","coordinates":[-6.43209,33.66931]},"tippecanoe":{"minzoom":4}}
,
{"type":"Feature","properties":{"_area":4748995053,"OBJECTID_1":1493,"OBJECTID":0,"Name_rgn":"Beni M'Tir","state":null,"official":1,"country":"Morocco","class":"Appellation d'origine garantie","altname":null,"gen":19,"color":1,"ppt_yr":509,"ppt_gs":167,"GDD_1":2676,"style":null,"latitude":34.0393,"elev":null,"climate":null,"GI_area":null,"auv":null,"_bbox":[-5.433617115020768,33.61247253417988,-4.553186893463096,34.397686004638665]},"geometry":{"type":"Point","coordinates":[-4.93634,34.01543]},"tippecanoe":{"minzoom":4}}
,
{"type":"Feature","properties":{"_area":4748995053,"OBJECTID_1":1494,"OBJECTID":0,"Name_rgn":"Guerrouane","state":null,"official":1,"country":"Morocco","class":"Appellation d'origine garantie","altname":null,"gen":19,"color":1,"ppt_yr":509,"ppt_gs":167,"GDD_1":2655,"style":null,"latitude":34.0393,"elev":null,"climate":null,"GI_area":null,"auv":null,"_bbox":[-5.433617115020768,33.61247253417988,-4.553186893463096,34.397686004638665]},"geometry":{"type":"Point","coordinates":[-4.93634,34.01543]},"tippecanoe":{"minzoom":4}}
,
{"type":"Feature","properties":{"_area":6082022571,"OBJECTID_1":1495,"OBJECTID":0,"Name_rgn":"Beni Sadden","state":null,"official":1,"country":"Morocco","class":"Appellation d'origine garantie","altname":null,"gen":19,"color":3,"ppt_yr":507,"ppt_gs":170,"GDD_1":2442,"style":null,"latitude":33.867,"elev":null,"climate":null,"GI_area":null,"auv":null,"_bbox":[-5.923295021057104,33.38956069946295,-5.066524028778086,34.2680130004883]},"geometry":{"type":"Point","coordinates":[-5.4811,33.79912]},"tippecanoe":{"minzoom":4}}
,
{"type":"Feature","properties":{"_area":5043936864,"OBJECTID_1":1497,"OBJECTID":0,"Name_rgn":"Awash Valley","state":null,"official":6,"country":"Ethiopia","class":"Region","altname":null,"gen":20,"color":3,"ppt_yr":778,"ppt_gs":673,"GDD_1":2649,"style":null,"latitude":8.5245,"elev":null,"climate":null,"GI_area":null,"auv":null,"_bbox":[38.90792237495457,8.172982437855028,39.99210862545778,8.925914057852578]},"geometry":{"type":"Point","coordinates":[39.41417,8.47923]},"tippecanoe":{"minzoom":4}}
,
{"type":"Feature","properties":{"_area":2593429276,"OBJECTID_1":1498,"OBJECTID":1228,"Name_rgn":"Falanghina del Sannio","state":"Campania","official":1,"country":"Italy","class":"Denominazione di origine controllata","altname":null,"gen":14,"color":5,"ppt_yr":700,"ppt_gs":333,"GDD_1":1901,"style":null,"latitude":41.2402,"elev":null,"climate":null,"GI_area":null,"auv":null,"_bbox":[14.352032000100895,40.97499100002927,15.149197000296601,41.48635799977998]},"geometry":{"type":"Point","coordinates":[14.67613,41.20321]},"tippecanoe":{"minzoom":5}}
,
{"type":"Feature","properties":{"_area":260226208,"OBJECTID_1":1499,"OBJECTID":0,"Name_rgn":"Krasochoria Lemesou","state":"Limassol","official":1,"country":"Cyprus","class":"Προστατευόμενη Ονομασία Προέλευση","altname":"Κρασοχώρια Λεμεσού","gen":19,"color":4,"ppt_yr":749,"ppt_gs":153,"GDD_1":2178,"style":null,"latitude":34.8553,"elev":null,"climate":null,"GI_area":null,"auv":null,"_bbox":[32.73380555555561,34.75916666663196,32.92952512072421,34.94391413019279]},"geometry":{"type":"Point","coordinates":[32.84422,34.85659]},"tippecanoe":{"minzoom":6}}
,
{"type":"Feature","properties":{"_area":6248345845,"OBJECTID_1":1500,"OBJECTID":0,"Name_rgn":"Sol de Oro","state":"Boyacá","official":6,"country":"Colombia","class":"Region","altname":null,"gen":20,"color":1,"ppt_yr":1287,"ppt_gs":988,"GDD_1":652,"style":null,"latitude":5.8898,"elev":null,"climate":null,"GI_area":null,"auv":null,"_bbox":[-73.22473870971127,5.348065407438246,-72.41554956981265,6.483094668108842]},"geometry":{"type":"Point","coordinates":[-72.78972,5.96642]},"tippecanoe":{"minzoom":4}}
,
{"type":"Feature","properties":{"_area":1246817025,"OBJECTID_1":1501,"OBJECTID":0,"Name_rgn":"Valle de Saquenzipa","state":"Boyacá","official":6,"country":"Colombia","class":"Region","altname":null,"gen":20,"color":5,"ppt_yr":1414,"ppt_gs":980,"GDD_1":975,"style":null,"latitude":5.6277,"elev":null,"climate":null,"GI_area":null,"auv":null,"_bbox":[-73.7434764130187,5.404753369578022,-73.34184183353658,5.847008647348694]},"geometry":{"type":"Point","coordinates":[-73.52344,5.68362]},"tippecanoe":{"minzoom":5}}
,
{"type":"Feature","properties":{"_area":36138382251,"OBJECTID_1":1502,"OBJECTID":0,"Name_rgn":"Northern Thailand","state":"Phayao, Phichit","official":6,"country":"Thailand","class":"Region","altname":null,"gen":17,"color":2,"ppt_yr":1166,"ppt_gs":1083,"GDD_1":3824,"style":null,"latitude":18.0182,"elev":null,"climate":null,"GI_area":null,"auv":null,"_bbox":[99.68738325413376,15.909365139389703,100.77031456916204,19.72438704932286]},"geometry":{"type":"Point","coordinates":[100.17703,19.09576]},"tippecanoe":{"minzoom":4}}
,
{"type":"Feature","properties":{"_area":529036858,"OBJECTID_1":1503,"OBJECTID":0,"Name_rgn":"Bela Krajina","state":null,"official":1,"country":"Slovenia","class":"Zaščitena označba porekla","altname":null,"gen":0,"color":3,"ppt_yr":1279,"ppt_gs":832,"GDD_1":1520,"style":null,"latitude":45.649,"elev":null,"climate":null,"GI_area":null,"auv":null,"_bbox":[15.060361562674302,45.46416627215421,15.395956987138248,45.71489731561368]},"geometry":{"type":"Point","coordinates":[15.25771,45.58219]},"tippecanoe":{"minzoom":5}}
,
{"type":"Feature","properties":{"_area":548732878,"OBJECTID_1":1504,"OBJECTID":0,"Name_rgn":"Bizeljsko-Sremič","state":null,"official":1,"country":"Slovenia","class":"Zaščitena označba porekla","altname":null,"gen":0,"color":2,"ppt_yr":1143,"ppt_gs":776,"GDD_1":1458,"style":null,"latitude":45.9985,"elev":null,"climate":null,"GI_area":null,"auv":null,"_bbox":[15.242492715225882,45.868839007950804,15.732483084265944,46.09202453058985]},"geometry":{"type":"Point","coordinates":[15.62871,45.97956]},"tippecanoe":{"minzoom":5}}
,
{"type":"Feature","properties":{"_area":2015907476,"OBJECTID_1":1505,"OBJECTID":0,"Name_rgn":"Dolenjska","state":null,"official":1,"country":"Slovenia","class":"Zaščitena označba porekla","altname":null,"gen":0,"color":4,"ppt_yr":1209,"ppt_gs":820,"GDD_1":1411,"style":null,"latitude":45.9125,"elev":null,"climate":null,"GI_area":null,"auv":null,"_bbox":[14.79152692672728,45.6927413559322,15.694946639382696,46.093769043301656]},"geometry":{"type":"Point","coordinates":[15.13773,45.89169]},"tippecanoe":{"minzoom":5}}
,
{"type":"Feature","properties":{"_area":85036131,"OBJECTID_1":1506,"OBJECTID":0,"Name_rgn":"Goriška Brda","state":null,"official":1,"country":"Slovenia","class":"Zaščitena označba porekla","altname":null,"gen":0,"color":3,"ppt_yr":1848,"ppt_gs":1157,"GDD_1":1834,"style":null,"latitude":46.0111,"elev":null,"climate":null,"GI_area":null,"auv":null,"_bbox":[13.476159323441435,45.96477576027694,13.625524934720135,46.067489947225994]},"geometry":{"type":"Point","coordinates":[13.53915,46.01413]},"tippecanoe":{"minzoom":6}}
,
{"type":"Feature","properties":{"_area":322950548,"OBJECTID_1":1507,"OBJECTID":0,"Name_rgn":"Kras","state":null,"official":1,"country":"Slovenia","class":"Zaščitena označba porekla","altname":null,"gen":0,"color":0,"ppt_yr":1634,"ppt_gs":987,"GDD_1":1675,"style":null,"latitude":45.7887,"elev":null,"climate":null,"GI_area":null,"auv":null,"_bbox":[13.574423761995428,45.69326803055775,13.986896647228907,45.866423550278114]},"geometry":{"type":"Point","coordinates":[13.85986,45.76767]},"tippecanoe":{"minzoom":6}}
,
{"type":"Feature","properties":{"_area":824971784,"OBJECTID_1":1508,"OBJECTID":0,"Name_rgn":"Prekmurje","state":null,"official":1,"country":"Slovenia","class":"Zaščitena označba porekla","altname":null,"gen":0,"color":4,"ppt_yr":815,"ppt_gs":593,"GDD_1":1467,"style":null,"latitude":46.7656,"elev":null,"climate":null,"GI_area":null,"auv":null,"_bbox":[15.984749371131805,46.522690219179026,16.532565068817345,46.87666844740842]},"geometry":{"type":"Point","coordinates":[16.25922,46.7543]},"tippecanoe":{"minzoom":5}}
,
{"type":"Feature","properties":{"_area":475311788,"OBJECTID_1":1509,"OBJECTID":0,"Name_rgn":"Slovenska Istra","state":null,"official":1,"country":"Slovenia","class":"Zaščitena označba porekla","altname":null,"gen":0,"color":5,"ppt_yr":1199,"ppt_gs":724,"GDD_1":1860,"style":null,"latitude":45.5113,"elev":null,"climate":null,"GI_area":null,"auv":null,"_bbox":[13.562874139605677,45.42512601265649,13.942899956405071,45.62297051018186]},"geometry":{"type":"Point","coordinates":[13.84805,45.52018]},"tippecanoe":{"minzoom":5}}
,
{"type":"Feature","properties":{"_area":4898527994,"OBJECTID_1":1510,"OBJECTID":0,"Name_rgn":"Štajerska Slovenija","state":null,"official":1,"country":"Slovenia","class":"Zaščitena označba porekla","altname":null,"gen":0,"color":1,"ppt_yr":1109,"ppt_gs":776,"GDD_1":1418,"style":null,"latitude":46.3767,"elev":null,"climate":null,"GI_area":null,"auv":null,"_bbox":[14.951686952468295,46.034507217912086,16.310761657515254,46.71054160951958]},"geometry":{"type":"Point","coordinates":[15.57953,46.34546]},"tippecanoe":{"minzoom":4}}
,
{"type":"Feature","properties":{"_area":431799009,"OBJECTID_1":1511,"OBJECTID":0,"Name_rgn":"Vipavska Dolina","state":null,"official":1,"country":"Slovenia","class":"Zaščitena označba porekla","altname":null,"gen":0,"color":4,"ppt_yr":1595,"ppt_gs":981,"GDD_1":1716,"style":null,"latitude":45.8797,"elev":null,"climate":null,"GI_area":null,"auv":null,"_bbox":[13.591320495099673,45.75834500636369,14.044496854564743,45.98968083453588]},"geometry":{"type":"Point","coordinates":[13.86151,45.86949]},"tippecanoe":{"minzoom":5}}
,
{"type":"Feature","properties":{"_area":2880384024,"OBJECTID_1":1512,"OBJECTID":0,"Name_rgn":"Alto Adige","state":null,"official":1,"country":"Italy","class":"Denominazione di origine controllata","altname":"Südtirol","gen":21,"color":3,"ppt_yr":690,"ppt_gs":515,"GDD_1":960,"style":null,"latitude":46.522,"elev":null,"climate":null,"GI_area":null,"auv":null,"_bbox":[10.746534282729556,46.2186360690016,11.677475156347626,46.79754459404171]},"geometry":{"type":"Point","coordinates":[11.2446,46.52562]},"tippecanoe":{"minzoom":5}}
,
{"type":"Feature","properties":{"_area":5364677329,"OBJECTID_1":1527,"OBJECTID":0,"Name_rgn":"Valdadige","state":null,"official":1,"country":"Italy","class":"Denominazione di origine controllata","altname":"Etschtaler","gen":21,"color":4,"ppt_yr":693,"ppt_gs":505,"GDD_1":1269,"style":null,"latitude":46.2111,"elev":null,"climate":null,"GI_area":null,"auv":null,"_bbox":[10.762125444599985,45.52594005430001,11.606161307799542,46.79747786610544]},"geometry":{"type":"Point","coordinates":[11.21093,46.42809]},"tippecanoe":{"minzoom":4}}
,
{"type":"Feature","properties":{"_area":240624212,"OBJECTID_1":1528,"OBJECTID":0,"Name_rgn":"Alto Adige Colli di Bolzano","state":null,"official":1,"country":"Italy","class":"Denominazione di origine controllata","altname":"Südtirol Bozner Leiten","gen":21,"color":1,"ppt_yr":775,"ppt_gs":568,"GDD_1":1262,"style":null,"latitude":46.4951,"elev":null,"climate":null,"GI_area":null,"auv":null,"_bbox":[11.21795302226151,46.40436624949997,11.520545111483184,46.57385389998732]},"geometry":{"type":"Point","coordinates":[11.35765,46.48977]},"tippecanoe":{"minzoom":6}}
,
{"type":"Feature","properties":{"_area":108564457,"OBJECTID_1":1529,"OBJECTID":0,"Name_rgn":"Alto Adige Meranese","state":null,"official":1,"country":"Italy","class":"Denominazione di origine controllata","altname":"Südtirol Meraner","gen":21,"color":5,"ppt_yr":766,"ppt_gs":567,"GDD_1":1388,"style":null,"latitude":46.6588,"elev":null,"climate":null,"GI_area":null,"auv":null,"_bbox":[11.08990978108884,46.548028549416124,11.209128842062986,46.711612328440616]},"geometry":{"type":"Point","coordinates":[11.15511,46.65048]},"tippecanoe":{"minzoom":6}}
,
{"type":"Feature","properties":{"_area":40307984,"OBJECTID_1":1530,"OBJECTID":0,"Name_rgn":"Alto Adige Santa Maddalena","state":null,"official":1,"country":"Italy","class":"Denominazione di origine controllata","altname":"Südtirol St Magdalener","gen":21,"color":2,"ppt_yr":776,"ppt_gs":569,"GDD_1":960,"style":null,"latitude":46.5039,"elev":null,"climate":null,"GI_area":null,"auv":null,"_bbox":[11.265966012184574,46.484244707157345,11.434078424013698,46.53034358702011]},"geometry":{"type":"Point","coordinates":[11.35276,46.50693]},"tippecanoe":{"minzoom":6}}
,
{"type":"Feature","properties":{"_area":240214070,"OBJECTID_1":1531,"OBJECTID":0,"Name_rgn":"Alto Adige Terlano","state":null,"official":1,"country":"Italy","class":"Denominazione di origine controllata","altname":"Südtirol Terlaner","gen":21,"color":0,"ppt_yr":728,"ppt_gs":537,"GDD_1":1346,"style":null,"latitude":46.4677,"elev":null,"climate":null,"GI_area":null,"auv":null,"_bbox":[11.151172697064307,46.36284863184839,11.32014514147727,46.62256990615793]},"geometry":{"type":"Point","coordinates":[11.24094,46.4843]},"tippecanoe":{"minzoom":6}}
,
{"type":"Feature","properties":{"_area":249273181,"OBJECTID_1":1532,"OBJECTID":0,"Name_rgn":"Alto Adige Valle Isarco","state":null,"official":1,"country":"Italy","class":"Denominazione di origine controllata","altname":"Südtirol Eisacktaler","gen":21,"color":0,"ppt_yr":784,"ppt_gs":583,"GDD_1":1265,"style":null,"latitude":46.6043,"elev":null,"climate":null,"GI_area":null,"auv":null,"_bbox":[11.388683249513296,46.4737413494207,11.690950818706241,46.763245136650966]},"geometry":{"type":"Point","coordinates":[11.48198,46.52972]},"tippecanoe":{"minzoom":6}}
,
{"type":"Feature","properties":{"_area":350779610,"OBJECTID_1":1533,"OBJECTID":0,"Name_rgn":"Canelli","state":"Piemonte","official":1,"country":"Italy","class":"Denominazione di origine controllata e garantita","altname":null,"gen":21,"color":3,"ppt_yr":576,"ppt_gs":346,"GDD_1":1920,"style":null,"latitude":44.7203,"elev":null,"climate":null,"GI_area":null,"auv":null,"_bbox":[8.075079,44.622738,8.368185,44.828683]},"geometry":{"type":"Point","coordinates":[8.18409,44.72289]},"tippecanoe":{"minzoom":6}}
,
{"type":"Feature","properties":{"_area":12795981136,"OBJECTID_1":1534,"OBJECTID":0,"Name_rgn":"Württemberg","state":"Baden-Württemberg","official":1,"country":"Germany","class":"Geschützte Ursprungsbezeichnung","altname":null,"gen":19,"color":0,"ppt_yr":791,"ppt_gs":487,"GDD_1":1252,"style":null,"latitude":49.032,"elev":null,"climate":null,"GI_area":null,"auv":null,"_bbox":[8.719106674194276,47.581150054931655,10.161663107739843,49.55578655422944]},"geometry":{"type":"Point","coordinates":[9.43123,48.84691]},"tippecanoe":{"minzoom":4}}
,
{"type":"Feature","properties":{"_area":29243502697,"OBJECTID_1":1535,"OBJECTID":0,"Name_rgn":"Baden","state":"Baden-Württemberg","official":1,"country":"Germany","class":"Geschützte Ursprungsbezeichnung","altname":null,"gen":19,"color":1,"ppt_yr":871,"ppt_gs":527,"GDD_1":1294,"style":null,"latitude":48.7086,"elev":null,"climate":null,"GI_area":null,"auv":null,"_bbox":[7.511564610982332,47.53137937065672,9.841137161543868,49.79134774973675]},"geometry":{"type":"Point","coordinates":[8.769,48.42135]},"tippecanoe":{"minzoom":4}}
,
{"type":"Feature","properties":{"_area":16011107548,"OBJECTID_1":1536,"OBJECTID":0,"Name_rgn":"Saale-Unstrut","state":null,"official":1,"country":"Germany","class":"Geschützte Ursprungsbezeichnung","altname":null,"gen":19,"color":1,"ppt_yr":576,"ppt_gs":385,"GDD_1":1195,"style":null,"latitude":51.2394,"elev":null,"climate":null,"GI_area":null,"auv":null,"_bbox":[10.740609192911574,50.657157994773804,12.969701528295646,52.459717572118834]},"geometry":{"type":"Point","coordinates":[11.46322,51.35864]},"tippecanoe":{"minzoom":4}}
,
{"type":"Feature","properties":{"_area":266513902,"OBJECTID_1":1540,"OBJECTID":0,"Name_rgn":"Samaloot","state":null,"official":6,"country":"Egypt","class":"Region","altname":"سمالوط","gen":21,"color":5,"ppt_yr":4,"ppt_gs":0,"GDD_1":3660,"style":null,"latitude":28.29,"elev":null,"climate":null,"GI_area":null,"auv":null,"_bbox":[30.604249006890182,28.210685105359882,30.784682032891283,28.370215118805373]},"geometry":{"type":"Point","coordinates":[30.69313,28.28991]},"tippecanoe":{"minzoom":6}}
,
{"type":"Feature","properties":{"_area":156017544,"OBJECTID_1":1541,"OBJECTID":0,"Name_rgn":"Luxor","state":null,"official":6,"country":"Egypt","class":"Region","altname":"الأقصر","gen":21,"color":3,"ppt_yr":1,"ppt_gs":1,"GDD_1":4412,"style":null,"latitude":25.7308,"elev":null,"climate":null,"GI_area":null,"auv":null,"_bbox":[32.702409677878016,25.649219612384265,32.85313681817277,25.800626631013415]},"geometry":{"type":"Point","coordinates":[32.75187,25.72223]},"tippecanoe":{"minzoom":6}}
,
{"type":"Feature","properties":{"_area":974540742,"OBJECTID_1":1542,"OBJECTID":0,"Name_rgn":"Nile Delta","state":null,"official":6,"country":"Egypt","class":"Region","altname":"دلتا النيل","gen":21,"color":1,"ppt_yr":27,"ppt_gs":7,"GDD_1":3368,"style":null,"latitude":30.3216,"elev":null,"climate":null,"GI_area":null,"auv":null,"_bbox":[30.707605736736866,30.12670764363551,31.097951629977512,30.484823952222857]},"geometry":{"type":"Point","coordinates":[30.89296,30.33584]},"tippecanoe":{"minzoom":5}}
,
{"type":"Feature","properties":{"_area":698502090,"OBJECTID_1":1543,"OBJECTID":0,"Name_rgn":"Lago di Caldaro","state":"Bolzano, Trento","official":1,"country":"Italy","class":"Denominazione di origine controllata","altname":"Kalterersee","gen":21,"color":5,"ppt_yr":721,"ppt_gs":526,"GDD_1":1350,"style":null,"latitude":46.3306,"elev":null,"climate":null,"GI_area":null,"auv":null,"_bbox":[11.070906,46.12503,11.391399,46.564743]},"geometry":{"type":"Point","coordinates":[11.23804,46.34725]},"tippecanoe":{"minzoom":5}}
,
{"type":"Feature","properties":{"_area":31214013682,"OBJECTID_1":1544,"OBJECTID":0,"Name_rgn":"Kherson","state":null,"official":1,"country":"Ukraine","class":"District","altname":"Херсон","gen":21,"color":1,"ppt_yr":461,"ppt_gs":285,"GDD_1":1617,"style":null,"latitude":47.5007,"elev":null,"climate":null,"GI_area":null,"auv":null,"_bbox":[30.208043999999827,46.60118099905823,33.18243499999973,48.23165699906278]},"geometry":{"type":"Point","coordinates":[31.60287,47.41005]},"tippecanoe":{"minzoom":4}}
,
{"type":"Feature","properties":{"_area":34688752783,"OBJECTID_1":1545,"OBJECTID":0,"Name_rgn":"Mykolaiv","state":null,"official":1,"country":"Ukraine","class":"District","altname":"Миколаїв","gen":21,"color":2,"ppt_yr":419,"ppt_gs":254,"GDD_1":1711,"style":null,"latitude":46.7012,"elev":null,"climate":null,"GI_area":null,"auv":null,"_bbox":[31.506593999999808,45.95824599905718,35.10378099999979,47.59885199906065]},"geometry":{"type":"Point","coordinates":[33.50889,46.79337]},"tippecanoe":{"minzoom":4}}
,
{"type":"Feature","properties":{"_area":55345310840,"OBJECTID_1":1546,"OBJECTID":0,"Name_rgn":"Odessa","state":null,"official":1,"country":"Ukraine","class":"District","altname":"Одеса","gen":21,"color":5,"ppt_yr":482,"ppt_gs":297,"GDD_1":1584,"style":null,"latitude":46.7548,"elev":null,"climate":null,"GI_area":null,"auv":null,"_bbox":[28.21135784273187,45.20955099905665,31.30426284273193,48.23380499906276]},"geometry":{"type":"Point","coordinates":[29.80138,46.96053]},"tippecanoe":{"minzoom":3}}
,
{"type":"Feature","properties":{"_area":147879876,"OBJECTID_1":1547,"OBJECTID":0,"Name_rgn":"Niagara-on-the-Lake","state":"Ontario","official":1,"country":"Canada","class":"Regional appellation","altname":null,"gen":22,"color":4,"ppt_yr":915,"ppt_gs":574,"GDD_1":1508,"style":null,"latitude":43.2022,"elev":null,"climate":null,"GI_area":null,"auv":null,"_bbox":[-79.2159874053967,43.14021891582343,-79.04922597765923,43.26266707755988]},"geometry":{"type":"Point","coordinates":[-79.11363,43.20049]},"tippecanoe":{"minzoom":6}}
,
{"type":"Feature","properties":{"_area":74665507,"OBJECTID_1":1548,"OBJECTID":270,"Name_rgn":"Palos Verdes Peninsula","state":"California","official":1,"country":"United States","class":"American Viticultural Area","altname":null,"gen":22,"color":5,"ppt_yr":347,"ppt_gs":41,"GDD_1":1828,"style":null,"latitude":33.7658,"elev":null,"climate":null,"GI_area":null,"auv":null,"_bbox":[-118.42839711045998,33.721858442522354,-118.30871210556995,33.80419991443253]},"geometry":{"type":"Point","coordinates":[-118.36986,33.76753]},"tippecanoe":{"minzoom":6}}
,
{"type":"Feature","properties":{"_area":63972422,"OBJECTID_1":1549,"OBJECTID":259,"Name_rgn":"The Burn of Columbia Valley","state":"Washington","official":1,"country":"United States","class":"American Viticultural Area","altname":null,"gen":22,"color":1,"ppt_yr":240,"ppt_gs":84,"GDD_1":1797,"style":null,"latitude":45.7308,"elev":null,"climate":null,"GI_area":null,"auv":null,"_bbox":[-120.464642411123,45.70254252833728,-120.28209246901297,45.77283492277689]},"geometry":{"type":"Point","coordinates":[-120.38666,45.73879]},"tippecanoe":{"minzoom":6}}
,
{"type":"Feature","properties":{"_area":552156282,"OBJECTID_1":1550,"OBJECTID":260,"Name_rgn":"White Bluffs","state":"Washington","official":1,"country":"United States","class":"American Viticultural Area","altname":null,"gen":22,"color":2,"ppt_yr":193,"ppt_gs":75,"GDD_1":1726,"style":null,"latitude":46.522,"elev":null,"climate":null,"GI_area":null,"auv":null,"_bbox":[-119.32548618163997,46.36070344049263,-119.05162203275897,46.687665069387094]},"geometry":{"type":"Point","coordinates":[-119.17786,46.50833]},"tippecanoe":{"minzoom":5}}
,
{"type":"Feature","properties":{"_area":106082584,"OBJECTID_1":1551,"OBJECTID":0,"Name_rgn":"Niagara Escarpment","state":"Ontario","official":1,"country":"Canada","class":"Regional appellation","altname":null,"gen":22,"color":1,"ppt_yr":909,"ppt_gs":566,"GDD_1":1470,"style":null,"latitude":43.139,"elev":null,"climate":null,"GI_area":null,"auv":null,"_bbox":[-79.52972790283341,43.100648174991555,-79.2441960121733,43.18506082266342]},"geometry":{"type":"Point","coordinates":[-79.30353,43.13032]},"tippecanoe":{"minzoom":6}}
,
{"type":"Feature","properties":{"_area":311307314,"OBJECTID_1":1552,"OBJECTID":0,"Name_rgn":"Esik","state":"Enbekshikazakh","official":6,"country":"Kazakhstan","class":"Region","altname":null,"gen":22,"color":0,"ppt_yr":488,"ppt_gs":325,"GDD_1":1601,"style":null,"latitude":43.4189,"elev":null,"climate":null,"GI_area":null,"auv":null,"_bbox":[77.37366110551618,43.32692103493696,77.65253975379065,43.50851518236837]},"geometry":{"type":"Point","coordinates":[77.53327,43.42126]},"tippecanoe":{"minzoom":6}}
,
{"type":"Feature","properties":{"_area":3514254785,"OBJECTID_1":1553,"OBJECTID":268,"Name_rgn":"Virginia Peninsula","state":"Virginia","official":1,"country":"United States","class":"American Viticultural Area","altname":null,"gen":23,"color":1,"ppt_yr":1211,"ppt_gs":754,"GDD_1":2424,"style":null,"latitude":37.3041,"elev":null,"climate":null,"GI_area":null,"auv":null,"_bbox":[-77.27204962133877,36.930470573609576,-76.27027070818241,37.62655036788804]},"geometry":{"type":"Point","coordinates":[-76.93964,37.38795]},"tippecanoe":{"minzoom":5}}
,
{"type":"Feature","properties":{"_area":104501990,"OBJECTID_1":1561,"OBJECTID":0,"Name_rgn":"Kuçova","state":null,"official":1,"country":"Albania","class":"Region","altname":"Kuçovë","gen":23,"color":3,"ppt_yr":1004,"ppt_gs":446,"GDD_1":2348,"style":null,"latitude":40.8275,"elev":null,"climate":null,"GI_area":null,"auv":null,"_bbox":[19.821222310000024,40.77389145,19.973852160000035,40.87414551000004]},"geometry":{"type":"Point","coordinates":[19.90542,40.82363]},"tippecanoe":{"minzoom":6}}
,
{"type":"Feature","properties":{"_area":1234623901,"OBJECTID_1":1562,"OBJECTID":0,"Name_rgn":"Berati","state":null,"official":1,"country":"Albania","class":"Region","altname":"Berat","gen":23,"color":1,"ppt_yr":1067,"ppt_gs":467,"GDD_1":1997,"style":null,"latitude":40.6778,"elev":null,"climate":null,"GI_area":null,"auv":null,"_bbox":[19.730741442603108,40.47217560150989,20.165021939436194,40.88103479940261]},"geometry":{"type":"Point","coordinates":[19.96512,40.69377]},"tippecanoe":{"minzoom":5}}
,
{"type":"Feature","properties":{"_area":984972760,"OBJECTID_1":1563,"OBJECTID":0,"Name_rgn":"Bulqiza","state":null,"official":1,"country":"Albania","class":"Region","altname":"Bulqizë","gen":23,"color":2,"ppt_yr":1078,"ppt_gs":511,"GDD_1":1075,"style":null,"latitude":41.4393,"elev":null,"climate":null,"GI_area":null,"auv":null,"_bbox":[20.1091213226319,41.26603317260751,20.56316184997555,41.61270904541021]},"geometry":{"type":"Point","coordinates":[20.35355,41.44547]},"tippecanoe":{"minzoom":5}}
,
{"type":"Feature","properties":{"_area":431485332,"OBJECTID_1":1564,"OBJECTID":0,"Name_rgn":"Delvina","state":null,"official":1,"country":"Albania","class":"Region","altname":"Delvinë","gen":23,"color":3,"ppt_yr":1459,"ppt_gs":493,"GDD_1":2140,"style":null,"latitude":39.9636,"elev":null,"climate":null,"GI_area":null,"auv":null,"_bbox":[19.89097023010256,39.85398483276381,20.240016937255884,40.11167526245128]},"geometry":{"type":"Point","coordinates":[20.07468,39.93804]},"tippecanoe":{"minzoom":5}}
,
{"type":"Feature","properties":{"_area":555028352,"OBJECTID_1":1565,"OBJECTID":0,"Name_rgn":"Devolli","state":null,"official":1,"country":"Albania","class":"Region","altname":"Devoll","gen":23,"color":4,"ppt_yr":841,"ppt_gs":439,"GDD_1":1299,"style":null,"latitude":40.591,"elev":null,"climate":null,"GI_area":null,"auv":null,"_bbox":[20.759090423584023,40.42730331420909,21.049665451049997,40.75030517578137]},"geometry":{"type":"Point","coordinates":[20.94127,40.60948]},"tippecanoe":{"minzoom":5}}
,
{"type":"Feature","properties":{"_area":1267623228,"OBJECTID_1":1566,"OBJECTID":0,"Name_rgn":"Dibra","state":null,"official":1,"country":"Albania","class":"Region","altname":"Dibër","gen":23,"color":4,"ppt_yr":1074,"ppt_gs":520,"GDD_1":1067,"style":null,"latitude":41.7195,"elev":null,"climate":null,"GI_area":null,"auv":null,"_bbox":[20.110305786132884,41.549972534179716,20.57410240173345,41.90236663818371]},"geometry":{"type":"Point","coordinates":[20.31059,41.72548]},"tippecanoe":{"minzoom":5}}
,
{"type":"Feature","properties":{"_area":634599963,"OBJECTID_1":1567,"OBJECTID":0,"Name_rgn":"Durrësi","state":null,"official":1,"country":"Albania","class":"Region","altname":"Durrës","gen":23,"color":0,"ppt_yr":1134,"ppt_gs":473,"GDD_1":2405,"style":null,"latitude":41.4066,"elev":null,"climate":null,"GI_area":null,"auv":null,"_bbox":[19.390693664550824,41.24535751342782,19.64803123474122,41.58819580078132]},"geometry":{"type":"Point","coordinates":[19.51987,41.41373]},"tippecanoe":{"minzoom":5}}
,
{"type":"Feature","properties":{"_area":1522168763,"OBJECTID_1":1568,"OBJECTID":0,"Name_rgn":"Elbasani","state":null,"official":1,"country":"Albania","class":"Region","altname":"Elbasan","gen":23,"color":4,"ppt_yr":1066,"ppt_gs":493,"GDD_1":2007,"style":null,"latitude":41.0574,"elev":null,"climate":null,"GI_area":null,"auv":null,"_bbox":[19.802370071411275,40.86248397827152,20.34364128112794,41.28047180175787]},"geometry":{"type":"Point","coordinates":[20.09913,41.08413]},"tippecanoe":{"minzoom":5}}
,
{"type":"Feature","properties":{"_area":1037370392,"OBJECTID_1":1569,"OBJECTID":0,"Name_rgn":"Fieri","state":null,"official":1,"country":"Albania","class":"Region","altname":"Fier","gen":23,"color":5,"ppt_yr":962,"ppt_gs":379,"GDD_1":2401,"style":null,"latitude":40.7139,"elev":null,"climate":null,"GI_area":null,"auv":null,"_bbox":[19.306528091430682,40.553268432617294,19.810182571411268,40.89041519165049]},"geometry":{"type":"Point","coordinates":[19.59956,40.70011]},"tippecanoe":{"minzoom":5}}
,
{"type":"Feature","properties":{"_area":1519706996,"OBJECTID_1":1570,"OBJECTID":0,"Name_rgn":"Gjirokastra","state":null,"official":1,"country":"Albania","class":"Region","altname":"Gjirokastër","gen":23,"color":2,"ppt_yr":1345,"ppt_gs":505,"GDD_1":1650,"style":null,"latitude":40.0665,"elev":null,"climate":null,"GI_area":null,"auv":null,"_bbox":[19.873420715332085,39.779724121093935,20.453445434570398,40.25513458251961]},"geometry":{"type":"Point","coordinates":[20.23416,40.05411]},"tippecanoe":{"minzoom":5}}
,
{"type":"Feature","properties":{"_area":875721955,"OBJECTID_1":1571,"OBJECTID":0,"Name_rgn":"Gramshi","state":null,"official":1,"country":"Albania","class":"Region","altname":"Gramsch","gen":23,"color":0,"ppt_yr":1045,"ppt_gs":489,"GDD_1":1629,"style":null,"latitude":40.8435,"elev":null,"climate":null,"GI_area":null,"auv":null,"_bbox":[20.011699676513633,40.71175765991232,20.467916488647578,40.98701858520511]},"geometry":{"type":"Point","coordinates":[20.24503,40.84616]},"tippecanoe":{"minzoom":5}}
,
{"type":"Feature","properties":{"_area":437748378,"OBJECTID_1":1572,"OBJECTID":0,"Name_rgn":"Hasi","state":null,"official":1,"country":"Albania","class":"Region","altname":"Has","gen":23,"color":0,"ppt_yr":997,"ppt_gs":504,"GDD_1":1714,"style":null,"latitude":42.1903,"elev":null,"climate":null,"GI_area":null,"auv":null,"_bbox":[20.21670150756845,42.07485198974602,20.54140281677261,42.30463027954107]},"geometry":{"type":"Point","coordinates":[20.36794,42.19109]},"tippecanoe":{"minzoom":5}}
,
{"type":"Feature","properties":{"_area":530689588,"OBJECTID_1":1573,"OBJECTID":0,"Name_rgn":"Kavaja","state":null,"official":1,"country":"Albania","class":"Region","altname":"Kavajë","gen":23,"color":3,"ppt_yr":1031,"ppt_gs":430,"GDD_1":2376,"style":null,"latitude":41.1389,"elev":null,"climate":null,"GI_area":null,"auv":null,"_bbox":[19.436525344848775,41.00628662109385,19.74804306030293,41.26789093017578]},"geometry":{"type":"Point","coordinates":[19.57039,41.1422]},"tippecanoe":{"minzoom":5}}
,
{"type":"Feature","properties":{"_area":944719738,"OBJECTID_1":1574,"OBJECTID":0,"Name_rgn":"Kolonja","state":null,"official":1,"country":"Albania","class":"Region","altname":"Kolonjë","gen":23,"color":1,"ppt_yr":999,"ppt_gs":472,"GDD_1":1358,"style":null,"latitude":40.313,"elev":null,"climate":null,"GI_area":null,"auv":null,"_bbox":[20.438358306884897,40.07474517822278,20.790975570678796,40.49867248535154]},"geometry":{"type":"Point","coordinates":[20.61122,40.32475]},"tippecanoe":{"minzoom":5}}
,
{"type":"Feature","properties":{"_area":2170742489,"OBJECTID_1":1575,"OBJECTID":0,"Name_rgn":"Korça","state":null,"official":1,"country":"Albania","class":"Region","altname":"Korçë","gen":23,"color":2,"ppt_yr":928,"ppt_gs":463,"GDD_1":1247,"style":null,"latitude":40.6716,"elev":null,"climate":null,"GI_area":null,"auv":null,"_bbox":[20.292324066162152,40.425220489502045,20.991739273071364,40.92463684082036]},"geometry":{"type":"Point","coordinates":[20.71224,40.68127]},"tippecanoe":{"minzoom":5}}
,
{"type":"Feature","properties":{"_area":415855858,"OBJECTID_1":1576,"OBJECTID":0,"Name_rgn":"Kruja","state":null,"official":1,"country":"Albania","class":"Region","altname":"Krujë","gen":23,"color":4,"ppt_yr":1247,"ppt_gs":553,"GDD_1":2167,"style":null,"latitude":41.5022,"elev":null,"climate":null,"GI_area":null,"auv":null,"_bbox":[19.588323593139656,41.405681610107436,19.912837982177898,41.590614318847685]},"geometry":{"type":"Point","coordinates":[19.73389,41.49923]},"tippecanoe":{"minzoom":5}}
,
{"type":"Feature","properties":{"_area":1276451880,"OBJECTID_1":1577,"OBJECTID":0,"Name_rgn":"Kukësi","state":null,"official":1,"country":"Albania","class":"Region","altname":"Kukës","gen":23,"color":1,"ppt_yr":1039,"ppt_gs":517,"GDD_1":1152,"style":null,"latitude":41.9929,"elev":null,"climate":null,"GI_area":null,"auv":null,"_bbox":[20.13400650024415,41.81513977050788,20.62841224670415,42.17818450927751]},"geometry":{"type":"Point","coordinates":[20.38573,41.99312]},"tippecanoe":{"minzoom":5}}
,
{"type":"Feature","properties":{"_area":308261026,"OBJECTID_1":1578,"OBJECTID":0,"Name_rgn":"Kurbini","state":null,"official":1,"country":"Albania","class":"Region","altname":"Kurbin","gen":23,"color":5,"ppt_yr":1296,"ppt_gs":571,"GDD_1":2184,"style":null,"latitude":41.6269,"elev":null,"climate":null,"GI_area":null,"auv":null,"_bbox":[19.559858322143715,41.55152130126954,19.83824729919439,41.71126174926765]},"geometry":{"type":"Point","coordinates":[19.75579,41.63014]},"tippecanoe":{"minzoom":6}}
,
{"type":"Feature","properties":{"_area":840162397,"OBJECTID_1":1579,"OBJECTID":0,"Name_rgn":"Lezha","state":null,"official":1,"country":"Albania","class":"Region","altname":"Lezhë","gen":23,"color":0,"ppt_yr":1430,"ppt_gs":634,"GDD_1":2267,"style":null,"latitude":41.8255,"elev":null,"climate":null,"GI_area":null,"auv":null,"_bbox":[19.44892501831071,41.62958526611337,19.879816055297955,41.95199966430677]},"geometry":{"type":"Point","coordinates":[19.64288,41.80842]},"tippecanoe":{"minzoom":5}}
,
{"type":"Feature","properties":{"_area":1276480995,"OBJECTID_1":1580,"OBJECTID":0,"Name_rgn":"Librazhdi","state":null,"official":1,"country":"Albania","class":"Region","altname":"Librazhd","gen":23,"color":3,"ppt_yr":1046,"ppt_gs":500,"GDD_1":1331,"style":null,"latitude":41.1601,"elev":null,"climate":null,"GI_area":null,"auv":null,"_bbox":[20.123748779296854,40.921508789062464,20.6005439758301,41.3735694885255]},"geometry":{"type":"Point","coordinates":[20.39613,41.14621]},"tippecanoe":{"minzoom":5}}
,
{"type":"Feature","properties":{"_area":967556417,"OBJECTID_1":1581,"OBJECTID":0,"Name_rgn":"Lushnja","state":null,"official":1,"country":"Albania","class":"Region","altname":"Lushnjë","gen":23,"color":2,"ppt_yr":986,"ppt_gs":408,"GDD_1":2421,"style":null,"latitude":40.9235,"elev":null,"climate":null,"GI_area":null,"auv":null,"_bbox":[19.40235137939471,40.77205657958996,19.87863922119153,41.07187652587896]},"geometry":{"type":"Point","coordinates":[19.63834,40.92841]},"tippecanoe":{"minzoom":5}}
,
{"type":"Feature","properties":{"_area":1383431862,"OBJECTID_1":1582,"OBJECTID":0,"Name_rgn":"Koplik","state":null,"official":1,"country":"Albania","class":"Region","altname":"Malësi e Madhe","gen":23,"color":4,"ppt_yr":1394,"ppt_gs":671,"GDD_1":1477,"style":null,"latitude":42.3386,"elev":null,"climate":null,"GI_area":null,"auv":null,"_bbox":[19.284421920776467,42.05165863037113,19.790428161621154,42.660713195800916]},"geometry":{"type":"Point","coordinates":[19.52507,42.27847]},"tippecanoe":{"minzoom":5}}
,
{"type":"Feature","properties":{"_area":444895272,"OBJECTID_1":1583,"OBJECTID":0,"Name_rgn":"Mallakastra","state":null,"official":1,"country":"Albania","class":"Region","altname":"Mallakastër","gen":23,"color":4,"ppt_yr":1074,"ppt_gs":435,"GDD_1":2173,"style":null,"latitude":40.5619,"elev":null,"climate":null,"GI_area":null,"auv":null,"_bbox":[19.63435554504405,40.41919708251962,19.90854263305665,40.67589950561536]},"geometry":{"type":"Point","coordinates":[19.7612,40.5681]},"tippecanoe":{"minzoom":5}}
,
{"type":"Feature","properties":{"_area":1006029873,"OBJECTID_1":1584,"OBJECTID":0,"Name_rgn":"Mati","state":null,"official":1,"country":"Albania","class":"Region","altname":"Mat","gen":23,"color":3,"ppt_yr":1174,"ppt_gs":546,"GDD_1":1550,"style":null,"latitude":41.5848,"elev":null,"climate":null,"GI_area":null,"auv":null,"_bbox":[19.80666542053225,41.383163452148516,20.21416091918955,41.76258468627936]},"geometry":{"type":"Point","coordinates":[20.04825,41.58918]},"tippecanoe":{"minzoom":5}}
,
{"type":"Feature","properties":{"_area":1177562513,"OBJECTID_1":1585,"OBJECTID":0,"Name_rgn":"Mirdita","state":null,"official":1,"country":"Albania","class":"Region","altname":"Mirdite","gen":23,"color":2,"ppt_yr":1225,"ppt_gs":573,"GDD_1":1723,"style":null,"latitude":41.8332,"elev":null,"climate":null,"GI_area":null,"auv":null,"_bbox":[19.72177314758304,41.67991256713875,20.27588081359864,42.02559280395514]},"geometry":{"type":"Point","coordinates":[19.9574,41.83047]},"tippecanoe":{"minzoom":5}}
,
{"type":"Feature","properties":{"_area":240963278,"OBJECTID_1":1586,"OBJECTID":0,"Name_rgn":"Peqini","state":null,"official":1,"country":"Albania","class":"Region","altname":"Peqin","gen":23,"color":0,"ppt_yr":1085,"ppt_gs":486,"GDD_1":2301,"style":null,"latitude":41.0679,"elev":null,"climate":null,"GI_area":null,"auv":null,"_bbox":[19.672309875488278,40.99742126464849,19.906515121459975,41.164920806884936]},"geometry":{"type":"Point","coordinates":[19.81429,41.07136]},"tippecanoe":{"minzoom":6}}
,
{"type":"Feature","properties":{"_area":1370633326,"OBJECTID_1":1587,"OBJECTID":0,"Name_rgn":"Përmeti","state":null,"official":1,"country":"Albania","class":"Region","altname":"Përmet","gen":23,"color":5,"ppt_yr":1216,"ppt_gs":498,"GDD_1":1574,"style":null,"latitude":40.2812,"elev":null,"climate":null,"GI_area":null,"auv":null,"_bbox":[20.046829223632894,40.057369232177784,20.60704231262219,40.49841690063486]},"geometry":{"type":"Point","coordinates":[20.34703,40.29641]},"tippecanoe":{"minzoom":5}}
,
{"type":"Feature","properties":{"_area":880132128,"OBJECTID_1":1588,"OBJECTID":0,"Name_rgn":"Pogradeci","state":null,"official":1,"country":"Albania","class":"Region","altname":"Pogradec","gen":23,"color":1,"ppt_yr":940,"ppt_gs":460,"GDD_1":1311,"style":null,"latitude":40.9188,"elev":null,"climate":null,"GI_area":null,"auv":null,"_bbox":[20.381677627563466,40.7873420715332,20.84291839599618,41.092708587646484]},"geometry":{"type":"Point","coordinates":[20.60772,40.93466]},"tippecanoe":{"minzoom":5}}
,
{"type":"Feature","properties":{"_area":1311624200,"OBJECTID_1":1589,"OBJECTID":0,"Name_rgn":"Puka","state":null,"official":1,"country":"Albania","class":"Region","altname":"Pukë","gen":23,"color":4,"ppt_yr":1198,"ppt_gs":578,"GDD_1":1501,"style":null,"latitude":42.0753,"elev":null,"climate":null,"GI_area":null,"auv":null,"_bbox":[19.73188591003434,41.87484741210942,20.24501419067383,42.26586532592792]},"geometry":{"type":"Point","coordinates":[19.98811,42.08372]},"tippecanoe":{"minzoom":5}}
,
{"type":"Feature","properties":{"_area":1251538846,"OBJECTID_1":1590,"OBJECTID":0,"Name_rgn":"Saranda","state":null,"official":1,"country":"Albania","class":"Region","altname":"Sarandë","gen":23,"color":4,"ppt_yr":1319,"ppt_gs":449,"GDD_1":2215,"style":null,"latitude":39.8188,"elev":null,"climate":null,"GI_area":null,"auv":null,"_bbox":[19.840953826904414,39.65032958984386,20.31546974182138,40.158618927002045]},"geometry":{"type":"Point","coordinates":[20.09258,39.81669]},"tippecanoe":{"minzoom":5}}
,
{"type":"Feature","properties":{"_area":1969670127,"OBJECTID_1":1591,"OBJECTID":0,"Name_rgn":"Shkodra","state":null,"official":1,"country":"Albania","class":"Region","altname":"Shkodër","gen":23,"color":1,"ppt_yr":1444,"ppt_gs":669,"GDD_1":1866,"style":null,"latitude":42.1132,"elev":null,"climate":null,"GI_area":null,"auv":null,"_bbox":[19.341222763061598,41.83791732788086,19.901405334472692,42.48467636108397]},"geometry":{"type":"Point","coordinates":[19.61913,42.05455]},"tippecanoe":{"minzoom":5}}
,
{"type":"Feature","properties":{"_area":939539963,"OBJECTID_1":1592,"OBJECTID":0,"Name_rgn":"Skrapari","state":null,"official":1,"country":"Albania","class":"Region","altname":"Skrapar","gen":23,"color":3,"ppt_yr":1107,"ppt_gs":499,"GDD_1":1435,"style":null,"latitude":40.5488,"elev":null,"climate":null,"GI_area":null,"auv":null,"_bbox":[20.074224472045945,40.34817504882814,20.440822601318434,40.743160247802784]},"geometry":{"type":"Point","coordinates":[20.24499,40.56548]},"tippecanoe":{"minzoom":5}}
,
{"type":"Feature","properties":{"_area":980136932,"OBJECTID_1":1593,"OBJECTID":0,"Name_rgn":"Tepelena","state":null,"official":1,"country":"Albania","class":"Region","altname":"Tepelenë","gen":23,"color":0,"ppt_yr":1238,"ppt_gs":487,"GDD_1":1692,"style":null,"latitude":40.3495,"elev":null,"climate":null,"GI_area":null,"auv":null,"_bbox":[19.75547027587892,40.182327270508,20.150484085083182,40.52900695800785]},"geometry":{"type":"Point","coordinates":[19.94438,40.35634]},"tippecanoe":{"minzoom":5}}
,
{"type":"Feature","properties":{"_area":1538663980,"OBJECTID_1":1594,"OBJECTID":0,"Name_rgn":"Tirana","state":null,"official":1,"country":"Albania","class":"Region","altname":"Tiranë","gen":23,"color":1,"ppt_yr":1176,"ppt_gs":532,"GDD_1":1895,"style":null,"latitude":41.3119,"elev":null,"climate":null,"GI_area":null,"auv":null,"_bbox":[19.588283538818363,41.11779785156249,20.236078262329126,41.51106262207035]},"geometry":{"type":"Point","coordinates":[19.79029,41.30444]},"tippecanoe":{"minzoom":5}}
,
{"type":"Feature","properties":{"_area":1295796141,"OBJECTID_1":1595,"OBJECTID":0,"Name_rgn":"Tropoja","state":null,"official":1,"country":"Albania","class":"Region","altname":"Tropojë","gen":23,"color":5,"ppt_yr":1132,"ppt_gs":588,"GDD_1":1219,"style":null,"latitude":42.369,"elev":null,"climate":null,"GI_area":null,"auv":null,"_bbox":[19.792633056640557,42.19126510620129,20.36222839355474,42.55975723266621]},"geometry":{"type":"Point","coordinates":[20.05029,42.37983]},"tippecanoe":{"minzoom":5}}
,
{"type":"Feature","properties":{"_area":2123788314,"OBJECTID_1":1596,"OBJECTID":0,"Name_rgn":"Vlora","state":null,"official":1,"country":"Albania","class":"Region","altname":"Vlorë","gen":23,"color":1,"ppt_yr":1107,"ppt_gs":416,"GDD_1":2006,"style":null,"latitude":40.3524,"elev":null,"climate":null,"GI_area":null,"auv":null,"_bbox":[19.263196945190472,40.045417785644695,19.891990661621282,40.66527938842785]},"geometry":{"type":"Point","coordinates":[19.58705,40.3729]},"tippecanoe":{"minzoom":5}}
,
{"type":"Feature","properties":{"_area":3735653491,"OBJECTID_1":1597,"OBJECTID":0,"Name_rgn":"Cinti Valley","state":null,"official":6,"country":"Bolivia","class":"Region","altname":"Valle de Cinti","gen":13,"color":1,"ppt_yr":431,"ppt_gs":414,"GDD_1":1958,"style":null,"latitude":-21.0528,"elev":null,"climate":null,"GI_area":null,"auv":null,"_bbox":[-65.60486111111109,-21.65535977494773,-65.12511602105646,-20.58147808840687]},"geometry":{"type":"Point","coordinates":[-65.36827,-20.80784]},"tippecanoe":{"minzoom":5}}
,
{"type":"Feature","properties":{"_area":8565005185,"OBJECTID_1":1598,"OBJECTID":0,"Name_rgn":"Tarija Valley","state":null,"official":6,"country":"Bolivia","class":"Region","altname":"Valle de Tarija","gen":13,"color":2,"ppt_yr":662,"ppt_gs":616,"GDD_1":2158,"style":null,"latitude":-21.6311,"elev":null,"climate":null,"GI_area":null,"auv":null,"_bbox":[-64.93693714594423,-22.217956929936303,-64.16200077846439,-20.938427170619427]},"geometry":{"type":"Point","coordinates":[-64.5472,-21.51643]},"tippecanoe":{"minzoom":4}}
,
{"type":"Feature","properties":{"_area":10304817418,"OBJECTID_1":1599,"OBJECTID":0,"Name_rgn":"Santa Cruz Valleys","state":null,"official":6,"country":"Bolivia","class":"Region","altname":"Valles de Santa Cruz","gen":13,"color":0,"ppt_yr":595,"ppt_gs":527,"GDD_1":2066,"style":null,"latitude":-18.3391,"elev":null,"climate":null,"GI_area":null,"auv":null,"_bbox":[-64.81286068107329,-19.13535958062242,-63.712973019406405,-17.79964031651261]},"geometry":{"type":"Point","coordinates":[-64.13026,-18.27661]},"tippecanoe":{"minzoom":4}}
,
{"type":"Feature","properties":{"_area":163873821,"OBJECTID_1":null,"OBJECTID":null,"Name_rgn":"Lower Long Tom","state":"Oregon","official":1,"country":"United States","class":"American Viticultural Area","altname":null,"gen":24,"color":1,"ppt_yr":null,"ppt_gs":null,"GDD_1":null,"style":null,"latitude":44.2293,"elev":null,"climate":null,"GI_area":null,"auv":null,"_bbox":[-123.435713822276,44.14808915863811,-123.28083148336898,44.30676883650468]},"geometry":{"type":"Point","coordinates":[-123.34932,44.22893]},"tippecanoe":{"minzoom":6}}
,
{"type":"Feature","properties":{"_area":851279361,"OBJECTID_1":null,"OBJECTID":null,"Name_rgn":"Verde Valley","state":"Arizona","official":1,"country":"United States","class":"American Viticultural Area","altname":null,"gen":24,"color":2,"ppt_yr":null,"ppt_gs":null,"GDD_1":null,"style":null,"latitude":34.6817,"elev":null,"climate":null,"GI_area":null,"auv":null,"_bbox":[-112.13375507511999,34.510117952051,-111.747694593763,34.86077938967258]},"geometry":{"type":"Point","coordinates":[-111.90158,34.66559]},"tippecanoe":{"minzoom":5}}
,
{"type":"Feature","properties":{"_area":2676014430,"OBJECTID_1":null,"OBJECTID":257,"Name_rgn":"San Luis Obispo","state":"California","official":1,"country":"United States","class":"American Viticultural Area","altname":null,"gen":24,"color":5,"ppt_yr":null,"ppt_gs":null,"GDD_1":null,"style":null,"latitude":35.3521,"elev":null,"climate":null,"GI_area":null,"auv":null,"_bbox":[-121.32794122443201,34.99109782545479,-120.360236613745,35.765859215418]},"geometry":{"type":"Point","coordinates":[-120.76125,35.31719]},"tippecanoe":{"minzoom":5}}
,
{"type":"Feature","properties":{"_area":622890530,"OBJECTID_1":null,"OBJECTID":271,"Name_rgn":"Gabilan Mountains","state":"California","official":1,"country":"United States","class":"American Viticultural Area","altname":null,"gen":24,"color":3,"ppt_yr":null,"ppt_gs":null,"GDD_1":null,"style":null,"latitude":36.6205,"elev":null,"climate":null,"GI_area":null,"auv":null,"_bbox":[-121.552763382903,36.4354629804535,-121.148497600879,36.80544395621651]},"geometry":{"type":"Point","coordinates":[-121.25938,36.53807]},"tippecanoe":{"minzoom":5}}
,
{"type":"Feature","properties":{"_area":178747302,"OBJECTID_1":null,"OBJECTID":275,"Name_rgn":"Paulsell Valley","state":"California","official":1,"country":"United States","class":"American Viticultural Area","altname":null,"gen":24,"color":4,"ppt_yr":null,"ppt_gs":null,"GDD_1":null,"style":null,"latitude":37.7346,"elev":null,"climate":null,"GI_area":null,"auv":null,"_bbox":[-120.734995138983,37.64552486697769,-120.59184405927199,37.815943066133975]},"geometry":{"type":"Point","coordinates":[-120.6651,37.7322]},"tippecanoe":{"minzoom":6}}
,
{"type":"Feature","properties":{"_area":11244950877,"OBJECTID_1":null,"OBJECTID":288,"Name_rgn":"San Francisco Bay","state":"California","official":1,"country":"United States","class":"American Viticultural Area","altname":null,"gen":24,"color":0,"ppt_yr":606,"ppt_gs":97,"GDD_1":1745,"style":null,"latitude":37.5169,"elev":null,"climate":null,"GI_area":null,"auv":null,"_bbox":[-122.52086552954398,36.92596593146897,-121.36397695969701,38.209952001094]},"geometry":{"type":"Point","coordinates":[-122.0136,37.614]},"tippecanoe":{"minzoom":4}}]}