{"type": "FeatureCollection", "features": [{"type": "Feature", "properties": {"Name_rgn": "Northland", "country": "New Zealand", "class": "Geographical Indication", "official": 1, "source": "osm"}, "geometry": {"type": "Polygon", "coordinates": [[[172.3928404, -34.4641729], [172.404644, -34.5346943], [172.4419084, -34.5945362], [172.5809959, -34.6972553], [172.6198189, -34.743246], [172.6726006, -34.778534], [172.7020019, -34.8152411], [172.7404352, -34.8457582], [172.891256, -35.0225799], [172.8397353, -35.0821966], [172.81209, -35.1551248], [172.8154873, -35.2335989], [172.8449069, -35.2970862], [172.9340886, -35.3854739], [173.0268874, -35.5070453], [173.1072295, -35.583137], [173.1652253, -35.6692622], [173.208147, -35.7117943], [173.2386871, -35.7568517], [173.2894924, -35.7985835], [173.3476018, -35.8726542], [173.4613724, -35.9804042], [173.7192869, -36.2717907], [173.7746367, -36.3510706], [173.7887926, -36.4235872], [173.8158107, -36.4790355], [173.8507808, -36.5219949], [173.8963284, -36.5586286], [174.1930703, -36.4015705], [174.2391244, -36.2962608], [174.2936849, -36.3018109], [174.3118403, -36.3176415], [174.3424202, -36.3198241], [174.3718054, -36.299023], [174.3989884, -36.2925603], [174.4538338, -36.2532821], [174.4677224, -36.2600879], [174.478262, -36.2295628], [174.5230022, -36.2100752], [174.5222997, -36.1972245], [174.534573, -36.183511], [174.5628288, -36.1790886], [174.5711471, -36.1661529], [174.5808966, -36.1663944], [174.583305, -36.1453508], [174.6068762, -36.1327762], [174.6059105, -36.1216236], [174.8101262, -35.985009], [174.872739, -35.9071049], [174.8983035, -35.8511542], [174.9127119, -35.7800521], [174.9113784, -35.713273], [174.88568, -35.7021749], [174.9235844, -35.6697321], [174.9535191, -35.627793], [174.9927875, -35.501121], [174.9798614, -35.3974186], [174.9617553, -35.3594227], [174.9317747, -35.3223409], [174.8674114, -35.2744191], [174.7867478, -35.2478005], [174.6998436, -35.245986], [174.621673, -35.2673924], [174.5856668, -35.2103601], [174.5839986, -35.1436808], [174.5709406, -35.0962027], [174.5191352, -35.0264793], [174.4706708, -34.9935762], [174.4093124, -34.9708775], [174.23212, -34.9560979], [174.2134435, -34.9445861], [174.1938169, -34.8950925], [174.15996, -34.8508004], [174.0793692, -34.7961255], [173.9781103, -34.7687566], [173.875718, -34.7721244], [173.8152359, -34.7552051], [173.6949292, -34.742156], [173.5627458, -34.6275355], [173.4994858, -34.592003], [173.37293, -34.5684991], [173.2456554, -34.56667], [173.2493916, -34.5324454], [173.2753134, -34.4968122], [173.29177, -34.4575132], [173.2960939, -34.3860133], [173.2844863, -34.3455466], [173.2630692, -34.3079366], [173.1949145, -34.2475585], [173.1128362, -34.2077283], [173.0334887, -34.19371], [172.9565577, -34.1985883], [172.8962895, -34.2157666], [172.8151986, -34.2172803], [172.7585853, -34.2310168], [172.6824295, -34.2198892], [172.6059403, -34.2293028], [172.5225654, -34.267682], [172.4416696, -34.344445], [172.405584, -34.4010361], [172.3928404, -34.4641729]]]}}, {"type": "Feature", "properties": {"Name_rgn": "Auckland", "country": "New Zealand", "class": "Geographical Indication", "official": 1, "source": "osm"}, "geometry": {"type": "Polygon", "coordinates": [[[173.8963284, -36.5586286], [173.9672831, -36.6104445], [173.9936831, -36.6388869], [174.0591417, -36.7101435], [174.1407834, -36.822184], [174.1701699, -36.8671669], [174.2155325, -36.997941], [174.2492078, -37.1257968], [174.2875777, -37.1767676], [174.3391445, -37.2143639], [174.4262259, -37.3644738], [174.6583107, -37.2930757], [174.6582036, -37.2819821], [174.6998809, -37.2615781], [174.7225277, -37.2581338], [174.7388824, -37.2679388], [174.8063189, -37.2268357], [174.8481176, -37.2341992], [174.8503582, -37.2511689], [174.8867901, -37.2306329], [174.9307639, -37.2331091], [174.9364505, -37.2146497], [174.9299437, -37.2062331], [174.9479864, -37.1957441], [174.973221, -37.1947646], [174.9902581, -37.2165855], [175.014193, -37.1969236], [175.02963, -37.1961629], [175.0291578, -37.1888475], [175.0373162, -37.1920591], [175.0544715, -37.1807925], [175.1307393, -37.1863751], [175.1419093, -37.1757611], [175.1339408, -37.1682075], [175.1439265, -37.1676552], [175.1452453, -37.1445908], [175.1538967, -37.1361128], [175.1542025, -37.1210205], [175.1408179, -37.0987316], [175.1504594, -37.0702959], [175.1475937, -37.0548823], [175.1556077, -37.0470429], [175.152091, -37.0215584], [175.1607844, -37.0159147], [175.1847625, -37.0407649], [175.2066795, -37.0373463], [175.2077056, -37.0300623], [175.3886452, -37.0218974], [175.3793214, -36.9626307], [175.3110073, -36.8383845], [175.2666375, -36.7038437], [175.1630844, -36.5239336], [175.2510188, -36.399724], [175.4169208, -36.3798892], [175.6281164, -36.3850332], [175.9032151, -36.2582459], [175.8431853, -36.2366742], [175.7788941, -36.2280575], [175.7549156, -36.185748], [175.7637293, -36.1454831], [175.762437, -36.100828], [175.7361544, -36.0297565], [175.6995209, -35.9869979], [175.6388173, -35.9475488], [175.5983206, -35.8966554], [175.5468402, -35.8585443], [175.4664495, -35.8295315], [175.3786851, -35.8253309], [175.3117225, -35.7634561], [175.2337248, -35.7230896], [175.1823073, -35.7064466], [175.0315484, -35.6992297], [174.9321011, -35.7247402], [174.9113784, -35.713273], [174.911145, -35.7966092], [174.8930449, -35.8659026], [174.857453, -35.9300106], [174.8043152, -35.9899601], [174.6059105, -36.1216236], [174.6068762, -36.1327762], [174.583305, -36.1453508], [174.5808966, -36.1663944], [174.5711471, -36.1661529], [174.5628288, -36.1790886], [174.534573, -36.183511], [174.5222997, -36.1972245], [174.5230022, -36.2100752], [174.478262, -36.2295628], [174.4677224, -36.2600879], [174.4538338, -36.2532821], [174.3989884, -36.2925603], [174.3718054, -36.299023], [174.3424202, -36.3198241], [174.3118403, -36.3176415], [174.2936849, -36.3018109], [174.2391244, -36.2962608], [174.1930703, -36.4015705], [173.8963284, -36.5586286]]]}}, {"type": "Feature", "properties": {"Name_rgn": "Waikato", "country": "New Zealand", "class": "Geographical Indication", "official": 1, "source": "osm"}, "geometry": {"type": "Polygon", "coordinates": [[[174.3137365, -37.9720542], [174.3202447, -38.017053], [174.3373271, -38.056326], [174.3763656, -38.103711], [174.4266495, -38.138493], [174.4516392, -38.2095324], [174.451324, -38.247273], [174.404382, -38.2986476], [174.380834, -38.3553069], [174.3753147, -38.5821949], [174.351396, -38.701606], [174.6152484, -38.7059868], [174.6169183, -38.7228682], [174.6472174, -38.7209817], [174.6539842, -38.7331778], [174.6874577, -38.7278444], [174.693391, -38.7336877], [174.7376362, -38.7341002], [174.7535244, -38.7448372], [174.7941622, -38.7309994], [174.8242027, -38.7479955], [174.8282235, -38.7610239], [174.8628964, -38.7745841], [174.8676919, -38.7649936], [174.8960218, -38.7547056], [174.9275289, -38.7563177], [174.937845, -38.7501586], [174.9348076, -38.7305553], [174.9541329, -38.715125], [174.9532821, -38.7013595], [174.964339, -38.6968191], [174.9567257, -38.6647105], [175.0004727, -38.6662598], [175.0510803, -38.6493574], [175.0699702, -38.6376745], [175.0694535, -38.6300667], [175.093096, -38.6380093], [175.1164489, -38.6219131], [175.138895, -38.6316043], [175.1732751, -38.6273653], [175.1952396, -38.6294471], [175.2077015, -38.6390232], [175.2224212, -38.6364986], [175.2484926, -38.6153734], [175.2653224, -38.6137151], [175.285128, -38.5879933], [175.3018977, -38.5991872], [175.3029935, -38.5714656], [175.3247046, -38.5513863], [175.3346752, -38.5593162], [175.3355322, -38.581519], [175.3777948, -38.5726605], [175.3834662, -38.5417712], [175.3954565, -38.5431027], [175.4151407, -38.5281189], [175.415867, -38.5134922], [175.4430763, -38.4988628], [175.4391645, -38.4926386], [175.4809395, -38.4788808], [175.4845237, -38.4840341], [175.5420791, -38.480577], [175.538245, -38.4703272], [175.5654891, -38.4945313], [175.6121852, -38.4876117], [175.6253713, -38.5451541], [175.6369363, -38.5524642], [175.6286258, -38.6005556], [175.6003419, -38.6341247], [175.575929, -38.649852], [175.579579, -38.6818064], [175.5184532, -38.751107], [175.5416529, -38.7951103], [175.5554696, -38.7902401], [175.5775938, -38.8254597], [175.5447195, -38.8644361], [175.5799698, -38.9106843], [175.5540549, -38.9566578], [175.5607713, -38.9726854], [175.5675313, -38.9686947], [175.5694168, -38.970143], [175.5626337, -38.9868297], [175.6268862, -38.974006], [175.6820124, -38.9797105], [175.6480512, -39.0144139], [175.6357695, -39.0453151], [175.613559, -39.0506421], [175.6245832, -39.0598692], [175.6187462, -39.0825951], [175.6478156, -39.1000783], [175.6346564, -39.1583629], [175.5578542, -39.2759984], [175.6692118, -39.2969342], [175.7048056, -39.2883192], [175.7414054, -39.2975483], [175.7518464, -39.2880227], [175.8123493, -39.3006524], [175.8425601, -39.2707195], [175.868091, -39.2630346], [175.8546739, -39.2443986], [175.8926658, -39.2236448], [175.8859707, -39.2058952], [175.9643655, -39.1798031], [175.9640338, -39.1595285], [175.973427, -39.1548039], [175.9887987, -39.115927], [176.0039767, -39.1129393], [176.0046557, -39.102216], [176.0230661, -39.0828831], [176.0313747, -39.078211], [176.032459, -39.0995129], [176.0879766, -39.1296732], [176.0956071, -39.1069273], [176.1136637, -39.0911384], [176.1727539, -39.0784859], [176.1784511, -39.0663153], [176.1446232, -39.0510154], [176.1456524, -39.039979], [176.257563, -38.947876], [176.2523002, -38.9195122], [176.2426485, -38.9172424], [176.2457161, -38.8966259], [176.2583809, -38.8899909], [176.2551138, -38.8081782], [176.4509805, -38.5616573], [176.4752062, -38.5443785], [176.47479, -38.5159401], [176.5053248, -38.4022138], [176.46876, -38.3589575], [176.4469706, -38.3565202], [176.4499248, -38.3305248], [176.4403389, -38.3133829], [176.4077932, -38.3261262], [176.390558, -38.3230102], [176.2810735, -38.2189061], [176.2648107, -38.2147555], [176.235563, -38.2376703], [176.2217042, -38.2379501], [176.224113, -38.2273289], [176.2092743, -38.2194274], [176.2043153, -38.2053457], [176.1945417, -38.2083717], [176.1904819, -38.1958674], [176.1503348, -38.2181864], [176.1101085, -38.166863], [176.0900396, -38.1669614], [176.0762209, -38.1015842], [176.0634672, -38.0952971], [176.0685366, -38.0861223], [176.0765025, -38.0891982], [176.0756037, -38.0495644], [176.0550331, -38.0399084], [176.0622517, -38.026823], [176.0575814, -38.0216046], [176.0131801, -37.9934747], [175.9714802, -37.9864081], [175.971104, -37.9701548], [175.9494265, -37.9567438], [175.9414009, -37.9278213], [175.9771878, -37.9136731], [175.9373721, -37.8913478], [175.9549681, -37.8722866], [175.9440659, -37.8788363], [175.9309386, -37.8682489], [175.9193851, -37.8708022], [175.923042, -37.8574525], [175.9109846, -37.8415163], [175.91814, -37.8320761], [175.8890081, -37.8179908], [175.9108492, -37.7654426], [175.878347, -37.7136615], [175.8799651, -37.7012472], [175.8626295, -37.6887507], [175.8483792, -37.6575502], [175.8351943, -37.6514866], [175.8239339, -37.6313736], [175.816721, -37.6169263], [175.8246135, -37.6027479], [175.794852, -37.5537067], [175.811814, -37.5639363], [175.8299889, -37.54027], [175.8235231, -37.5161478], [175.8059208, -37.5080145], [175.8173485, -37.4946721], [175.8135263, -37.4849101], [175.8327759, -37.471602], [175.8656154, -37.5003625], [175.8992861, -37.4956831], [175.88056, -37.4695002], [175.8720364, -37.4734779], [175.8608587, -37.4610999], [175.877503, -37.4510673], [175.8775532, -37.4431921], [175.8908425, -37.4436863], [175.9134922, -37.4255868], [175.9039336, -37.405679], [175.924542, -37.4044186], [175.9167962, -37.3985961], [175.9260471, -37.3833456], [175.9166015, -37.379309], [175.9407098, -37.3731971], [176.1293073, -37.1605824], [176.3487634, -36.8938945], [176.3271397, -36.8480131], [176.2923145, -36.8077241], [176.2278965, -36.7582477], [176.1664196, -36.7311486], [176.1927039, -36.6666869], [176.1965634, -36.6114491], [176.1730239, -36.5268712], [176.1427606, -36.4760921], [176.0962225, -36.4341141], [176.0328191, -36.4027474], [176.0165255, -36.3606874], [175.9892737, -36.3225224], [175.9032151, -36.2582459], [175.6281164, -36.3850332], [175.4169208, -36.3798892], [175.2510188, -36.399724], [175.1630844, -36.5239336], [175.2666375, -36.7038437], [175.3110073, -36.8383845], [175.3793214, -36.9626307], [175.3886452, -37.0218974], [175.2077056, -37.0300623], [175.2066795, -37.0373463], [175.1847625, -37.0407649], [175.1607844, -37.0159147], [175.152091, -37.0215584], [175.1556077, -37.0470429], [175.1475937, -37.0548823], [175.1504594, -37.0702959], [175.1408179, -37.0987316], [175.1542025, -37.1210205], [175.1538967, -37.1361128], [175.1452453, -37.1445908], [175.1439265, -37.1676552], [175.1339408, -37.1682075], [175.1419093, -37.1757611], [175.1307393, -37.1863751], [175.0544715, -37.1807925], [175.0373162, -37.1920591], [175.0291578, -37.1888475], [175.02963, -37.1961629], [175.014193, -37.1969236], [174.9902581, -37.2165855], [174.973221, -37.1947646], [174.9479864, -37.1957441], [174.9299437, -37.2062331], [174.9364505, -37.2146497], [174.9307639, -37.2331091], [174.8867901, -37.2306329], [174.8503582, -37.2511689], [174.8481176, -37.2341992], [174.8063189, -37.2268357], [174.7388824, -37.2679388], [174.7225277, -37.2581338], [174.6998809, -37.2615781], [174.6582036, -37.2819821], [174.6583107, -37.2930757], [174.4262259, -37.3644738], [174.4473741, -37.4099946], [174.4562255, -37.4725707], [174.4718055, -37.5144315], [174.4802963, -37.5930486], [174.502341, -37.634805], [174.5356491, -37.6715443], [174.5620558, -37.7280449], [174.5318795, -37.7733478], [174.4421254, -37.7974609], [174.3698214, -37.846101], [174.3281575, -37.9052661], [174.3137365, -37.9720542]]]}}, {"type": "Feature", "properties": {"Name_rgn": "Bay of Plenty", "country": "New Zealand", "class": "Geographical Indication", "official": 1, "source": "osm"}, "geometry": {"type": "Polygon", "coordinates": [[[175.794852, -37.5537067], [175.8246135, -37.6027479], [175.816721, -37.6169263], [175.8239339, -37.6313736], [175.8351943, -37.6514866], [175.8483792, -37.6575502], [175.8626295, -37.6887507], [175.8799651, -37.7012472], [175.878347, -37.7136615], [175.9108492, -37.7654426], [175.8890081, -37.8179908], [175.91814, -37.8320761], [175.9109846, -37.8415163], [175.923042, -37.8574525], [175.9193851, -37.8708022], [175.9309386, -37.8682489], [175.9440659, -37.8788363], [175.9549681, -37.8722866], [175.9373721, -37.8913478], [175.9771878, -37.9136731], [175.9414009, -37.9278213], [175.9494265, -37.9567438], [175.971104, -37.9701548], [175.9714802, -37.9864081], [176.0131801, -37.9934747], [176.0575814, -38.0216046], [176.0622517, -38.026823], [176.0550331, -38.0399084], [176.0756037, -38.0495644], [176.0765025, -38.0891982], [176.0685366, -38.0861223], [176.0634672, -38.0952971], [176.0762209, -38.1015842], [176.0900396, -38.1669614], [176.1101085, -38.166863], [176.1503348, -38.2181864], [176.1904819, -38.1958674], [176.1945417, -38.2083717], [176.2043153, -38.2053457], [176.2092743, -38.2194274], [176.224113, -38.2273289], [176.2217042, -38.2379501], [176.235563, -38.2376703], [176.2648107, -38.2147555], [176.2810735, -38.2189061], [176.390558, -38.3230102], [176.4077932, -38.3261262], [176.4403389, -38.3133829], [176.4499248, -38.3305248], [176.4469706, -38.3565202], [176.46876, -38.3589575], [176.5053248, -38.4022138], [176.47479, -38.5159401], [176.4752062, -38.5443785], [176.4509805, -38.5616573], [176.2551138, -38.8081782], [176.2583809, -38.8899909], [176.3113737, -38.9027073], [176.3142017, -38.9228262], [176.3321452, -38.9525446], [176.3581735, -38.9584123], [176.3809387, -38.9881018], [176.4480368, -39.0040914], [176.4553017, -38.9890536], [176.4348063, -38.9688539], [176.4681052, -38.9414037], [176.4416919, -38.9203246], [176.4607869, -38.9112531], [176.4661884, -38.8927805], [176.4953251, -38.8814106], [176.4969475, -38.8579344], [176.5093479, -38.8530133], [176.5085393, -38.8129396], [176.5199069, -38.7971443], [176.560576, -38.800198], [176.5897385, -38.8353425], [176.6077009, -38.8229508], [176.6516565, -38.8220382], [176.6590196, -38.835196], [176.6759974, -38.8399712], [176.6783658, -38.8555713], [176.6966555, -38.8564269], [176.7040656, -38.8270819], [176.6920325, -38.8062509], [176.7079251, -38.7890486], [176.7140771, -38.7278771], [176.7271004, -38.7218042], [176.7428829, -38.7277593], [176.7442186, -38.7119323], [176.7592313, -38.7088506], [176.7732742, -38.6844962], [176.7993906, -38.6805253], [176.8225096, -38.6913624], [176.8456089, -38.6725246], [176.8613529, -38.6800557], [176.8868372, -38.6665028], [176.8994847, -38.682587], [176.9292008, -38.6981706], [176.9618565, -38.6968339], [176.9715654, -38.7047069], [177.0170016, -38.6671709], [177.0269553, -38.6395146], [177.0459795, -38.6208023], [177.0607585, -38.6220989], [177.0779082, -38.6106443], [177.0997336, -38.6274309], [177.1200639, -38.5852728], [177.138186, -38.5768017], [177.1507864, -38.5842761], [177.1669969, -38.577813], [177.1662522, -38.5678182], [177.2025455, -38.524317], [177.2258255, -38.5341049], [177.2408917, -38.5102091], [177.2545144, -38.5131595], [177.2369223, -38.4263418], [177.4636879, -38.3335363], [177.4862987, -38.2962677], [177.4842799, -38.2744524], [177.4975501, -38.260768], [177.4898946, -38.2611141], [177.4910943, -38.250041], [177.4817513, -38.2399192], [177.4918273, -38.2397303], [177.5009672, -38.2134473], [177.5333306, -38.2183602], [177.5336623, -38.2093024], [177.5603739, -38.2093789], [177.5564637, -38.2047028], [177.5732349, -38.1926642], [177.6047886, -38.1866208], [177.6024035, -38.1711879], [177.6535907, -38.1585848], [177.6508991, -38.1415306], [177.6644086, -38.1161643], [177.7025196, -38.1059043], [177.6895845, -38.0971736], [177.685446, -38.0832263], [177.6771849, -38.0862485], [177.6976269, -38.0606934], [177.6742653, -38.0260346], [177.6811438, -38.0123934], [177.7243567, -38.0226498], [177.7399842, -38.042047], [177.8490198, -38.1112779], [177.8609675, -38.1116562], [177.9722916, -37.8450055], [178.073007, -37.7635897], [178.0387065, -37.7331161], [177.9946299, -37.764301], [177.9922396, -37.7528924], [177.9781855, -37.7443101], [177.9786148, -37.7308055], [177.9933047, -37.7165881], [177.9865994, -37.6972175], [177.9981926, -37.6895898], [177.9923709, -37.6905355], [177.9896349, -37.644923], [177.9751426, -37.6302213], [177.9866834, -37.6087572], [178.0398126, -37.5975445], [178.1075549, -37.598716], [178.0854092, -37.5421845], [178.107162, -37.4602643], [178.1196892, -37.335766], [177.947416, -37.3348429], [177.8928848, -37.3456903], [177.8427234, -37.365938], [177.7930496, -37.40007], [177.7582619, -37.4399608], [177.7022855, -37.4759088], [177.6203995, -37.4944382], [177.5509086, -37.5336449], [177.4603022, -37.6218086], [177.4272787, -37.6740639], [177.3760601, -37.7240014], [177.3488917, -37.7660697], [177.3114485, -37.7892603], [177.2474598, -37.7899887], [177.2236985, -37.7837394], [177.1903682, -37.7366198], [177.2694767, -37.725201], [177.3403608, -37.6944906], [177.4041414, -37.6390416], [177.4378593, -37.5819123], [177.4475028, -37.5341786], [177.4432659, -37.477702], [177.4244805, -37.4307804], [177.3919297, -37.3889265], [177.28013, -37.3135063], [177.2087777, -37.2849103], [177.1156896, -37.2761067], [177.0207994, -37.2968355], [176.9694553, -37.3228121], [176.9273576, -37.3577913], [176.8969947, -37.3998174], [176.8793882, -37.4466105], [176.8765048, -37.4954105], [176.8885443, -37.5433138], [176.9148165, -37.5874646], [176.9503767, -37.6226026], [176.8771673, -37.6147858], [176.8086768, -37.6230812], [176.7867246, -37.5714272], [176.7157991, -37.4750061], [176.6326821, -37.4255579], [176.5805129, -37.3821975], [176.5146192, -37.3531068], [176.529384, -37.2959881], [176.5291702, -37.2475058], [176.5143967, -37.2004841], [176.4832428, -37.1546298], [176.4073236, -37.0963683], [176.3133103, -37.0667783], [176.3394787, -37.0239162], [176.3528076, -36.9839503], [176.3557479, -36.9350563], [176.3487634, -36.8938945], [176.1293073, -37.1605824], [175.9407098, -37.3731971], [175.9166015, -37.379309], [175.9260471, -37.3833456], [175.9167962, -37.3985961], [175.924542, -37.4044186], [175.9039336, -37.405679], [175.9134922, -37.4255868], [175.8908425, -37.4436863], [175.8775532, -37.4431921], [175.877503, -37.4510673], [175.8608587, -37.4610999], [175.8720364, -37.4734779], [175.88056, -37.4695002], [175.8992861, -37.4956831], [175.8656154, -37.5003625], [175.8327759, -37.471602], [175.8135263, -37.4849101], [175.8173485, -37.4946721], [175.8059208, -37.5080145], [175.8235231, -37.5161478], [175.8299889, -37.54027], [175.811814, -37.5639363], [175.794852, -37.5537067]]]}}, {"type": "Feature", "properties": {"Name_rgn": "Gisborne", "country": "New Zealand", "class": "Geographical Indication", "official": 1, "source": "osm"}, "geometry": {"type": "MultiPolygon", "coordinates": [[[[177.1221708, -38.583921], [177.3075607, -38.6597042], [177.3089891, -38.5969006], [177.3534252, -38.6245579], [177.3924287, -38.622059], [177.4478181, -38.6358922], [177.4514998, -38.6399037], [177.4310305, -38.6692114], [177.4187427, -38.6738809], [177.4087512, -38.6993751], [177.4293048, -38.6921796], [177.4396661, -38.7040956], [177.4662319, -38.7056117], [177.4758805, -38.731757], [177.4675311, -38.7442811], [177.4698917, -38.7554411], [177.4835266, -38.7550564], [177.4942121, -38.7779743], [177.5144342, -38.7744485], [177.531274, -38.791549], [177.5389352, -38.8126357], [177.5306461, -38.8197077], [177.5609631, -38.8016087], [177.5931348, -38.8031374], [177.5904584, -38.8284454], [177.5997812, -38.8518982], [177.6260748, -38.8433758], [177.6375633, -38.8711317], [177.6393975, -38.8612104], [177.6479081, -38.8627806], [177.6623817, -38.8458218], [177.6601639, -38.904701], [177.6739931, -38.8990385], [177.7106444, -38.9064872], [177.7217449, -38.8982753], [177.7293722, -38.9033831], [177.7289015, -38.9188039], [177.7492345, -38.8966737], [177.7761232, -38.9128124], [177.799025, -38.8943903], [177.8047388, -38.9118178], [177.8219423, -38.9216864], [177.830481, -38.9116132], [177.8445276, -38.9215035], [177.8369243, -38.9559683], [177.8987783, -38.9721655], [177.9107177, -38.9129836], [177.9032711, -38.8875177], [177.9213868, -38.8626452], [177.9106551, -38.8498318], [177.9121941, -38.827858], [177.9231464, -38.8212595], [177.9194313, -38.8105755], [177.9297349, -38.7881012], [177.9510195, -38.7642873], [177.9726117, -38.7572933], [177.9408938, -38.7532913], [177.9381088, -38.7120528], [177.9721602, -38.6822933], [178.0298117, -38.6672055], [178.0256175, -38.6803781], [178.0694031, -38.707774], [178.081834, -38.6783303], [178.1244531, -38.6516544], [178.1468757, -38.6522449], [178.1587137, -38.6302506], [178.1722312, -38.6289115], [178.1807262, -38.6122407], [178.1996335, -38.6056792], [178.2034296, -38.5875474], [178.2930157, -38.528484], [178.2834493, -38.510455], [178.2804017, -38.4748742], [178.3121106, -38.4333748], [178.346993, -38.4162293], [178.3365477, -38.4055512], [178.3402428, -38.3787247], [178.3192444, -38.3827385], [178.2988036, -38.3763697], [178.307004, -38.3729718], [178.3080216, -38.3608856], [178.3297061, -38.3527694], [178.3242277, -38.335175], [178.33305, -38.3265249], [178.322978, -38.3149753], [178.326025, -38.3055335], [178.359976, -38.2887638], [178.3339891, -38.2820655], [178.332906, -38.2600418], [178.3101267, -38.234953], [178.31958, -38.2217479], [178.3352857, -38.2196394], [178.3389286, -38.1915426], [178.3667791, -38.1765082], [178.340466, -38.166332], [178.3174172, -38.1394078], [178.324586, -38.1192324], [178.3502711, -38.1062459], [178.3589737, -38.1098402], [178.3739219, -38.0936532], [178.3725163, -38.0726395], [178.3618057, -38.0689912], [178.3716643, -38.0510538], [178.3373606, -38.0373271], [178.3369283, -38.0121078], [178.3522203, -37.9896623], [178.3685341, -37.9858117], [178.377099, -37.9670082], [178.3916152, -37.9608321], [178.3991483, -37.9413804], [178.3895118, -37.9225556], [178.4084997, -37.8666013], [178.4516006, -37.8334203], [178.4511795, -37.8128033], [178.5238514, -37.7336248], [178.5234958, -37.7215822], [178.5496874, -37.6873677], [178.4808212, -37.6399921], [178.4496112, -37.6406765], [178.4147251, -37.6294223], [178.3717583, -37.6324069], [178.3458604, -37.6221691], [178.3190665, -37.6016643], [178.3260619, -37.5900681], [178.3024294, -37.5955846], [178.294792, -37.585516], [178.2946302, -37.5701698], [178.3180668, -37.5664334], [178.3223789, -37.5599512], [178.3148928, -37.5562126], [178.2170533, -37.5471469], [178.2091771, -37.5338996], [178.1827554, -37.5386689], [178.1718002, -37.5329058], [178.1636399, -37.5527181], [178.0854092, -37.5421845], [178.1075549, -37.598716], [178.0398126, -37.5975445], [177.9866834, -37.6087572], [177.9781515, -37.6170165], [177.9751426, -37.6302213], [177.9896349, -37.644923], [177.9923709, -37.6905355], [177.9981926, -37.6895898], [177.9865994, -37.6972175], [177.9933047, -37.7165881], [177.9786148, -37.7308055], [177.9781855, -37.7443101], [177.9922396, -37.7528924], [177.9946299, -37.764301], [178.0387065, -37.7331161], [178.073007, -37.7635897], [177.9722916, -37.8450055], [177.8609675, -38.1116562], [177.8490198, -38.1112779], [177.7399842, -38.042047], [177.7243567, -38.0226498], [177.6811438, -38.0123934], [177.6742653, -38.0260346], [177.6976269, -38.0606934], [177.6771849, -38.0862485], [177.685446, -38.0832263], [177.6895845, -38.0971736], [177.7026369, -38.1056794], [177.6641214, -38.1164421], [177.6508991, -38.1415306], [177.6535907, -38.1585848], [177.6024035, -38.1711879], [177.6047886, -38.1866208], [177.5732349, -38.1926642], [177.5564637, -38.2047028], [177.5603739, -38.2093789], [177.5336623, -38.2093024], [177.5321063, -38.2185123], [177.5009672, -38.2134473], [177.4918273, -38.2397303], [177.4817513, -38.2399192], [177.4910943, -38.250041], [177.4898946, -38.2611141], [177.4975501, -38.260768], [177.4842799, -38.2744524], [177.4862987, -38.2962677], [177.4636879, -38.3335363], [177.2369223, -38.4263418], [177.2548701, -38.5127454], [177.2408917, -38.5102091], [177.2258255, -38.5341049], [177.2025455, -38.524317], [177.1662522, -38.5678182], [177.1667992, -38.5779346], [177.1221708, -38.583921]]], [[[178.0473552, -38.7062624], [178.0478469, -38.7068471], [178.0502608, -38.7063817], [178.0485068, -38.7052581], [178.0473552, -38.7062624]]], [[[178.0692868, -38.7080974], [178.0694242, -38.7081476], [178.0694832, -38.7080354], [178.0693169, -38.7080312], [178.0692868, -38.7080974]]], [[[178.2332932, -38.5730696], [178.2335784, -38.5734415], [178.2389552, -38.5744368], [178.2363223, -38.5724269], [178.2332932, -38.5730696]]], [[[178.2955896, -38.5343192], [178.2961427, -38.5344038], [178.2966536, -38.5336322], [178.2957528, -38.5338596], [178.2955896, -38.5343192]]], [[[178.331999, -38.2483718], [178.3332704, -38.2498001], [178.3437236, -38.2497308], [178.3341532, -38.2472347], [178.331999, -38.2483718]]], [[[178.3348836, -38.3495664], [178.3389777, -38.3486257], [178.3427543, -38.3453273], [178.3352698, -38.3479845], [178.3348836, -38.3495664]]], [[[178.3416664, -38.3854473], [178.3488391, -38.3880552], [178.3489115, -38.379257], [178.3420446, -38.3790211], [178.3416664, -38.3854473]]], [[[178.3423192, -38.3760652], [178.3437596, -38.3761787], [178.3455379, -38.3754343], [178.3449585, -38.3752661], [178.3423192, -38.3760652]]], [[[178.573033, -37.6921228], [178.5762466, -37.6928059], [178.5780612, -37.6891378], [178.5749122, -37.6895365], [178.573033, -37.6921228]]]]}}, {"type": "Feature", "properties": {"Name_rgn": "Hawke's Bay", "country": "New Zealand", "class": "Geographical Indication", "official": 1, "source": "osm"}, "geometry": {"type": "Polygon", "coordinates": [[[176.0429363, -39.3806713], [176.069064, -39.3922876], [176.0846356, -39.3834742], [176.1112383, -39.3844388], [176.1204836, -39.4009419], [176.1214463, -39.4344389], [176.1440239, -39.4484938], [176.136947, -39.4759366], [176.1664275, -39.5005824], [176.1940503, -39.5050737], [176.1822798, -39.5426058], [176.151914, -39.5602358], [176.1549727, -39.5694562], [176.1425014, -39.5798947], [176.1527432, -39.5982798], [176.1789922, -39.6052517], [176.1812518, -39.6169329], [176.1650929, -39.6486542], [176.1959379, -39.663571], [176.200871, -39.6729902], [176.1842324, -39.6837801], [176.1805465, -39.7110643], [176.169086, -39.7179155], [176.1768526, -39.7440491], [176.1379526, -39.8238794], [176.1349943, -39.8505869], [176.1172045, -39.8867673], [176.1268892, -39.8915513], [176.1261184, -39.9047755], [176.106835, -39.917088], [176.1154298, -39.929404], [176.1097358, -39.9418559], [176.1244993, -39.947758], [176.1211137, -39.9624471], [176.0938314, -39.9955026], [176.1254972, -40.0136024], [176.1366273, -40.0285782], [176.1542736, -40.012227], [176.2135447, -40.0178172], [176.217873, -40.0288171], [176.2387832, -40.027333], [176.2386552, -40.0383908], [176.2622406, -40.0450982], [176.2637603, -40.0627134], [176.2972409, -40.0680515], [176.3208819, -40.0856267], [176.3092666, -40.1178085], [176.313186, -40.1239249], [176.3296043, -40.122507], [176.3432025, -40.1455217], [176.3787469, -40.1581421], [176.3586952, -40.197882], [176.3617234, -40.2153346], [176.3701686, -40.2144013], [176.3702703, -40.2342473], [176.3803111, -40.2374219], [176.3863047, -40.265709], [176.3780916, -40.2724758], [176.3992165, -40.2848785], [176.3889113, -40.3229887], [176.4058461, -40.3330325], [176.3706442, -40.3586213], [176.3918843, -40.3617011], [176.3914656, -40.3777726], [176.4070416, -40.3786434], [176.4177845, -40.392318], [176.4364281, -40.3915068], [176.4339051, -40.4029374], [176.4613922, -40.411806], [176.4925854, -40.4115501], [176.4928599, -40.4001289], [176.5499582, -40.4211735], [176.5587533, -40.4072058], [176.5785673, -40.4146189], [176.5873337, -40.4312915], [176.5897247, -40.4225533], [176.8942696, -40.4670842], [176.9037924, -40.4221434], [176.9178214, -40.3995331], [176.9917669, -40.3518658], [177.1151259, -40.2131495], [177.1571141, -40.114848], [177.1626567, -40.0553081], [177.2030937, -39.9859968], [177.2541931, -39.9408073], [177.2855718, -39.885995], [177.2945678, -39.8377576], [177.2881743, -39.7892741], [177.3404321, -39.71398], [177.3571854, -39.6472718], [177.2955022, -39.3097308], [177.4310744, -39.2662066], [177.5900437, -39.2545737], [177.6209569, -39.3772137], [177.6507199, -39.4206934], [177.6896275, -39.4547005], [177.7461372, -39.4845381], [177.814714, -39.5038589], [177.877579, -39.5084212], [177.9446606, -39.4999446], [178.0968824, -39.4346686], [178.1687758, -39.3743571], [178.200153, -39.3115456], [178.2021899, -39.2404872], [178.2321788, -39.2037701], [178.2555787, -39.1548495], [178.2617807, -39.0870921], [178.2419192, -39.0255138], [178.2031486, -38.9749371], [177.8967753, -38.9728117], [177.8369243, -38.9559683], [177.8445276, -38.9215035], [177.830481, -38.9116132], [177.8219423, -38.9216864], [177.8047388, -38.9118178], [177.799025, -38.8943903], [177.7761232, -38.9128124], [177.7492345, -38.8966737], [177.7289015, -38.9188039], [177.7293722, -38.9033831], [177.7217449, -38.8982753], [177.7106444, -38.9064872], [177.6739931, -38.8990385], [177.6601639, -38.904701], [177.6623817, -38.8458218], [177.6479081, -38.8627806], [177.6393975, -38.8612104], [177.6369193, -38.8710867], [177.6260748, -38.8433758], [177.5997812, -38.8518982], [177.5904584, -38.8284454], [177.5931348, -38.8031374], [177.5609631, -38.8016087], [177.5306461, -38.8197077], [177.5389352, -38.8126357], [177.531274, -38.791549], [177.5144342, -38.7744485], [177.4942121, -38.7779743], [177.4835266, -38.7550564], [177.4698917, -38.7554411], [177.4675311, -38.7442811], [177.4758805, -38.731757], [177.4662319, -38.7056117], [177.4396661, -38.7040956], [177.4293048, -38.6921796], [177.4087512, -38.6993751], [177.4187427, -38.6738809], [177.4310305, -38.6692114], [177.4514998, -38.6399037], [177.4473175, -38.6356686], [177.3924287, -38.622059], [177.3534252, -38.6245579], [177.3089891, -38.5969006], [177.3075607, -38.6597042], [177.1221708, -38.583921], [177.106031, -38.6041092], [177.1003109, -38.6269995], [177.0779082, -38.6106443], [177.0607585, -38.6220989], [177.0459795, -38.6208023], [177.0269553, -38.6395146], [177.0170016, -38.6671709], [176.9715654, -38.7047069], [176.9618565, -38.6968339], [176.9292008, -38.6981706], [176.8994847, -38.682587], [176.8868372, -38.6665028], [176.8613529, -38.6800557], [176.8456089, -38.6725246], [176.8225096, -38.6913624], [176.7993906, -38.6805253], [176.7732742, -38.6844962], [176.7592313, -38.7088506], [176.7442186, -38.7119323], [176.7428829, -38.7277593], [176.7271004, -38.7218042], [176.7140771, -38.7278771], [176.7079251, -38.7890486], [176.6920325, -38.8062509], [176.7040656, -38.8270819], [176.6966555, -38.8564269], [176.6783658, -38.8555713], [176.6759974, -38.8399712], [176.6590196, -38.835196], [176.6516565, -38.8220382], [176.6077009, -38.8229508], [176.5897385, -38.8353425], [176.560576, -38.800198], [176.5199069, -38.7971443], [176.5085393, -38.8129396], [176.5093479, -38.8530133], [176.4969475, -38.8579344], [176.4953251, -38.8814106], [176.4661884, -38.8927805], [176.4607869, -38.9112531], [176.4416919, -38.9203246], [176.4681052, -38.9414037], [176.4348063, -38.9688539], [176.4553017, -38.9890536], [176.4480368, -39.0040914], [176.3815722, -38.9884701], [176.3581735, -38.9584123], [176.334211, -38.9544343], [176.3142017, -38.9228262], [176.3102149, -38.9019778], [176.2505923, -38.8917262], [176.2428612, -38.9202544], [176.2523002, -38.9195122], [176.257563, -38.947876], [176.1448624, -39.0412353], [176.1457502, -39.0519183], [176.1764763, -39.0636341], [176.1727539, -39.0784859], [176.1136637, -39.0911384], [176.0956071, -39.1069273], [176.096407, -39.119571], [176.0846143, -39.1307658], [176.08349, -39.1500481], [176.1028756, -39.1766743], [176.0868377, -39.1803707], [176.0828112, -39.1867595], [176.0903698, -39.1999718], [176.0749854, -39.2108946], [176.0776599, -39.2167401], [176.0939987, -39.2109404], [176.1154894, -39.2187843], [176.0807212, -39.2599541], [176.0936238, -39.2780269], [176.0868444, -39.2890909], [176.1004061, -39.2947709], [176.1024278, -39.3151908], [176.1218015, -39.3270792], [176.1150164, -39.3392033], [176.065825, -39.3662971], [176.0520296, -39.3656585], [176.0429363, -39.3806713]]]}}, {"type": "Feature", "properties": {"Name_rgn": "Wairarapa", "country": "New Zealand", "class": "Geographical Indication", "official": 1, "source": "osm"}, "geometry": {"type": "Polygon", "coordinates": [[[174.9586536, -41.3829156], [174.9868278, -41.3963033], [175.048674, -41.3737867], [175.1280046, -41.3927914], [175.2124987, -41.4282167], [175.2215487, -41.4533005], [175.2072791, -41.4753458], [175.2083604, -41.5007905], [175.1950162, -41.5267059], [175.2176381, -41.5406604], [175.2362967, -41.6075295], [175.25516, -41.6036776], [175.2902618, -41.6137472], [175.3228397, -41.6080705], [175.3691179, -41.5716345], [175.4199492, -41.566811], [175.4318546, -41.572356], [175.4981819, -41.5274856], [175.5080351, -41.5106636], [175.5315829, -41.5048739], [175.5343191, -41.4957158], [175.5852428, -41.487425], [175.6746863, -41.4147059], [175.7100754, -41.4058295], [175.7670439, -41.3790498], [175.7698194, -41.3705439], [175.8028471, -41.3614702], [175.7989588, -41.3487591], [175.7847519, -41.3431939], [175.8097755, -41.3252006], [175.7669072, -41.316679], [175.7735095, -41.2979647], [175.7955599, -41.3024014], [175.8017556, -41.2856218], [175.7503606, -41.275443], [175.7556263, -41.260895], [175.7493097, -41.2546117], [175.7269964, -41.2543423], [175.7439514, -41.2380793], [175.7395282, -41.2333067], [175.7467865, -41.2349887], [175.7559607, -41.2089879], [175.7500901, -41.2027922], [175.73018, -41.2031035], [175.7209301, -41.2293614], [175.6960616, -41.2367074], [175.6959901, -41.2282625], [175.6882717, -41.2310254], [175.6767757, -41.2178782], [175.5818628, -41.1981626], [175.5916476, -41.177009], [175.5762317, -41.1700564], [175.5776184, -41.1607594], [175.4755067, -41.1425578], [175.4883017, -41.1321021], [175.4767642, -41.1202919], [175.4903448, -41.1176861], [175.5130343, -41.0966045], [175.5029405, -41.084953], [175.5081942, -41.071625], [175.4937999, -41.0583025], [175.4808955, -41.0643098], [175.4136602, -41.0636742], [175.3989656, -41.0562021], [175.3933428, -41.0290427], [175.4019288, -41.019957], [175.3907381, -41.0079757], [175.3933422, -40.9878073], [175.3819327, -40.9737936], [175.3845784, -40.9527968], [175.4044575, -40.933505], [175.3773976, -40.9210635], [175.3419034, -40.9363852], [175.3039375, -40.9340925], [175.2617688, -40.9676374], [175.2715578, -40.9857814], [175.3062989, -40.9894815], [175.2648116, -41.0265441], [175.2559111, -41.0519003], [175.2429845, -41.0638599], [175.2499295, -41.0889318], [175.22897, -41.1043391], [175.2327634, -41.1174672], [175.224985, -41.118176], [175.2057144, -41.1496578], [175.1890482, -41.1496005], [175.1686053, -41.1705642], [175.1515917, -41.2030281], [175.1290411, -41.215502], [175.0956029, -41.212321], [175.0837897, -41.2219851], [175.0742122, -41.2447411], [175.0870821, -41.2628255], [175.0807871, -41.2691512], [175.0830034, -41.2843383], [175.0477236, -41.3132835], [175.0441856, -41.3298231], [175.0331669, -41.3316738], [175.0223528, -41.348247], [174.9934416, -41.3450072], [174.9586536, -41.3829156]]]}}, {"type": "Feature", "properties": {"Name_rgn": "Nelson", "country": "New Zealand", "class": "Geographical Indication", "official": 1, "source": "osm"}, "geometry": {"type": "MultiPolygon", "coordinates": [[[[173.1898574, -41.3057236], [173.1905985, -41.3093724], [173.1917755, -41.3101279], [173.1928366, -41.3099756], [173.1930432, -41.3096158], [173.1912587, -41.3094268], [173.1924368, -41.3087045], [173.1907339, -41.3077065], [173.190059, -41.3057351], [173.1903327, -41.3052556], [173.1923163, -41.3075773], [173.1986643, -41.3069447], [173.1965852, -41.3056488], [173.1942001, -41.3067308], [173.1904506, -41.3049059], [173.1898574, -41.3057236]]], [[[173.1990423, -41.3073742], [173.2001022, -41.3078482], [173.2006013, -41.3078463], [173.1996942, -41.3072743], [173.1990423, -41.3073742]]], [[[173.1992826, -41.3309077], [173.2320196, -41.3626673], [173.2300353, -41.3688229], [173.249579, -41.364562], [173.2563665, -41.3822013], [173.2722144, -41.378734], [173.2994347, -41.3934263], [173.3382272, -41.3850613], [173.3607456, -41.3531954], [173.4146889, -41.323146], [173.4208521, -41.3076785], [173.4155078, -41.2887828], [173.4710571, -41.2428859], [173.4761655, -41.2289435], [173.5157992, -41.2138957], [173.5223332, -41.1982855], [173.5744186, -41.1837185], [173.5798601, -41.1208041], [173.5965998, -41.0891217], [173.5941766, -41.0517529], [173.5297752, -41.103733], [173.5453953, -41.1031722], [173.5475387, -41.1053747], [173.5136866, -41.1048594], [173.5064297, -41.1341968], [173.4916037, -41.1501381], [173.4410651, -41.1609636], [173.4697211, -41.1597765], [173.4634775, -41.1662773], [173.4495738, -41.1637243], [173.4301469, -41.1761965], [173.4136856, -41.160869], [173.4448213, -41.1647368], [173.439033, -41.1607119], [173.4366118, -41.1414048], [173.4127399, -41.1383477], [173.4168162, -41.1585904], [173.4034261, -41.1557121], [173.3258551, -41.2009008], [173.3180541, -41.2075749], [173.2931551, -41.2369106], [173.2632378, -41.2552546], [173.2582086, -41.2617714], [173.294578, -41.2367169], [173.3236277, -41.2037538], [173.3298326, -41.2183945], [173.3123987, -41.2497332], [173.2802039, -41.265954], [173.2841199, -41.2616693], [173.2843909, -41.2542942], [173.2798181, -41.2652718], [173.2806163, -41.2558618], [173.2776988, -41.2549767], [173.251685, -41.278945], [173.2364693, -41.2795601], [173.2333417, -41.2822583], [173.2333357, -41.2836042], [173.2376207, -41.2800923], [173.2430207, -41.2812916], [173.2058575, -41.2987759], [173.2204615, -41.2966073], [173.214488, -41.3017232], [173.2232998, -41.3031084], [173.2102923, -41.3031333], [173.2052588, -41.3064201], [173.2213503, -41.3044154], [173.1992826, -41.3309077]]], [[[173.1993483, -41.3017755], [173.2007701, -41.303215], [173.2028532, -41.3015888], [173.200843, -41.3003562], [173.1993483, -41.3017755]]], [[[173.2013012, -41.3109526], [173.2017981, -41.3107206], [173.2018455, -41.3105603], [173.2015744, -41.3106434], [173.2013012, -41.3109526]]], [[[173.2371416, -41.2808761], [173.2373585, -41.2808839], [173.2376069, -41.2804609], [173.2373136, -41.2806383], [173.2371416, -41.2808761]]], [[[173.2372143, -41.2809887], [173.2373659, -41.2810759], [173.2373974, -41.2809832], [173.2373679, -41.2809572], [173.2372143, -41.2809887]]], [[[173.2381652, -41.2810326], [173.2383563, -41.2810658], [173.2387083, -41.2806269], [173.2383549, -41.2808179], [173.2381652, -41.2810326]]], [[[173.2381792, -41.2811757], [173.2382704, -41.2812104], [173.2383402, -41.2811575], [173.2382349, -41.2811389], [173.2381792, -41.2811757]]], [[[173.2383918, -41.2810845], [173.238601, -41.2811019], [173.2388987, -41.2807836], [173.2387673, -41.2807816], [173.2383918, -41.2810845]]], [[[173.2393312, -41.2811616], [173.2396424, -41.2813062], [173.2399663, -41.2807741], [173.2398006, -41.2808043], [173.2393312, -41.2811616]]], [[[173.2396813, -41.2813704], [173.239742, -41.2814065], [173.2398187, -41.2813687], [173.2397527, -41.281318], [173.2396813, -41.2813704]]], [[[173.2401775, -41.2819245], [173.2403196, -41.2820673], [173.2404413, -41.2819217], [173.2403251, -41.2818219], [173.2401775, -41.2819245]]], [[[173.2408335, -41.2820203], [173.2409333, -41.2820743], [173.2410022, -41.2819574], [173.2409054, -41.2819122], [173.2408335, -41.2820203]]], [[[173.2557785, -41.2634061], [173.2566375, -41.2689094], [173.2588959, -41.2692849], [173.258556, -41.26515], [173.2557785, -41.2634061]]], [[[173.2569878, -41.2713653], [173.2571606, -41.2714392], [173.2572621, -41.2714214], [173.2571643, -41.2713111], [173.2569878, -41.2713653]]], [[[173.2892619, -41.2409303], [173.2906593, -41.2401004], [173.2905936, -41.2398745], [173.2898547, -41.2403031], [173.2892619, -41.2409303]]], [[[173.290658, -41.2397676], [173.2910925, -41.2397696], [173.2911891, -41.2393541], [173.291055, -41.2393662], [173.290658, -41.2397676]]], [[[173.2913044, -41.2392109], [173.2919012, -41.2391897], [173.2925865, -41.2384808], [173.2923478, -41.2384525], [173.2913044, -41.2392109]]], [[[173.2926616, -41.2382922], [173.2930586, -41.2382902], [173.2947376, -41.23684], [173.2950582, -41.2363166], [173.2930733, -41.2381893], [173.2926616, -41.2382922]]], [[[173.3277315, -41.2176848], [173.3278985, -41.2176994], [173.3279058, -41.2176167], [173.3277711, -41.2176242], [173.3277315, -41.2176848]]], [[[173.4027969, -41.1554927], [173.4028569, -41.1555592], [173.4029162, -41.1555139], [173.4028549, -41.1554241], [173.4027969, -41.1554927]]], [[[173.4131939, -41.1378067], [173.4134939, -41.1379623], [173.4137899, -41.1378694], [173.4132812, -41.1376713], [173.4131939, -41.1378067]]], [[[173.4160039, -41.1346061], [173.416186, -41.1347621], [173.4162734, -41.1346708], [173.4160928, -41.1345373], [173.4160039, -41.1346061]]], [[[173.416045, -41.1352813], [173.4164088, -41.1357285], [173.4173051, -41.1358333], [173.4165476, -41.1350742], [173.416045, -41.1352813]]], [[[173.4162677, -41.1362027], [173.4166009, -41.1365608], [173.4172244, -41.1362668], [173.416504, -41.1360883], [173.4162677, -41.1362027]]], [[[173.4169582, -41.1346648], [173.41699, -41.1347772], [173.4174365, -41.1347504], [173.4173153, -41.1346167], [173.4169582, -41.1346648]]], [[[173.4185024, -41.1362279], [173.4189799, -41.1364009], [173.4192167, -41.1361767], [173.4187384, -41.1360686], [173.4185024, -41.1362279]]], [[[173.424316, -41.1363787], [173.424586, -41.1365119], [173.4247031, -41.1363755], [173.4245824, -41.1363093], [173.424316, -41.1363787]]], [[[173.4248306, -41.1369379], [173.4249831, -41.137139], [173.4251303, -41.1370475], [173.425039, -41.1369362], [173.4248306, -41.1369379]]], [[[173.4270374, -41.1370756], [173.4278513, -41.1376769], [173.4283592, -41.1377624], [173.4282577, -41.1369748], [173.4270374, -41.1370756]]], [[[173.4358415, -41.1394778], [173.4359343, -41.1400142], [173.4362339, -41.1401013], [173.4364366, -41.1397845], [173.4358415, -41.1394778]]], [[[173.4381152, -41.1478919], [173.4381194, -41.1481719], [173.4382858, -41.1484766], [173.4384171, -41.1481465], [173.4381152, -41.1478919]]], [[[173.5081058, -41.1111284], [173.5083477, -41.1113066], [173.508465, -41.1112376], [173.5082228, -41.1110153], [173.5081058, -41.1111284]]], [[[173.5114426, -41.1059698], [173.5115721, -41.1065465], [173.5121078, -41.1065405], [173.5120146, -41.1063392], [173.5114426, -41.1059698]]], [[[173.5114815, -41.1029888], [173.5115726, -41.1030776], [173.5120146, -41.1028036], [173.5117125, -41.1025357], [173.5114815, -41.1029888]]], [[[173.512254, -41.1011348], [173.5123154, -41.1012237], [173.5124623, -41.101132], [173.5123416, -41.1010659], [173.512254, -41.1011348]]], [[[173.5145935, -41.1039044], [173.5145959, -41.1040619], [173.5147764, -41.1041503], [173.514861, -41.1038563], [173.5145935, -41.1039044]]], [[[173.5254402, -41.1010053], [173.5256803, -41.1011159], [173.5262015, -41.1010775], [173.525944, -41.1008877], [173.5254402, -41.1010053]]], [[[173.5608219, -41.0745041], [173.5609686, -41.0746844], [173.5610536, -41.0744588], [173.5608694, -41.0744948], [173.5608219, -41.0745041]]], [[[173.5614863, -41.0737111], [173.5616071, -41.0737771], [173.5616962, -41.0737542], [173.5615748, -41.0736197], [173.5614863, -41.0737111]]], [[[173.5718757, -41.0638755], [173.5722675, -41.064187], [173.5725251, -41.0635688], [173.5720794, -41.063626], [173.5718757, -41.0638755]]], [[[173.5741864, -41.0633345], [173.5743988, -41.0635352], [173.5746897, -41.0631942], [173.5743322, -41.0631303], [173.5741864, -41.0633345]]], [[[173.5834853, -41.0641848], [173.5838586, -41.064146], [173.5839102, -41.0637963], [173.583544, -41.0640935], [173.5834853, -41.0641848]]]]}}, {"type": "Feature", "properties": {"Name_rgn": "Marlborough", "country": "New Zealand", "class": "Geographical Indication", "official": 1, "source": "osm"}, "geometry": {"type": "MultiPolygon", "coordinates": [[[[172.7185299, -42.1413089], [172.7300622, -42.1658078], [172.7496437, -42.1723671], [172.7937936, -42.1617077], [172.7957672, -42.1796023], [172.8069478, -42.1894747], [172.832055, -42.1844575], [172.8226812, -42.208665], [172.8265638, -42.2482292], [172.8634638, -42.25624], [172.8422529, -42.2895886], [172.8468821, -42.3079441], [172.8695235, -42.3176692], [172.9149748, -42.3092847], [172.919557, -42.3458106], [172.9437515, -42.3511853], [172.9413935, -42.3778251], [172.974455, -42.3953463], [173.0028875, -42.3932772], [172.9695194, -42.4486799], [172.9990645, -42.4523913], [173.0144942, -42.4462915], [173.0333449, -42.4582881], [173.035789, -42.4834706], [173.0542221, -42.4880845], [173.0692152, -42.4806948], [173.0761038, -42.460919], [173.0958053, -42.4607527], [173.106251, -42.4476812], [173.1523278, -42.4496027], [173.1643044, -42.4185067], [173.190103, -42.4104143], [173.2090707, -42.3830518], [173.2206724, -42.3801007], [173.2237661, -42.356685], [173.2433168, -42.3560848], [173.2259006, -42.3463285], [173.1806515, -42.3464041], [173.1831688, -42.3369019], [173.2048812, -42.33403], [173.2072179, -42.3170246], [173.2445247, -42.3031042], [173.2958716, -42.2657536], [173.3020075, -42.2563039], [173.2964544, -42.2480326], [173.3333226, -42.2466492], [173.3415485, -42.2279031], [173.3511388, -42.2427119], [173.3731923, -42.2368076], [173.3681811, -42.2246369], [173.3838555, -42.2171457], [173.3975434, -42.2211456], [173.4221836, -42.2090456], [173.4369621, -42.2141831], [173.4433756, -42.2021051], [173.4644634, -42.1956737], [173.4640258, -42.1797542], [173.4842518, -42.1813391], [173.463045, -42.1178107], [173.4864817, -42.110449], [173.4839895, -42.0994116], [173.4991075, -42.0787367], [173.5176373, -42.0693932], [173.5468017, -42.0697899], [173.5551086, -42.0459237], [173.5712899, -42.0329985], [173.5945042, -42.0292896], [173.6097178, -42.004526], [173.6381498, -42.009372], [173.6628322, -41.9959469], [173.6632186, -41.9821029], [173.7202102, -41.9607713], [173.7142361, -41.9405116], [173.7367425, -41.9113083], [173.7620764, -41.9119052], [173.7539389, -41.9144668], [173.7668317, -41.9218172], [173.7894086, -41.9581984], [173.8172537, -41.932997], [173.8511828, -41.9330852], [173.9145083, -41.915241], [173.930478, -41.9208206], [173.9589994, -41.9085107], [173.9652082, -41.9228938], [173.9793276, -41.9256352], [173.9771013, -41.9333854], [174.0034879, -41.9320826], [174.019496, -41.9396039], [174.02924, -41.9313203], [174.0633795, -41.9347419], [174.0575486, -41.9392931], [174.0601928, -41.9544129], [174.0476437, -41.9682399], [174.0817467, -41.9462519], [174.1045098, -41.9152292], [174.1638211, -41.8729029], [174.1629983, -41.8619893], [174.2158005, -41.8118379], [174.2178891, -41.7934405], [174.2735121, -41.7452922], [174.2766944, -41.7269019], [174.2641715, -41.7341563], [174.2241475, -41.7222178], [174.2129626, -41.7276714], [174.1799797, -41.7084463], [174.1586502, -41.6641714], [174.1673696, -41.6042528], [174.1521087, -41.5866767], [174.1501793, -41.5583699], [174.1132795, -41.5327045], [174.0680749, -41.5091968], [174.0623015, -41.5001745], [174.0644665, -41.5122224], [174.1136845, -41.5337724], [174.1258493, -41.5474641], [174.0910042, -41.5592059], [174.0795369, -41.5482456], [174.0734589, -41.5485821], [174.0758702, -41.5548985], [174.0576048, -41.5511976], [174.0655731, -41.5473668], [174.0540792, -41.537486], [174.0695481, -41.5328266], [174.0695768, -41.5295214], [174.0719963, -41.5246173], [174.0483498, -41.505381], [174.0617782, -41.4985005], [174.0436517, -41.4912346], [174.031132, -41.4709368], [174.0353244, -41.4218641], [174.0508077, -41.3891401], [174.0678724, -41.3874081], [174.0672392, -41.3800798], [174.0738821, -41.3749891], [174.0711072, -41.3712807], [174.076613, -41.3695637], [174.075968, -41.3647706], [174.0780176, -41.3638735], [174.0716703, -41.3571944], [174.0773562, -41.3548755], [174.0896943, -41.3592155], [174.0928971, -41.3437189], [174.1050907, -41.3389535], [174.0987329, -41.3321634], [174.1085545, -41.3332658], [174.1091817, -41.3187282], [174.1225751, -41.3061148], [174.1140172, -41.3058397], [174.1138116, -41.2986783], [174.1490469, -41.2839726], [174.1389686, -41.3147287], [174.1624035, -41.2995516], [174.1594375, -41.2877746], [174.1674466, -41.2922809], [174.1803016, -41.2860698], [174.1899502, -41.2934216], [174.1756311, -41.2956473], [174.1774394, -41.3038819], [174.1674125, -41.3075345], [174.174411, -41.3152316], [174.1586067, -41.3184577], [174.1594387, -41.3271731], [174.1388303, -41.3259269], [174.1376892, -41.3319981], [174.1473562, -41.3335338], [174.1312651, -41.3391009], [174.1224219, -41.3519263], [174.1528184, -41.350395], [174.153725, -41.338783], [174.1795974, -41.3327381], [174.1922649, -41.3366439], [174.192094, -41.334595], [174.1977923, -41.330471], [174.190449, -41.3167795], [174.2007417, -41.3104812], [174.2135173, -41.3252056], [174.2213146, -41.3164347], [174.2365426, -41.3198882], [174.2418815, -41.3081359], [174.2229854, -41.2923065], [174.2497357, -41.2812101], [174.2565343, -41.2861934], [174.2561794, -41.268088], [174.2671153, -41.2737264], [174.2822557, -41.268528], [174.2748173, -41.2556495], [174.2924145, -41.2488565], [174.2891074, -41.2321727], [174.3095994, -41.2141571], [174.315863, -41.2130639], [174.3052288, -41.2147235], [174.2702995, -41.2350653], [174.2763459, -41.2441814], [174.2546035, -41.2436276], [174.2660135, -41.2522365], [174.253518, -41.2603265], [174.2551401, -41.2500611], [174.2463575, -41.2443885], [174.2435215, -41.250853], [174.2307503, -41.2455345], [174.2256215, -41.2516713], [174.2176172, -41.2444099], [174.2194308, -41.2528135], [174.2106626, -41.2564563], [174.2011515, -41.2435831], [174.1857304, -41.2499887], [174.187623, -41.2608521], [174.2108947, -41.2660326], [174.2026206, -41.2770107], [174.1992319, -41.2694952], [174.1796665, -41.2652149], [174.1770355, -41.2504251], [174.1574661, -41.2643286], [174.1585522, -41.2510916], [174.1507411, -41.2481714], [174.1344612, -41.2581973], [174.1462281, -41.2316391], [174.1317007, -41.2412899], [174.1136561, -41.2368778], [174.1126652, -41.2491435], [174.1071392, -41.2398908], [174.079433, -41.2487983], [174.074413, -41.2541387], [174.0882473, -41.2687132], [174.0758146, -41.2690186], [174.065297, -41.2515618], [174.0388638, -41.2684636], [174.0491147, -41.2505237], [174.0367072, -41.2542222], [174.0105284, -41.2902104], [174.0042611, -41.2836396], [174.0094829, -41.2718774], [173.9944802, -41.2787523], [174.0110347, -41.2583909], [173.9756378, -41.2689418], [173.9651755, -41.2651438], [173.9668812, -41.273888], [173.9454762, -41.2678153], [173.9053231, -41.278959], [173.9137205, -41.2641784], [173.9729121, -41.2524239], [173.9662457, -41.2226654], [173.9698621, -41.2312699], [173.9720365, -41.2231086], [173.9804775, -41.2281903], [173.975276, -41.2341998], [173.9834484, -41.2356598], [173.9828018, -41.2509453], [173.9880802, -41.2423853], [173.9979244, -41.2440154], [173.9923472, -41.2209339], [173.9993179, -41.2171021], [174.0090592, -41.2238183], [174.0087266, -41.2397555], [174.0164168, -41.2271179], [174.024712, -41.2408577], [174.0322362, -41.2390573], [174.0224931, -41.2164986], [174.0311726, -41.2095946], [174.0395382, -41.2306118], [174.0474133, -41.222612], [174.0450654, -41.2116713], [174.0551606, -41.2162122], [174.0612418, -41.2053763], [174.0700158, -41.2055791], [174.0741185, -41.210514], [174.0636476, -41.2227149], [174.0772202, -41.2224118], [174.0768839, -41.2293549], [174.088797, -41.2250663], [174.0851467, -41.2123699], [174.0933534, -41.2106606], [174.0934368, -41.2015962], [174.1051311, -41.2093013], [174.1045849, -41.2214727], [174.1199126, -41.2199655], [174.1125038, -41.2050078], [174.1254498, -41.1923227], [174.1261593, -41.2045514], [174.1452832, -41.2080741], [174.1435047, -41.2158198], [174.1564589, -41.2134746], [174.1485743, -41.2068932], [174.1553591, -41.1980735], [174.1526773, -41.1732984], [174.1604155, -41.1733138], [174.163984, -41.1835809], [174.1804001, -41.1798098], [174.1696404, -41.2019333], [174.187075, -41.1940491], [174.1922566, -41.1824455], [174.2028605, -41.1831192], [174.2005482, -41.1725898], [174.1842871, -41.1747145], [174.1856681, -41.1644072], [174.2006463, -41.1540711], [174.1803467, -41.157462], [174.1599453, -41.1498907], [174.1662594, -41.1358144], [174.1473769, -41.1277069], [174.1454878, -41.1081389], [174.1638094, -41.1164388], [174.1802071, -41.0874018], [174.1880262, -41.0950111], [174.1823744, -41.1234418], [174.1964943, -41.1237918], [174.1866114, -41.1388513], [174.2106893, -41.13317], [174.2201987, -41.1420781], [174.2215666, -41.1321675], [174.2079817, -41.1189746], [174.2250896, -41.1115804], [174.2409677, -41.1258491], [174.2471794, -41.1220788], [174.2492463, -41.1057964], [174.2363675, -41.1024792], [174.2349585, -41.0901555], [174.2492455, -41.0888752], [174.2501731, -41.077119], [174.2721572, -41.0685831], [174.2728611, -41.0445613], [174.29852, -41.0351104], [174.3125261, -41.0164759], [174.3150978, -40.9938291], [174.2889679, -41.034152], [174.2706595, -41.0289727], [174.2602635, -41.0437096], [174.2412397, -41.0402285], [174.2399677, -41.0489667], [174.2249023, -41.0543423], [174.2265236, -41.0678564], [174.2193904, -41.0714588], [174.18237, -41.0591205], [174.1670609, -41.0433251], [174.1839435, -41.0289167], [174.1897304, -41.0424506], [174.1995714, -41.0400773], [174.1956041, -41.0122263], [174.2172356, -41.0093612], [174.2302519, -40.9848948], [174.2143714, -41.0010045], [174.1826027, -41.0113921], [174.1729456, -41.0080385], [174.1710398, -40.9793563], [174.1547954, -40.9680577], [174.147861, -40.9786194], [174.1627356, -40.9831068], [174.1531131, -40.999658], [174.1420915, -40.9980538], [174.1477118, -41.0107232], [174.1415073, -41.0198029], [174.1307501, -41.0182708], [174.1090116, -40.9939896], [174.1047653, -40.9928299], [174.098755, -40.9953064], [174.0969915, -40.9948715], [174.1077086, -41.0524839], [174.0791812, -41.0162492], [174.0651078, -41.0139988], [174.0715231, -41.0068352], [174.066746, -40.9960656], [174.0569529, -41.0060016], [174.0541322, -41.0063327], [174.0517618, -41.0032886], [174.0485985, -41.0022493], [174.046725, -41.0177509], [174.0327101, -41.0089142], [174.0234471, -41.0161234], [174.0169869, -41.0078428], [174.008407, -41.0100409], [174.0125844, -40.9851589], [174.0231705, -40.9759412], [174.0141468, -40.9647408], [173.9924403, -40.9707732], [173.9914429, -40.9840253], [174.0026503, -40.9854377], [173.9947972, -40.9953513], [173.9738616, -40.9918513], [173.9696349, -40.9839094], [173.96849, -41.0033615], [173.9886004, -41.0153058], [173.9714044, -41.022096], [173.9680667, -41.0165123], [173.9507919, -41.0196436], [173.9500485, -41.0125961], [173.9356233, -41.0188727], [173.9536081, -41.0309681], [173.933982, -41.0395524], [173.9504604, -41.036867], [173.9587219, -41.0449734], [173.9839006, -41.031477], [173.991161, -41.0379515], [173.9714875, -41.0558351], [173.9739853, -41.0567551], [173.9963503, -41.0408535], [174.0084369, -41.0174655], [174.037975, -41.0189018], [174.0339716, -41.0266039], [174.0497294, -41.0211487], [174.0478201, -41.0542739], [174.0309913, -41.0613897], [174.0258586, -41.0561232], [174.0208288, -41.0625568], [174.0125829, -41.0565044], [174.0091682, -41.0589869], [174.0192611, -41.0665289], [174.0145933, -41.0753141], [174.0235831, -41.0709837], [174.0322602, -41.0959237], [174.0472022, -41.1050869], [174.038233, -41.11403], [174.0105147, -41.0947708], [173.986571, -41.0996441], [173.9796842, -41.1059422], [173.9947877, -41.1048258], [173.9854209, -41.1223069], [173.9937646, -41.1355868], [173.9735065, -41.1278018], [173.9729638, -41.1356695], [173.9652439, -41.13553], [173.9652162, -41.1503333], [173.9570182, -41.1460959], [173.9505827, -41.114357], [173.9763664, -41.0787675], [173.9644635, -41.0847244], [173.9555478, -41.0798381], [173.9436376, -41.0895124], [173.9330111, -41.0839395], [173.9267154, -41.0961331], [173.9339417, -41.102198], [173.9306975, -41.1132755], [173.9089204, -41.1092182], [173.900705, -41.1228799], [173.9226261, -41.124424], [173.8683815, -41.1406604], [173.9004844, -41.1500201], [173.8679025, -41.1533379], [173.8776772, -41.1670096], [173.8976444, -41.1685277], [173.8810137, -41.1783181], [173.8869757, -41.1917695], [173.8721406, -41.2094976], [173.8983708, -41.1964149], [173.9294631, -41.1972351], [173.9674172, -41.1721435], [173.9751496, -41.1834437], [173.9656788, -41.1892085], [173.9773099, -41.1938383], [173.9832052, -41.1862566], [173.9984601, -41.1953442], [173.99808, -41.1857498], [173.9858717, -41.1816913], [174.010918, -41.1786784], [174.0019383, -41.1704072], [174.0460401, -41.1580164], [174.0502532, -41.1644238], [174.0399465, -41.174445], [174.052567, -41.1789583], [174.1217401, -41.1710449], [174.0972668, -41.1861857], [174.0753059, -41.1883402], [174.0735795, -41.1951496], [174.0188832, -41.1868119], [174.0330175, -41.1910948], [174.0332376, -41.2011074], [174.0145936, -41.1981025], [173.9983922, -41.208976], [173.9714094, -41.2089395], [173.9700535, -41.2174581], [173.96047, -41.2087483], [173.9366084, -41.2190371], [173.9471798, -41.2111568], [173.9473463, -41.2004507], [173.9263011, -41.2103045], [173.8977854, -41.2107711], [173.8924684, -41.2182122], [173.8623894, -41.2192564], [173.8595614, -41.2268467], [173.8810228, -41.2295066], [173.9269132, -41.2245727], [173.8960958, -41.2353534], [173.8694693, -41.2560642], [173.8103391, -41.2646705], [173.8116093, -41.2772891], [173.8257891, -41.2853252], [173.8496183, -41.2812831], [173.8348211, -41.2924045], [173.8068283, -41.2871223], [173.7790316, -41.2626926], [173.7724001, -41.2663987], [173.7822467, -41.2760169], [173.7746963, -41.2768476], [173.7752954, -41.2794708], [173.7727688, -41.2827845], [173.7738107, -41.2847152], [173.7724381, -41.2867684], [173.7721337, -41.2828333], [173.7744896, -41.2757578], [173.7703099, -41.2806692], [173.7701994, -41.2739663], [173.756873, -41.2709902], [173.7666267, -41.2633645], [173.751448, -41.26346], [173.7725839, -41.2533692], [173.8046249, -41.2546794], [173.7939467, -41.2352101], [173.8216599, -41.250162], [173.8500092, -41.2409966], [173.841652, -41.2169264], [173.8506208, -41.2159169], [173.849713, -41.2077672], [173.8643807, -41.1956546], [173.8648529, -41.1760258], [173.8563461, -41.1683144], [173.8302362, -41.1734853], [173.8491632, -41.1613583], [173.8479731, -41.1520172], [173.7970742, -41.1633632], [173.7840441, -41.1761792], [173.7741649, -41.1708504], [173.7776085, -41.1560128], [173.7851045, -41.1569087], [173.7778436, -41.1528106], [173.7848899, -41.1459826], [173.7938604, -41.1548568], [173.8036735, -41.1487615], [173.8184468, -41.1529174], [173.8246636, -41.139676], [173.8276209, -41.1476088], [173.8372564, -41.1446575], [173.8314948, -41.1353816], [173.8528089, -41.133552], [173.856254, -41.1219135], [173.8440881, -41.1139562], [173.8608993, -41.1101747], [173.8834333, -41.1212519], [173.8885911, -41.1003634], [173.8574756, -41.0981349], [173.8687906, -41.0909248], [173.8690805, -41.0790257], [173.8805591, -41.0861272], [173.8777951, -41.0786841], [173.8849441, -41.0745696], [173.9020282, -41.0911541], [173.9071702, -41.0907688], [173.9019783, -41.0840127], [173.9113397, -41.0783202], [173.9052202, -41.070091], [173.919228, -41.0633436], [173.9316198, -41.0674084], [173.9460964, -41.0666213], [173.9507833, -41.0622976], [173.8928314, -41.0547144], [173.8839232, -41.0619537], [173.8670857, -41.053362], [173.8582129, -41.0635349], [173.8315664, -41.0526538], [173.8171391, -41.0636191], [173.8239209, -41.0716843], [173.8141304, -41.0704228], [173.8086704, -41.0922717], [173.7937469, -41.0934074], [173.7945691, -41.0834845], [173.779424, -41.0990759], [173.7907701, -41.1015997], [173.7859507, -41.1113031], [173.7720015, -41.1054173], [173.7615544, -41.1187044], [173.7551954, -41.1119549], [173.7730057, -41.0940731], [173.7525507, -41.0983671], [173.7666631, -41.0857623], [173.7798755, -41.0854939], [173.7819263, -41.0744299], [173.7749291, -41.0709189], [173.787072, -41.0566353], [173.7680408, -41.0529613], [173.8108488, -41.0322598], [173.807446, -41.0267027], [173.7926716, -41.0317955], [173.7985041, -41.0227511], [173.7706998, -41.0235888], [173.7881242, -41.0124907], [173.784082, -41.0066394], [173.8034654, -41.0138237], [173.8149902, -40.9928017], [173.8276367, -40.9884794], [173.8360801, -40.992597], [173.8134833, -41.0181667], [173.8628887, -41.021142], [173.8722373, -41.0164289], [173.8758362, -41.0023151], [173.8894128, -41.0081029], [173.898417, -40.9975633], [173.9189098, -40.9960668], [173.9301199, -40.9831026], [173.9187351, -40.9787855], [173.9026952, -40.9884193], [173.8985695, -40.977248], [173.9088131, -40.9709822], [173.9061698, -40.9655606], [173.9250869, -40.9617023], [173.9456536, -40.9637767], [173.9463557, -40.9724907], [173.9528972, -40.9674653], [173.9557253, -40.9664115], [173.9507153, -40.9414067], [173.9660964, -40.9366027], [173.9698261, -40.9473445], [173.9753581, -40.9380151], [173.974053, -40.9239818], [173.9618814, -40.9289197], [173.9596052, -40.9210726], [173.9893715, -40.9093609], [173.9878404, -40.9251999], [174.0001899, -40.9333095], [173.9971694, -40.9473864], [174.0139734, -40.9368292], [174.0137817, -40.9186509], [174.0232555, -40.9102893], [173.9773049, -40.9041719], [173.9789899, -40.8883092], [173.9316074, -40.9254442], [173.9073509, -40.9269348], [173.9168586, -40.9432065], [173.8978183, -40.9597776], [173.8835449, -40.9565366], [173.8703901, -40.9814512], [173.8519166, -40.9901375], [173.8321074, -40.9806562], [173.840917, -40.970651], [173.8341383, -40.9603069], [173.8445318, -40.9570475], [173.8437733, -40.942844], [173.8557391, -40.9297216], [173.8348936, -40.9240407], [173.8387729, -40.9361566], [173.8061243, -40.9534317], [173.8117472, -40.9606451], [173.8056414, -40.9712527], [173.7938194, -40.9623055], [173.7852083, -40.9681961], [173.7980461, -40.9841556], [173.7773267, -40.9899041], [173.7661505, -40.9735334], [173.748019, -41.0050512], [173.7338496, -40.9984356], [173.7340201, -41.0088346], [173.7260003, -41.013212], [173.7181211, -41.0043147], [173.6728858, -41.0341727], [173.6889682, -41.0564471], [173.715082, -41.0467952], [173.719271, -41.0377004], [173.7273546, -41.0478887], [173.7466036, -41.0327254], [173.7529951, -41.0353543], [173.7408207, -41.0481745], [173.762844, -41.0455155], [173.7531874, -41.054511], [173.7235213, -41.0586824], [173.7228912, -41.067648], [173.6635611, -41.0782151], [173.6604925, -41.0888792], [173.6750206, -41.0999162], [173.6650852, -41.110922], [173.6516255, -41.1087091], [173.6594031, -41.1007863], [173.6465211, -41.0886944], [173.6383593, -41.0974536], [173.6257553, -41.0921165], [173.6288468, -41.0966323], [173.6158257, -41.103718], [173.6208741, -41.0877437], [173.6264713, -41.0842715], [173.6238632, -41.0896592], [173.6248903, -41.0920357], [173.6365265, -41.078977], [173.6322814, -41.0709052], [173.6159837, -41.0724694], [173.5941766, -41.0517529], [173.5965998, -41.0891217], [173.5798601, -41.1208041], [173.5744186, -41.1837185], [173.5223332, -41.1982855], [173.5157992, -41.2138957], [173.4761655, -41.2289435], [173.4710571, -41.2428859], [173.4155078, -41.2887828], [173.420767, -41.308434], [173.4067892, -41.3309584], [173.3607456, -41.3531954], [173.337524, -41.3855448], [173.2974833, -41.3930988], [173.2850121, -41.4026975], [173.2948509, -41.4256371], [173.2508314, -41.4665802], [173.3041493, -41.5060321], [173.2985245, -41.5157345], [173.2492711, -41.5244925], [173.2156005, -41.5182319], [173.1862677, -41.5288088], [173.1724444, -41.5240867], [173.1745963, -41.542368], [173.1516147, -41.585471], [173.1320593, -41.5897087], [173.121479, -41.6080185], [173.1034318, -41.6102938], [173.089263, -41.6241545], [173.0586997, -41.6257374], [173.0573752, -41.6684607], [173.0037897, -41.7248033], [172.9578889, -41.7495203], [172.9260381, -41.7484082], [172.9330608, -41.7691754], [172.9443894, -41.7660856], [172.9390567, -41.7725811], [172.9456798, -41.7809333], [172.8910043, -41.8182122], [172.8725415, -41.8439588], [172.8678211, -41.8663834], [172.8475706, -41.8742875], [172.8447203, -41.8908901], [172.8646455, -41.9079243], [172.8611116, -41.9224652], [172.8464551, -41.9432049], [172.8080634, -41.9581346], [172.8092994, -41.975107], [172.7788441, -41.9982907], [172.7833174, -42.0089225], [172.7729548, -42.0225505], [172.7567887, -42.0361659], [172.7330013, -42.0345096], [172.7352988, -42.0578954], [172.7185883, -42.1127782], [172.7260087, -42.1347823], [172.7185299, -42.1413089]]], [[[173.6292732, -41.0701652], [173.629454, -41.0702759], [173.6296297, -41.0701164], [173.6293302, -41.0700298], [173.6292732, -41.0701652]]], [[[173.6329144, -41.0389722], [173.6329388, -41.0391603], [173.6329466, -41.0392269], [173.633152, -41.0390664], [173.6329144, -41.0389722]]], [[[173.6378041, -41.0397153], [173.6379848, -41.039825], [173.6381602, -41.0396431], [173.63798, -41.0395774], [173.6378041, -41.0397153]]], [[[173.6382392, -41.0406783], [173.6394631, -41.0425123], [173.6418623, -41.0434995], [173.6421506, -41.0398704], [173.6382392, -41.0406783]]], [[[173.6406482, -41.0391213], [173.6408584, -41.0392084], [173.6410046, -41.0390725], [173.6408538, -41.0389833], [173.6406482, -41.0391213]]], [[[173.64315, -41.0376971], [173.6433432, -41.038484], [173.6445295, -41.038291], [173.6433855, -41.0375823], [173.64315, -41.0376971]]], [[[173.6474755, -41.0352405], [173.6477131, -41.0352157], [173.6477705, -41.0351244], [173.6475915, -41.0350588], [173.6474755, -41.0352405]]], [[[173.6525281, -41.0436989], [173.6527903, -41.0438677], [173.6537239, -41.0430158], [173.6529855, -41.0431641], [173.6525281, -41.0436989]]], [[[173.6531179, -41.0552328], [173.6535195, -41.0557817], [173.6553355, -41.055829], [173.6547926, -41.0554304], [173.6531179, -41.0552328]]], [[[173.6532383, -41.0439498], [173.6537642, -41.0438378], [173.654031, -41.0432798], [173.6537909, -41.0432937], [173.6532383, -41.0439498]]], [[[173.6541638, -41.056811], [173.6541686, -41.0570586], [173.6542581, -41.0570797], [173.6543255, -41.0566849], [173.6541638, -41.056811]]], [[[173.6544503, -41.0474173], [173.6545213, -41.0475052], [173.654549, -41.0474149], [173.6544503, -41.0474173]]], [[[173.654589, -41.0354786], [173.6547696, -41.0355892], [173.6549254, -41.0353398], [173.6548243, -41.0353403], [173.654589, -41.0354786]]], [[[173.6551591, -41.0357644], [173.6553712, -41.0359199], [173.6555157, -41.0357381], [173.6553071, -41.0356951], [173.6551591, -41.0357644]]], [[[173.6555409, -41.0976491], [173.6556144, -41.0976262], [173.6557176, -41.0975797], [173.6556283, -41.0975811], [173.6555409, -41.0976491]]], [[[173.6561417, -41.0544691], [173.6562348, -41.0546261], [173.6563812, -41.0545118], [173.6562595, -41.0543558], [173.6561417, -41.0544691]]], [[[173.6563399, -41.0430487], [173.6604912, -41.0438814], [173.6613144, -41.0372287], [173.6576952, -41.0377186], [173.6563399, -41.0430487]]], [[[173.658563, -41.0993971], [173.6588443, -41.0991892], [173.6587873, -41.0989662], [173.6586058, -41.0991474], [173.658563, -41.0993971]]], [[[173.6651083, -41.0769148], [173.6653522, -41.0769116], [173.6656333, -41.0767028], [173.6651993, -41.0767332], [173.6651083, -41.0769148]]], [[[173.6696496, -41.0759636], [173.6700396, -41.0761622], [173.6702157, -41.0760468], [173.6701235, -41.0758681], [173.6696496, -41.0759636]]], [[[173.7150846, -41.0070335], [173.7152057, -41.0071219], [173.7154983, -41.0069157], [173.715349, -41.00685], [173.7150846, -41.0070335]]], [[[173.7188401, -41.0042922], [173.7190742, -41.0043952], [173.7192777, -41.0041895], [173.7190987, -41.0041248], [173.7188401, -41.0042922]]], [[[173.7220553, -41.0118613], [173.7222085, -41.0120621], [173.7224704, -41.0117659], [173.7223196, -41.0116777], [173.7220553, -41.0118613]]], [[[173.7272579, -41.0484742], [173.727349, -41.0485403], [173.727525, -41.0484257], [173.7273449, -41.0483827], [173.7272579, -41.0484742]]], [[[173.727805, -41.0490084], [173.7281075, -41.0492524], [173.7283432, -41.049159], [173.7281894, -41.0489132], [173.727805, -41.0490084]]], [[[173.7343356, -40.9970027], [173.7345998, -40.9971851], [173.7348812, -40.9969654], [173.734609, -40.9967688], [173.7343356, -40.9970027]]], [[[173.7346836, -40.99741], [173.7349565, -40.9975416], [173.7350939, -40.9971868], [173.7349241, -40.9971766], [173.7346836, -40.99741]]], [[[173.7351071, -40.9982081], [173.7354101, -40.9983001], [173.7358648, -40.997672], [173.7354579, -40.9977291], [173.7351071, -40.9982081]]], [[[173.7392768, -40.9992924], [173.7394152, -40.9993401], [173.7393828, -40.9992053], [173.7392768, -40.9992924]]], [[[173.7398894, -40.9992182], [173.7399902, -40.9992013], [173.7399171, -40.9991505], [173.7398894, -40.9992182]]], [[[173.7404573, -40.9990885], [173.7405582, -40.9990716], [173.7404851, -40.9990208], [173.7404573, -40.9990885]]], [[[173.7416395, -41.0015764], [173.7417403, -41.0015595], [173.7416672, -41.0015087], [173.7416395, -41.0015764]]], [[[173.7421241, -41.0027098], [173.742225, -41.002693], [173.7421519, -41.0026421], [173.7421241, -41.0027098]]], [[[173.7424277, -41.0025395], [173.7425286, -41.0025226], [173.7424555, -41.0024717], [173.7424277, -41.0025395]]], [[[173.7441612, -41.0034027], [173.744262, -41.0033859], [173.7441889, -41.003335], [173.7441612, -41.0034027]]], [[[173.7452409, -41.0544735], [173.7454548, -41.0547639], [173.7458662, -41.0545334], [173.7457138, -41.0543101], [173.7452409, -41.0544735]]], [[[173.7459109, -40.9385057], [173.7460492, -40.9385534], [173.7460168, -40.9384185], [173.7459109, -40.9385057]]], [[[173.7462615, -40.9372624], [173.7466079, -40.9373322], [173.7465124, -40.937086], [173.7462615, -40.9372624]]], [[[173.7464345, -40.9382816], [173.7465728, -40.9383294], [173.7465404, -40.9381945], [173.7464345, -40.9382816]]], [[[173.7500392, -40.9978008], [173.7502229, -40.9980688], [173.7504873, -40.9979086], [173.7503928, -40.997639], [173.7500392, -40.9978008]]], [[[173.7503226, -40.9915632], [173.7504699, -40.991556], [173.7503781, -40.9914215], [173.7503226, -40.9915632]]], [[[173.7506128, -40.9912606], [173.7506432, -40.9913279], [173.7507504, -40.9912425], [173.7506128, -40.9912606]]], [[[173.7507573, -40.9915316], [173.7508957, -40.9915793], [173.7508633, -40.9914444], [173.7507573, -40.9915316]]], [[[173.7521168, -40.9906789], [173.7522826, -40.9906228], [173.7521438, -40.9905436], [173.7521168, -40.9906789]]], [[[173.7527646, -41.2654624], [173.7531962, -41.2653137], [173.7536431, -41.2644219], [173.7532346, -41.2647046], [173.7527646, -41.2654624]]], [[[173.7536848, -41.2649385], [173.7538963, -41.2651623], [173.7559156, -41.2641135], [173.7546027, -41.2642121], [173.7536848, -41.2649385]]], [[[173.7544809, -40.9855823], [173.7547917, -40.9856307], [173.7547642, -40.985204], [173.7545766, -40.9852142], [173.7544809, -40.9855823]]], [[[173.7554938, -41.09714], [173.7557398, -41.0970006], [173.7558228, -41.0967565], [173.7556969, -41.0967668], [173.7554938, -41.09714]]], [[[173.7560941, -40.987589], [173.7564538, -40.987765], [173.7566585, -40.9875817], [173.756209, -40.9874523], [173.7560941, -40.987589]]], [[[173.7582917, -40.9185293], [173.758561, -40.9186167], [173.758707, -40.9185022], [173.758408, -40.918416], [173.7582917, -40.9185293]]], [[[173.7588818, -40.9830938], [173.7590202, -40.9831416], [173.7589878, -40.9830067], [173.7588818, -40.9830938]]], [[[173.7591911, -40.9160686], [173.7600006, -40.9167756], [173.7608838, -40.9160475], [173.7600625, -40.9151334], [173.7591911, -40.9160686]]], [[[173.759845, -40.9823157], [173.7598775, -40.9824506], [173.7601473, -40.9825604], [173.760051, -40.9822459], [173.759845, -40.9823157]]], [[[173.760184, -40.9111447], [173.7607869, -40.9115424], [173.7610094, -40.9108646], [173.760771, -40.910777], [173.760184, -40.9111447]]], [[[173.7604645, -40.9796548], [173.7606206, -40.9796934], [173.7606179, -40.9795584], [173.7604645, -40.9796548]]], [[[173.7609579, -40.912577], [173.7614431, -40.9130664], [173.7622576, -40.912245], [173.7615881, -40.9115326], [173.7609579, -40.912577]]], [[[173.761044, -40.9759037], [173.7610479, -40.9760387], [173.7612566, -40.9761031], [173.7612214, -40.9758331], [173.761044, -40.9759037]]], [[[173.7615303, -40.9173176], [173.7616515, -40.9174284], [173.7618876, -40.9173134], [173.761735, -40.9171577], [173.7615303, -40.9173176]]], [[[173.7615372, -40.9146466], [173.7618162, -40.9148007], [173.7618256, -40.9143801], [173.7616968, -40.9144531], [173.7615372, -40.9146466]]], [[[173.7615861, -40.9234453], [173.7618261, -40.9235554], [173.7619104, -40.9233513], [173.7617019, -40.923287], [173.7615861, -40.9234453]]], [[[173.7616279, -40.9373687], [173.7617603, -40.9374156], [173.7617281, -40.9373041], [173.7616279, -40.9373687]]], [[[173.7616552, -40.9150551], [173.7618363, -40.9151432], [173.7619194, -40.9150632], [173.7617384, -40.9149973], [173.7616552, -40.9150551]]], [[[173.7616703, -40.9208362], [173.7623221, -40.9214514], [173.7625873, -40.9206671], [173.7622265, -40.9204686], [173.7616703, -40.9208362]]], [[[173.761701, -40.918434], [173.7618514, -40.9184997], [173.7619382, -40.918409], [173.7617871, -40.9182759], [173.761701, -40.918434]]], [[[173.7618537, -40.9153692], [173.7621166, -40.9158151], [173.7622185, -40.9157483], [173.7623144, -40.9154402], [173.7618537, -40.9153692]]], [[[173.7619194, -40.9192168], [173.7620577, -40.9192646], [173.7621139, -40.9191873], [173.7620252, -40.9191297], [173.7619194, -40.9192168]]], [[[173.7619838, -40.9244105], [173.7623191, -40.9244855], [173.7623352, -40.9242261], [173.7620991, -40.9241775], [173.7619838, -40.9244105]]], [[[173.7621568, -40.9222208], [173.762248, -40.9224143], [173.7623875, -40.9222998], [173.7622982, -40.9222421], [173.7621568, -40.9222208]]], [[[173.7622426, -40.9200455], [173.7623809, -40.9200932], [173.762413, -40.9200177], [173.7623485, -40.9199583], [173.7622426, -40.9200455]]], [[[173.7622909, -40.9179222], [173.7625603, -40.9180087], [173.7628221, -40.9177584], [173.7625204, -40.9175361], [173.7622909, -40.9179222]]], [[[173.7622988, -40.9203191], [173.762537, -40.9203841], [173.7625951, -40.9202703], [173.7623856, -40.9202275], [173.7622988, -40.9203191]]], [[[173.7631018, -40.9182553], [173.7632521, -40.9183209], [173.7633963, -40.9181615], [173.7632472, -40.9180958], [173.7631018, -40.9182553]]], [[[173.763228, -40.9751777], [173.7635883, -40.9751969], [173.7637591, -40.9750625], [173.7635807, -40.9749484], [173.763228, -40.9751777]]], [[[173.7643824, -40.9245752], [173.7648913, -40.9249071], [173.7651569, -40.9246092], [173.7649718, -40.9245159], [173.7643824, -40.9245752]]], [[[173.7647492, -40.9241734], [173.7649959, -40.9243629], [173.76524, -40.9243487], [173.7651823, -40.9241795], [173.7647492, -40.9241734]]], [[[173.7648632, -40.9238623], [173.7651327, -40.9239069], [173.7652373, -40.9237924], [173.7649772, -40.9237813], [173.7648632, -40.9238623]]], [[[173.765029, -40.9234262], [173.7651673, -40.9234739], [173.7651864, -40.9234023], [173.7651349, -40.9233391], [173.765029, -40.9234262]]], [[[173.7652457, -40.9269248], [173.765384, -40.9269725], [173.7653516, -40.9268376], [173.7652457, -40.9269248]]], [[[173.7652458, -40.8814795], [173.7655205, -40.8818361], [173.7661381, -40.8815807], [173.7657678, -40.8809546], [173.7652458, -40.8814795]]], [[[173.7654908, -40.9230345], [173.7656493, -40.9231553], [173.7657067, -40.9230851], [173.7656169, -40.9230204], [173.7654908, -40.9230345]]], [[[173.7655685, -40.9256481], [173.7657068, -40.9256958], [173.7657389, -40.9256062], [173.7656743, -40.9255609], [173.7655685, -40.9256481]]], [[[173.7657513, -40.8829153], [173.7661721, -40.88318], [173.7661761, -40.8825036], [173.7658376, -40.8827787], [173.7657513, -40.8829153]]], [[[173.7658027, -40.9265266], [173.765941, -40.9265743], [173.7659086, -40.9264394], [173.7658027, -40.9265266]]], [[[173.7658373, -40.9272559], [173.7659756, -40.9273036], [173.7659432, -40.9271687], [173.7658373, -40.9272559]]], [[[173.765885, -40.8822597], [173.7660058, -40.8823489], [173.7661534, -40.8822795], [173.7660023, -40.8821463], [173.765885, -40.8822597]]], [[[173.7668931, -40.9272668], [173.7670313, -40.9273145], [173.7669989, -40.9271797], [173.7668931, -40.9272668]]], [[[173.7672177, -40.9281265], [173.767356, -40.9281742], [173.7673236, -40.9280394], [173.7672177, -40.9281265]]], [[[173.7673021, -40.9724687], [173.7674237, -40.9726029], [173.7675103, -40.9724889], [173.7674187, -40.9723769], [173.7673021, -40.9724687]]], [[[173.7673556, -40.8910066], [173.7674495, -40.891213], [173.7676781, -40.8911379], [173.7675588, -40.8909306], [173.7673556, -40.8910066]]], [[[173.7679008, -40.890957], [173.7681455, -40.8913568], [173.7689213, -40.8915805], [173.7683246, -40.8906599], [173.7679008, -40.890957]]], [[[173.7683248, -40.9562736], [173.7684321, -40.9563108], [173.7684631, -40.9563214], [173.7684307, -40.9561865], [173.7683248, -40.9562736]]], [[[173.7683914, -40.9558724], [173.7685297, -40.9559201], [173.7684973, -40.9557853], [173.7683914, -40.9558724]]], [[[173.7687108, -40.9553534], [173.7688492, -40.9554011], [173.7688167, -40.9552662], [173.7687108, -40.9553534]]], [[[173.7689515, -40.9559218], [173.7690898, -40.9559695], [173.7690574, -40.9558347], [173.7689515, -40.9559218]]], [[[173.7692832, -40.891116], [173.7697045, -40.8912327], [173.7697204, -40.8907501], [173.7693395, -40.890958], [173.7692832, -40.891116]]], [[[173.7698313, -40.8903882], [173.7702164, -40.8903388], [173.7707072, -40.889679], [173.7698854, -40.8901402], [173.7698313, -40.8903882]]], [[[173.7699081, -40.9286075], [173.7700464, -40.9286552], [173.770014, -40.9285203], [173.7699081, -40.9286075]]], [[[173.7700298, -40.942022], [173.7702085, -40.942064], [173.7702371, -40.9419738], [173.7701167, -40.9419305], [173.7700298, -40.942022]]], [[[173.7701098, -40.8991258], [173.7701737, -40.8993055], [173.7703772, -40.8994554], [173.7703123, -40.8988759], [173.7701098, -40.8991258]]], [[[173.7703281, -40.8941224], [173.7707568, -40.8960765], [173.7727035, -40.8954888], [173.7793838, -40.8903057], [173.7841336, -40.8819185], [173.797941, -40.889583], [173.7887859, -40.8964134], [173.7948917, -40.9083098], [173.7877643, -40.9094027], [173.7706408, -40.9414505], [173.7861139, -40.9424508], [173.8035266, -40.9285404], [173.8339714, -40.9196515], [173.8382355, -40.9031924], [173.8663748, -40.8904048], [173.867557, -40.8800118], [173.8793031, -40.8754455], [173.8720696, -40.8722602], [173.8898607, -40.8578696], [173.9070433, -40.8614467], [173.9065657, -40.8723147], [173.895585, -40.8776659], [173.9086165, -40.8732153], [173.9152621, -40.8607763], [173.9049251, -40.8566208], [173.9080632, -40.8449896], [173.9388271, -40.8236098], [173.9290761, -40.8226362], [173.9298861, -40.8140412], [173.9387145, -40.8136532], [173.9349646, -40.8066508], [173.9456617, -40.7948368], [173.9573707, -40.7947695], [173.9391801, -40.7876237], [173.942511, -40.7740382], [173.9601212, -40.764158], [173.9545682, -40.7446756], [173.9677099, -40.7077045], [173.956334, -40.6922223], [173.950286, -40.6931147], [173.9587182, -40.7106423], [173.9561034, -40.7216287], [173.9358834, -40.7270375], [173.9412859, -40.7314037], [173.9422993, -40.7342288], [173.9377489, -40.7466067], [173.9179805, -40.7472144], [173.883861, -40.7677347], [173.9062656, -40.7741349], [173.9206224, -40.7648574], [173.9318761, -40.7678269], [173.9223807, -40.7763787], [173.9260593, -40.7835811], [173.9104706, -40.7804564], [173.9049561, -40.8028268], [173.9028689, -40.7824709], [173.8934856, -40.7777945], [173.876158, -40.8026072], [173.865487, -40.8062034], [173.8744195, -40.7800904], [173.8605316, -40.7685513], [173.8828223, -40.7368812], [173.8711586, -40.7371893], [173.8707218, -40.7281827], [173.857905, -40.7445638], [173.8461666, -40.7511816], [173.8427419, -40.7503683], [173.8423109, -40.7526141], [173.8398999, -40.7531983], [173.8399712, -40.768811], [173.8328602, -40.7537594], [173.827955, -40.7571093], [173.8345189, -40.7701464], [173.7939062, -40.8148442], [173.8094868, -40.8181908], [173.8050755, -40.8297803], [173.8132096, -40.8300868], [173.8152154, -40.8407413], [173.8086909, -40.8502817], [173.828543, -40.8564201], [173.8341458, -40.8431891], [173.8482441, -40.8373434], [173.8356095, -40.8457497], [173.8407167, -40.8505352], [173.83484, -40.8586494], [173.8444006, -40.8576005], [173.8446177, -40.8635511], [173.8355867, -40.8623554], [173.8333229, -40.8693958], [173.8262226, -40.8611542], [173.8296352, -40.8686074], [173.8268867, -40.8704456], [173.8201073, -40.8562582], [173.7917361, -40.8578067], [173.7851695, -40.8310477], [173.7786824, -40.8520906], [173.77246, -40.856751], [173.7718797, -40.8753362], [173.7786727, -40.8751615], [173.7792714, -40.883579], [173.7703281, -40.8941224]]], [[[173.7703433, -40.9290639], [173.7707261, -40.928901], [173.7704509, -40.9286146], [173.7703433, -40.9290639]]], [[[173.7706309, -40.8985117], [173.7719371, -40.897143], [173.7713305, -40.8965202], [173.770808, -40.8971127], [173.7706309, -40.8985117]]], [[[173.7709487, -40.8912534], [173.7711631, -40.8913213], [173.7711992, -40.8910653], [173.7709487, -40.8912534]]], [[[173.771207, -40.891321], [173.7718292, -40.891551], [173.7718353, -40.8910619], [173.771243, -40.8910497], [173.771207, -40.891321]]], [[[173.771343, -40.9800778], [173.7714814, -40.9801255], [173.7714489, -40.9799906], [173.771343, -40.9800778]]], [[[173.7717668, -40.8646369], [173.7717675, -40.8647044], [173.7718489, -40.8646615], [173.7717668, -40.8646369]]], [[[173.7726604, -41.2725124], [173.7728829, -41.2729902], [173.7731885, -41.2726257], [173.7728272, -41.2722073], [173.7726604, -41.2725124]]], [[[173.7727271, -40.8879533], [173.7728484, -40.8880759], [173.7730915, -40.8878581], [173.7728077, -40.8878438], [173.7727271, -40.8879533]]], [[[173.7732723, -40.9340056], [173.7733657, -40.9339645], [173.7733, -40.9339379], [173.7732723, -40.9340056]]], [[[173.7748274, -40.9220892], [173.7749657, -40.9221369], [173.7749332, -40.922002], [173.7748274, -40.9220892]]], [[[173.7752853, -40.887013], [173.7753406, -40.8870756], [173.7753683, -40.8870079], [173.7752853, -40.887013]]], [[[173.7752944, -40.9239476], [173.7754327, -40.9239953], [173.7754002, -40.9238604], [173.7752944, -40.9239476]]], [[[173.7755616, -40.9245609], [173.7758388, -40.9250075], [173.776659, -40.9244787], [173.7759977, -40.9240815], [173.7755616, -40.9245609]]], [[[173.7757648, -40.9255853], [173.7759031, -40.925633], [173.7758707, -40.9254981], [173.7757648, -40.9255853]]], [[[173.7760685, -40.948536], [173.7761718, -40.9485353], [173.7761105, -40.9484681], [173.7760685, -40.948536]]], [[[173.7765515, -40.881345], [173.7767193, -40.8813934], [173.7767881, -40.8812903], [173.7767373, -40.8813023], [173.7765515, -40.881345]]], [[[173.776784, -40.9497839], [173.7768873, -40.9497832], [173.7768259, -40.949716], [173.776784, -40.9497839]]], [[[173.7773324, -40.8812551], [173.7775003, -40.8813035], [173.7775691, -40.8812003], [173.7774223, -40.8812347], [173.7773324, -40.8812551]]], [[[173.7774645, -40.9879798], [173.7775917, -40.9879772], [173.7776011, -40.9878663], [173.7774728, -40.9879762], [173.7774645, -40.9879798]]], [[[173.7776749, -40.9473669], [173.7777782, -40.9473662], [173.7777169, -40.9472991], [173.7776749, -40.9473669]]], [[[173.7776984, -40.9498659], [173.7778367, -40.9499136], [173.7778042, -40.9497788], [173.7776984, -40.9498659]]], [[[173.7777993, -40.9481424], [173.7779255, -40.9480668], [173.7778844, -40.9480058], [173.7777993, -40.9481424]]], [[[173.778075, -40.9495743], [173.7781784, -40.9495736], [173.778117, -40.9495065], [173.778075, -40.9495743]]], [[[173.7783669, -40.9483376], [173.7792908, -40.9484169], [173.7807984, -40.9467307], [173.7790301, -40.9473605], [173.7783669, -40.9483376]]], [[[173.7785019, -40.9501145], [173.7786052, -40.9501138], [173.7785439, -40.9500466], [173.7785019, -40.9501145]]], [[[173.7788081, -40.9469693], [173.7789115, -40.9469686], [173.7788501, -40.9469015], [173.7788081, -40.9469693]]], [[[173.7788664, -40.9494951], [173.7790047, -40.9495428], [173.7789723, -40.9494079], [173.7788664, -40.9494951]]], [[[173.7792077, -40.9492271], [173.7793461, -40.9492748], [173.7793136, -40.9491399], [173.7792077, -40.9492271]]], [[[173.7800683, -40.8396582], [173.7802464, -40.8396786], [173.7801651, -40.8395242], [173.7800683, -40.8396582]]], [[[173.7805966, -40.9456288], [173.7817421, -40.9463802], [173.7823677, -40.9437372], [173.7812059, -40.9436163], [173.7805966, -40.9456288]]], [[[173.7807572, -40.8271526], [173.7812394, -40.8279195], [173.782036, -40.8275468], [173.7817503, -40.8269034], [173.7807572, -40.8271526]]], [[[173.7809755, -40.8390612], [173.7813066, -40.8392823], [173.7814551, -40.8393038], [173.7811503, -40.8388961], [173.7809755, -40.8390612]]], [[[173.7810504, -40.9435264], [173.7811849, -40.9435534], [173.7811842, -40.9434886], [173.7810614, -40.9434525], [173.7810504, -40.9435264]]], [[[173.7813092, -40.8369929], [173.781497, -40.8370277], [173.7814053, -40.8368932], [173.7813092, -40.8369929]]], [[[173.7821977, -40.8328999], [173.7825107, -40.8330049], [173.7824464, -40.8327802], [173.7821977, -40.8328999]]], [[[173.7827216, -40.8327828], [173.7828425, -40.8327838], [173.7827807, -40.8326725], [173.7827216, -40.8327828]]], [[[173.7831814, -40.8324672], [173.7833024, -40.8324681], [173.7832406, -40.8323569], [173.7831814, -40.8324672]]], [[[173.7835095, -40.832337], [173.7836305, -40.832338], [173.7835687, -40.8322268], [173.7835095, -40.832337]]], [[[173.7836744, -40.970323], [173.7838128, -40.9703707], [173.7837803, -40.9702358], [173.7836744, -40.970323]]], [[[173.7850109, -40.894457], [173.785061, -40.8944783], [173.7850605, -40.8944333], [173.7850109, -40.894457]]], [[[173.7852687, -40.9147738], [173.785449, -40.9148618], [173.7855637, -40.914725], [173.7853554, -40.9146823], [173.7852687, -40.9147738]]], [[[173.7857088, -40.943338], [173.7857098, -40.9434208], [173.7857953, -40.9434202], [173.7858072, -40.9433193], [173.7857088, -40.943338]]], [[[173.7860997, -40.9433542], [173.7861007, -40.9434371], [173.7861377, -40.9434458], [173.7861736, -40.9433717], [173.7860997, -40.9433542]]], [[[173.7863492, -40.984418], [173.7864414, -40.9843759], [173.7863766, -40.9843277], [173.7863492, -40.984418]]], [[[173.7868205, -40.9828801], [173.7868989, -40.9828733], [173.7868794, -40.9828347], [173.7868205, -40.9828801]]], [[[173.787376, -40.8330139], [173.7875577, -40.8332369], [173.7876693, -40.8328525], [173.787549, -40.8328092], [173.787376, -40.8330139]]], [[[173.7879237, -41.1590898], [173.7884155, -41.1594566], [173.7887024, -41.1590589], [173.7883717, -41.158796], [173.7879237, -41.1590898]]], [[[173.7879992, -40.8330745], [173.7882093, -40.8331901], [173.7882062, -40.8330262], [173.7879992, -40.8330745]]], [[[173.7882123, -40.8347383], [173.788457, -40.8350734], [173.7887529, -40.8350254], [173.7883879, -40.8346461], [173.7882123, -40.8347383]]], [[[173.7883236, -40.8329354], [173.7883563, -40.8330919], [173.7886832, -40.8331563], [173.7885593, -40.8329094], [173.7883236, -40.8329354]]], [[[173.7889614, -40.8351123], [173.788966, -40.8352933], [173.7892325, -40.8352671], [173.7891385, -40.8350426], [173.7889614, -40.8351123]]], [[[173.7902024, -41.0462976], [173.790444, -41.0463077], [173.7905198, -41.0459811], [173.790392, -41.0460424], [173.7902024, -41.0462976]]], [[[173.7909835, -41.168531], [173.7910024, -41.1686156], [173.7911209, -41.1684535], [173.7910758, -41.1684746], [173.7909835, -41.168531]]], [[[173.7924376, -40.9051088], [173.7924391, -40.9052322], [173.7925842, -40.9053555], [173.7926429, -40.9051074], [173.7924376, -40.9051088]]], [[[173.7926786, -40.8143941], [173.7927994, -40.8143842], [173.7927087, -40.8143398], [173.7926786, -40.8143941]]], [[[173.7931604, -40.9841353], [173.7932419, -40.984196], [173.7932399, -40.9841284], [173.7931604, -40.9841353]]], [[[173.7932748, -41.0706555], [173.8000221, -41.0688843], [173.8004823, -41.0601156], [173.7969181, -41.0613381], [173.7932748, -41.0706555]]], [[[173.7948299, -41.0507544], [173.8034117, -41.0513145], [173.8029736, -41.0462958], [173.7991571, -41.0463692], [173.7948299, -41.0507544]]], [[[173.7952147, -40.9649258], [173.7953531, -40.9649734], [173.7953206, -40.9648386], [173.7952147, -40.9649258]]], [[[173.7962379, -40.983888], [173.7963847, -40.983841], [173.7962988, -40.9838191], [173.7962379, -40.983888]]], [[[173.7965187, -40.8110901], [173.7966147, -40.8110931], [173.7965538, -40.8110493], [173.7965187, -40.8110901]]], [[[173.7989978, -40.8139801], [173.7991394, -40.8141268], [173.7990771, -40.8139696], [173.7989978, -40.8139801]]], [[[173.8049143, -40.9535156], [173.8050903, -40.9534624], [173.8052083, -40.9533013], [173.8050365, -40.9532888], [173.8049143, -40.9535156]]], [[[173.8049301, -40.8004707], [173.805129, -40.8004522], [173.8050164, -40.8003566], [173.8049301, -40.8004707]]], [[[173.8052808, -40.9535187], [173.8055997, -40.9536907], [173.8060035, -40.9533717], [173.8055956, -40.9533232], [173.8052808, -40.9535187]]], [[[173.8053104, -40.7976311], [173.8054312, -40.797632], [173.8053695, -40.7975208], [173.8053104, -40.7976311]]], [[[173.8057821, -40.7982213], [173.8060393, -40.7982266], [173.8058869, -40.798071], [173.8057821, -40.7982213]]], [[[173.8058339, -41.0531762], [173.8067266, -41.0544713], [173.8080715, -41.0520888], [173.8064612, -41.051929], [173.8058339, -41.0531762]]], [[[173.8099064, -40.9622665], [173.8099552, -40.9622751], [173.8099652, -40.9622201], [173.8099064, -40.9622665]]], [[[173.8131518, -40.8312733], [173.8132656, -40.8313698], [173.8132922, -40.831212], [173.8131518, -40.8312733]]], [[[173.8142628, -40.8391755], [173.8142654, -40.8392881], [173.8143522, -40.8392091], [173.8142628, -40.8391755]]], [[[173.820463, -40.7823014], [173.8207163, -40.7823797], [173.8205806, -40.7822321], [173.820463, -40.7823014]]], [[[173.8217258, -40.7803704], [173.8228399, -40.7811676], [173.8232494, -40.7809377], [173.8223406, -40.7799796], [173.8217258, -40.7803704]]], [[[173.8251879, -40.7767601], [173.8253087, -40.7767611], [173.8252469, -40.7766498], [173.8251879, -40.7767601]]], [[[173.8252859, -40.7764505], [173.8254068, -40.7764515], [173.8253449, -40.7763402], [173.8252859, -40.7764505]]], [[[173.8259036, -40.7554003], [173.8264405, -40.7569482], [173.8274238, -40.7572518], [173.8271919, -40.7547084], [173.8259036, -40.7554003]]], [[[173.8289065, -40.7628205], [173.8290304, -40.7630664], [173.8293817, -40.7628369], [173.8292287, -40.7626362], [173.8289065, -40.7628205]]], [[[173.8289783, -40.762031], [173.829043, -40.7622782], [173.8293731, -40.7624316], [173.8294785, -40.7618671], [173.8289783, -40.762031]]], [[[173.831181, -40.7528341], [173.831275, -40.7530577], [173.8315394, -40.7529873], [173.8314443, -40.7526728], [173.831181, -40.7528341]]], [[[173.8342083, -40.9198912], [173.8342092, -40.9199587], [173.8342683, -40.9199358], [173.8342083, -40.9198912]]], [[[173.8343012, -40.7559942], [173.8343053, -40.7562193], [173.834601, -40.7561929], [173.8345941, -40.7558327], [173.8343012, -40.7559942]]], [[[173.8343546, -40.7565612], [173.8344754, -40.7565621], [173.8344136, -40.7564509], [173.8343546, -40.7565612]]], [[[173.8344528, -40.7581519], [173.8345544, -40.7581314], [173.8344931, -40.7580643], [173.8344528, -40.7581519]]], [[[173.834516, -40.7576228], [173.8346368, -40.7576237], [173.834575, -40.7575125], [173.834516, -40.7576228]]], [[[173.8345183, -40.7567726], [173.8346422, -40.7567338], [173.8345229, -40.7566672], [173.8345183, -40.7567726]]], [[[173.8346061, -40.7569701], [173.8347269, -40.756971], [173.8346651, -40.7568598], [173.8346061, -40.7569701]]], [[[173.8386676, -40.7524022], [173.8388809, -40.7526924], [173.8391172, -40.7526447], [173.8389613, -40.752309], [173.8386676, -40.7524022]]], [[[173.8405855, -40.752063], [173.8405875, -40.7521305], [173.8406653, -40.7521011], [173.8405855, -40.752063]]], [[[173.8406081, -40.7558031], [173.8408161, -40.7558682], [173.8408727, -40.7557543], [173.8407535, -40.7556886], [173.8406081, -40.7558031]]], [[[173.8407508, -40.7634078], [173.8408716, -40.7634088], [173.8408098, -40.7632975], [173.8407508, -40.7634078]]], [[[173.8408803, -40.7560695], [173.8409723, -40.7562264], [173.8412376, -40.7561326], [173.8411851, -40.7559186], [173.8408803, -40.7560695]]], [[[173.8409839, -40.7519177], [173.8410559, -40.7518992], [173.8409959, -40.751833], [173.8409839, -40.7519177]]], [[[173.8411417, -40.763414], [173.8412626, -40.7634149], [173.8412007, -40.7633037], [173.8411417, -40.763414]]], [[[173.841179, -40.7637334], [173.8412998, -40.7637343], [173.841238, -40.7636231], [173.841179, -40.7637334]]], [[[173.8413103, -40.7610198], [173.8414311, -40.7610207], [173.8413693, -40.7609095], [173.8413103, -40.7610198]]], [[[173.841406, -40.7631464], [173.8415269, -40.7631473], [173.841465, -40.763036], [173.841406, -40.7631464]]], [[[173.8415632, -40.7561284], [173.8417119, -40.7561724], [173.8418265, -40.755968], [173.8415905, -40.7560382], [173.8415632, -40.7561284]]], [[[173.8416576, -40.760476], [173.8417179, -40.7605656], [173.8418654, -40.7605186], [173.841803, -40.7603614], [173.8416576, -40.760476]]], [[[173.8416721, -40.7629255], [173.8417929, -40.7629265], [173.8417311, -40.7628152], [173.8416721, -40.7629255]]], [[[173.8416915, -40.7511254], [173.841904, -40.7513481], [173.842346, -40.7512746], [173.8420755, -40.7510532], [173.8416915, -40.7511254]]], [[[173.8418523, -40.7503578], [173.8424575, -40.7509126], [173.8422142, -40.7492942], [173.8420828, -40.7500391], [173.8418523, -40.7503578]]], [[[173.8423536, -40.7556912], [173.8425048, -40.7558468], [173.8426209, -40.755755], [173.8425779, -40.7555419], [173.8423536, -40.7556912]]], [[[173.8437922, -40.7496122], [173.8438874, -40.7499267], [173.8441262, -40.7499907], [173.8441181, -40.7496305], [173.8437922, -40.7496122]]], [[[173.8446758, -40.7466498], [173.8447683, -40.7468509], [173.8450342, -40.746803], [173.8449105, -40.7465787], [173.8446758, -40.7466498]]], [[[173.8479047, -40.7486479], [173.8480255, -40.7486488], [173.8479637, -40.7485376], [173.8479047, -40.7486479]]], [[[173.8483419, -40.7490364], [173.848467, -40.7493732], [173.8489395, -40.7492769], [173.848664, -40.7488521], [173.8483419, -40.7490364]]], [[[173.8487402, -40.7469368], [173.8494347, -40.747536], [173.8499667, -40.7474618], [173.8492431, -40.7469078], [173.8487402, -40.7469368]]], [[[173.8501278, -40.7478388], [173.8502486, -40.7478397], [173.8501868, -40.7477285], [173.8501278, -40.7478388]]], [[[173.8542366, -40.8993487], [173.8543203, -40.8993959], [173.8543025, -40.8992996], [173.8542366, -40.8993487]]], [[[173.8572453, -40.7429989], [173.8575448, -40.743175], [173.8577333, -40.7427332], [173.8573865, -40.7426592], [173.8572453, -40.7429989]]], [[[173.860798, -40.8921381], [173.8608652, -40.8921907], [173.8608631, -40.8921232], [173.860798, -40.8921381]]], [[[173.8684171, -40.8965505], [173.8687814, -40.8969062], [173.8698729, -40.8965989], [173.869241, -40.8962021], [173.8684171, -40.8965505]]], [[[173.8696005, -41.0293041], [173.8826254, -41.0366034], [173.892892, -41.0295267], [173.9074379, -41.0406832], [173.9122679, -41.0348721], [173.8946892, -41.0275197], [173.9075108, -41.0159338], [173.8696005, -41.0293041]]], [[[173.8700154, -40.7270425], [173.8702867, -40.7272412], [173.8704232, -40.7267214], [173.8700983, -40.7267707], [173.8700154, -40.7270425]]], [[[173.8707936, -40.9654187], [173.8717258, -40.965743], [173.8731288, -40.9647372], [173.8722945, -40.9644481], [173.8707936, -40.9654187]]], [[[173.8716392, -40.7321358], [173.8717315, -40.7323152], [173.8720236, -40.7321086], [173.8718434, -40.7319983], [173.8716392, -40.7321358]]], [[[173.8830847, -40.7691092], [173.8831559, -40.7691186], [173.8831242, -40.7690513], [173.8830847, -40.7691092]]], [[[173.8831214, -40.768574], [173.8832032, -40.7685769], [173.8831715, -40.7685096], [173.8831214, -40.768574]]], [[[173.883427, -40.7697307], [173.8835479, -40.7697316], [173.883486, -40.7696204], [173.883427, -40.7697307]]], [[[173.8836926, -40.7701862], [173.8838016, -40.7701917], [173.8837412, -40.7701021], [173.8836926, -40.7701862]]], [[[173.8851741, -40.7715716], [173.885295, -40.7715725], [173.8852331, -40.7714613], [173.8851741, -40.7715716]]], [[[173.8858705, -40.7717329], [173.8859913, -40.7717338], [173.8859294, -40.7716226], [173.8858705, -40.7717329]]], [[[173.8865808, -40.7718715], [173.8867016, -40.7718724], [173.8866397, -40.7717612], [173.8865808, -40.7718715]]], [[[173.88664, -40.7606239], [173.8868789, -40.7606887], [173.8870536, -40.7605514], [173.8869324, -40.7604407], [173.88664, -40.7606239]]], [[[173.8877066, -40.7717187], [173.8878274, -40.7717195], [173.8877655, -40.7716083], [173.8877066, -40.7717187]]], [[[173.888351, -40.771629], [173.8884718, -40.7716299], [173.8884099, -40.7715187], [173.888351, -40.771629]]], [[[173.888873, -40.7716808], [173.8889935, -40.7717465], [173.8890802, -40.7716774], [173.888931, -40.7715894], [173.888873, -40.7716808]]], [[[173.8893811, -40.7718543], [173.8894727, -40.7719653], [173.8895597, -40.7719196], [173.8895292, -40.7718523], [173.8893811, -40.7718543]]], [[[173.8897938, -40.7715287], [173.8899146, -40.7715295], [173.8898527, -40.7714183], [173.8897938, -40.7715287]]], [[[173.8921807, -40.8630509], [173.8923354, -40.863174], [173.8924359, -40.8630643], [173.8924038, -40.8629718], [173.8921807, -40.8630509]]], [[[173.8934083, -40.7566829], [173.8935022, -40.7568848], [173.8937931, -40.7566781], [173.8937019, -40.7565887], [173.8934083, -40.7566829]]], [[[173.8936604, -40.7288328], [173.8947067, -40.729247], [173.8948339, -40.728322], [173.8944441, -40.7281242], [173.8936604, -40.7288328]]], [[[173.8937028, -40.8629698], [173.8938077, -40.8630923], [173.8939997, -40.8629909], [173.8938766, -40.8629216], [173.8937028, -40.8629698]]], [[[173.8940949, -40.7569216], [173.8941278, -40.757079], [173.8943365, -40.7570989], [173.8943021, -40.7569191], [173.8940949, -40.7569216]]], [[[173.8949704, -40.9998048], [173.8952544, -40.9998008], [173.8953703, -40.9996639], [173.8952193, -40.9995759], [173.8949704, -40.9998048]]], [[[173.8971896, -40.8884635], [173.8976027, -40.8887395], [173.8988979, -40.8877233], [173.8978365, -40.8879487], [173.8971896, -40.8884635]]], [[[173.897283, -40.8878287], [173.8973653, -40.8878587], [173.8975908, -40.8878569], [173.8975476, -40.8877339], [173.897283, -40.8878287]]], [[[173.9035822, -40.7526741], [173.9039117, -40.752604], [173.9039084, -40.7524464], [173.9037008, -40.7524264], [173.9035822, -40.7526741]]], [[[173.903802, -40.7529885], [173.9039522, -40.753054], [173.9041567, -40.7529389], [173.903976, -40.7528061], [173.903802, -40.7529885]]], [[[173.906543, -40.752322], [173.9071348, -40.7522921], [173.9072715, -40.7518164], [173.9069746, -40.751753], [173.906543, -40.752322]]], [[[173.9103638, -40.7366359], [173.9119166, -40.7384852], [173.9176736, -40.7350519], [173.9152294, -40.7330567], [173.9103638, -40.7366359]]], [[[173.9107592, -40.7360257], [173.9108843, -40.7360878], [173.9108813, -40.7359527], [173.9107592, -40.7360257]]], [[[173.9111589, -40.735737], [173.9112621, -40.7357452], [173.9112023, -40.7357007], [173.9111589, -40.735737]]], [[[173.9123106, -40.742761], [173.9125806, -40.7429371], [173.9126724, -40.7426883], [173.9123347, -40.7425356], [173.9123106, -40.742761]]], [[[173.9124167, -40.7396277], [173.9130492, -40.7400703], [173.9138309, -40.7393165], [173.9131975, -40.7388064], [173.9124167, -40.7396277]]], [[[173.9130365, -40.7434496], [173.913486, -40.7436694], [173.9135738, -40.7436002], [173.9133483, -40.7433131], [173.9130365, -40.7434496]]], [[[173.9131279, -40.7344361], [173.91319, -40.734478], [173.9132163, -40.7344129], [173.9131279, -40.7344361]]], [[[173.9133989, -40.7385562], [173.9134892, -40.7385771], [173.9135759, -40.738508], [173.9134572, -40.7384873], [173.9133989, -40.7385562]]], [[[173.9134656, -40.7427905], [173.913702, -40.7427652], [173.9139858, -40.7422207], [173.9136367, -40.7423871], [173.9134656, -40.7427905]]], [[[173.9134948, -40.7440521], [173.9136159, -40.7441628], [173.9138207, -40.7440702], [173.9137209, -40.7438468], [173.9134948, -40.7440521]]], [[[173.9136978, -40.7334373], [173.9137872, -40.7334816], [173.9139617, -40.7333442], [173.9137836, -40.7333015], [173.9136978, -40.7334373]]], [[[173.9140734, -40.7330272], [173.9141927, -40.7330929], [173.9142806, -40.7330237], [173.914219, -40.7329351], [173.9140734, -40.7330272]]], [[[173.9142761, -40.7380259], [173.9143659, -40.7380928], [173.9147793, -40.7380192], [173.9143329, -40.7379354], [173.9142761, -40.7380259]]], [[[173.9144496, -40.7326612], [173.9144981, -40.732741], [173.9145384, -40.7326605], [173.9144496, -40.7326612]]], [[[173.9146405, -40.7371422], [173.9148498, -40.7372072], [173.9150542, -40.7370921], [173.9148461, -40.7370271], [173.9146405, -40.7371422]]], [[[173.9149608, -40.9944186], [173.9150219, -40.9944524], [173.915079, -40.9943718], [173.9149608, -40.9944186]]], [[[173.9163144, -40.8428018], [173.9170769, -40.8426889], [173.9175181, -40.84227], [173.9166365, -40.8422621], [173.9163144, -40.8428018]]], [[[173.917592, -40.7470401], [173.9178904, -40.7471259], [173.9185349, -40.746802], [173.9183259, -40.7467595], [173.917592, -40.7470401]]], [[[173.9205669, -40.9221348], [173.9207053, -40.9221823], [173.9206726, -40.9220475], [173.9205669, -40.9221348]]], [[[173.9214785, -40.9215142], [173.9215927, -40.9215295], [173.9215669, -40.9214684], [173.9214785, -40.9215142]]], [[[173.9233377, -40.7431113], [173.9233707, -40.7432686], [173.9235665, -40.7432139], [173.9233377, -40.7431113]]], [[[173.9239381, -40.7447249], [173.9241462, -40.7447899], [173.9247019, -40.7444674], [173.9243467, -40.7444721], [173.9239381, -40.7447249]]], [[[173.9318917, -40.7247849], [173.9324055, -40.7252058], [173.9326117, -40.7251357], [173.9322153, -40.7246454], [173.9318917, -40.7247849]]], [[[173.9329686, -40.7255605], [173.9330323, -40.7256636], [173.9334387, -40.725157], [173.9333099, -40.7251966], [173.9329686, -40.7255605]]], [[[173.9331299, -40.724476], [173.933374, -40.7247433], [173.9337883, -40.7247372], [173.933575, -40.7244696], [173.9331299, -40.724476]]], [[[173.9332135, -40.7241468], [173.9333642, -40.7242572], [173.9338548, -40.7243748], [173.9334764, -40.7239852], [173.9332135, -40.7241468]]], [[[173.9334089, -40.9186458], [173.9334309, -40.9186853], [173.9334686, -40.9186679], [173.9334137, -40.9186476], [173.9334089, -40.9186458]]], [[[173.9337913, -40.9184824], [173.9338424, -40.9184811], [173.9338682, -40.9183773], [173.9338479, -40.9183694], [173.9337913, -40.9184824]]], [[[173.9337993, -40.9187985], [173.933887, -40.918786], [173.9338566, -40.9187296], [173.9337993, -40.9187985]]], [[[173.9345834, -40.7350116], [173.9347042, -40.7350124], [173.9346422, -40.7349012], [173.9345834, -40.7350116]]], [[[173.935687, -40.7429021], [173.9358084, -40.7430353], [173.9359503, -40.7427631], [173.9358895, -40.7427411], [173.935687, -40.7429021]]], [[[173.9358059, -40.7434397], [173.9359267, -40.7434406], [173.9358647, -40.7433294], [173.9358059, -40.7434397]]], [[[173.9359041, -40.7361374], [173.9360328, -40.7361157], [173.9359428, -40.7360263], [173.9359041, -40.7361374]]], [[[173.9361418, -40.7279801], [173.9363139, -40.7280129], [173.9362888, -40.7279105], [173.9361418, -40.7279801]]], [[[173.9364465, -40.7437741], [173.9365673, -40.7437749], [173.9365053, -40.7436637], [173.9364465, -40.7437741]]], [[[173.9402065, -40.7327635], [173.94028, -40.7327692], [173.9402494, -40.7327019], [173.9402065, -40.7327635]]], [[[173.9406253, -40.7324052], [173.940746, -40.732406], [173.9406841, -40.7322949], [173.9406253, -40.7324052]]], [[[173.9411908, -40.7349647], [173.9414575, -40.7349841], [173.9416585, -40.7347105], [173.9412737, -40.7347155], [173.9411908, -40.7349647]]], [[[173.9452875, -40.7251536], [173.9454089, -40.7251201], [173.9453149, -40.7250858], [173.9452875, -40.7251536]]], [[[173.9463228, -40.9733474], [173.9463546, -40.9734147], [173.9464116, -40.9733233], [173.9463228, -40.9733474]]], [[[173.9471555, -40.6897524], [173.9473773, -40.6902027], [173.947872, -40.6898807], [173.9475895, -40.6895696], [173.9471555, -40.6897524]]], [[[173.9483137, -40.6923079], [173.9497283, -40.6920188], [173.9497673, -40.6911844], [173.9493532, -40.6911897], [173.9483137, -40.6923079]]], [[[173.9483878, -40.6891298], [173.9487813, -40.6895075], [173.949091, -40.6888276], [173.9486178, -40.6888342], [173.9483878, -40.6891298]]], [[[173.949002, -40.7052716], [173.9491228, -40.7052724], [173.9490608, -40.7051612], [173.949002, -40.7052716]]], [[[173.9494808, -40.7055631], [173.9496023, -40.7056962], [173.950045, -40.7056232], [173.9498943, -40.7055128], [173.9494808, -40.7055631]]], [[[173.9496116, -40.7061024], [173.9498486, -40.7061211], [173.9499906, -40.7058713], [173.9496384, -40.7059887], [173.9496116, -40.7061024]]], [[[173.9503085, -40.7258298], [173.9505538, -40.7258476], [173.9504832, -40.7257149], [173.9503085, -40.7258298]]], [[[173.9503933, -40.7167938], [173.9506032, -40.7169038], [173.9507467, -40.7166765], [173.9505664, -40.7165663], [173.9503933, -40.7167938]]], [[[173.9508943, -40.7090585], [173.9510447, -40.7091473], [173.951131, -40.7090556], [173.9509821, -40.7089902], [173.9508943, -40.7090585]]], [[[173.9509256, -40.7162724], [173.9510335, -40.7162895], [173.9510018, -40.7162223], [173.9509256, -40.7162724]]], [[[173.9515503, -40.7242551], [173.951671, -40.7242559], [173.951609, -40.7241447], [173.9515503, -40.7242551]]], [[[173.9519214, -40.7163002], [173.9524649, -40.7167208], [173.952758, -40.716604], [173.9526038, -40.7163359], [173.9519214, -40.7163002]]], [[[173.9520218, -40.7238702], [173.9521426, -40.723871], [173.9520806, -40.7237599], [173.9520218, -40.7238702]]], [[[173.9532027, -40.7204505], [173.9534148, -40.720628], [173.9538252, -40.7204427], [173.9536589, -40.7203152], [173.9532027, -40.7204505]]], [[[173.9533444, -40.7087328], [173.9536131, -40.7088197], [173.9539616, -40.7085214], [173.9538407, -40.7084332], [173.9533444, -40.7087328]]], [[[173.9538556, -40.9675123], [173.9538878, -40.9676066], [173.9540001, -40.9675624], [173.9538556, -40.9675123]]], [[[173.9544496, -40.6918561], [173.9545787, -40.6918631], [173.9545168, -40.6917511], [173.9544496, -40.6918561]]], [[[173.9546057, -40.713312], [173.9547487, -40.7132991], [173.9546636, -40.7132215], [173.9546057, -40.713312]]], [[[173.9548712, -40.692121], [173.9550339, -40.6923268], [173.9551368, -40.6920782], [173.9549859, -40.691957], [173.9548712, -40.692121]]], [[[173.9554353, -40.7969804], [173.9559196, -40.7973574], [173.9561778, -40.7970157], [173.9560259, -40.7968377], [173.9554353, -40.7969804]]], [[[173.9557024, -40.6905181], [173.9559981, -40.6905138], [173.9560479, -40.6901081], [173.9559278, -40.6900641], [173.9557024, -40.6905181]]], [[[173.9558533, -40.7438697], [173.955885, -40.7439369], [173.9559118, -40.7438241], [173.9558533, -40.7438697]]], [[[173.9563218, -40.6917036], [173.9566235, -40.6919479], [173.9570247, -40.6913789], [173.9566673, -40.6912936], [173.9563218, -40.6917036]]], [[[173.9564141, -40.713378], [173.9565944, -40.7134882], [173.956742, -40.7134635], [173.9565891, -40.7132855], [173.9564141, -40.713378]]], [[[173.9570128, -41.2062894], [173.9572483, -41.2065022], [173.9574169, -41.2059963], [173.957317, -41.2059612], [173.9570128, -41.2062894]]], [[[173.9591348, -40.696803], [173.9591967, -40.6969151], [173.959401, -40.696799], [173.9592802, -40.6967108], [173.9591348, -40.696803]]], [[[173.9591979, -40.694459], [173.9595609, -40.6947694], [173.9596786, -40.6947224], [173.9595515, -40.6943641], [173.9591979, -40.694459]]], [[[173.9602463, -40.7366458], [173.9605746, -40.7367538], [173.9607491, -40.7366163], [173.9604172, -40.7363498], [173.9602463, -40.7366458]]], [[[173.9606486, -40.7002569], [173.9607693, -40.7002577], [173.9607074, -40.7001466], [173.9606486, -40.7002569]]], [[[173.9609435, -40.7335264], [173.9610623, -40.7336344], [173.9610911, -40.7335026], [173.9609435, -40.7335264]]], [[[173.9612696, -40.7039102], [173.9613903, -40.703911], [173.9613283, -40.7037998], [173.9612696, -40.7039102]]], [[[173.9614835, -40.7040561], [173.9616043, -40.7040569], [173.9615423, -40.7039457], [173.9614835, -40.7040561]]], [[[173.9616933, -40.7793675], [173.9698633, -40.7839424], [173.9742873, -40.7692371], [173.9664963, -40.7706503], [173.9616933, -40.7793675]]], [[[173.961764, -40.7041348], [173.9617668, -40.7042474], [173.9619111, -40.7042407], [173.961764, -40.7041348]]], [[[173.9621874, -40.7290064], [173.9623082, -40.7290072], [173.9622462, -40.728896], [173.9621874, -40.7290064]]], [[[173.9623438, -40.7315449], [173.9624646, -40.7315457], [173.9624026, -40.7314345], [173.9623438, -40.7315449]]], [[[173.9626675, -40.7306812], [173.9627883, -40.730682], [173.9627263, -40.7305708], [173.9626675, -40.7306812]]], [[[173.9626862, -40.6980386], [173.9629254, -40.6981258], [173.9630956, -40.6977857], [173.9628863, -40.6977208], [173.9626862, -40.6980386]]], [[[173.9635341, -40.7227671], [173.9636241, -40.7228555], [173.9638574, -40.722695], [173.9637088, -40.7226521], [173.9635341, -40.7227671]]], [[[173.9639678, -40.8963013], [173.9641061, -40.8963488], [173.9640733, -40.896214], [173.9639678, -40.8963013]]], [[[173.9641103, -40.7132955], [173.9643202, -40.7134054], [173.9645228, -40.7131776], [173.9643727, -40.7131122], [173.9641103, -40.7132955]]], [[[173.9644705, -40.7143003], [173.9645912, -40.714301], [173.9645293, -40.7141899], [173.9644705, -40.7143003]]], [[[173.9647211, -40.7216015], [173.96487, -40.7216669], [173.9650151, -40.7215522], [173.9649254, -40.7214863], [173.9647211, -40.7216015]]], [[[173.9648687, -40.7175095], [173.9649895, -40.7175103], [173.9649275, -40.7173992], [173.9648687, -40.7175095]]], [[[173.9652894, -40.7029829], [173.9655613, -40.7032049], [173.9657023, -40.7028876], [173.9654937, -40.7028677], [173.9652894, -40.7029829]]], [[[173.9653143, -41.0994521], [173.9654675, -41.0995075], [173.9654864, -41.099493], [173.9654853, -41.0994218], [173.9653143, -41.0994521]]], [[[173.9656822, -40.7020763], [173.9657734, -40.7021656], [173.9660682, -40.7020937], [173.9659449, -40.7019155], [173.9656822, -40.7020763]]], [[[173.9659741, -41.1003625], [173.9662622, -41.1006032], [173.9664106, -41.10033], [173.9661644, -41.100432], [173.9659741, -41.1003625]]], [[[173.9660082, -40.7191067], [173.966129, -40.7191075], [173.966067, -40.7189963], [173.9660082, -40.7191067]]], [[[173.9661577, -41.0980986], [173.9662839, -41.098184], [173.9663206, -41.0980837], [173.9661577, -41.0980986]]], [[[173.9664424, -40.7190085], [173.9665632, -40.7190093], [173.9665012, -40.7188981], [173.9664424, -40.7190085]]], [[[173.9664915, -40.7024711], [173.966584, -40.7026496], [173.9666718, -40.7025813], [173.9666076, -40.7024017], [173.9664915, -40.7024711]]], [[[173.9665511, -40.7033163], [173.9666901, -40.7033467], [173.9665963, -40.7031683], [173.9665511, -40.7033163]]], [[[173.9666747, -40.7198405], [173.9667955, -40.7198413], [173.9667335, -40.7197301], [173.9666747, -40.7198405]]], [[[173.9666777, -40.7037152], [173.9667984, -40.703716], [173.9667364, -40.7036048], [173.9666777, -40.7037152]]], [[[173.9668891, -40.7039313], [173.9670291, -40.7039509], [173.9670281, -40.7038833], [173.9668891, -40.7039313]]], [[[173.9670166, -40.7028513], [173.9671373, -40.7028521], [173.9670753, -40.7027409], [173.9670166, -40.7028513]]], [[[173.9672663, -40.7203048], [173.9675939, -40.7203686], [173.9676478, -40.7201646], [173.96744, -40.7201223], [173.9672663, -40.7203048]]], [[[173.9675494, -40.71066], [173.9676701, -40.7106608], [173.9676082, -40.7105496], [173.9675494, -40.71066]]], [[[173.9677587, -40.7198926], [173.9678794, -40.7198934], [173.9678174, -40.7197822], [173.9677587, -40.7198926]]], [[[173.9679455, -40.7202054], [173.9680945, -40.7202717], [173.9681822, -40.7202025], [173.9681199, -40.7200679], [173.9679455, -40.7202054]]], [[[173.9684454, -40.7200633], [173.9688033, -40.7201711], [173.9689178, -40.71999], [173.9686779, -40.7198578], [173.9684454, -40.7200633]]], [[[173.9692898, -40.6810883], [173.9694433, -40.6813113], [173.9696475, -40.681196], [173.9694056, -40.6809963], [173.9692898, -40.6810883]]], [[[173.9694623, -40.7845565], [173.9699217, -40.7851812], [173.9716442, -40.7853153], [173.9710622, -40.7844889], [173.9694623, -40.7845565]]], [[[173.971182, -40.7857947], [173.9713046, -40.7859954], [173.971659, -40.7859231], [173.9714461, -40.7857006], [173.971182, -40.7857947]]], [[[173.9713937, -40.7007139], [173.971547, -40.7009153], [173.9716892, -40.700688], [173.9715111, -40.7006454], [173.9713937, -40.7007139]]], [[[173.9715521, -40.6810647], [173.971639, -40.6814242], [173.9719635, -40.6810369], [173.9716377, -40.680928], [173.9715521, -40.6810647]]], [[[173.9718394, -40.6807227], [173.9718731, -40.6809296], [173.9722605, -40.680965], [173.972074, -40.6805847], [173.9718394, -40.6807227]]], [[[173.9718426, -40.6795734], [173.9718496, -40.6798886], [173.9723774, -40.6796562], [173.9719581, -40.679459], [173.9718426, -40.6795734]]], [[[173.9719159, -40.6817506], [173.9723431, -40.6820001], [173.9731018, -40.6815388], [173.9729213, -40.6814061], [173.9719159, -40.6817506]]], [[[173.9730254, -40.6945008], [173.9732158, -40.6945577], [173.9736275, -40.6940818], [173.9733553, -40.6941164], [173.9730254, -40.6945008]]], [[[173.9732445, -40.6950556], [173.9736303, -40.6951406], [173.9737747, -40.6949808], [173.9733603, -40.6949645], [173.9732445, -40.6950556]]], [[[173.9740661, -40.6947803], [173.9743049, -40.694845], [173.9745025, -40.6944362], [173.9742948, -40.6943938], [173.9740661, -40.6947803]]], [[[173.9747645, -41.1116803], [173.9770922, -41.1112643], [173.9800746, -41.1085011], [173.9778473, -41.1095071], [173.9747645, -41.1116803]]], [[[173.9756574, -40.7673494], [173.9757783, -40.7673501], [173.9757162, -40.767239], [173.9756574, -40.7673494]]], [[[173.9761958, -40.7672268], [173.9763167, -40.7672276], [173.9762546, -40.7671164], [173.9761958, -40.7672268]]], [[[173.9765674, -40.7666373], [173.9862819, -40.7800675], [173.9897513, -40.7801547], [173.9820051, -40.7709789], [173.9862552, -40.7615468], [173.9765674, -40.7666373]]], [[[173.9792638, -40.695514], [173.9795617, -40.6955781], [173.9797061, -40.6954184], [173.9793509, -40.6954007], [173.9792638, -40.695514]]], [[[173.9804935, -40.6960106], [173.9806142, -40.6960114], [173.9805522, -40.6959002], [173.9804935, -40.6960106]]], [[[173.9809477, -40.6953555], [173.9809929, -40.6954488], [173.9811255, -40.6953756], [173.9809477, -40.6953555]]], [[[173.9853773, -41.2070921], [173.9853857, -41.2071686], [173.9858372, -41.2073017], [173.9858361, -41.2072251], [173.9853773, -41.2070921]]], [[[173.9855741, -40.6758021], [173.9857868, -40.6760245], [173.9859261, -40.6756846], [173.9857184, -40.6756423], [173.9855741, -40.6758021]]], [[[173.9860045, -40.7611761], [173.9861279, -40.7611886], [173.9860362, -40.7610768], [173.9860045, -40.7611761]]], [[[173.986211, -40.7609618], [173.9866009, -40.7611368], [173.9867718, -40.7608417], [173.9865325, -40.7607546], [173.986211, -40.7609618]]], [[[173.9862112, -40.6769593], [173.9928584, -40.6759949], [174.0003778, -40.6760925], [174.0091591, -40.6696162], [173.9983268, -40.6633686], [173.9862112, -40.6769593]]], [[[173.9870062, -40.6725834], [173.9873596, -40.6724884], [173.9877206, -40.6720998], [173.9873539, -40.6722633], [173.9870062, -40.6725834]]], [[[173.9874565, -40.6716077], [173.9874814, -40.6717687], [173.9875748, -40.6716066], [173.9874565, -40.6716077]]], [[[173.987603, -40.7597033], [173.9967555, -40.7558369], [173.9962057, -40.7447078], [173.9910378, -40.7484354], [173.987603, -40.7597033]]], [[[173.987864, -40.7604477], [173.9879848, -40.7604485], [173.9879228, -40.7603373], [173.987864, -40.7604477]]], [[[173.9888126, -40.6701252], [173.9888163, -40.6702936], [173.9889019, -40.6701685], [173.9888126, -40.6701252]]], [[[173.9919479, -40.8460012], [173.9930049, -40.8464127], [173.993634, -40.8458191], [173.9925264, -40.8454297], [173.9919479, -40.8460012]]], [[[173.9924017, -40.8473018], [173.9924486, -40.8474144], [173.9927624, -40.8472511], [173.9926142, -40.847193], [173.9924017, -40.8473018]]], [[[173.9949915, -40.843313], [173.9951296, -40.8432659], [173.9950183, -40.8432002], [173.9949915, -40.843313]]], [[[173.9954609, -40.7438452], [173.9957003, -40.7439322], [173.9959039, -40.743772], [173.995783, -40.7436829], [173.9954609, -40.7438452]]], [[[173.9956013, -40.6768348], [173.9958372, -40.6767869], [173.9960075, -40.6764692], [173.9958283, -40.6764267], [173.9956013, -40.6768348]]], [[[173.9958697, -40.8399577], [173.9964908, -40.8411205], [174.0031673, -40.8378039], [173.9979018, -40.8344093], [173.9958697, -40.8399577]]], [[[173.9967616, -40.663503], [173.9969704, -40.6635453], [173.9971135, -40.6633855], [173.9969647, -40.6633202], [173.9967616, -40.663503]]], [[[173.9967945, -40.7544153], [173.9969006, -40.7544604], [173.9968981, -40.7543703], [173.9967945, -40.7544153]]], [[[173.9968376, -40.7552328], [173.9969488, -40.7552255], [173.9968867, -40.7551143], [173.9968376, -40.7552328]]], [[[173.9968991, -40.755624], [173.9969591, -40.7556757], [173.9969581, -40.7556082], [173.9968991, -40.755624]]], [[[173.9969716, -40.9104462], [173.9970335, -40.9105348], [173.9971084, -40.9104657], [173.9969716, -40.9104462]]], [[[173.9971249, -40.7526769], [173.9972443, -40.7527434], [173.9973598, -40.7526289], [173.9972408, -40.7525858], [173.9971249, -40.7526769]]], [[[173.9974139, -40.9104118], [173.9975357, -40.9104602], [173.9975031, -40.9103479], [173.9974139, -40.9104118]]], [[[173.9978138, -40.6765337], [173.9979339, -40.6765777], [173.998075, -40.6762828], [173.9979844, -40.6762386], [173.9978138, -40.6765337]]], [[[173.998182, -40.9105726], [173.9982819, -40.9105844], [173.99825, -40.9105171], [173.998182, -40.9105726]]], [[[173.9982816, -41.0962723], [173.9983142, -41.0963846], [173.9984031, -41.0963604], [173.9983708, -41.0962706], [173.9982816, -41.0962723]]], [[[173.99905, -40.661443], [173.9991448, -40.6616899], [173.999407, -40.6615056], [173.9992833, -40.661305], [173.99905, -40.661443]]], [[[173.9990698, -40.9107117], [173.9991866, -40.9107422], [173.9991431, -40.9106174], [173.9990698, -40.9107117]]], [[[173.9991123, -40.8305368], [173.9992332, -40.8305375], [173.9991711, -40.8304264], [173.9991123, -40.8305368]]], [[[173.9999388, -40.8266073], [174.0002084, -40.8267166], [174.0004673, -40.8263523], [174.0003469, -40.8263092], [173.9999388, -40.8266073]]], [[[173.9999583, -40.8263333], [174.0000793, -40.8263341], [174.0000171, -40.8262229], [173.9999583, -40.8263333]]], [[[174.0004184, -40.826804], [174.0011129, -40.8273347], [174.0016234, -40.8263594], [174.0014427, -40.8262493], [174.0004184, -40.826804]]], [[[174.0015676, -40.8256447], [174.0016885, -40.8256455], [174.0016264, -40.8255343], [174.0015676, -40.8256447]]], [[[174.0020098, -40.826428], [174.0021307, -40.8264288], [174.0020686, -40.8263176], [174.0020098, -40.826428]]], [[[174.0021321, -40.8262072], [174.0022733, -40.826215], [174.0021822, -40.8261482], [174.0021321, -40.8262072]]], [[[174.0036503, -40.6649226], [174.0037203, -40.6649382], [174.0036901, -40.6648934], [174.0036503, -40.6649226]]], [[[174.0047539, -40.6660955], [174.0049068, -40.6662734], [174.0053673, -40.6657487], [174.0050125, -40.6657537], [174.0047539, -40.6660955]]], [[[174.0109069, -40.9081352], [174.0110453, -40.9081826], [174.0110124, -40.9080478], [174.0109069, -40.9081352]]], [[[174.0120351, -40.9070724], [174.0121735, -40.9071198], [174.0121406, -40.906985], [174.0120351, -40.9070724]]], [[[174.0138741, -41.2684831], [174.0146544, -41.2694173], [174.0151376, -41.2691483], [174.014884, -41.2681815], [174.0138741, -41.2684831]]], [[[174.0142896, -41.0753024], [174.014312, -41.0755165], [174.0144439, -41.0755018], [174.0144224, -41.0753444], [174.0142896, -41.0753024]]], [[[174.0151569, -40.9656019], [174.0152986, -40.9656249], [174.0152073, -40.9655591], [174.0151569, -40.9656019]]], [[[174.0220748, -41.171005], [174.0222018, -41.1715525], [174.0234625, -41.1721493], [174.0225166, -41.1707158], [174.0220748, -41.171005]]], [[[174.0270363, -40.925959], [174.0270667, -40.9260038], [174.0270941, -40.9259351], [174.0270363, -40.925959]]], [[[174.033197, -40.9932444], [174.0332868, -40.9936669], [174.0361465, -40.9905431], [174.0340243, -40.9917978], [174.033197, -40.9932444]]], [[[174.0374219, -40.9566637], [174.0375684, -40.9567633], [174.037687, -40.9565974], [174.0375421, -40.9565987], [174.0374219, -40.9566637]]], [[[174.0377415, -40.9562123], [174.0377811, -40.9563858], [174.0381674, -40.9563274], [174.0378982, -40.956129], [174.0377415, -40.9562123]]], [[[174.0391708, -41.0030579], [174.0391832, -41.0031659], [174.0393085, -41.0031189], [174.0392907, -41.0030452], [174.0391708, -41.0030579]]], [[[174.0393879, -40.9552915], [174.0394903, -40.9556841], [174.0398036, -40.9555894], [174.0397348, -40.9550686], [174.0393879, -40.9552915]]], [[[174.040271, -40.9544873], [174.0404415, -40.955282], [174.0412698, -40.954771], [174.0409567, -40.9541245], [174.040271, -40.9544873]]], [[[174.041281, -40.9539748], [174.0414072, -40.9542942], [174.0420423, -40.953813], [174.0417855, -40.9537234], [174.041281, -40.9539748]]], [[[174.0420232, -40.9534286], [174.0423032, -40.953481], [174.0422124, -40.9530702], [174.0420668, -40.9531076], [174.0420232, -40.9534286]]], [[[174.0422267, -41.0021883], [174.0425145, -41.0024252], [174.0426343, -41.0023332], [174.0425096, -41.0021118], [174.0422267, -41.0021883]]], [[[174.0446666, -40.9531434], [174.0449214, -40.953178], [174.0449678, -40.9530308], [174.0448104, -40.9530692], [174.0446666, -40.9531434]]], [[[174.0449123, -40.9533519], [174.0450461, -40.9534057], [174.0451305, -40.953332], [174.0450561, -40.9532867], [174.0449123, -40.9533519]]], [[[174.0451369, -41.0021916], [174.048327, -41.0024436], [174.0484792, -41.0020712], [174.0465195, -41.0013631], [174.0451369, -41.0021916]]], [[[174.0451502, -40.9530751], [174.0453199, -40.9530646], [174.0454509, -40.9529355], [174.0451976, -40.9529927], [174.0451502, -40.9530751]]], [[[174.0461725, -40.9525903], [174.0465839, -40.9525406], [174.0470997, -40.9522522], [174.0467475, -40.9522194], [174.0461725, -40.9525903]]], [[[174.0488572, -40.9519111], [174.0492935, -40.951935], [174.0494973, -40.9517504], [174.0492529, -40.9516238], [174.0488572, -40.9519111]]], [[[174.0490433, -40.979772], [174.0618151, -40.9952149], [174.0741969, -40.985523], [174.0758141, -40.9701558], [174.0873726, -40.9699806], [174.0776028, -40.9568136], [174.0805333, -40.9395807], [174.0506209, -40.9519644], [174.074562, -40.9579471], [174.0490433, -40.979772]]], [[[174.0493238, -40.9515232], [174.0494571, -40.95154], [174.0495051, -40.9514936], [174.049419, -40.9514584], [174.0493238, -40.9515232]]], [[[174.0494816, -40.9515857], [174.0496412, -40.9516851], [174.0499794, -40.9515902], [174.0497792, -40.9512533], [174.0494816, -40.9515857]]], [[[174.0516145, -41.3914608], [174.0519644, -41.3913574], [174.0519885, -41.3911377], [174.0518879, -41.3911273], [174.0516145, -41.3914608]]], [[[174.0527068, -41.2366771], [174.05632, -41.2393273], [174.0588005, -41.2355627], [174.0549404, -41.2346272], [174.0527068, -41.2366771]]], [[[174.0538725, -40.9146294], [174.0545002, -40.9146223], [174.0546571, -40.9142808], [174.0541984, -40.9142696], [174.0538725, -40.9146294]]], [[[174.0538758, -40.9035988], [174.0547012, -40.9041475], [174.0564716, -40.9040503], [174.0547815, -40.9029269], [174.0538758, -40.9035988]]], [[[174.0540808, -40.9040713], [174.0541442, -40.904092], [174.0542695, -40.9039619], [174.0541059, -40.9039538], [174.0540808, -40.9040713]]], [[[174.054242, -40.9030907], [174.0542437, -40.9031332], [174.0542775, -40.9031333], [174.0542876, -40.9030608], [174.054242, -40.9030907]]], [[[174.0551251, -40.9140862], [174.0563321, -40.9138186], [174.0564273, -40.9132491], [174.0552297, -40.9137031], [174.0551251, -40.9140862]]], [[[174.0551439, -40.7769343], [174.0552029, -40.7770439], [174.05527, -40.7769911], [174.0552485, -40.7768794], [174.0551439, -40.7769343]]], [[[174.0553863, -40.777103], [174.0558359, -40.7771039], [174.0565829, -40.7766316], [174.0561323, -40.7763391], [174.0553863, -40.777103]]], [[[174.0554523, -40.7758577], [174.055455, -40.7759512], [174.0555838, -40.7759187], [174.0555006, -40.7758232], [174.0554523, -40.7758577]]], [[[174.0555769, -40.7761746], [174.0556991, -40.7763107], [174.0561672, -40.7763178], [174.0559749, -40.7760312], [174.0555769, -40.7761746]]], [[[174.0556361, -40.7758009], [174.0557635, -40.7759227], [174.0558104, -40.7759004], [174.0557259, -40.7757968], [174.0556361, -40.7758009]]], [[[174.056088, -40.7760304], [174.0560921, -40.7760791], [174.0562396, -40.7760578], [174.0561712, -40.7759359], [174.056088, -40.7760304]]], [[[174.0562154, -40.7752971], [174.0564045, -40.7753449], [174.0565012, -40.7753069], [174.0562997, -40.7752143], [174.0562154, -40.7752971]]], [[[174.0562919, -40.7768662], [174.0563187, -40.7769058], [174.0563965, -40.7768916], [174.0563844, -40.7768571], [174.0562919, -40.7768662]]], [[[174.0563099, -40.7744682], [174.0568784, -40.775215], [174.0577564, -40.7740937], [174.0572534, -40.7738987], [174.0563099, -40.7744682]]], [[[174.0563576, -40.7749549], [174.056422, -40.7750016], [174.0564823, -40.774962], [174.056422, -40.7749173], [174.0563576, -40.7749549]]], [[[174.0563804, -40.7763097], [174.0563871, -40.7763635], [174.0565011, -40.7763645], [174.0564474, -40.7763076], [174.0563804, -40.7763097]]], [[[174.0564941, -40.773829], [174.0572935, -40.7738844], [174.0576571, -40.7733238], [174.0567251, -40.7733533], [174.0564941, -40.773829]]], [[[174.0565279, -40.7753672], [174.0565842, -40.7753987], [174.0566084, -40.7753693], [174.0565494, -40.7753428], [174.0565279, -40.7753672]]], [[[174.0565314, -40.9127011], [174.0569059, -40.9129566], [174.0574922, -40.9125234], [174.0569157, -40.9124123], [174.0565314, -40.9127011]]], [[[174.0566758, -40.9040484], [174.0570492, -40.9110105], [174.0682339, -40.9077046], [174.0897899, -40.8918322], [174.0566758, -40.9040484]]], [[[174.0566808, -40.7752982], [174.056772, -40.7752718], [174.0567559, -40.7752078], [174.0566875, -40.7752484], [174.0566808, -40.7752982]]], [[[174.0566827, -40.7732407], [174.0569329, -40.7732995], [174.057342, -40.7731441], [174.0569817, -40.7731126], [174.0566827, -40.7732407]]], [[[174.0567468, -40.9115049], [174.0568885, -40.9115904], [174.0571495, -40.9113913], [174.057015, -40.9113325], [174.0567468, -40.9115049]]], [[[174.0567492, -40.9123597], [174.0572534, -40.911968], [174.0575217, -40.9119822], [174.0572307, -40.9117775], [174.0567492, -40.9123597]]], [[[174.0570898, -40.7751509], [174.0571931, -40.7752464], [174.0573098, -40.7751539], [174.0572521, -40.775091], [174.0570898, -40.7751509]]], [[[174.0576625, -40.7738601], [174.0577161, -40.7738936], [174.057814, -40.7738408], [174.0577134, -40.7737819], [174.0576625, -40.7738601]]], [[[174.058648, -40.9448542], [174.0587865, -40.9449016], [174.0587535, -40.9447668], [174.058648, -40.9448542]]], [[[174.0597101, -41.2360663], [174.0604665, -41.2367348], [174.0616864, -41.2364768], [174.0611671, -41.2357152], [174.0597101, -41.2360663]]], [[[174.0600946, -40.9016128], [174.0603273, -40.9017421], [174.0604466, -40.9017279], [174.0602957, -40.9015931], [174.0600946, -40.9016128]]], [[[174.0604728, -40.9006103], [174.0606397, -40.9008115], [174.0607624, -40.9008222], [174.0606572, -40.9006088], [174.0604728, -40.9006103]]], [[[174.0606686, -40.9002023], [174.0607028, -40.9002307], [174.0607698, -40.9002216], [174.0607477, -40.9001826], [174.0606686, -40.9002023]]], [[[174.0612419, -40.8996387], [174.0612875, -40.8996641], [174.0613385, -40.8995759], [174.0612687, -40.899585], [174.0612419, -40.8996387]]], [[[174.0619245, -40.8991273], [174.0619943, -40.8992434], [174.0620915, -40.8991238], [174.0620439, -40.8990918], [174.0619245, -40.8991273]]], [[[174.0622289, -40.8989525], [174.0622853, -40.8990842], [174.0624288, -40.8990254], [174.0623416, -40.8989028], [174.0622289, -40.8989525]]], [[[174.0623517, -40.8986504], [174.0623798, -40.8986859], [174.0624335, -40.8986387], [174.0624053, -40.8986093], [174.0623517, -40.8986504]]], [[[174.0651279, -40.9427419], [174.0652664, -40.9427893], [174.0652334, -40.9426545], [174.0651279, -40.9427419]]], [[[174.0660912, -41.3903171], [174.0661843, -41.3904513], [174.066333, -41.390404], [174.0662396, -41.3902473], [174.0660912, -41.3903171]]], [[[174.0672151, -41.3886119], [174.0673361, -41.3886999], [174.0674849, -41.3886526], [174.0674512, -41.3884953], [174.0672151, -41.3886119]]], [[[174.0674582, -40.8972914], [174.0675209, -40.8973475], [174.0676585, -40.8973462], [174.0676078, -40.89729], [174.0674582, -40.8972914]]], [[[174.0677429, -41.387939], [174.0678911, -41.3879584], [174.0682032, -41.3874252], [174.0679619, -41.3875369], [174.0677429, -41.387939]]], [[[174.0680586, -41.5480801], [174.0698633, -41.5495875], [174.0718035, -41.5483798], [174.0696662, -41.547527], [174.0680586, -41.5480801]]], [[[174.0692483, -41.5346985], [174.0748733, -41.5368573], [174.0829973, -41.5342116], [174.0809022, -41.5318308], [174.0790875, -41.532302], [174.0780318, -41.531531], [174.07677, -41.5274123], [174.0692483, -41.5346985]]], [[[174.0699769, -40.8978065], [174.0701034, -40.8978432], [174.0701391, -40.8977771], [174.0700892, -40.8977776], [174.0699769, -40.8978065]]], [[[174.070464, -40.8977552], [174.0706155, -40.8978763], [174.0706506, -40.8976967], [174.0705378, -40.8976978], [174.070464, -40.8977552]]], [[[174.0709253, -41.5279745], [174.0768902, -41.5272324], [174.0773451, -41.5273802], [174.0790188, -41.5321221], [174.0879542, -41.5296453], [174.0865766, -41.5330152], [174.087633, -41.5367361], [174.0901658, -41.5276656], [174.0774701, -41.5231879], [174.0709253, -41.5279745]]], [[[174.0712025, -40.8974763], [174.0712709, -40.8973748], [174.0712288, -40.897341], [174.0712025, -40.8974763]]], [[[174.0724175, -41.3724974], [174.0726581, -41.3725425], [174.0726947, -41.3724709], [174.0724455, -41.3724255], [174.0724175, -41.3724974]]], [[[174.0728482, -41.3734548], [174.0730543, -41.3734403], [174.0731766, -41.373384], [174.0729266, -41.3733638], [174.0728482, -41.3734548]]], [[[174.0730611, -41.3737239], [174.0732151, -41.3737045], [174.0732098, -41.3736775], [174.0730611, -41.3737239]]], [[[174.0731129, -40.8978053], [174.0732634, -40.8977948], [174.0732747, -40.8977569], [174.0731498, -40.8977392], [174.0731129, -40.8978053]]], [[[174.0734762, -41.37379], [174.0736641, -41.3738246], [174.0737778, -41.3737093], [174.0736734, -41.3736351], [174.0734762, -41.37379]]], [[[174.0738143, -40.8978744], [174.073927, -40.8978733], [174.0739126, -40.8977888], [174.073838, -40.8977985], [174.0738143, -40.8978744]]], [[[174.0738837, -41.3744832], [174.0739317, -41.374568], [174.0742727, -41.3744544], [174.0741189, -41.3744158], [174.0738837, -41.3744832]]], [[[174.0743509, -41.3620047], [174.0743522, -41.3620875], [174.0743994, -41.3621222], [174.0744593, -41.3620586], [174.0743509, -41.3620047]]], [[[174.0747658, -41.3699861], [174.074886, -41.37003], [174.0749378, -41.3699007], [174.0747658, -41.3699861]]], [[[174.0748179, -40.8981298], [174.0748556, -40.8981862], [174.0749815, -40.898194], [174.0748672, -40.8981005], [174.0748179, -40.8981298]]], [[[174.0749367, -41.3750988], [174.0750576, -41.3751877], [174.0752363, -41.3750735], [174.0750248, -41.3750079], [174.0749367, -41.3750988]]], [[[174.0754634, -41.3697739], [174.0756699, -41.369857], [174.075983, -41.3695565], [174.0757469, -41.3695471], [174.0754634, -41.3697739]]], [[[174.0756135, -40.8979332], [174.0756269, -40.897952], [174.0757633, -40.8978751], [174.0756255, -40.8978674], [174.0756135, -40.8979332]]], [[[174.0756424, -40.8973007], [174.0758002, -40.8972947], [174.0757085, -40.8972055], [174.0756424, -40.8973007]]], [[[174.0763893, -41.3653908], [174.0764841, -41.3654826], [174.0766937, -41.3655131], [174.0765169, -41.3653743], [174.0763893, -41.3653908]]], [[[174.076753, -41.3655522], [174.0768814, -41.3657311], [174.0770592, -41.3656394], [174.0769382, -41.3655504], [174.076753, -41.3655522]]], [[[174.0768248, -41.3667066], [174.0769207, -41.3668135], [174.0770446, -41.366773], [174.0769709, -41.3666927], [174.0768248, -41.3667066]]], [[[174.0769206, -40.8975814], [174.0769829, -40.8976187], [174.0770316, -40.8975516], [174.0770064, -40.8975329], [174.0769206, -40.8975814]]], [[[174.0769508, -41.3685196], [174.0769838, -41.3689637], [174.0776334, -41.3688571], [174.0771403, -41.3681971], [174.0769508, -41.3685196]]], [[[174.0770043, -41.3695856], [174.077247, -41.3696876], [174.0778215, -41.369064], [174.077146, -41.3691631], [174.0770043, -41.3695856]]], [[[174.0770048, -41.3664071], [174.077086, -41.3664342], [174.0772507, -41.3663814], [174.0771417, -41.3663399], [174.0770048, -41.3664071]]], [[[174.0773426, -41.3627982], [174.077554, -41.3629313], [174.0777037, -41.3629524], [174.0774726, -41.3627844], [174.0773426, -41.3627982]]], [[[174.0775115, -41.3668644], [174.077872, -41.3669349], [174.0780888, -41.3667175], [174.0778756, -41.366658], [174.0775115, -41.3668644]]], [[[174.0778591, -41.3671502], [174.0780981, -41.3672772], [174.0782435, -41.3671835], [174.0779969, -41.3670874], [174.0778591, -41.3671502]]], [[[174.0779036, -41.3642122], [174.0780844, -41.3643006], [174.0784112, -41.364185], [174.0779915, -41.3640989], [174.0779036, -41.3642122]]], [[[174.0793054, -41.3575834], [174.0793344, -41.3576743], [174.0795126, -41.3576477], [174.0794086, -41.3575872], [174.0793054, -41.3575834]]], [[[174.0796719, -40.9394569], [174.0796741, -40.9395244], [174.0797977, -40.9394548], [174.0796719, -40.9394569]]], [[[174.0796963, -40.9031547], [174.0798726, -40.9031909], [174.0799838, -40.9030962], [174.079895, -40.9030403], [174.0796963, -40.9031547]]], [[[174.0800186, -41.3576385], [174.0803491, -41.357748], [174.0803213, -41.3576582], [174.0800186, -41.3576385]]], [[[174.0802311, -40.9393769], [174.0802334, -40.9394444], [174.080357, -40.9393748], [174.0802311, -40.9393769]]], [[[174.0821449, -40.9428885], [174.0822835, -40.9429359], [174.0822504, -40.9428011], [174.0821449, -40.9428885]]], [[[174.0821568, -40.9457957], [174.0821793, -40.9457909], [174.0822109, -40.9456195], [174.0821812, -40.9456153], [174.0821568, -40.9457957]]], [[[174.0835289, -41.3569517], [174.0835603, -41.3570414], [174.0838088, -41.3571066], [174.0837638, -41.3569206], [174.0835289, -41.3569517]]], [[[174.0840338, -40.9009776], [174.0841228, -40.9009759], [174.0840791, -40.9009223], [174.0840338, -40.9009776]]], [[[174.0850502, -41.5410545], [174.085297, -41.5413371], [174.0853456, -41.5413063], [174.0853194, -41.5409649], [174.0850502, -41.5410545]]], [[[174.086282, -41.5381432], [174.086398, -41.5385389], [174.0868235, -41.5385453], [174.0865785, -41.5380918], [174.086282, -41.5381432]]], [[[174.0872694, -41.3562664], [174.0877356, -41.3564169], [174.0878537, -41.3563258], [174.0876124, -41.3561929], [174.0872694, -41.3562664]]], [[[174.0873893, -41.3590336], [174.0874804, -41.3591237], [174.0876884, -41.3590541], [174.0875924, -41.3588866], [174.0873893, -41.3590336]]], [[[174.0874124, -40.9701045], [174.0876515, -40.9702813], [174.0878507, -40.9701433], [174.0877498, -40.9699779], [174.0874124, -40.9701045]]], [[[174.0876621, -41.3569698], [174.0878438, -41.3569837], [174.0879936, -41.3569162], [174.0876962, -41.356897], [174.0876621, -41.3569698]]], [[[174.0879454, -41.3545796], [174.0881268, -41.3547013], [174.0882455, -41.3546551], [174.0880637, -41.3544992], [174.0879454, -41.3545796]]], [[[174.0879522, -40.9699446], [174.0880287, -40.9700384], [174.0880534, -40.9698806], [174.0879522, -40.9699446]]], [[[174.0886839, -41.3576953], [174.0892846, -41.3577334], [174.0893273, -41.3576393], [174.0887275, -41.3576511], [174.0886839, -41.3576953]]], [[[174.0887487, -41.3506176], [174.0888399, -41.3507068], [174.0891666, -41.3505912], [174.0890265, -41.3504997], [174.0887487, -41.3506176]]], [[[174.0895654, -40.8934807], [174.0896909, -40.8934588], [174.089592, -40.8933678], [174.0895654, -40.8934807]]], [[[174.0898906, -40.8921887], [174.0900113, -40.8922354], [174.090199, -40.8920215], [174.0900381, -40.89199], [174.0898906, -40.8921887]]], [[[174.090085, -40.8918628], [174.0901923, -40.8918937], [174.0902285, -40.8918451], [174.0901615, -40.8918126], [174.090085, -40.8918628]]], [[[174.0905538, -41.3531699], [174.0907361, -41.3533483], [174.0908242, -41.3532574], [174.0906505, -41.3531064], [174.0905538, -41.3531699]]], [[[174.0906617, -41.3530231], [174.0908484, -41.3530743], [174.0909095, -41.3528259], [174.0907117, -41.3527407], [174.0906617, -41.3530231]]], [[[174.0909743, -41.360647], [174.0910323, -41.3606816], [174.0910941, -41.3606675], [174.0910038, -41.3606233], [174.0909743, -41.360647]]], [[[174.0910546, -40.9069946], [174.0914986, -40.9073524], [174.0923515, -40.9068598], [174.0917104, -40.9066186], [174.0910546, -40.9069946]]], [[[174.09112, -41.3530746], [174.0913022, -41.353253], [174.0913904, -41.3531621], [174.0913277, -41.3529826], [174.09112, -41.3530746]]], [[[174.0912586, -41.3621118], [174.0913249, -41.3621711], [174.0915124, -41.3620668], [174.091315, -41.3619941], [174.0912586, -41.3621118]]], [[[174.091699, -41.3533951], [174.091756, -41.3535189], [174.0917836, -41.3533835], [174.091699, -41.3533951]]], [[[174.091756, -40.8917792], [174.0920283, -40.8919515], [174.0922187, -40.891767], [174.0920055, -40.8915845], [174.091756, -40.8917792]]], [[[174.0924937, -40.8913179], [174.0925714, -40.8915855], [174.0932688, -40.8910928], [174.0928665, -40.8910097], [174.0924937, -40.8913179]]], [[[174.0931596, -41.3442685], [174.0933067, -41.3442761], [174.0934292, -41.3442435], [174.0932877, -41.344204], [174.0931596, -41.3442685]]], [[[174.0932257, -41.5300151], [174.0968839, -41.5340169], [174.1029653, -41.5332519], [174.0980802, -41.5308799], [174.0932257, -41.5300151]]], [[[174.0933254, -41.5331574], [174.094373, -41.5385172], [174.1016319, -41.5338862], [174.0962956, -41.535805], [174.0933254, -41.5331574]]], [[[174.0933506, -40.8912104], [174.0936846, -40.8914294], [174.0937623, -40.8913959], [174.0936081, -40.8912084], [174.0933506, -40.8912104]]], [[[174.0934669, -41.3447843], [174.0936791, -41.3448949], [174.0938329, -41.3447989], [174.0935566, -41.3447159], [174.0934669, -41.3447843]]], [[[174.0940133, -41.3452294], [174.0941959, -41.3454303], [174.0945532, -41.3453595], [174.0943414, -41.3452038], [174.0940133, -41.3452294]]], [[[174.0945107, -41.3482172], [174.094729, -41.3482168], [174.0947342, -41.3481336], [174.0945578, -41.3481337], [174.0945107, -41.3482172]]], [[[174.0946577, -40.8914149], [174.0947021, -40.8914462], [174.0946756, -40.8913492], [174.0946616, -40.8913539], [174.0946577, -40.8914149]]], [[[174.0946662, -41.347895], [174.095024, -41.3480595], [174.0951355, -41.3480019], [174.094859, -41.3478201], [174.0946662, -41.347895]]], [[[174.0947826, -41.3465739], [174.0949334, -41.3466635], [174.0950473, -41.3463238], [174.0948971, -41.3462802], [174.0947826, -41.3465739]]], [[[174.0950988, -41.345828], [174.09525, -41.3459391], [174.0953668, -41.3457804], [174.0952765, -41.3457362], [174.0950988, -41.345828]]], [[[174.0959072, -40.8907698], [174.1043818, -40.8990666], [174.1111989, -40.8963928], [174.1063284, -40.8829948], [174.0959072, -40.8907698]]], [[[174.0972444, -40.9948164], [174.0976484, -40.9949513], [174.0976941, -40.9946986], [174.0975921, -40.9946375], [174.0972444, -40.9948164]]], [[[174.097368, -40.8903254], [174.0974514, -40.8903471], [174.0974071, -40.8902521], [174.097368, -40.8903254]]], [[[174.0986648, -41.342482], [174.0987823, -41.3424689], [174.0987995, -41.3423536], [174.0986921, -41.3424002], [174.0986648, -41.342482]]], [[[174.1006181, -40.8876483], [174.1007451, -40.8875777], [174.1006736, -40.8874901], [174.1006181, -40.8876483]]], [[[174.1006309, -40.8863467], [174.1007579, -40.8862762], [174.1006864, -40.8861886], [174.1006309, -40.8863467]]], [[[174.1010764, -40.8849465], [174.1012034, -40.8848759], [174.1011319, -40.8847883], [174.1010764, -40.8849465]]], [[[174.1022292, -40.9933576], [174.1025135, -40.9934431], [174.1025623, -40.9933048], [174.1023771, -40.9932436], [174.1022292, -40.9933576]]], [[[174.1029511, -40.8831434], [174.1030693, -40.8831117], [174.1029785, -40.8830756], [174.1029511, -40.8831434]]], [[[174.1030163, -40.9930105], [174.1030679, -40.9931109], [174.1032003, -40.9930718], [174.1031991, -40.9929961], [174.1030163, -40.9930105]]], [[[174.1051677, -41.5338984], [174.1083843, -41.5348245], [174.1092212, -41.5341871], [174.1061938, -41.5328307], [174.1051677, -41.5338984]]], [[[174.1058181, -40.88278], [174.1059362, -40.8827482], [174.1058454, -40.8827122], [174.1058181, -40.88278]]], [[[174.1063385, -40.8995279], [174.106477, -40.8995752], [174.1064439, -40.8994404], [174.1063385, -40.8995279]]], [[[174.1063676, -40.8879048], [174.1064126, -40.8879674], [174.1064638, -40.8879075], [174.1063676, -40.8879048]]], [[[174.1064584, -40.8892891], [174.1065033, -40.8893517], [174.1065545, -40.8892918], [174.1064584, -40.8892891]]], [[[174.1065218, -40.8865487], [174.1065668, -40.8866113], [174.106618, -40.8865514], [174.1065218, -40.8865487]]], [[[174.1065797, -40.8867445], [174.1066246, -40.8868071], [174.1066758, -40.8867472], [174.1065797, -40.8867445]]], [[[174.106672, -40.8906416], [174.106717, -40.8907042], [174.1067682, -40.8906443], [174.106672, -40.8906416]]], [[[174.1076293, -40.8830832], [174.1077474, -40.8830514], [174.1076566, -40.8830154], [174.1076293, -40.8830832]]], [[[174.1080044, -40.8825257], [174.1081226, -40.8824939], [174.1080318, -40.8824579], [174.1080044, -40.8825257]]], [[[174.1091161, -40.8816594], [174.1092077, -40.8819575], [174.1092995, -40.8819809], [174.109231, -40.8816438], [174.1091161, -40.8816594]]], [[[174.109198, -40.8813073], [174.1092518, -40.8813266], [174.109305, -40.8811018], [174.1092422, -40.8811105], [174.109198, -40.8813073]]], [[[174.1093885, -40.8814847], [174.1095066, -40.8814529], [174.1094158, -40.8814169], [174.1093885, -40.8814847]]], [[[174.1095314, -40.8819427], [174.1096496, -40.8819109], [174.1095588, -40.8818748], [174.1095314, -40.8819427]]], [[[174.1097866, -40.8919356], [174.1098316, -40.8919982], [174.1098828, -40.8919383], [174.1097866, -40.8919356]]], [[[174.1098511, -40.8815442], [174.1099219, -40.881593], [174.1100023, -40.8812203], [174.1099024, -40.8812051], [174.1098511, -40.8815442]]], [[[174.1099477, -40.9952271], [174.1100656, -40.9953142], [174.1100646, -40.9952512], [174.1099477, -40.9952271]]], [[[174.1100981, -40.8807745], [174.1104232, -40.880702], [174.1105569, -40.880181], [174.1101767, -40.8803675], [174.1100981, -40.8807745]]], [[[174.1105584, -40.9967712], [174.1109929, -40.9968048], [174.1110083, -40.996729], [174.1108063, -40.9966679], [174.1105584, -40.9967712]]], [[[174.1109379, -40.8799729], [174.1109683, -40.8800176], [174.1109956, -40.8799489], [174.1109379, -40.8799729]]], [[[174.111409, -40.8959692], [174.1115153, -40.8960051], [174.1115126, -40.8959151], [174.111409, -40.8959692]]], [[[174.1114344, -40.896277], [174.1114382, -40.8964346], [174.111491, -40.8961855], [174.1114344, -40.896277]]], [[[174.1123912, -40.878824], [174.1125672, -40.8787755], [174.1125075, -40.8787545], [174.1123912, -40.878824]]], [[[174.1137539, -41.0016542], [174.1137565, -41.0018055], [174.1140563, -41.0017522], [174.1137874, -41.0016665], [174.1137539, -41.0016542]]], [[[174.1181937, -41.3520789], [174.1185253, -41.3522558], [174.1190524, -41.3516203], [174.1186908, -41.3514427], [174.1181937, -41.3520789]]], [[[174.1314567, -41.3314564], [174.1342894, -41.3318433], [174.1354504, -41.3315627], [174.1324746, -41.3308506], [174.1314567, -41.3314564]]], [[[174.1318907, -40.9510008], [174.1338532, -40.952119], [174.1461291, -40.9522425], [174.138721, -40.9486413], [174.1318907, -40.9510008]]], [[[174.1368836, -41.3316677], [174.1369424, -41.3316944], [174.1370032, -41.3316665], [174.1369453, -41.3316423], [174.1368836, -41.3316677]]], [[[174.1373662, -41.3317824], [174.1374596, -41.3317452], [174.1373687, -41.3317086], [174.1373662, -41.3317824]]], [[[174.1387519, -40.8821914], [174.1387534, -40.8822814], [174.1388112, -40.8821908], [174.1387519, -40.8821914]]], [[[174.1400403, -40.8815526], [174.1400419, -40.8816427], [174.1400996, -40.8815521], [174.1400403, -40.8815526]]], [[[174.1402869, -40.8818141], [174.141154, -40.8820712], [174.1416438, -40.8814998], [174.1410194, -40.8814871], [174.1402869, -40.8818141]]], [[[174.1407914, -40.8812714], [174.1407929, -40.8813615], [174.1408507, -40.8812708], [174.1407914, -40.8812714]]], [[[174.1505056, -40.9537543], [174.1507766, -40.9537615], [174.1505943, -40.9535913], [174.1505056, -40.9537543]]], [[[174.1508157, -40.9540259], [174.1509543, -40.9540732], [174.1509211, -40.9539384], [174.1508157, -40.9540259]]], [[[174.152205, -41.3416711], [174.1522535, -41.341884], [174.1524595, -41.3419701], [174.1523971, -41.3415741], [174.152205, -41.3416711]]], [[[174.1525563, -41.3419339], [174.1526728, -41.3421038], [174.1530607, -41.3420099], [174.1527258, -41.3416521], [174.1525563, -41.3419339]]], [[[174.155237, -40.9914599], [174.1553379, -40.9915219], [174.1553532, -40.9914461], [174.155237, -40.9914599]]], [[[174.1563784, -41.3497785], [174.1574868, -41.3510985], [174.1583721, -41.3502016], [174.1578938, -41.3491681], [174.1563784, -41.3497785]]], [[[174.1582161, -41.351319], [174.1585124, -41.3513133], [174.1587097, -41.3505036], [174.1583536, -41.3506422], [174.1582161, -41.351319]]], [[[174.1595845, -41.3422178], [174.1603807, -41.3425143], [174.1607835, -41.3424544], [174.1603578, -41.34203], [174.1595845, -41.3422178]]], [[[174.1596874, -41.341729], [174.1597207, -41.3418342], [174.1599605, -41.3417743], [174.15985, -41.3417274], [174.1596874, -41.341729]]], [[[174.1607047, -41.2409748], [174.2096123, -41.2364244], [174.2183774, -41.231761], [174.2141486, -41.2265999], [174.2291148, -41.2217044], [174.2311124, -41.2360317], [174.2540797, -41.2366076], [174.2585791, -41.2288166], [174.2475387, -41.2223838], [174.2619241, -41.2263416], [174.2802913, -41.208836], [174.3109372, -41.2011507], [174.3229829, -41.2107393], [174.3428314, -41.1916911], [174.3544865, -41.1935248], [174.3589127, -41.2000286], [174.3707319, -41.1967532], [174.3745019, -41.1826009], [174.3670349, -41.172776], [174.3701829, -41.1583637], [174.3916375, -41.1183104], [174.3922708, -41.0936996], [174.3806249, -41.088212], [174.3804568, -41.0988057], [174.3569199, -41.1178379], [174.3309324, -41.1297819], [174.3157494, -41.1177313], [174.3191984, -41.124771], [174.3037918, -41.1266904], [174.2876276, -41.1408738], [174.3240273, -41.1310896], [174.3255512, -41.1436343], [174.3394364, -41.1466977], [174.3743731, -41.1251546], [174.364297, -41.155988], [174.3330204, -41.1679755], [174.3420215, -41.1762846], [174.3118171, -41.1770641], [174.3213135, -41.1610274], [174.3026066, -41.162505], [174.2907459, -41.1668071], [174.290072, -41.1766377], [174.2830528, -41.1752109], [174.2881857, -41.1826833], [174.2577706, -41.1816075], [174.2496883, -41.1927314], [174.265482, -41.1961494], [174.2544724, -41.2035104], [174.2264358, -41.2034777], [174.2373598, -41.212236], [174.2328575, -41.2167665], [174.2147884, -41.2062268], [174.1947027, -41.2091044], [174.1900957, -41.2131975], [174.1959154, -41.2187041], [174.1833325, -41.216329], [174.1607047, -41.2409748]]], [[[174.1638012, -41.3406473], [174.1639682, -41.3407041], [174.1640134, -41.3406235], [174.1639672, -41.340578], [174.1638012, -41.3406473]]], [[[174.1643638, -41.3403012], [174.1645736, -41.3403442], [174.1645716, -41.3402316], [174.1644216, -41.340188], [174.1643638, -41.3403012]]], [[[174.1652289, -41.3074429], [174.1652402, -41.3074761], [174.1655892, -41.3074852], [174.1654386, -41.3074183], [174.1652289, -41.3074429]]], [[[174.1655817, -41.3390522], [174.1656384, -41.3390938], [174.1656705, -41.3390021], [174.1656018, -41.3389856], [174.1655817, -41.3390522]]], [[[174.165738, -41.3074612], [174.1660975, -41.3075252], [174.1661555, -41.3074345], [174.1660346, -41.3073457], [174.165738, -41.3074612]]], [[[174.1665106, -41.3380379], [174.1666019, -41.3380899], [174.1666448, -41.3379609], [174.1665792, -41.3379446], [174.1665106, -41.3380379]]], [[[174.1665453, -41.3075206], [174.1668752, -41.3076074], [174.1670225, -41.3074933], [174.1667523, -41.307406], [174.1665453, -41.3075206]]], [[[174.1764046, -40.9947503], [174.1764086, -40.9949079], [174.1764806, -40.9948108], [174.1764046, -40.9947503]]], [[[174.1775435, -41.3384137], [174.1780098, -41.3385558], [174.1785122, -41.3373898], [174.1779722, -41.3372602], [174.1775435, -41.3384137]]], [[[174.179166, -41.009898], [174.1794603, -41.0101994], [174.1797155, -41.010041], [174.1795252, -41.0096385], [174.179166, -41.009898]]], [[[174.185534, -41.3371623], [174.1858081, -41.3374522], [174.1861862, -41.3368854], [174.1859771, -41.3368876], [174.185534, -41.3371623]]], [[[174.1856338, -41.3377917], [174.1857843, -41.3378577], [174.1861808, -41.3375124], [174.185959, -41.3375407], [174.1856338, -41.3377917]]], [[[174.1916373, -41.3374843], [174.1919666, -41.3376764], [174.1920695, -41.337606], [174.1917244, -41.3373483], [174.1916373, -41.3374843]]], [[[174.1916465, -41.3211044], [174.1917152, -41.3211388], [174.1917962, -41.3211253], [174.1916813, -41.3210679], [174.1916465, -41.3211044]]], [[[174.19251, -41.3192484], [174.1926016, -41.31936], [174.1927184, -41.319212], [174.1926277, -41.3191562], [174.19251, -41.3192484]]], [[[174.1927544, -41.3219242], [174.1928325, -41.3219531], [174.1929157, -41.3219252], [174.1927867, -41.3218725], [174.1927544, -41.3219242]]], [[[174.1927554, -41.3196062], [174.1928392, -41.3196152], [174.192874, -41.3195599], [174.1927554, -41.3196062]]], [[[174.1928352, -41.3226744], [174.1929571, -41.322663], [174.193069, -41.3224681], [174.1929738, -41.3224691], [174.1928352, -41.3226744]]], [[[174.1928661, -41.3357452], [174.1929575, -41.3360964], [174.193228, -41.3361837], [174.1931463, -41.3357622], [174.1928661, -41.3357452]]], [[[174.1931248, -41.3364886], [174.1932221, -41.3366123], [174.1935209, -41.3363574], [174.1933359, -41.3362993], [174.1931248, -41.3364886]]], [[[174.1931508, -41.3368716], [174.1934832, -41.3370825], [174.1935467, -41.3364911], [174.1932347, -41.3366879], [174.1931508, -41.3368716]]], [[[174.1943376, -41.3343161], [174.1945979, -41.3345016], [174.1946627, -41.3344568], [174.1943907, -41.3342795], [174.1943376, -41.3343161]]], [[[174.2142559, -41.244216], [174.2152106, -41.2445038], [174.2160959, -41.2436871], [174.2144133, -41.2438628], [174.2142559, -41.244216]]], [[[174.2208238, -40.9890524], [174.2209406, -40.9890674], [174.2209096, -40.9890011], [174.2208238, -40.9890524]]], [[[174.2209168, -41.1903177], [174.2546342, -41.1792005], [174.2449258, -41.1580897], [174.2292597, -41.1650264], [174.2292621, -41.1847365], [174.2209168, -41.1903177]]], [[[174.2230199, -40.9876142], [174.2231367, -40.9876292], [174.2231058, -40.9875629], [174.2230199, -40.9876142]]], [[[174.225162, -40.9861496], [174.2252788, -40.9861645], [174.2252478, -40.9860982], [174.225162, -40.9861496]]], [[[174.2271096, -40.9841357], [174.2272263, -40.9841507], [174.2271954, -40.9840844], [174.2271096, -40.9841357]]], [[[174.2286537, -40.9902329], [174.2287705, -40.9902479], [174.2287395, -40.9901815], [174.2286537, -40.9902329]]], [[[174.2287077, -40.9905178], [174.2288245, -40.9905328], [174.2287936, -40.9904665], [174.2287077, -40.9905178]]], [[[174.2314872, -40.9850447], [174.2316039, -40.9850596], [174.231573, -40.9849933], [174.2314872, -40.9850447]]], [[[174.2319328, -40.984785], [174.2320496, -40.9848], [174.2320186, -40.9847337], [174.2319328, -40.984785]]], [[[174.2321813, -40.9850436], [174.232298, -40.9850585], [174.2322671, -40.9849922], [174.2321813, -40.9850436]]], [[[174.2333269, -41.0496728], [174.2336836, -41.0497212], [174.233787, -41.0495886], [174.2333992, -41.0495279], [174.2333269, -41.0496728]]], [[[174.2361447, -41.1987573], [174.2369564, -41.2000734], [174.2372862, -41.2001131], [174.2368289, -41.1986788], [174.2361447, -41.1987573]]], [[[174.2421183, -41.2908132], [174.2427464, -41.2908713], [174.242852, -41.2903289], [174.2424607, -41.2902223], [174.2421183, -41.2908132]]], [[[174.243272, -41.2915159], [174.2440765, -41.2925168], [174.245017, -41.2919619], [174.2441875, -41.2909287], [174.243272, -41.2915159]]], [[[174.2670454, -41.1326443], [174.2796332, -41.1172362], [174.2909461, -41.1149362], [174.3018884, -41.1058952], [174.2766308, -41.1164291], [174.2670454, -41.1326443]]], [[[174.2704939, -41.0957945], [174.2760525, -41.0977724], [174.2804667, -41.083645], [174.272695, -41.0884788], [174.2704939, -41.0957945]]], [[[174.2731592, -41.1615379], [174.2896538, -41.1650801], [174.2900831, -41.1549702], [174.2748326, -41.1553168], [174.2731592, -41.1615379]]], [[[174.2758678, -41.1003991], [174.2765872, -41.0994925], [174.2764774, -41.0983624], [174.276232, -41.0984176], [174.2758678, -41.1003991]]], [[[174.2825852, -41.2527097], [174.2827675, -41.2528194], [174.2831187, -41.2525885], [174.2829985, -41.2525448], [174.2825852, -41.2527097]]], [[[174.2861328, -41.7488846], [174.2863001, -41.7491551], [174.2865301, -41.7485777], [174.2863071, -41.7486193], [174.2861328, -41.7488846]]], [[[174.2863881, -41.7500543], [174.2876068, -41.7499677], [174.2888587, -41.7473388], [174.286759, -41.7476872], [174.2863881, -41.7500543]]], [[[174.286402, -41.2494269], [174.2865241, -41.2495148], [174.2866993, -41.2493769], [174.2864876, -41.24929], [174.286402, -41.2494269]]], [[[174.2871136, -41.2102189], [174.2872404, -41.2104877], [174.2875228, -41.2107781], [174.2875713, -41.2105723], [174.2871136, -41.2102189]]], [[[174.2877058, -41.2111112], [174.2878268, -41.211199], [174.2880635, -41.2111054], [174.2877615, -41.2109746], [174.2877058, -41.2111112]]], [[[174.2877745, -41.2409567], [174.2879871, -41.2410886], [174.2880708, -41.2409076], [174.2878284, -41.240776], [174.2877745, -41.2409567]]], [[[174.2879225, -41.7455649], [174.2884992, -41.7460026], [174.2886471, -41.7457636], [174.2885732, -41.7455429], [174.2879225, -41.7455649]]], [[[174.288047, -41.2116009], [174.2880512, -41.2117584], [174.2882624, -41.2118227], [174.2882282, -41.2116655], [174.288047, -41.2116009]]], [[[174.2882405, -41.243255], [174.2884787, -41.2434102], [174.288567, -41.2433801], [174.2883201, -41.2431708], [174.2882405, -41.243255]]], [[[174.2884213, -41.2427265], [174.2885734, -41.242814], [174.2886565, -41.2426752], [174.2884779, -41.2426349], [174.2884213, -41.2427265]]], [[[174.288713, -41.2437967], [174.2889126, -41.2436918], [174.28889, -41.2436056], [174.2887795, -41.2435942], [174.288713, -41.2437967]]], [[[174.2914242, -41.7476987], [174.2914591, -41.7478912], [174.2919332, -41.7480472], [174.2919401, -41.7478339], [174.2914242, -41.7476987]]], [[[174.2917485, -41.2316794], [174.291901, -41.2317903], [174.2921982, -41.2317401], [174.2919823, -41.231557], [174.2917485, -41.2316794]]], [[[174.2929687, -41.249433], [174.2933382, -41.2498324], [174.2938318, -41.2493288], [174.293319, -41.2491571], [174.2929687, -41.249433]]], [[[174.2956889, -41.7408532], [174.2959802, -41.741177], [174.2965021, -41.7410208], [174.2958072, -41.7407649], [174.2956889, -41.7408532]]], [[[174.2961085, -41.2265629], [174.2962601, -41.2266288], [174.2964653, -41.2265121], [174.2962239, -41.2264265], [174.2961085, -41.2265629]]], [[[174.299083, -41.2513407], [174.299438, -41.2511789], [174.2998053, -41.2505045], [174.2995831, -41.2505915], [174.299083, -41.2513407]]], [[[174.3018384, -41.2224152], [174.3019605, -41.2225038], [174.3020491, -41.2224569], [174.3018962, -41.2223244], [174.3018384, -41.2224152]]], [[[174.3027184, -41.2218604], [174.3030545, -41.2221484], [174.3033496, -41.2220532], [174.3028615, -41.2216777], [174.3027184, -41.2218604]]], [[[174.3052155, -41.1036736], [174.3056916, -41.1036647], [174.3066853, -41.1030392], [174.3063848, -41.1029543], [174.3052155, -41.1036736]]], [[[174.3068575, -41.1028337], [174.3070113, -41.1029661], [174.3072736, -41.1028038], [174.3069747, -41.1027414], [174.3068575, -41.1028337]]], [[[174.3075341, -41.1025513], [174.3088054, -41.1022352], [174.3093952, -41.1010532], [174.3081205, -41.1012559], [174.3075341, -41.1025513]]], [[[174.308463, -41.2182534], [174.3090052, -41.2184697], [174.3092397, -41.2183302], [174.3088389, -41.2178412], [174.308463, -41.2182534]]], [[[174.3096296, -41.2152601], [174.3109968, -41.2161164], [174.3112617, -41.2159999], [174.3109766, -41.2153961], [174.3096296, -41.2152601]]], [[[174.3145552, -41.2143469], [174.3164342, -41.2143156], [174.3165383, -41.2137956], [174.3154947, -41.213613], [174.3145552, -41.2143469]]], [[[174.3147451, -41.2147265], [174.3148385, -41.2148597], [174.3152698, -41.2145377], [174.3150683, -41.2145409], [174.3147451, -41.2147265]]], [[[174.31675, -41.2138824], [174.3167845, -41.2140621], [174.3170043, -41.2141353], [174.3170782, -41.2138994], [174.31675, -41.2138824]]], [[[174.317037, -41.214161], [174.3172697, -41.2143475], [174.3173568, -41.214233], [174.3172649, -41.2141674], [174.317037, -41.214161]]], [[[174.3188341, -40.9898731], [174.3189104, -40.9899286], [174.318911, -40.9898134], [174.3188341, -40.9898731]]], [[[174.3215207, -41.1361313], [174.3217648, -41.1363077], [174.3224707, -41.1359808], [174.3219909, -41.1358765], [174.3215207, -41.1361313]]], [[[174.3230768, -41.1353173], [174.3231394, -41.1354067], [174.3233746, -41.135313], [174.3231648, -41.1352488], [174.3230768, -41.1353173]]], [[[174.3231273, -41.2115706], [174.3232482, -41.2116584], [174.3234525, -41.2114976], [174.3232723, -41.211433], [174.3231273, -41.2115706]]], [[[174.3234076, -41.2109802], [174.3244896, -41.2112327], [174.3248658, -41.2108438], [174.3239547, -41.21043], [174.3234076, -41.2109802]]], [[[174.3237529, -41.1349908], [174.3239384, -41.1352129], [174.3244333, -41.1348218], [174.3240156, -41.1347842], [174.3237529, -41.1349908]]], [[[174.3238162, -41.2116718], [174.3241541, -41.2120488], [174.3245623, -41.2117046], [174.3239587, -41.2114666], [174.3238162, -41.2116718]]], [[[174.3248457, -41.1346576], [174.324935, -41.1346566], [174.3248847, -41.1345833], [174.3248457, -41.1346576]]], [[[174.3254721, -41.1129764], [174.3264617, -41.1142215], [174.3298849, -41.1152007], [174.3299459, -41.1142093], [174.3254721, -41.1129764]]], [[[174.3255002, -41.2100674], [174.3259555, -41.2103521], [174.3262448, -41.2100327], [174.3260332, -41.209946], [174.3255002, -41.2100674]]], [[[174.3256365, -41.1066259], [174.3265272, -41.1069237], [174.3265699, -41.1063819], [174.3261477, -41.1062318], [174.3256365, -41.1066259]]], [[[174.3260874, -41.1343219], [174.3262656, -41.1342964], [174.326146, -41.1342761], [174.3260874, -41.1343219]]], [[[174.3264508, -41.2060553], [174.3266076, -41.2061089], [174.32663, -41.2060703], [174.3265184, -41.2060305], [174.3264508, -41.2060553]]], [[[174.3266273, -41.1072819], [174.3268743, -41.1075483], [174.3271641, -41.1072721], [174.3267721, -41.1071442], [174.3266273, -41.1072819]]], [[[174.3275233, -41.2047629], [174.3276206, -41.2050311], [174.3280952, -41.2049103], [174.327969, -41.2046875], [174.3275233, -41.2047629]]], [[[174.3285963, -40.9852713], [174.3287131, -40.9852862], [174.328682, -40.9852199], [174.3285963, -40.9852713]]], [[[174.3313728, -41.2058256], [174.332517, -41.2062123], [174.3332621, -41.2051409], [174.3320421, -41.2052514], [174.3313728, -41.2058256]]], [[[174.3352521, -41.2007607], [174.3353026, -41.2009006], [174.3355193, -41.2007108], [174.3353699, -41.2006909], [174.3352521, -41.2007607]]], [[[174.3485552, -41.1159949], [174.3487973, -41.1161263], [174.3491807, -41.1160074], [174.3489977, -41.1158529], [174.3485552, -41.1159949]]], [[[174.3486615, -41.1952437], [174.3487836, -41.1953323], [174.3490172, -41.1951477], [174.3488661, -41.1951053], [174.3486615, -41.1952437]]], [[[174.3487907, -41.1945658], [174.3489431, -41.1946757], [174.3492354, -41.1944463], [174.349114, -41.1944027], [174.3487907, -41.1945658]]], [[[174.3490102, -41.1949226], [174.3493459, -41.1951871], [174.3495785, -41.1949584], [174.3495426, -41.1947787], [174.3490102, -41.1949226]]], [[[174.3492542, -41.1940849], [174.3494356, -41.1941494], [174.3495517, -41.194058], [174.3493703, -41.1939935], [174.3492542, -41.1940849]]], [[[174.3499321, -41.1938257], [174.3501726, -41.193867], [174.3502879, -41.1937297], [174.3499701, -41.1937037], [174.3499321, -41.1938257]]], [[[174.3499476, -41.1167604], [174.3500989, -41.1168253], [174.3502715, -41.1166423], [174.3500622, -41.1166006], [174.3499476, -41.1167604]]], [[[174.3553534, -41.199683], [174.3554441, -41.1997486], [174.3556211, -41.1996556], [174.3554397, -41.1995911], [174.3553534, -41.199683]]], [[[174.355609, -41.2002862], [174.3557611, -41.2003745], [174.3559355, -41.2002139], [174.3556944, -41.2001501], [174.355609, -41.2002862]]], [[[174.3570179, -41.1994764], [174.3572061, -41.1995923], [174.3572994, -41.1994779], [174.3571397, -41.1994297], [174.3570179, -41.1994764]]], [[[174.3591674, -41.0756852], [174.3593641, -41.0758148], [174.3593989, -41.0755358], [174.3592621, -41.0755904], [174.3591674, -41.0756852]]], [[[174.3594569, -41.0759599], [174.3596665, -41.0760232], [174.3598455, -41.0758742], [174.3595108, -41.0758007], [174.3594569, -41.0759599]]], [[[174.3599461, -41.0760544], [174.3602127, -41.0760865], [174.3603833, -41.0758219], [174.3601352, -41.0758138], [174.3599461, -41.0760544]]], [[[174.3609073, -41.0771379], [174.3612356, -41.0771854], [174.3614094, -41.0770158], [174.3611685, -41.0769304], [174.3609073, -41.0771379]]], [[[174.361251, -41.0774728], [174.3614951, -41.0776144], [174.3615675, -41.0772686], [174.3614468, -41.0771918], [174.361251, -41.0774728]]], [[[174.3634777, -41.2041421], [174.3656012, -41.2033182], [174.3648333, -41.2005596], [174.3644853, -41.2029315], [174.3634777, -41.2041421]]], [[[174.363488, -41.1084893], [174.3636601, -41.1084621], [174.3635738, -41.1083748], [174.363488, -41.1084893]]], [[[174.3662765, -41.2029914], [174.3665472, -41.2030539], [174.3667772, -41.2027576], [174.3666256, -41.2026927], [174.3662765, -41.2029914]]], [[[174.3712185, -41.1653106], [174.3713105, -41.1653762], [174.3715452, -41.1652599], [174.3714235, -41.1651947], [174.3712185, -41.1653106]]], [[[174.3719328, -41.1642394], [174.3720835, -41.1643268], [174.3722018, -41.1642804], [174.3721079, -41.1641238], [174.3719328, -41.1642394]]], [[[174.3737663, -41.193021], [174.3738285, -41.1930878], [174.3740659, -41.1930381], [174.3740032, -41.1929488], [174.3737663, -41.193021]]], [[[174.3742772, -41.1941389], [174.3743737, -41.194362], [174.3746322, -41.1940653], [174.374452, -41.1940008], [174.3742772, -41.1941389]]], [[[174.3757383, -41.0887287], [174.3759061, -41.0887267], [174.3758414, -41.0885924], [174.3757383, -41.0887287]]], [[[174.3762387, -41.0890353], [174.3764065, -41.0890333], [174.3763418, -41.088899], [174.3762387, -41.0890353]]], [[[174.3762871, -41.1532403], [174.3764081, -41.1533281], [174.3765556, -41.1532588], [174.3763734, -41.1531484], [174.3762871, -41.1532403]]], [[[174.3766226, -41.0896918], [174.3767904, -41.0896898], [174.3767257, -41.0895555], [174.3766226, -41.0896918]]], [[[174.3766246, -41.1535948], [174.3768347, -41.1536139], [174.3768609, -41.153501], [174.3766796, -41.1534365], [174.3766246, -41.1535948]]], [[[174.3767618, -41.0900315], [174.3769017, -41.0900605], [174.3768684, -41.0899483], [174.3767618, -41.0900315]]], [[[174.376822, -41.1491766], [174.3769158, -41.1493322], [174.3771833, -41.1493056], [174.3770274, -41.1490832], [174.376822, -41.1491766]]], [[[174.3778828, -41.1486776], [174.3779678, -41.1486415], [174.3779099, -41.1486097], [174.3778828, -41.1486776]]], [[[174.3792626, -41.0887615], [174.3794938, -41.0887722], [174.3793568, -41.0885964], [174.3792626, -41.0887615]]], [[[174.3799764, -41.144978], [174.3800614, -41.1449418], [174.3800036, -41.1449101], [174.3799764, -41.144978]]], [[[174.3802617, -41.0880903], [174.3804295, -41.0880883], [174.3803648, -41.0879539], [174.3802617, -41.0880903]]], [[[174.3827688, -41.1376764], [174.38295, -41.1377409], [174.3829772, -41.137673], [174.3828567, -41.1376078], [174.3827688, -41.1376764]]], [[[174.3830818, -41.1361848], [174.3832049, -41.1363175], [174.3833524, -41.1362473], [174.383199, -41.1360924], [174.3830818, -41.1361848]]], [[[174.3905013, -41.105343], [174.3907068, -41.1053783], [174.3906416, -41.1052215], [174.3905013, -41.105343]]], [[[174.4298113, -41.1169391], [174.4327585, -41.1158741], [174.4343253, -41.1129437], [174.432259, -41.1131567], [174.4298113, -41.1169391]]], [[[174.4328336, -41.1124713], [174.4329558, -41.1127797], [174.43357, -41.1123812], [174.4333359, -41.1123498], [174.4328336, -41.1124713]]], [[[174.4333481, -41.1150553], [174.4334224, -41.1151867], [174.4336897, -41.1151591], [174.4334496, -41.1149594], [174.4333481, -41.1150553]]], [[[174.4334934, -41.111649], [174.4335757, -41.1116588], [174.4335817, -41.1116019], [174.4334934, -41.111649]]], [[[174.4342944, -41.1133305], [174.4345322, -41.1134779], [174.4346507, -41.113453], [174.4343866, -41.1131897], [174.4342944, -41.1133305]]], [[[174.4343843, -41.1125341], [174.4345064, -41.1126217], [174.4348321, -41.1125943], [174.4347075, -41.1123932], [174.4343843, -41.1125341]]], [[[174.4350632, -41.1123194], [174.4353335, -41.1124277], [174.4354203, -41.1123132], [174.4352088, -41.1122266], [174.4350632, -41.1123194]]], [[[174.4396592, -41.104881], [174.4399704, -41.1060836], [174.4404309, -41.1060535], [174.4403429, -41.1049101], [174.4396592, -41.104881]]], [[[174.4400094, -41.1044777], [174.4426224, -41.1035384], [174.4428446, -41.1021769], [174.4404852, -41.1026728], [174.4400094, -41.1044777]]], [[[174.4408704, -41.1084113], [174.4414687, -41.1084912], [174.4419663, -41.1082121], [174.4413372, -41.1080875], [174.4408704, -41.1084113]]], [[[174.4409237, -41.1014937], [174.4410276, -41.1015466], [174.4418149, -41.1014224], [174.4414498, -41.1012037], [174.4409237, -41.1014937]]], [[[174.441183, -41.1088784], [174.4413359, -41.1090116], [174.4415077, -41.108805], [174.4414174, -41.108762], [174.441183, -41.1088784]]], [[[174.441955, -41.1097667], [174.4421052, -41.1098315], [174.442448, -41.1096606], [174.4420401, -41.1096297], [174.441955, -41.1097667]]], [[[174.4422732, -41.1104365], [174.4423637, -41.1105975], [174.442481, -41.1104105], [174.4423598, -41.1103678], [174.4422732, -41.1104365]]]]}}, {"type": "Feature", "properties": {"Name_rgn": "Canterbury", "country": "New Zealand", "class": "Geographical Indication", "official": 1, "source": "osm"}, "geometry": {"type": "Polygon", "coordinates": [[[169.5424975, -44.4486002], [169.5738714, -44.4623464], [169.6418894, -44.4664247], [169.6474788, -44.4811511], [169.6343221, -44.5017522], [169.6501531, -44.5209549], [169.647685, -44.5311019], [169.6633981, -44.5372254], [169.6406919, -44.5647838], [169.6409983, -44.5960052], [169.6817719, -44.5978883], [169.6852898, -44.6060929], [169.7085019, -44.6009762], [169.7186008, -44.5735162], [169.7305805, -44.5650724], [169.7571518, -44.6121329], [169.7548769, -44.6389167], [169.8056385, -44.6613359], [169.8361912, -44.6688995], [169.8912687, -44.6442755], [169.9442163, -44.6539843], [169.9701833, -44.7440711], [169.9936877, -44.7864789], [169.9979636, -44.8250601], [170.0309366, -44.8700646], [170.0638101, -44.8836244], [170.0818661, -44.9121174], [170.0686586, -44.9231752], [170.084774, -44.9274283], [170.0940988, -44.94002], [170.1112937, -44.9468631], [170.1309404, -44.940718], [170.1644854, -44.9460049], [170.2420727, -44.9307173], [170.2519932, -44.9188265], [170.2723478, -44.9216534], [170.2907175, -44.9141423], [170.3016846, -44.9195136], [170.3193531, -44.903049], [170.350157, -44.9077647], [170.3490639, -44.9430952], [170.3656426, -44.9401004], [170.3733794, -44.9523932], [170.3698299, -44.9723221], [170.3473411, -44.989631], [170.3494407, -45.0216977], [170.388368, -45.0792192], [170.4358085, -45.0719438], [170.4647531, -45.0452458], [170.4810098, -45.0473201], [170.5317964, -44.9928599], [170.5751504, -44.9778593], [170.5794321, -44.9654962], [170.6146112, -44.9666702], [170.6368734, -44.9513016], [170.6274981, -44.9345956], [170.638722, -44.9169387], [170.658936, -44.9091833], [170.672469, -44.9180482], [170.6832976, -44.9111501], [170.6806492, -44.9049045], [170.7090641, -44.900839], [170.8411331, -44.9034752], [170.8411373, -44.8914333], [170.8827612, -44.8910483], [171.0001321, -44.9212388], [171.1157533, -44.9294562], [171.1304761, -44.9384813], [171.4181349, -44.9895057], [171.4448777, -44.9158896], [171.4542975, -44.8564252], [171.441438, -44.6269449], [171.4638526, -44.5854688], [171.5227813, -44.5131248], [171.5444975, -44.4260005], [171.6161141, -44.3757914], [171.7991969, -44.283093], [172.1383022, -44.1408574], [172.4012066, -44.0573288], [172.6228973, -44.0321574], [172.7101337, -44.0717286], [172.8147778, -44.0944016], [172.9221871, -44.1029782], [172.993347, -44.0989402], [173.1626853, -44.0547584], [173.2616137, -44.0041867], [173.3298174, -43.9484163], [173.3627833, -43.9027153], [173.4060264, -43.7951382], [173.4036766, -43.7148309], [173.3726497, -43.6370577], [173.3240109, -43.5727109], [173.2148729, -43.491341], [173.1532387, -43.4656463], [172.9888914, -43.4247278], [172.9844059, -43.3540262], [172.9995923, -43.3088936], [173.0063495, -43.2958392], [173.0445039, -43.2745672], [173.1643973, -43.25353], [173.2331671, -43.2288433], [173.2831321, -43.1968331], [173.3233683, -43.1536127], [173.4145214, -43.1111505], [173.4643121, -43.0740648], [173.5597544, -42.9746625], [173.5829041, -42.9254363], [173.6219995, -42.8774323], [173.6577122, -42.7978739], [173.7160123, -42.6965554], [173.7703644, -42.6297951], [173.8661728, -42.5965141], [173.9507277, -42.5322843], [173.9859056, -42.4745834], [173.9949298, -42.4116363], [174.1697796, -42.26752], [174.2018131, -42.2093582], [174.207962, -42.1466799], [174.2390078, -42.1181499], [174.0944631, -42.0129553], [174.0476437, -41.9682399], [174.0601928, -41.9544129], [174.0627478, -41.9344228], [174.02924, -41.9313203], [174.019496, -41.9396039], [174.0034879, -41.9320826], [173.9771013, -41.9333854], [173.9793276, -41.9256352], [173.9652082, -41.9228938], [173.9587126, -41.9085288], [173.930478, -41.9208206], [173.9145083, -41.915241], [173.8511828, -41.9330852], [173.8172537, -41.932997], [173.7894086, -41.9581984], [173.7668317, -41.9218172], [173.7539389, -41.9144668], [173.7620764, -41.9119052], [173.7444305, -41.9073974], [173.7142361, -41.9405116], [173.7202102, -41.9607713], [173.6632186, -41.9821029], [173.6628322, -41.9959469], [173.6381498, -42.009372], [173.6097178, -42.004526], [173.5945042, -42.0292896], [173.5712899, -42.0329985], [173.5551086, -42.0459237], [173.5468017, -42.0697899], [173.5176373, -42.0693932], [173.4991075, -42.0787367], [173.4839895, -42.0994116], [173.4864817, -42.110449], [173.463045, -42.1178107], [173.4842518, -42.1813391], [173.4640258, -42.1797542], [173.4644634, -42.1956737], [173.4433756, -42.2021051], [173.4369621, -42.2141831], [173.4221836, -42.2090456], [173.3975434, -42.2211456], [173.3838555, -42.2171457], [173.3681811, -42.2246369], [173.3731923, -42.2368076], [173.3511388, -42.2427119], [173.3415485, -42.2279031], [173.3333226, -42.2466492], [173.2964544, -42.2480326], [173.3020075, -42.2563039], [173.2958716, -42.2657536], [173.2445247, -42.3031042], [173.2072179, -42.3170246], [173.2048812, -42.33403], [173.1831688, -42.3369019], [173.1806515, -42.3464041], [173.2259006, -42.3463285], [173.2433168, -42.3560848], [173.2237661, -42.356685], [173.2206724, -42.3801007], [173.2090707, -42.3830518], [173.190103, -42.4104143], [173.1643044, -42.4185067], [173.1523278, -42.4496027], [173.106251, -42.4476812], [173.0958053, -42.4607527], [173.0761038, -42.460919], [173.0692152, -42.4806948], [173.0533866, -42.4881293], [173.035789, -42.4834706], [173.0333449, -42.4582881], [173.0144942, -42.4462915], [172.9990645, -42.4523913], [172.9695194, -42.4486799], [173.0028875, -42.3932772], [172.974455, -42.3953463], [172.9413935, -42.3778251], [172.9437515, -42.3511853], [172.919557, -42.3458106], [172.9149748, -42.3092847], [172.8695235, -42.3176692], [172.8468821, -42.3079441], [172.8422529, -42.2895886], [172.8634638, -42.25624], [172.8265638, -42.2482292], [172.8226812, -42.208665], [172.8317531, -42.1841729], [172.8069478, -42.1894747], [172.7957672, -42.1796023], [172.7937936, -42.1617077], [172.7496437, -42.1723671], [172.729183, -42.1653559], [172.7188492, -42.1490772], [172.7260087, -42.1347823], [172.7202347, -42.1026841], [172.6911228, -42.1066095], [172.6784034, -42.0878501], [172.6369083, -42.1014998], [172.6316567, -42.1218998], [172.6408619, -42.1328961], [172.6196801, -42.1479799], [172.6096925, -42.1658435], [172.6162227, -42.1941573], [172.5888433, -42.215403], [172.5593737, -42.219959], [172.5151933, -42.2640267], [172.4785498, -42.2728632], [172.4779785, -42.2913927], [172.4616987, -42.3074655], [172.4661457, -42.3195134], [172.4487069, -42.3286148], [172.443567, -42.3667502], [172.4168472, -42.3837604], [172.3932488, -42.3779385], [172.3471936, -42.3918236], [172.324769, -42.4164485], [172.2997937, -42.4217392], [172.2932792, -42.440415], [172.2787869, -42.4498988], [172.2357052, -42.456532], [172.2271323, -42.4795234], [172.1868848, -42.5039487], [172.1782922, -42.5355066], [172.1558444, -42.5531008], [172.1328995, -42.5552511], [172.1084952, -42.580466], [172.093435, -42.6212042], [172.0284934, -42.6367631], [172.0155496, -42.6318407], [171.974659, -42.6390378], [171.9723403, -42.6534683], [171.9259238, -42.6662029], [171.9079893, -42.7046975], [171.885057, -42.7187464], [171.8843624, -42.7496604], [171.8637348, -42.7505231], [171.8433325, -42.7748238], [171.8124741, -42.7838201], [171.8125609, -42.7899623], [171.7890914, -42.7828079], [171.7638488, -42.7917225], [171.7544598, -42.8187945], [171.7626807, -42.8370508], [171.7329753, -42.853354], [171.7335948, -42.8644734], [171.7463698, -42.8740807], [171.7107845, -42.8957657], [171.7101426, -42.9038174], [171.686922, -42.9061253], [171.6902935, -42.8999418], [171.6652322, -42.8863221], [171.6340576, -42.9026021], [171.5868604, -42.8957416], [171.5172451, -42.9142305], [171.4910098, -42.8959259], [171.4687717, -42.9141536], [171.4422836, -42.913721], [171.4343968, -42.9214477], [171.4375167, -42.9356877], [171.4258034, -42.9353694], [171.396014, -42.9593119], [171.3931554, -42.9426208], [171.3818493, -42.9460399], [171.362196, -42.9371855], [171.3451855, -42.9497074], [171.3361273, -42.9432507], [171.3142448, -42.9481492], [171.3031159, -42.958096], [171.308439, -42.9662269], [171.2822063, -42.9731222], [171.237669, -43.0025115], [171.2406965, -43.0309734], [171.2227438, -43.0432519], [171.2196026, -43.064651], [171.1981483, -43.0742881], [171.1842055, -43.0643642], [171.1458968, -43.0888484], [171.1299261, -43.081234], [171.1172236, -43.0857272], [171.1053888, -43.1121275], [171.0951528, -43.1008013], [171.0797262, -43.1020237], [171.0766005, -43.1118948], [171.0632837, -43.1153175], [171.0675764, -43.1282693], [171.0373843, -43.145865], [171.0472744, -43.1636107], [171.0200292, -43.1745277], [170.9917367, -43.2176425], [170.9484683, -43.2272683], [170.9482104, -43.2059889], [170.9287335, -43.2065355], [170.9068407, -43.2287086], [170.8730901, -43.2458175], [170.8652259, -43.264821], [170.8706877, -43.272535], [170.8602626, -43.2814], [170.8312055, -43.2830623], [170.8199247, -43.2996904], [170.8057112, -43.3044728], [170.7927987, -43.2990716], [170.7598174, -43.3183047], [170.7053058, -43.3187958], [170.7161396, -43.3432353], [170.6774128, -43.3476452], [170.6467199, -43.3693086], [170.6576332, -43.3774147], [170.6566349, -43.3868872], [170.6329302, -43.3968172], [170.6155537, -43.4179554], [170.6150567, -43.4318709], [170.5912778, -43.4340176], [170.5807278, -43.4300242], [170.5802429, -43.4185031], [170.5566687, -43.4241521], [170.5296817, -43.4099813], [170.5113279, -43.4284083], [170.4754869, -43.4329754], [170.4591986, -43.4613142], [170.4338125, -43.4658113], [170.3950272, -43.4981702], [170.3560393, -43.5061462], [170.3348222, -43.4979618], [170.3284533, -43.4816574], [170.2992299, -43.5017398], [170.2288323, -43.5190331], [170.1984829, -43.5531891], [170.146628, -43.5738192], [170.1398157, -43.5894497], [170.0981314, -43.5954794], [170.0921608, -43.6017054], [170.1012151, -43.6386947], [170.0951451, -43.6556122], [170.0284579, -43.690805], [170.0228885, -43.7060963], [170.0305469, -43.7230643], [170.0061635, -43.7408246], [169.9787687, -43.7470789], [169.9846937, -43.759386], [169.9704396, -43.7732007], [169.9727489, -43.7872554], [169.9435716, -43.7890993], [169.9332831, -43.8004811], [169.8999702, -43.8130249], [169.8943465, -43.8337266], [169.8584172, -43.8369847], [169.8379353, -43.8542353], [169.8379045, -43.8666306], [169.8090071, -43.8746979], [169.7930936, -43.8926178], [169.7708949, -43.8993125], [169.7582994, -43.9336715], [169.7458592, -43.9313046], [169.7199616, -43.9599039], [169.6993366, -43.9635463], [169.699114, -43.9797263], [169.7114546, -43.9972489], [169.7075899, -44.0171353], [169.7193772, -44.0367077], [169.6858944, -44.0419947], [169.6820236, -44.0684188], [169.665016, -44.0677374], [169.6575711, -44.077649], [169.6612353, -44.0915025], [169.6391627, -44.1017962], [169.6386788, -44.1199246], [169.6249713, -44.1224813], [169.6204451, -44.1399647], [169.5988852, -44.1502991], [169.6058232, -44.1585189], [169.5710699, -44.1772292], [169.5607691, -44.2054402], [169.5431956, -44.2077914], [169.5484998, -44.2275782], [169.5704631, -44.2367322], [169.5806088, -44.2523482], [169.568397, -44.3193158], [169.5787833, -44.3401257], [169.5567123, -44.380954], [169.5656125, -44.4023097], [169.5458844, -44.4226624], [169.5562018, -44.4375857], [169.5424975, -44.4486002]]]}}, {"type": "Feature", "properties": {"Name_rgn": "Central Otago", "country": "New Zealand", "class": "Geographical Indication", "official": 1, "source": "osm"}, "geometry": {"type": "Polygon", "coordinates": [[[168.7686521, -45.4026728], [168.7787375, -45.4366463], [168.7962043, -45.4334131], [168.8252209, -45.446057], [168.8304822, -45.4376091], [168.8539894, -45.4320734], [168.8588197, -45.4520112], [168.8869012, -45.4628205], [168.906798, -45.4494865], [168.9595664, -45.3591221], [169.0127927, -45.3034682], [169.0729131, -45.2710821], [169.090196, -45.2860931], [169.0992939, -45.3199458], [169.129471, -45.3375928], [169.1482153, -45.33877], [169.1707418, -45.3804785], [169.180862, -45.3904355], [169.196491, -45.3883786], [169.2092594, -45.402384], [169.2110494, -45.416772], [169.2011441, -45.4325055], [169.1721341, -45.4399522], [169.1731114, -45.4525104], [169.1535245, -45.4689655], [169.1844264, -45.5117261], [169.1692441, -45.5318203], [169.1739449, -45.5402134], [169.1674386, -45.5501164], [169.1979905, -45.5686253], [169.1950976, -45.5786569], [169.1741196, -45.590584], [169.1832384, -45.6074517], [169.1731438, -45.6427813], [169.1775214, -45.6567265], [169.2220353, -45.6724123], [169.2403269, -45.6951179], [169.2695173, -45.6905272], [169.2793228, -45.7024334], [169.2879487, -45.7010299], [169.2900465, -45.6882068], [169.4029824, -45.6865757], [169.4046053, -45.7129534], [169.395064, -45.7428642], [169.4178867, -45.7370087], [169.4372223, -45.7577328], [169.4381976, -45.7730421], [169.447617, -45.7746719], [169.4474074, -45.790314], [169.4772644, -45.7873595], [169.4843242, -45.7967741], [169.5025665, -45.7969131], [169.5311694, -45.8123624], [169.5764421, -45.7986402], [169.5950373, -45.7752649], [169.6428235, -45.7693186], [169.6730257, -45.6934055], [169.6830535, -45.7073348], [169.7145868, -45.7083281], [169.739399, -45.7198195], [169.7397361, -45.703856], [169.7509794, -45.698939], [169.7572287, -45.6794542], [169.7808722, -45.6680085], [169.7780247, -45.6558366], [169.7956702, -45.6422421], [169.8016928, -45.6034366], [169.8188272, -45.5759236], [169.8119969, -45.5630429], [169.8426203, -45.5493488], [169.9060851, -45.5421588], [169.9137911, -45.5232188], [169.9064484, -45.4971211], [169.9312657, -45.4992662], [169.9941095, -45.4778789], [170.0052498, -45.4839414], [170.0295336, -45.4764739], [170.0861865, -45.4089059], [170.1281727, -45.3802319], [170.1200543, -45.3525132], [170.1563023, -45.3275877], [170.1864815, -45.2650245], [170.216484, -45.2573236], [170.2166471, -45.2346593], [170.2544847, -45.2289671], [170.2585565, -45.2362529], [170.349925, -45.2414201], [170.3542665, -45.2290594], [170.3831097, -45.2124937], [170.3813647, -45.2015914], [170.364205, -45.1870225], [170.3825372, -45.1737771], [170.4120057, -45.1756215], [170.43948, -45.1336678], [170.403889, -45.1226286], [170.3996781, -45.1152623], [170.4083595, -45.1022642], [170.3972215, -45.0930845], [170.3978006, -45.0809294], [170.3855442, -45.0778722], [170.3494407, -45.0216977], [170.3473411, -44.989631], [170.3698299, -44.9723221], [170.3733794, -44.9523932], [170.3656426, -44.9401004], [170.3490639, -44.9430952], [170.350157, -44.9077647], [170.3193531, -44.903049], [170.3016846, -44.9195136], [170.2907175, -44.9141423], [170.2723478, -44.9216534], [170.2519932, -44.9188265], [170.2420727, -44.9307173], [170.1644854, -44.9460049], [170.1309404, -44.940718], [170.1112937, -44.9468631], [170.0940988, -44.94002], [170.084774, -44.9274283], [170.0686586, -44.9231752], [170.0818661, -44.9121174], [170.0638101, -44.8836244], [170.0309366, -44.8700646], [169.9979636, -44.8250601], [169.9936877, -44.7864789], [169.9701833, -44.7440711], [169.9442163, -44.6539843], [169.8912687, -44.6442755], [169.8361912, -44.6688995], [169.8056385, -44.6613359], [169.7548769, -44.6389167], [169.7571518, -44.6121329], [169.7305805, -44.5650724], [169.7186008, -44.5735162], [169.7085019, -44.6009762], [169.6852898, -44.6060929], [169.6817719, -44.5978883], [169.6409983, -44.5960052], [169.6406919, -44.5647838], [169.6633981, -44.5372254], [169.647685, -44.5311019], [169.6501531, -44.5209549], [169.6343221, -44.5017522], [169.6474788, -44.4811511], [169.6418894, -44.4664247], [169.5738714, -44.4623464], [169.5424975, -44.4486002], [169.5328452, -44.4740864], [169.5207404, -44.4841861], [169.5276019, -44.4975219], [169.5005731, -44.5217817], [169.4909667, -44.5494341], [169.3579327, -44.5613856], [169.353666, -44.5796599], [169.3699389, -44.5858162], [169.3638625, -44.6053063], [169.3812946, -44.6333985], [169.359556, -44.6490047], [169.3514541, -44.676985], [169.3620173, -44.6922515], [169.3639789, -44.7194413], [169.3750889, -44.7276376], [169.3727583, -44.7504013], [169.3801439, -44.7584574], [169.3381334, -44.759964], [169.3389086, -44.7544617], [169.3072222, -44.7629857], [169.2744291, -44.8143281], [169.2577946, -44.8208898], [169.2592424, -44.8294316], [169.190487, -44.8725038], [169.1187146, -44.867827], [169.0931519, -44.8967886], [169.0591117, -44.8984685], [169.0577182, -44.9208368], [169.0426927, -44.9266662], [169.0502937, -44.9359237], [169.0440259, -44.9662955], [169.0705967, -45.0015837], [169.0623145, -45.0182142], [169.0393943, -45.0350407], [169.0446526, -45.0606422], [169.0289744, -45.062623], [168.9934985, -45.0498151], [168.9739473, -45.0597581], [168.9256274, -45.059832], [168.8870329, -45.0718515], [168.8578318, -45.0603093], [168.8507984, -45.0498435], [168.8329209, -45.051648], [168.8247031, -45.0606383], [168.8208087, -45.0701666], [168.834731, -45.0866383], [168.8257717, -45.1272526], [168.8413357, -45.1410209], [168.8238343, -45.1808211], [168.8382071, -45.1861427], [168.8507508, -45.2376819], [168.812529, -45.2943283], [168.8086221, -45.3265147], [168.7727236, -45.3561417], [168.7686521, -45.4026728]]]}}, {"type": "Feature", "properties": {"Name_rgn": "Waitaki Valley", "country": "New Zealand", "class": "Geographical Indication", "official": 1, "source": "osm"}, "geometry": {"type": "Polygon", "coordinates": [[[169.5424975, -44.4486002], [169.5738714, -44.4623464], [169.6418894, -44.4664247], [169.6474788, -44.4811511], [169.6343221, -44.5017522], [169.6501531, -44.5209549], [169.647685, -44.5311019], [169.6633981, -44.5372254], [169.6406919, -44.5647838], [169.6409983, -44.5960052], [169.6817719, -44.5978883], [169.6852898, -44.6060929], [169.7085019, -44.6009762], [169.7186008, -44.5735162], [169.7305805, -44.5650724], [169.7571518, -44.6121329], [169.7548769, -44.6389167], [169.8056385, -44.6613359], [169.8361912, -44.6688995], [169.8912687, -44.6442755], [169.9442163, -44.6539843], [169.9701833, -44.7440711], [169.9936877, -44.7864789], [169.9979636, -44.8250601], [170.0309366, -44.8700646], [170.0638101, -44.8836244], [170.0818661, -44.9121174], [170.0686586, -44.9231752], [170.084774, -44.9274283], [170.0940988, -44.94002], [170.1112937, -44.9468631], [170.1309404, -44.940718], [170.1644854, -44.9460049], [170.2420727, -44.9307173], [170.2519932, -44.9188265], [170.2723478, -44.9216534], [170.2907175, -44.9141423], [170.3016846, -44.9195136], [170.3193531, -44.903049], [170.3514628, -44.9094052], [170.3490639, -44.9430952], [170.3656426, -44.9401004], [170.3733794, -44.9523932], [170.3698299, -44.9723221], [170.3473411, -44.989631], [170.3494407, -45.0216977], [170.3855442, -45.0778722], [170.3978006, -45.0809294], [170.3972215, -45.0930845], [170.4083595, -45.1022642], [170.3996781, -45.1152623], [170.403889, -45.1226286], [170.43948, -45.1336678], [170.4120057, -45.1756215], [170.3825372, -45.1737771], [170.364205, -45.1870225], [170.3813647, -45.2015914], [170.3831097, -45.2124937], [170.3542665, -45.2290594], [170.349925, -45.2414201], [170.3283587, -45.2366593], [170.3137317, -45.2424783], [170.3135486, -45.2684189], [170.3941378, -45.2685708], [170.4234403, -45.2954378], [170.420874, -45.3079491], [170.3948945, -45.3279089], [170.3250587, -45.3240844], [170.3248747, -45.3624995], [170.2843142, -45.3495894], [170.2848681, -45.4442765], [170.2656797, -45.4441245], [170.2572268, -45.4620851], [170.226767, -45.4820079], [170.2092219, -45.4819011], [170.2093873, -45.5067154], [170.273681, -45.5055971], [170.2853451, -45.4945771], [170.3100215, -45.4978625], [170.3592951, -45.5212371], [170.3417242, -45.54581], [170.377484, -45.5545302], [170.3876845, -45.5540938], [170.419337, -45.5187342], [170.4764389, -45.5329722], [170.4815942, -45.5092432], [170.5529061, -45.5093697], [170.5618021, -45.5539454], [170.5728578, -45.5546414], [170.5841605, -45.570603], [170.6130982, -45.575799], [170.6301994, -45.5709602], [170.636786, -45.5597843], [170.7156036, -45.5594796], [170.7086936, -45.5510908], [170.7152462, -45.5487518], [170.7271489, -45.5489618], [170.7270933, -45.5693031], [170.7560677, -45.5337334], [170.8319511, -45.4737563], [170.8089993, -45.4556405], [170.824027, -45.4152961], [170.8536412, -45.3923793], [170.8686141, -45.3977641], [170.8630074, -45.3574964], [170.8355285, -45.3589929], [170.8251941, -45.3269866], [170.838346, -45.2933027], [170.8615553, -45.269015], [170.8631109, -45.2405976], [170.8887742, -45.2161384], [170.8875333, -45.2037701], [170.9076508, -45.183333], [170.9056467, -45.1719828], [170.9482935, -45.1342554], [170.9823316, -45.1217718], [170.9806536, -45.1056746], [170.9725904, -45.1042989], [170.9816891, -45.0896737], [171.0828348, -45.0197377], [171.1465743, -44.9427019], [171.1157533, -44.9294562], [171.0013553, -44.9214326], [170.8861491, -44.8916068], [170.8556366, -44.8945904], [170.8556455, -44.8856442], [170.8159535, -44.8814821], [170.5817038, -44.8142641], [170.4803548, -44.735718], [170.4527415, -44.7008693], [170.3778452, -44.6621483], [170.3604786, -44.6663099], [170.331064, -44.6376803], [170.2744063, -44.6122346], [170.2375215, -44.6147914], [170.1908721, -44.587738], [170.1852185, -44.5761383], [170.2041044, -44.5652715], [170.2087749, -44.5517943], [170.1923981, -44.5419245], [170.2091973, -44.5349093], [170.1993855, -44.531225], [170.196611, -44.4967642], [170.218605, -44.4862208], [170.2069693, -44.4758483], [170.2204657, -44.4660508], [170.2151617, -44.4432221], [170.2234901, -44.4331988], [170.2226, -44.4167746], [170.2026662, -44.3830447], [170.2047607, -44.3509657], [170.1650442, -44.3198135], [170.1076081, -44.2905347], [170.0289352, -44.2681381], [170.0020264, -44.2704536], [170.0009949, -44.2607186], [169.98558, -44.2629269], [169.9780478, -44.275872], [169.9558444, -44.284776], [169.9387431, -44.2843773], [169.9269818, -44.2692156], [169.8905543, -44.2709679], [169.8777687, -44.2569118], [169.8771148, -44.1903204], [169.842247, -44.1503891], [169.8635873, -44.1291254], [169.8745846, -44.1033025], [169.8394763, -44.0712132], [169.8163213, -44.0290472], [169.8269732, -43.9595299], [169.8630707, -43.9012554], [169.8949532, -43.8798219], [169.919101, -43.8248406], [169.9447172, -43.8096246], [169.963938, -43.7915827], [169.9585835, -43.7889221], [169.9433062, -43.7891952], [169.9332831, -43.8004811], [169.8999702, -43.8130249], [169.8943465, -43.8337266], [169.8582124, -43.8371221], [169.8379353, -43.8542353], [169.8379045, -43.8666306], [169.8090071, -43.8746979], [169.7930936, -43.8926178], [169.7708949, -43.8993125], [169.7582994, -43.9336715], [169.7458592, -43.9313046], [169.7199616, -43.9599039], [169.6993366, -43.9635463], [169.699114, -43.9797263], [169.7114546, -43.9972489], [169.7075899, -44.0171353], [169.7193772, -44.0367077], [169.6858944, -44.0419947], [169.6820236, -44.0684188], [169.665016, -44.0677374], [169.6575711, -44.077649], [169.6612353, -44.0915025], [169.6391627, -44.1017962], [169.6386788, -44.1199246], [169.6249713, -44.1224813], [169.6204451, -44.1399647], [169.5988852, -44.1502991], [169.6058232, -44.1585189], [169.5710699, -44.1772292], [169.5607691, -44.2054402], [169.5433239, -44.2074744], [169.5484998, -44.2275782], [169.5704631, -44.2367322], [169.5806088, -44.2523482], [169.568397, -44.3193158], [169.5787833, -44.3401257], [169.5567123, -44.380954], [169.5656125, -44.4023097], [169.5458844, -44.4226624], [169.5562018, -44.4375857], [169.5424975, -44.4486002]]]}}]}