{"type":"FeatureCollection","features":[{"type":"Feature","properties":{"_area":86207502,"OBJECTID":1,"Name_rgn":"Lugana","class":"Denominazione di origine controllata","country":"Italy","official":1,"state":"Lombardy, Veneto","altname":null,"gen":5,"latitude":45.4298,"ppt_yr":775,"ppt_gs":519,"GDD_1":2020,"elev":null,"GI_area":null,"auv":null,"climate":null,"style":null,"_bbox":[10.532165320242772,45.38356514350064,10.682418103298165,45.50284288383269]},"geometry":{"type":"Point","coordinates":[10.61184,45.44087]},"tippecanoe":{"minzoom":6}}
,
{"type":"Feature","properties":{"_area":278056741,"OBJECTID":2,"Name_rgn":"Adelaida District","class":"American Viticultural Area","country":"United States","official":1,"state":"California","altname":null,"gen":2,"latitude":35.6481,"ppt_yr":485,"ppt_gs":74,"GDD_1":1769,"elev":null,"GI_area":null,"auv":null,"climate":null,"style":null,"_bbox":[-120.9454230221248,35.57761285706757,-120.6869826511261,35.71185271872164]},"geometry":{"type":"Point","coordinates":[-120.84002,35.64316]},"tippecanoe":{"minzoom":6}}
,
{"type":"Feature","properties":{"_area":118422040,"OBJECTID":3,"Name_rgn":"Agter-Paarl","class":"Ward","country":"South Africa","official":1,"state":"Western Cape","altname":null,"gen":1,"latitude":-33.7181,"ppt_yr":597,"ppt_gs":170,"GDD_1":2363,"elev":null,"GI_area":null,"auv":null,"climate":null,"style":null,"_bbox":[18.793697092858196,-33.789907250610455,18.912751422028734,-33.645460086480156]},"geometry":{"type":"Point","coordinates":[18.85276,-33.72154]},"tippecanoe":{"minzoom":6}}
,
{"type":"Feature","properties":{"_area":310332182,"OBJECTID":4,"Name_rgn":"Agterkliphoogte","class":"Ward","country":"South Africa","official":1,"state":"Western Cape","altname":null,"gen":1,"latitude":-33.9334,"ppt_yr":510,"ppt_gs":183,"GDD_1":2055,"elev":null,"GI_area":null,"auv":null,"climate":null,"style":null,"_bbox":[19.506973265199417,-34.012489308241314,19.736737590545612,-33.834762601833624]},"geometry":{"type":"Point","coordinates":[19.62291,-33.92432]},"tippecanoe":{"minzoom":6}}
,
{"type":"Feature","properties":{"_area":1935867455,"OBJECTID":5,"Name_rgn":"Albany","class":"Subregion","country":"Australia","official":1,"state":"Western Australia","altname":null,"gen":1,"latitude":-34.9299,"ppt_yr":797,"ppt_gs":282,"GDD_1":1611,"elev":null,"GI_area":null,"auv":80,"climate":"warm summer, warm temperate","style":null,"_bbox":[117.49484476163559,-35.13136371308565,118.09634282386033,-34.7942620271952]},"geometry":{"type":"Point","coordinates":[117.67327,-34.96347]},"tippecanoe":{"minzoom":5}}
,
{"type":"Feature","properties":{"_area":463967437,"OBJECTID":6,"Name_rgn":"Alexander Valley","class":"American Viticultural Area","country":"United States","official":1,"state":"California","altname":null,"gen":2,"latitude":38.7231,"ppt_yr":1001,"ppt_gs":160,"GDD_1":1938,"elev":null,"GI_area":null,"auv":null,"climate":null,"style":null,"_bbox":[-123.08180344306695,38.58541398452525,-122.72421688822077,38.85309298204552]},"geometry":{"type":"Point","coordinates":[-122.84026,38.69939]},"tippecanoe":{"minzoom":5}}
,
{"type":"Feature","properties":{"_area":209752172,"OBJECTID":9,"Name_rgn":"Altus","class":"American Viticultural Area","country":"United States","official":1,"state":"Arkansas","altname":null,"gen":2,"latitude":35.4713,"ppt_yr":1222,"ppt_gs":755,"GDD_1":2606,"elev":null,"GI_area":null,"auv":null,"climate":null,"style":null,"_bbox":[-93.82671203820416,35.40500737220235,-93.6030507689819,35.53769639369514]},"geometry":{"type":"Point","coordinates":[-93.69661,35.46461]},"tippecanoe":{"minzoom":6}}
,
{"type":"Feature","properties":{"_area":104138917,"OBJECTID":10,"Name_rgn":"Amarone Valpolicella Classico","class":"Denominazione di origine controllata e garantita","country":"Italy","official":1,"state":"Veneto","altname":null,"gen":5,"latitude":45.5339,"ppt_yr":790,"ppt_gs":545,"GDD_1":1775,"elev":null,"GI_area":null,"auv":null,"climate":null,"style":null,"_bbox":[10.823020050795982,45.48539729539701,10.97734847412577,45.58099673198752]},"geometry":{"type":"Point","coordinates":[10.92235,45.53245]},"tippecanoe":{"minzoom":6}}
,
{"type":"Feature","properties":{"_area":49082584,"OBJECTID":11,"Name_rgn":"Amarone Valpolicella Valpantena","class":"Denominazione di origine controllata e garantita","country":"Italy","official":1,"state":"Veneto","altname":null,"gen":5,"latitude":45.5173,"ppt_yr":830,"ppt_gs":559,"GDD_1":1624,"elev":null,"GI_area":null,"auv":null,"climate":null,"style":null,"_bbox":[10.976813768122593,45.46770358486447,11.059198844039184,45.56003337349664]},"geometry":{"type":"Point","coordinates":[11.02251,45.52113]},"tippecanoe":{"minzoom":6}}
,
{"type":"Feature","properties":{"_area":268042631,"OBJECTID":12,"Name_rgn":"Anderson Valley","class":"American Viticultural Area","country":"United States","official":1,"state":"California","altname":null,"gen":2,"latitude":39.0753,"ppt_yr":1105,"ppt_gs":200,"GDD_1":1391,"elev":null,"GI_area":null,"auv":null,"climate":null,"style":null,"_bbox":[-123.63481346818756,38.959179379280386,-123.29164374536747,39.16839097465798]},"geometry":{"type":"Point","coordinates":[-123.53184,39.11118]},"tippecanoe":{"minzoom":6}}
,
{"type":"Feature","properties":{"_area":1376353671,"OBJECTID":15,"Name_rgn":"Applegate Valley","class":"American Viticultural Area","country":"United States","official":1,"state":"Oregon","altname":null,"gen":2,"latitude":42.2503,"ppt_yr":930,"ppt_gs":233,"GDD_1":1587,"elev":null,"GI_area":null,"auv":null,"climate":null,"style":null,"_bbox":[-123.58304302566277,42.097568850259826,-122.81803936284379,42.429766233616704]},"geometry":{"type":"Point","coordinates":[-123.28264,42.25134]},"tippecanoe":{"minzoom":5}}
,
{"type":"Feature","properties":{"_area":7413775,"OBJECTID":16,"Name_rgn":"Arbois Pupillin","class":"Appellation d'origine protégée","country":"France","official":1,"state":null,"altname":null,"gen":1,"latitude":46.8765,"ppt_yr":1163,"ppt_gs":690,"GDD_1":1457,"elev":null,"GI_area":null,"auv":null,"climate":null,"style":null,"_bbox":[5.731728793881203,46.8578268054209,5.770668581236595,46.891295917001244]},"geometry":{"type":"Point","coordinates":[5.75369,46.87561]},"tippecanoe":{"minzoom":7}}
,
{"type":"Feature","properties":{"_area":128007199,"OBJECTID":17,"Name_rgn":"Ariège Coteaux de la Lèze","class":"Indication géographique protégée","country":"France","official":1,"state":null,"altname":"Coteaux de la Lèze","gen":1,"latitude":43.099,"ppt_yr":834,"ppt_gs":490,"GDD_1":1558,"elev":null,"GI_area":null,"auv":null,"climate":null,"style":null,"_bbox":[1.290669789954535,43.03749188339765,1.451564905197749,43.19964272700334]},"geometry":{"type":"Point","coordinates":[1.37363,43.09029]},"tippecanoe":{"minzoom":6}}
,
{"type":"Feature","properties":{"_area":946188917,"OBJECTID":18,"Name_rgn":"Ariège Coteaux du Plantaurel","class":"Indication géographique protégée","country":"France","official":1,"state":null,"altname":"Coteaux du Plantaurel","gen":1,"latitude":43.0618,"ppt_yr":799,"ppt_gs":465,"GDD_1":1634,"elev":null,"GI_area":null,"auv":null,"climate":null,"style":null,"_bbox":[1.359648543318204,42.910607809402705,1.927103421613581,43.17013553392787]},"geometry":{"type":"Point","coordinates":[1.77783,43.03986]},"tippecanoe":{"minzoom":5}}
,
{"type":"Feature","properties":{"_area":220353772,"OBJECTID":20,"Name_rgn":"Ashton","class":"Ward","country":"South Africa","official":1,"state":"Western Cape","altname":null,"gen":1,"latitude":-33.8393,"ppt_yr":344,"ppt_gs":147,"GDD_1":2216,"elev":null,"GI_area":null,"auv":null,"climate":null,"style":null,"_bbox":[19.964041434820203,-33.924670588080865,20.18964382233597,-33.74929169836206]},"geometry":{"type":"Point","coordinates":[20.05105,-33.83904]},"tippecanoe":{"minzoom":6}}
,
{"type":"Feature","properties":{"_area":55367012,"OBJECTID":21,"Name_rgn":"Atlas Peak","class":"American Viticultural Area","country":"United States","official":1,"state":"California","altname":null,"gen":2,"latitude":38.4241,"ppt_yr":913,"ppt_gs":146,"GDD_1":1922,"elev":null,"GI_area":null,"auv":null,"climate":null,"style":null,"_bbox":[-122.31591955793195,38.37657421490429,-122.21046931632245,38.46915351414582]},"geometry":{"type":"Point","coordinates":[-122.2671,38.43335]},"tippecanoe":{"minzoom":6}}
,
{"type":"Feature","properties":{"_area":75318687,"OBJECTID":22,"Name_rgn":"Aude Coteaux de la Cabrerisse","class":"Indication géographique protégée","country":"France","official":1,"state":null,"altname":"Coteaux de la Cabrerisse","gen":1,"latitude":43.0898,"ppt_yr":604,"ppt_gs":322,"GDD_1":1965,"elev":null,"GI_area":null,"auv":null,"climate":null,"style":null,"_bbox":[2.671121044311918,43.05923728087699,2.836285853897186,43.12876394399236]},"geometry":{"type":"Point","coordinates":[2.79497,43.09617]},"tippecanoe":{"minzoom":6}}
,
{"type":"Feature","properties":{"_area":128120203,"OBJECTID":23,"Name_rgn":"Aude Coteaux de Miramont","class":"Indication géographique protégée","country":"France","official":1,"state":null,"altname":"Coteaux de Miramont","gen":1,"latitude":43.1831,"ppt_yr":626,"ppt_gs":333,"GDD_1":1971,"elev":null,"GI_area":null,"auv":null,"climate":null,"style":null,"_bbox":[2.436178842244466,43.14619138285038,2.673630980334896,43.22941779256706]},"geometry":{"type":"Point","coordinates":[2.61434,43.1865]},"tippecanoe":{"minzoom":6}}
,
{"type":"Feature","properties":{"_area":199777575,"OBJECTID":24,"Name_rgn":"Aude Pays de Cucugnan","class":"Indication géographique protégée","country":"France","official":1,"state":null,"altname":"Cucugnan","gen":1,"latitude":42.9012,"ppt_yr":718,"ppt_gs":390,"GDD_1":1572,"elev":null,"GI_area":null,"auv":null,"climate":null,"style":null,"_bbox":[2.515232282367907,42.83408762983057,2.690681088869111,42.98519180226494]},"geometry":{"type":"Point","coordinates":[2.61557,42.90846]},"tippecanoe":{"minzoom":6}}
,
{"type":"Feature","properties":{"_area":171018764,"OBJECTID":25,"Name_rgn":"Aude Val de Cesse","class":"Indication géographique protégée","country":"France","official":1,"state":null,"altname":"Val de Cesse","gen":1,"latitude":43.2836,"ppt_yr":572,"ppt_gs":306,"GDD_1":1989,"elev":null,"GI_area":null,"auv":null,"climate":null,"style":null,"_bbox":[2.7716043102727,43.231665814030144,2.96905548745083,43.3831954654807]},"geometry":{"type":"Point","coordinates":[2.86986,43.29678]},"tippecanoe":{"minzoom":6}}
,
{"type":"Feature","properties":{"_area":456943054,"OBJECTID":26,"Name_rgn":"Aude Val de Dagne","class":"Indication géographique protégée","country":"France","official":1,"state":null,"altname":"Val de Dagne","gen":1,"latitude":43.1063,"ppt_yr":694,"ppt_gs":371,"GDD_1":1813,"elev":null,"GI_area":null,"auv":null,"climate":null,"style":null,"_bbox":[2.162309902647756,43.03079607088309,2.642270955463027,43.19550288431423]},"geometry":{"type":"Point","coordinates":[2.45376,43.11251]},"tippecanoe":{"minzoom":5}}
,
{"type":"Feature","properties":{"_area":14267925,"OBJECTID":27,"Name_rgn":"Auxey-Duresses","class":"Appellation d'origine protégée","country":"France","official":1,"state":null,"altname":null,"gen":1,"latitude":46.9852,"ppt_yr":842,"ppt_gs":512,"GDD_1":1245,"elev":null,"GI_area":null,"auv":null,"climate":null,"style":null,"_bbox":[4.697525287562645,46.96717644283472,4.762890674595464,47.0111302433295]},"geometry":{"type":"Point","coordinates":[4.73118,46.98435]},"tippecanoe":{"minzoom":7}}
,
{"type":"Feature","properties":{"_area":41680120,"OBJECTID":28,"Name_rgn":"Bagnoli Classico","class":"Denominazione di origine controllata","country":"Italy","official":1,"state":"Veneto","altname":null,"gen":5,"latitude":45.1814,"ppt_yr":713,"ppt_gs":448,"GDD_1":2131,"elev":null,"GI_area":null,"auv":null,"climate":null,"style":null,"_bbox":[11.846705754781318,45.15164715295159,11.952875422067597,45.21018905039568]},"geometry":{"type":"Point","coordinates":[11.90571,45.18138]},"tippecanoe":{"minzoom":6}}
,
{"type":"Feature","properties":{"_area":931249160,"OBJECTID":29,"Name_rgn":"Baja Montaña","class":"Denominación de Origen","country":"Spain","official":1,"state":null,"altname":null,"gen":1,"latitude":42.552,"ppt_yr":686,"ppt_gs":362,"GDD_1":1582,"elev":null,"GI_area":null,"auv":null,"climate":null,"style":null,"_bbox":[-1.6245311069185,42.381462166790364,-1.158120010083522,42.7431296220528]},"geometry":{"type":"Point","coordinates":[-1.40626,42.53616]},"tippecanoe":{"minzoom":5}}
,
{"type":"Feature","properties":{"_area":30840200,"OBJECTID":30,"Name_rgn":"Ballard Canyon","class":"American Viticultural Area","country":"United States","official":1,"state":"California","altname":null,"gen":2,"latitude":34.6422,"ppt_yr":443,"ppt_gs":68,"GDD_1":1796,"elev":null,"GI_area":null,"auv":null,"climate":null,"style":null,"_bbox":[-120.18087114541838,34.60421241593533,-120.12097920958136,34.68016248018525]},"geometry":{"type":"Point","coordinates":[-120.15326,34.63743]},"tippecanoe":{"minzoom":7}}
,
{"type":"Feature","properties":{"_area":72250212,"OBJECTID":31,"Name_rgn":"Bamboes Bay","class":"Ward","country":"South Africa","official":1,"state":"Western Cape","altname":"Bamboesbaai","gen":1,"latitude":-31.8258,"ppt_yr":199,"ppt_gs":52,"GDD_1":2297,"elev":null,"GI_area":null,"auv":null,"climate":null,"style":null,"_bbox":[18.221419105005133,-31.90151073035995,18.308723385061985,-31.757918616309663]},"geometry":{"type":"Point","coordinates":[18.25825,-31.80739]},"tippecanoe":{"minzoom":6}}
,
{"type":"Feature","properties":{"_area":21056454,"OBJECTID":32,"Name_rgn":"Banghoek","class":"Ward","country":"South Africa","official":1,"state":"Western Cape","altname":null,"gen":1,"latitude":-33.9232,"ppt_yr":749,"ppt_gs":241,"GDD_1":2090,"elev":null,"GI_area":null,"auv":null,"climate":null,"style":null,"_bbox":[18.919791263788827,-33.955467782525545,18.978490465100634,-33.89555166455168]},"geometry":{"type":"Point","coordinates":[18.94318,-33.91832]},"tippecanoe":{"minzoom":7}}
,
{"type":"Feature","properties":{"_area":100982305,"OBJECTID":33,"Name_rgn":"Bardolino Classico","class":"Denominazione di origine controllata","country":"Italy","official":1,"state":"Veneto","altname":null,"gen":5,"latitude":45.5282,"ppt_yr":788,"ppt_gs":533,"GDD_1":1872,"elev":null,"GI_area":null,"auv":null,"climate":null,"style":null,"_bbox":[10.67110254489034,45.45996129378049,10.798818026686826,45.5914187965548]},"geometry":{"type":"Point","coordinates":[10.74444,45.52033]},"tippecanoe":{"minzoom":6}}
,
{"type":"Feature","properties":{"_area":100987738,"OBJECTID":34,"Name_rgn":"Bardolino Superiore Classico","class":"Denominazione di origine controllata e garantita","country":"Italy","official":1,"state":"Veneto","altname":null,"gen":5,"latitude":45.5282,"ppt_yr":788,"ppt_gs":533,"GDD_1":1872,"elev":null,"GI_area":null,"auv":null,"climate":null,"style":null,"_bbox":[10.67110254489034,45.45996129378049,10.798853700583392,45.5914187965548]},"geometry":{"type":"Point","coordinates":[10.74446,45.52034]},"tippecanoe":{"minzoom":6}}
,
{"type":"Feature","properties":{"_area":22705447,"OBJECTID":35,"Name_rgn":"Barreal","class":"Indicación Geográfica","country":"Argentina","official":1,"state":"Calingasta, San Juan","altname":null,"gen":3,"latitude":-31.6235,"ppt_yr":142,"ppt_gs":92,"GDD_1":1540,"elev":null,"GI_area":null,"auv":null,"climate":null,"style":null,"_bbox":[-69.46777777811458,-31.67250000028409,-69.44583333350212,-31.57444444007382]},"geometry":{"type":"Point","coordinates":[-69.45681,-31.62347]},"tippecanoe":{"minzoom":7}}
,
{"type":"Feature","properties":{"_area":16291587,"OBJECTID":36,"Name_rgn":"Barsac","class":"Appellation d'origine protégée","country":"France","official":1,"state":null,"altname":null,"gen":1,"latitude":44.6021,"ppt_yr":873,"ppt_gs":452,"GDD_1":1692,"elev":null,"GI_area":null,"auv":null,"climate":null,"style":null,"_bbox":[-0.352222611876771,44.57545629474525,-0.299738695014026,44.63188242030689]},"geometry":{"type":"Point","coordinates":[-0.32393,44.60047]},"tippecanoe":{"minzoom":7}}
,
{"type":"Feature","properties":{"_area":18517672,"OBJECTID":37,"Name_rgn":"Bâtard-Montrachet","class":"Appellation d'origine protégée","country":"France","official":1,"state":null,"altname":null,"gen":1,"latitude":46.9403,"ppt_yr":801,"ppt_gs":491,"GDD_1":1309,"elev":null,"GI_area":null,"auv":null,"climate":null,"style":null,"_bbox":[4.707126064501034,46.919374608349116,4.789110502580693,46.960995640957925]},"geometry":{"type":"Point","coordinates":[4.74224,46.94149]},"tippecanoe":{"minzoom":7}}
,
{"type":"Feature","properties":{"_area":36486270,"OBJECTID":38,"Name_rgn":"Bennett Valley","class":"American Viticultural Area","country":"United States","official":1,"state":"California","altname":null,"gen":2,"latitude":38.3901,"ppt_yr":954,"ppt_gs":154,"GDD_1":1818,"elev":null,"GI_area":null,"auv":null,"climate":null,"style":null,"_bbox":[-122.67477981156165,38.355233731922276,-122.58630568335808,38.431510083229306]},"geometry":{"type":"Point","coordinates":[-122.62353,38.38503]},"tippecanoe":{"minzoom":7}}
,
{"type":"Feature","properties":{"_area":8201001,"OBJECTID":41,"Name_rgn":"Bienvenues-Bâtard-Montrachet","class":"Appellation d'origine protégée","country":"France","official":1,"state":null,"altname":null,"gen":1,"latitude":46.9471,"ppt_yr":799,"ppt_gs":490,"GDD_1":1309,"elev":null,"GI_area":null,"auv":null,"climate":null,"style":null,"_bbox":[4.731845467009889,46.93461713380613,4.789110502580693,46.960995640957925]},"geometry":{"type":"Point","coordinates":[4.7541,46.94698]},"tippecanoe":{"minzoom":7}}
,
{"type":"Feature","properties":{"_area":60923125,"OBJECTID":42,"Name_rgn":"Big Valley District-Lake County","class":"American Viticultural Area","country":"United States","official":1,"state":"California","altname":null,"gen":2,"latitude":38.9999,"ppt_yr":784,"ppt_gs":126,"GDD_1":2061,"elev":null,"GI_area":null,"auv":null,"climate":null,"style":null,"_bbox":[-122.91015462699858,38.95730500319368,-122.80555821789694,39.03469968406326]},"geometry":{"type":"Point","coordinates":[-122.86964,38.99782]},"tippecanoe":{"minzoom":6}}
,
{"type":"Feature","properties":{"_area":28665238,"OBJECTID":43,"Name_rgn":"Blouvlei","class":"Ward","country":"South Africa","official":1,"state":"Western Cape","altname":null,"gen":1,"latitude":-33.6675,"ppt_yr":628,"ppt_gs":184,"GDD_1":2415,"elev":null,"GI_area":null,"auv":null,"climate":null,"style":null,"_bbox":[18.999532493619686,-33.6880549748932,19.089011680319324,-33.63748178237216]},"geometry":{"type":"Point","coordinates":[19.02205,-33.66316]},"tippecanoe":{"minzoom":7}}
,
{"type":"Feature","properties":{"_area":64490777,"OBJECTID":44,"Name_rgn":"Boesmansrivier","class":"Ward","country":"South Africa","official":1,"state":"Western Cape","altname":null,"gen":1,"latitude":-34.0245,"ppt_yr":392,"ppt_gs":170,"GDD_1":2371,"elev":null,"GI_area":null,"auv":null,"climate":null,"style":null,"_bbox":[19.95213845726832,-34.068905377971866,20.034110444698143,-33.961071883136285]},"geometry":{"type":"Point","coordinates":[19.99761,-34.0324]},"tippecanoe":{"minzoom":6}}
,
{"type":"Feature","properties":{"_area":17765709,"OBJECTID":45,"Name_rgn":"Bonnes-Mares","class":"Appellation d'origine protégée","country":"France","official":1,"state":null,"altname":null,"gen":1,"latitude":47.1934,"ppt_yr":800,"ppt_gs":486,"GDD_1":1232,"elev":null,"GI_area":null,"auv":null,"climate":null,"style":null,"_bbox":[4.920136189960869,47.17439198303119,5.005452037458207,47.21191587341897]},"geometry":{"type":"Point","coordinates":[4.94652,47.19257]},"tippecanoe":{"minzoom":7}}
,
{"type":"Feature","properties":{"_area":621208829,"OBJECTID":46,"Name_rgn":"Bonnievale","class":"Ward","country":"South Africa","official":1,"state":"Western Cape","altname":null,"gen":1,"latitude":-33.9678,"ppt_yr":349,"ppt_gs":157,"GDD_1":2393,"elev":null,"GI_area":null,"auv":null,"climate":null,"style":null,"_bbox":[19.936160416160483,-34.07766858765924,20.323823200031256,-33.867681185330895]},"geometry":{"type":"Point","coordinates":[20.16337,-33.96857]},"tippecanoe":{"minzoom":5}}
,
{"type":"Feature","properties":{"_area":272970508,"OBJECTID":47,"Name_rgn":"Bot River","class":"Ward","country":"South Africa","official":1,"state":"Western Cape","altname":"Botrivier","gen":1,"latitude":-34.2917,"ppt_yr":624,"ppt_gs":218,"GDD_1":1940,"elev":null,"GI_area":null,"auv":null,"climate":null,"style":null,"_bbox":[19.04195197709333,-34.38794375958972,19.286729537660914,-34.19242298950252]},"geometry":{"type":"Point","coordinates":[19.20272,-34.28064]},"tippecanoe":{"minzoom":6}}
,
{"type":"Feature","properties":{"_area":59824413,"OBJECTID":48,"Name_rgn":"Bottelary","class":"Ward","country":"South Africa","official":1,"state":"Western Cape","altname":null,"gen":1,"latitude":-33.8932,"ppt_yr":617,"ppt_gs":174,"GDD_1":2222,"elev":null,"GI_area":null,"auv":null,"climate":null,"style":null,"_bbox":[18.696042916374505,-33.93273808259767,18.811351693916766,-33.84420333479146]},"geometry":{"type":"Point","coordinates":[18.77005,-33.88363]},"tippecanoe":{"minzoom":6}}
,
{"type":"Feature","properties":{"_area":7054553,"OBJECTID":51,"Name_rgn":"Bourgogne Epineuil","class":"Appellation d'origine protégée","country":"France","official":1,"state":null,"altname":null,"gen":1,"latitude":47.8813,"ppt_yr":760,"ppt_gs":438,"GDD_1":1337,"elev":null,"GI_area":null,"auv":null,"climate":null,"style":null,"_bbox":[3.966036924476109,47.86463139117188,4.015048796171882,47.89701215517987]},"geometry":{"type":"Point","coordinates":[3.98678,47.87829]},"tippecanoe":{"minzoom":7}}
,
{"type":"Feature","properties":{"_area":8112801,"OBJECTID":52,"Name_rgn":"Bourgogne Le Chapitre","class":"Appellation d'origine protégée","country":"France","official":1,"state":null,"altname":null,"gen":1,"latitude":47.2927,"ppt_yr":769,"ppt_gs":468,"GDD_1":1349,"elev":null,"GI_area":null,"auv":null,"climate":null,"style":null,"_bbox":[4.969588209196415,47.27882343514594,5.031176400546767,47.30366201396213]},"geometry":{"type":"Point","coordinates":[5.01383,47.29202]},"tippecanoe":{"minzoom":7}}
,
{"type":"Feature","properties":{"_area":14512078,"OBJECTID":55,"Name_rgn":"Bouzeron","class":"Appellation d'origine protégée","country":"France","official":1,"state":null,"altname":null,"gen":1,"latitude":46.8884,"ppt_yr":808,"ppt_gs":494,"GDD_1":1422,"elev":null,"GI_area":null,"auv":null,"climate":null,"style":null,"_bbox":[4.683084148023255,46.86454436971922,4.742416112739702,46.90643120090657]},"geometry":{"type":"Point","coordinates":[4.70337,46.88614]},"tippecanoe":{"minzoom":7}}
,
{"type":"Feature","properties":{"_area":43001113,"OBJECTID":56,"Name_rgn":"Bovlei","class":"Ward","country":"South Africa","official":1,"state":"Western Cape","altname":null,"gen":1,"latitude":-33.6414,"ppt_yr":623,"ppt_gs":184,"GDD_1":2256,"elev":null,"GI_area":null,"auv":null,"climate":null,"style":null,"_bbox":[19.003742103245646,-33.676147187660966,19.10020001033347,-33.602026321817014]},"geometry":{"type":"Point","coordinates":[19.05644,-33.63619]},"tippecanoe":{"minzoom":6}}
,
{"type":"Feature","properties":{"_area":879300742,"OBJECTID":57,"Name_rgn":"Broke Fordwich","class":"Subregion","country":"Australia","official":1,"state":"New South Wales","altname":null,"gen":1,"latitude":-32.7439,"ppt_yr":730,"ppt_gs":513,"GDD_1":2360,"elev":null,"GI_area":null,"auv":510,"climate":"fully humid, hot summer, warm temperate","style":null,"_bbox":[150.87632909128308,-32.951373204211734,151.2248627130551,-32.564409943722644]},"geometry":{"type":"Point","coordinates":[151.02269,-32.756]},"tippecanoe":{"minzoom":5}}
,
{"type":"Feature","properties":{"_area":9614056,"OBJECTID":59,"Name_rgn":"Buffard","class":"Indication géographique protégée","country":"France","official":1,"state":null,"altname":null,"gen":1,"latitude":47.033,"ppt_yr":1094,"ppt_gs":657,"GDD_1":1421,"elev":null,"GI_area":null,"auv":null,"climate":null,"style":null,"_bbox":[5.806484968569908,47.012168906851166,5.842985431975235,47.05280086818777]},"geometry":{"type":"Point","coordinates":[5.82645,47.03555]},"tippecanoe":{"minzoom":7}}
,
{"type":"Feature","properties":{"_area":55387801,"OBJECTID":60,"Name_rgn":"Buffeljags","class":"Ward","country":"South Africa","official":1,"state":"Western Cape","altname":null,"gen":1,"latitude":-34.0551,"ppt_yr":334,"ppt_gs":165,"GDD_1":2472,"elev":null,"GI_area":null,"auv":null,"climate":null,"style":null,"_bbox":[20.472771039100987,-34.10417937061151,20.56479298177249,-34.00391768392822]},"geometry":{"type":"Point","coordinates":[20.52525,-34.04307]},"tippecanoe":{"minzoom":6}}
,
{"type":"Feature","properties":{"_area":257387,"OBJECTID":62,"Name_rgn":"Calamin","class":"Appellation d'origine contrôlée","country":"Switzerland","official":1,"state":"Vaud","altname":null,"gen":3,"latitude":46.4897,"ppt_yr":1165,"ppt_gs":753,"GDD_1":1439,"elev":null,"GI_area":null,"auv":null,"climate":null,"style":null,"_bbox":[6.742763464431468,46.48652155844623,6.751585517002862,46.492454872776435]},"geometry":{"type":"Point","coordinates":[6.74707,46.48963]},"tippecanoe":{"minzoom":9}}
,
{"type":"Feature","properties":{"_area":67987241,"OBJECTID":63,"Name_rgn":"California Shenandoah Valley","class":"American Viticultural Area","country":"United States","official":1,"state":"California","altname":null,"gen":2,"latitude":38.5294,"ppt_yr":862,"ppt_gs":177,"GDD_1":2289,"elev":null,"GI_area":null,"auv":null,"climate":null,"style":null,"_bbox":[-120.84929785640811,38.482178122889536,-120.74226304682452,38.56911482948104]},"geometry":{"type":"Point","coordinates":[-120.80923,38.52633]},"tippecanoe":{"minzoom":6}}
,
{"type":"Feature","properties":{"_area":81770498,"OBJECTID":64,"Name_rgn":"Calistoga","class":"American Viticultural Area","country":"United States","official":1,"state":"California","altname":null,"gen":2,"latitude":38.5891,"ppt_yr":852,"ppt_gs":134,"GDD_1":1904,"elev":null,"GI_area":null,"auv":null,"climate":null,"style":null,"_bbox":[-122.64643434773032,38.54991787799985,-122.49641736884375,38.632620433090906]},"geometry":{"type":"Point","coordinates":[-122.59604,38.59773]},"tippecanoe":{"minzoom":6}}
,
{"type":"Feature","properties":{"_area":391892338,"OBJECTID":65,"Name_rgn":"Cango Valley","class":"Ward","country":"South Africa","official":1,"state":"Western Cape","altname":"Kango Vallei","gen":1,"latitude":-33.4067,"ppt_yr":287,"ppt_gs":188,"GDD_1":1663,"elev":null,"GI_area":null,"auv":null,"climate":null,"style":null,"_bbox":[22.09976507589858,-33.51203379131552,22.35224449347149,-33.31413273722356]},"geometry":{"type":"Point","coordinates":[22.25167,-33.41656]},"tippecanoe":{"minzoom":5}}
,
{"type":"Feature","properties":{"_area":197045213067,"OBJECTID":66,"Name_rgn":"Cava","class":"Denominación de Origen","country":"Spain","official":1,"state":"Catalonia","altname":null,"gen":1,"latitude":41.1766,"ppt_yr":529,"ppt_gs":317,"GDD_1":1978,"elev":null,"GI_area":null,"auv":null,"climate":null,"style":null,"_bbox":[-6.517591307054752,38.62669671268035,3.099536612512508,42.638205340849076]},"geometry":{"type":"Point","coordinates":[-2.24998,40.87974]},"tippecanoe":{"minzoom":3}}
,
{"type":"Feature","properties":{"_area":205558867,"OBJECTID":67,"Name_rgn":"Cederberg","class":"Ward","country":"South Africa","official":1,"state":"Western Cape","altname":null,"gen":1,"latitude":-32.5226,"ppt_yr":255,"ppt_gs":87,"GDD_1":1931,"elev":null,"GI_area":null,"auv":null,"climate":null,"style":null,"_bbox":[19.16480862153667,-32.61544798604324,19.397093167717514,-32.42673491273516]},"geometry":{"type":"Point","coordinates":[19.30192,-32.52257]},"tippecanoe":{"minzoom":6}}
,
{"type":"Feature","properties":{"_area":4165166144,"OBJECTID":68,"Name_rgn":"Central Hawke's Bay / Central Hawkes Bay","class":"Region","country":"New Zealand","official":1,"state":null,"altname":null,"gen":1,"latitude":-40.0246,"ppt_yr":1060,"ppt_gs":527,"GDD_1":1122,"elev":null,"GI_area":null,"auv":null,"climate":null,"style":null,"_bbox":[176.09383141990153,-40.431291417114295,176.9673534896403,-39.6800622540213]},"geometry":{"type":"Point","coordinates":[176.52924,-40.04651]},"tippecanoe":{"minzoom":4}}
,
{"type":"Feature","properties":{"_area":427948053,"OBJECTID":70,"Name_rgn":"Ceres","class":"Ward","country":"South Africa","official":1,"state":"Western Cape","altname":null,"gen":1,"latitude":-33.3241,"ppt_yr":377,"ppt_gs":119,"GDD_1":1995,"elev":null,"GI_area":null,"auv":null,"climate":null,"style":null,"_bbox":[19.280666699112224,-33.42618941213529,19.554407467084204,-33.2188529859514]},"geometry":{"type":"Point","coordinates":[19.41309,-33.32941]},"tippecanoe":{"minzoom":5}}
,
{"type":"Feature","properties":{"_area":119466916,"OBJECTID":71,"Name_rgn":"Chalk Hill","class":"American Viticultural Area","country":"United States","official":1,"state":"California","altname":null,"gen":2,"latitude":38.5685,"ppt_yr":977,"ppt_gs":154,"GDD_1":1913,"elev":null,"GI_area":null,"auv":null,"climate":null,"style":null,"_bbox":[-122.84583193068569,38.50804066783574,-122.67375934875508,38.61494839659704]},"geometry":{"type":"Point","coordinates":[-122.7669,38.56191]},"tippecanoe":{"minzoom":6}}
,
{"type":"Feature","properties":{"_area":8687905,"OBJECTID":72,"Name_rgn":"Chambolle-Musigny","class":"Appellation d'origine protégée","country":"France","official":1,"state":null,"altname":null,"gen":1,"latitude":47.1869,"ppt_yr":800,"ppt_gs":486,"GDD_1":1232,"elev":null,"GI_area":null,"auv":null,"climate":null,"style":null,"_bbox":[4.920136189960869,47.17439198303119,4.980169535894949,47.20069488882363]},"geometry":{"type":"Point","coordinates":[4.93904,47.18672]},"tippecanoe":{"minzoom":7}}
,
{"type":"Feature","properties":{"_area":152445240,"OBJECTID":73,"Name_rgn":"Chapadmalal","class":"Indicación Geográfica","country":"Argentina","official":1,"state":"Buenos Aires","altname":null,"gen":3,"latitude":-38.1602,"ppt_yr":892,"ppt_gs":568,"GDD_1":1631,"elev":null,"GI_area":null,"auv":null,"climate":null,"style":null,"_bbox":[-57.78765829558308,-38.24355316206142,-57.60316848832966,-38.08773040809649]},"geometry":{"type":"Point","coordinates":[-57.6921,-38.15042]},"tippecanoe":{"minzoom":6}}
,
{"type":"Feature","properties":{"_area":8755025,"OBJECTID":75,"Name_rgn":"Charlemagne","class":"Appellation d'origine protégée","country":"France","official":1,"state":null,"altname":null,"gen":1,"latitude":47.0765,"ppt_yr":811,"ppt_gs":495,"GDD_1":1274,"elev":null,"GI_area":null,"auv":null,"climate":null,"style":null,"_bbox":[4.833937833935138,47.0567073232407,4.873500620906388,47.09377051407828]},"geometry":{"type":"Point","coordinates":[4.85305,47.07698]},"tippecanoe":{"minzoom":7}}
,
{"type":"Feature","properties":{"_area":11623923,"OBJECTID":76,"Name_rgn":"Chassagne-Montrachet","class":"Appellation d'origine protégée","country":"France","official":1,"state":null,"altname":null,"gen":1,"latitude":46.9265,"ppt_yr":809,"ppt_gs":496,"GDD_1":1309,"elev":null,"GI_area":null,"auv":null,"climate":null,"style":null,"_bbox":[4.707126064501034,46.89725135531929,4.749717137872021,46.94572470077076]},"geometry":{"type":"Point","coordinates":[4.72576,46.92653]},"tippecanoe":{"minzoom":7}}
,
{"type":"Feature","properties":{"_area":11530787,"OBJECTID":77,"Name_rgn":"Château-Grillet","class":"Appellation d'origine protégée","country":"France","official":1,"state":null,"altname":null,"gen":1,"latitude":45.4498,"ppt_yr":813,"ppt_gs":536,"GDD_1":1509,"elev":null,"GI_area":null,"auv":null,"climate":null,"style":null,"_bbox":[4.707586383710497,45.43284605819908,4.759948079388952,45.47277359097292]},"geometry":{"type":"Point","coordinates":[4.73816,45.45219]},"tippecanoe":{"minzoom":7}}
,
{"type":"Feature","properties":{"_area":8201001,"OBJECTID":78,"Name_rgn":"Chevalier-Montrachet","class":"Appellation d'origine protégée","country":"France","official":1,"state":null,"altname":null,"gen":1,"latitude":46.9471,"ppt_yr":799,"ppt_gs":490,"GDD_1":1309,"elev":null,"GI_area":null,"auv":null,"climate":null,"style":null,"_bbox":[4.731845467009889,46.93461713380613,4.789110502580693,46.960995640957925]},"geometry":{"type":"Point","coordinates":[4.7541,46.94698]},"tippecanoe":{"minzoom":7}}
,
{"type":"Feature","properties":{"_area":26480500,"OBJECTID":79,"Name_rgn":"Cheyres","class":"Appellation d'origine contrôlée","country":"Switzerland","official":1,"state":"Fribourg","altname":null,"gen":3,"latitude":46.8253,"ppt_yr":1033,"ppt_gs":664,"GDD_1":1351,"elev":null,"GI_area":null,"auv":null,"climate":null,"style":null,"_bbox":[6.741869125989099,46.78911078009537,6.82854511714971,46.855776052927226]},"geometry":{"type":"Point","coordinates":[6.78458,46.82349]},"tippecanoe":{"minzoom":7}}
,
{"type":"Feature","properties":{"_area":33078696,"OBJECTID":80,"Name_rgn":"Chiles Valley","class":"American Viticultural Area","country":"United States","official":1,"state":"California","altname":null,"gen":2,"latitude":38.5453,"ppt_yr":869,"ppt_gs":137,"GDD_1":2023,"elev":null,"GI_area":null,"auv":null,"climate":null,"style":null,"_bbox":[-122.40928008649655,38.499122631930284,-122.27174027661336,38.59415035140598]},"geometry":{"type":"Point","coordinates":[-122.33504,38.53773]},"tippecanoe":{"minzoom":7}}
,
{"type":"Feature","properties":{"_area":8315186,"OBJECTID":81,"Name_rgn":"Chiroubles","class":"Appellation d'origine protégée","country":"France","official":1,"state":null,"altname":null,"gen":1,"latitude":46.1855,"ppt_yr":868,"ppt_gs":546,"GDD_1":1447,"elev":null,"GI_area":null,"auv":null,"climate":null,"style":null,"_bbox":[4.622177610886909,46.17207432845976,4.680390506524681,46.19872054872705]},"geometry":{"type":"Point","coordinates":[4.65923,46.18665]},"tippecanoe":{"minzoom":7}}
,
{"type":"Feature","properties":{"_area":6455827,"OBJECTID":82,"Name_rgn":"Chorey-lès-Beaune","class":"Appellation d'origine protégée","country":"France","official":1,"state":null,"altname":null,"gen":1,"latitude":47.0496,"ppt_yr":794,"ppt_gs":486,"GDD_1":1274,"elev":null,"GI_area":null,"auv":null,"climate":null,"style":null,"_bbox":[4.848175364027177,47.040390932159745,4.895612145873458,47.063785029014994]},"geometry":{"type":"Point","coordinates":[4.86682,47.05172]},"tippecanoe":{"minzoom":7}}
,
{"type":"Feature","properties":{"_area":52258256,"OBJECTID":83,"Name_rgn":"Cienega Valley","class":"American Viticultural Area","country":"United States","official":1,"state":"California","altname":null,"gen":2,"latitude":36.7174,"ppt_yr":493,"ppt_gs":86,"GDD_1":1809,"elev":null,"GI_area":null,"auv":null,"climate":null,"style":null,"_bbox":[-121.4175257781246,36.676442906786605,-121.31034884967319,36.758580929443745]},"geometry":{"type":"Point","coordinates":[-121.36747,36.71366]},"tippecanoe":{"minzoom":6}}
,
{"type":"Feature","properties":{"_area":36360321,"OBJECTID":84,"Name_rgn":"Cité D’Aniane","class":"Indication géographique protégée","country":"France","official":1,"state":null,"altname":null,"gen":1,"latitude":43.6835,"ppt_yr":611,"ppt_gs":339,"GDD_1":2025,"elev":null,"GI_area":null,"auv":null,"climate":null,"style":null,"_bbox":[3.552673846078141,43.64772995801585,3.628856398114344,43.7244379902234]},"geometry":{"type":"Point","coordinates":[3.58898,43.68285]},"tippecanoe":{"minzoom":7}}
,
{"type":"Feature","properties":{"_area":9106547,"OBJECTID":85,"Name_rgn":"Clos de la Roche","class":"Appellation d'origine protégée","country":"France","official":1,"state":null,"altname":null,"gen":1,"latitude":47.1999,"ppt_yr":798,"ppt_gs":485,"GDD_1":1232,"elev":null,"GI_area":null,"auv":null,"climate":null,"style":null,"_bbox":[4.924980013770653,47.188631565907585,5.005452037458207,47.21191587341897]},"geometry":{"type":"Point","coordinates":[4.94608,47.20246]},"tippecanoe":{"minzoom":7}}
,
{"type":"Feature","properties":{"_area":9106547,"OBJECTID":86,"Name_rgn":"Clos de Tart","class":"Appellation d'origine protégée","country":"France","official":1,"state":null,"altname":null,"gen":1,"latitude":47.1999,"ppt_yr":798,"ppt_gs":485,"GDD_1":1232,"elev":null,"GI_area":null,"auv":null,"climate":null,"style":null,"_bbox":[4.924980013770653,47.188631565907585,5.005452037458207,47.21191587341897]},"geometry":{"type":"Point","coordinates":[4.94608,47.20246]},"tippecanoe":{"minzoom":7}}
,
{"type":"Feature","properties":{"_area":989152,"OBJECTID":87,"Name_rgn":"Clos de Vougeot","class":"Appellation d'origine protégée","country":"France","official":1,"state":null,"altname":null,"gen":1,"latitude":47.1735,"ppt_yr":789,"ppt_gs":481,"GDD_1":1309,"elev":null,"GI_area":null,"auv":null,"climate":null,"style":null,"_bbox":[4.953271717025477,47.16771686107363,4.967874479654148,47.17881192430209]},"geometry":{"type":"Point","coordinates":[4.96017,47.17351]},"tippecanoe":{"minzoom":8}}
,
{"type":"Feature","properties":{"_area":9106547,"OBJECTID":88,"Name_rgn":"Clos des Lambrays","class":"Appellation d'origine protégée","country":"France","official":1,"state":null,"altname":null,"gen":1,"latitude":47.1999,"ppt_yr":798,"ppt_gs":485,"GDD_1":1232,"elev":null,"GI_area":null,"auv":null,"climate":null,"style":null,"_bbox":[4.924980013770653,47.188631565907585,5.005452037458207,47.21191587341897]},"geometry":{"type":"Point","coordinates":[4.94608,47.20246]},"tippecanoe":{"minzoom":7}}
,
{"type":"Feature","properties":{"_area":9106547,"OBJECTID":89,"Name_rgn":"Clos Saint-Denis","class":"Appellation d'origine protégée","country":"France","official":1,"state":null,"altname":null,"gen":1,"latitude":47.1999,"ppt_yr":798,"ppt_gs":485,"GDD_1":1232,"elev":null,"GI_area":null,"auv":null,"climate":null,"style":null,"_bbox":[4.924980013770653,47.188631565907585,5.005452037458207,47.21191587341897]},"geometry":{"type":"Point","coordinates":[4.94608,47.20246]},"tippecanoe":{"minzoom":7}}
,
{"type":"Feature","properties":{"_area":1336425,"OBJECTID":91,"Name_rgn":"Cole Ranch","class":"American Viticultural Area","country":"United States","official":1,"state":"California","altname":null,"gen":2,"latitude":39.0613,"ppt_yr":1133,"ppt_gs":196,"GDD_1":1391,"elev":null,"GI_area":null,"auv":null,"climate":null,"style":null,"_bbox":[-123.23506523557444,39.055756485616726,-123.21400918525211,39.065451996417714]},"geometry":{"type":"Point","coordinates":[-123.22052,39.0606]},"tippecanoe":{"minzoom":8}}
,
{"type":"Feature","properties":{"_area":26304399,"OBJECTID":92,"Name_rgn":"Colli Berici - Barbarano","class":"Denominazione di origine controllata","country":"Italy","official":1,"state":"Veneto","altname":null,"gen":5,"latitude":45.4154,"ppt_yr":912,"ppt_gs":566,"GDD_1":1781,"elev":null,"GI_area":null,"auv":null,"climate":null,"style":null,"_bbox":[11.502063663566153,45.38141263959934,11.591892825815652,45.45733840843164]},"geometry":{"type":"Point","coordinates":[11.55486,45.41285]},"tippecanoe":{"minzoom":7}}
,
{"type":"Feature","properties":{"_area":30689695,"OBJECTID":93,"Name_rgn":"Colli di Conegliano Refrontolo Passito","class":"Denominazione di origine controllata e garantita","country":"Italy","official":1,"state":"Veneto","altname":null,"gen":5,"latitude":45.9196,"ppt_yr":1009,"ppt_gs":680,"GDD_1":1711,"elev":null,"GI_area":null,"auv":null,"climate":null,"style":null,"_bbox":[12.158886748894355,45.87869552083463,12.239957484447379,45.945311066779986]},"geometry":{"type":"Point","coordinates":[12.21249,45.91773]},"tippecanoe":{"minzoom":7}}
,
{"type":"Feature","properties":{"_area":29897066,"OBJECTID":94,"Name_rgn":"Colli di Conegliano Torchiato di Fregona","class":"Denominazione di origine controllata e garantita","country":"Italy","official":1,"state":"Veneto","altname":null,"gen":5,"latitude":45.9956,"ppt_yr":1040,"ppt_gs":702,"GDD_1":1342,"elev":null,"GI_area":null,"auv":null,"climate":null,"style":null,"_bbox":[12.309907388498427,45.967592472548596,12.4096648776934,46.024270233058566]},"geometry":{"type":"Point","coordinates":[12.35684,45.99327]},"tippecanoe":{"minzoom":7}}
,
{"type":"Feature","properties":{"_area":267281189,"OBJECTID":95,"Name_rgn":"Colonia Caroya","class":"Indicación Geográfica","country":"Argentina","official":1,"state":"Colón, Córdoba","altname":null,"gen":3,"latitude":-31.0542,"ppt_yr":717,"ppt_gs":642,"GDD_1":2007,"elev":null,"GI_area":null,"auv":null,"climate":null,"style":null,"_bbox":[-64.21571690688997,-31.12720963080827,-63.972757929021256,-30.98454570120866]},"geometry":{"type":"Point","coordinates":[-64.06971,-31.05699]},"tippecanoe":{"minzoom":6}}
,
{"type":"Feature","properties":{"_area":1444472,"OBJECTID":97,"Name_rgn":"Conegliano Valdobbiadene Prosecco Superiore di Cartizze","class":"Denominazione di origine controllata e garantita","country":"Italy","official":1,"state":"Veneto","altname":null,"gen":5,"latitude":45.8962,"ppt_yr":989,"ppt_gs":671,"GDD_1":1711,"elev":null,"GI_area":null,"auv":null,"climate":null,"style":null,"_bbox":[12.022153117689854,45.88923107764409,12.039867452223254,45.90336595076674]},"geometry":{"type":"Point","coordinates":[12.03231,45.89586]},"tippecanoe":{"minzoom":8}}
,
{"type":"Feature","properties":{"_area":42614301,"OBJECTID":98,"Name_rgn":"Constantia","class":"Ward","country":"South Africa","official":1,"state":"Western Cape","altname":null,"gen":1,"latitude":-34.0349,"ppt_yr":536,"ppt_gs":151,"GDD_1":1787,"elev":null,"GI_area":null,"auv":null,"climate":null,"style":null,"_bbox":[18.386123553160143,-34.08289024904747,18.46248630095412,-33.992369751538995]},"geometry":{"type":"Point","coordinates":[18.41834,-34.0459]},"tippecanoe":{"minzoom":6}}
,
{"type":"Feature","properties":{"_area":49645604,"OBJECTID":99,"Name_rgn":"Coombsville","class":"American Viticultural Area","country":"United States","official":1,"state":"California","altname":null,"gen":2,"latitude":38.3074,"ppt_yr":728,"ppt_gs":116,"GDD_1":2018,"elev":null,"GI_area":null,"auv":null,"climate":null,"style":null,"_bbox":[-122.28615797641207,38.26530024134448,-122.20277927036643,38.34703500370821]},"geometry":{"type":"Point","coordinates":[-122.23954,38.30808]},"tippecanoe":{"minzoom":6}}
,
{"type":"Feature","properties":{"_area":9905176,"OBJECTID":100,"Name_rgn":"Cornas","class":"Appellation d'origine protégée","country":"France","official":1,"state":null,"altname":null,"gen":1,"latitude":44.9659,"ppt_yr":854,"ppt_gs":551,"GDD_1":1807,"elev":null,"GI_area":null,"auv":null,"climate":null,"style":null,"_bbox":[4.813225680263125,44.95272236382416,4.874281450924381,44.981149735821376]},"geometry":{"type":"Point","coordinates":[4.84076,44.96782]},"tippecanoe":{"minzoom":7}}
,
{"type":"Feature","properties":{"_area":94467120,"OBJECTID":102,"Name_rgn":"Côte Vermeille","class":"Indication géographique protégée","country":"France","official":1,"state":null,"altname":null,"gen":1,"latitude":42.4751,"ppt_yr":551,"ppt_gs":317,"GDD_1":2001,"elev":null,"GI_area":null,"auv":null,"climate":null,"style":null,"_bbox":[3.040459416298845,42.42493249741378,3.17766847368093,42.534181128644924]},"geometry":{"type":"Point","coordinates":[3.10149,42.47572]},"tippecanoe":{"minzoom":6}}
,
{"type":"Feature","properties":{"_area":27606036,"OBJECTID":103,"Name_rgn":"Coteaux Bourguignons","class":"Appellation d'origine protégée","country":"France","official":1,"state":null,"altname":null,"gen":1,"latitude":47.3261,"ppt_yr":848,"ppt_gs":504,"GDD_1":1120,"elev":null,"GI_area":null,"auv":null,"climate":null,"style":null,"_bbox":[4.767649215047173,47.30009092044832,4.840054253397237,47.365434078288175]},"geometry":{"type":"Point","coordinates":[4.80543,47.3297]},"tippecanoe":{"minzoom":7}}
,
{"type":"Feature","properties":{"_area":31757072,"OBJECTID":104,"Name_rgn":"Coteaux Charitois","class":"Indication géographique protégée","country":"France","official":1,"state":"Nièvre","altname":null,"gen":6,"latitude":47.25,"ppt_yr":760,"ppt_gs":452,"GDD_1":1348,"elev":null,"GI_area":null,"auv":null,"climate":null,"style":null,"_bbox":[3.129036598333483,47.21299592235154,3.212020395098746,47.27741980642803]},"geometry":{"type":"Point","coordinates":[3.16578,47.24672]},"tippecanoe":{"minzoom":7}}
,
{"type":"Feature","properties":{"_area":20521501,"OBJECTID":105,"Name_rgn":"Coteaux de Blunay","class":"Indication géographique protégée","country":"France","official":5,"state":null,"altname":null,"gen":1,"latitude":48.5042,"ppt_yr":607,"ppt_gs":371,"GDD_1":1331,"elev":null,"GI_area":null,"auv":null,"climate":null,"style":null,"_bbox":[3.358543422501823,48.4779937655258,3.435104729414597,48.52956946026894]},"geometry":{"type":"Point","coordinates":[3.39843,48.50499]},"tippecanoe":{"minzoom":7}}
,
{"type":"Feature","properties":{"_area":177194453,"OBJECTID":106,"Name_rgn":"Coteaux de Champlitte","class":"Indication géographique protégée","country":"France","official":1,"state":"Haute-Saône","altname":null,"gen":0,"latitude":47.6322,"ppt_yr":867,"ppt_gs":506,"GDD_1":1320,"elev":null,"GI_area":null,"auv":null,"climate":null,"style":null,"_bbox":[5.398476153794209,47.554585755945176,5.600467498164934,47.707132566590424]},"geometry":{"type":"Point","coordinates":[5.51944,47.62669]},"tippecanoe":{"minzoom":6}}
,
{"type":"Feature","properties":{"_area":73885611,"OBJECTID":107,"Name_rgn":"Coteaux de Glanes","class":"Indication géographique protégée","country":"France","official":1,"state":null,"altname":null,"gen":1,"latitude":44.8961,"ppt_yr":756,"ppt_gs":460,"GDD_1":1641,"elev":null,"GI_area":null,"auv":null,"climate":null,"style":null,"_bbox":[1.764423255086148,44.86327510639592,1.979970182484153,44.92727946962281]},"geometry":{"type":"Point","coordinates":[1.87543,44.89628]},"tippecanoe":{"minzoom":6}}
,
{"type":"Feature","properties":{"_area":65918335,"OBJECTID":108,"Name_rgn":"Coteaux de l’Ain Revermont","class":"Indication géographique protégée","country":"France","official":1,"state":"Ain","altname":"Revermont","gen":0,"latitude":46.3578,"ppt_yr":1018,"ppt_gs":619,"GDD_1":1552,"elev":null,"GI_area":null,"auv":null,"climate":null,"style":null,"_bbox":[5.293230539423254,46.29650745945069,5.402948893441603,46.41025675180736]},"geometry":{"type":"Point","coordinates":[5.34509,46.3518]},"tippecanoe":{"minzoom":6}}
,
{"type":"Feature","properties":{"_area":83313665,"OBJECTID":109,"Name_rgn":"Coteaux de l’Ain Val de Saône","class":"Indication géographique protégée","country":"France","official":1,"state":"Ain","altname":"Val de Saône","gen":0,"latitude":46.0534,"ppt_yr":804,"ppt_gs":516,"GDD_1":1609,"elev":null,"GI_area":null,"auv":null,"climate":null,"style":null,"_bbox":[4.739487374046451,45.9963623359257,4.853766299590801,46.1176274260238]},"geometry":{"type":"Point","coordinates":[4.79127,46.06243]},"tippecanoe":{"minzoom":6}}
,
{"type":"Feature","properties":{"_area":17926262,"OBJECTID":110,"Name_rgn":"Coteaux de Provins","class":"Indication géographique protégée","country":"France","official":5,"state":null,"altname":null,"gen":1,"latitude":48.5631,"ppt_yr":620,"ppt_gs":377,"GDD_1":1317,"elev":null,"GI_area":null,"auv":null,"climate":null,"style":null,"_bbox":[3.24738933069072,48.540522493496624,3.320891719550866,48.585281439436855]},"geometry":{"type":"Point","coordinates":[3.29565,48.5622]},"tippecanoe":{"minzoom":7}}
,
{"type":"Feature","properties":{"_area":4495321,"OBJECTID":111,"Name_rgn":"Coteaux de Suresnes-Mont-Valérin","class":"Indication géographique protégée","country":"France","official":5,"state":null,"altname":null,"gen":1,"latitude":48.8702,"ppt_yr":620,"ppt_gs":370,"GDD_1":1548,"elev":null,"GI_area":null,"auv":null,"climate":null,"style":null,"_bbox":[2.199789644697134,48.8594072910972,2.23640805510263,48.88276808281231]},"geometry":{"type":"Point","coordinates":[2.2206,48.86999]},"tippecanoe":{"minzoom":7}}
,
{"type":"Feature","properties":{"_area":235786889,"OBJECTID":112,"Name_rgn":"Coteaux du Cher et de l'Arnon","class":"Indication géographique protégée","country":"France","official":1,"state":null,"altname":null,"gen":1,"latitude":47.1028,"ppt_yr":696,"ppt_gs":411,"GDD_1":1488,"elev":null,"GI_area":null,"auv":null,"climate":null,"style":null,"_bbox":[1.9472365239484,47.024221233223656,2.199147533423627,47.197926862743635]},"geometry":{"type":"Point","coordinates":[2.10398,47.11447]},"tippecanoe":{"minzoom":6}}
,
{"type":"Feature","properties":{"_area":245955493,"OBJECTID":115,"Name_rgn":"Côtes de Meuse","class":"Indication géographique protégée","country":"France","official":1,"state":"Meuse","altname":null,"gen":1,"latitude":48.9825,"ppt_yr":736,"ppt_gs":427,"GDD_1":1187,"elev":null,"GI_area":null,"auv":null,"climate":null,"style":null,"_bbox":[5.592703432826145,48.87937371934729,5.82821940862851,49.088112266452065]},"geometry":{"type":"Point","coordinates":[5.6934,48.976]},"tippecanoe":{"minzoom":6}}
,
{"type":"Feature","properties":{"_area":222377643,"OBJECTID":116,"Name_rgn":"Côtes de Perignan","class":"Indication géographique protégée","country":"France","official":1,"state":null,"altname":null,"gen":1,"latitude":43.2246,"ppt_yr":545,"ppt_gs":291,"GDD_1":2078,"elev":null,"GI_area":null,"auv":null,"climate":null,"style":null,"_bbox":[2.89921868937889,43.168781377933165,3.240560789753423,43.297430721063265]},"geometry":{"type":"Point","coordinates":[3.08867,43.22255]},"tippecanoe":{"minzoom":6}}
,
{"type":"Feature","properties":{"_area":219656289,"OBJECTID":119,"Name_rgn":"Côtes de Thau","class":"Indication géographique protégée","country":"France","official":1,"state":null,"altname":null,"gen":1,"latitude":43.3651,"ppt_yr":556,"ppt_gs":301,"GDD_1":2124,"elev":null,"GI_area":null,"auv":null,"climate":null,"style":null,"_bbox":[3.41996630407694,43.27194466677957,3.619721953707921,43.45482530287881]},"geometry":{"type":"Point","coordinates":[3.49819,43.36446]},"tippecanoe":{"minzoom":6}}
,
{"type":"Feature","properties":{"_area":120661305,"OBJECTID":120,"Name_rgn":"Côtes de Thau Cap d’Agde","class":"Indication géographique protégée","country":"France","official":1,"state":"Hérault","altname":"Cap d’Agde","gen":0,"latitude":43.3354,"ppt_yr":550,"ppt_gs":297,"GDD_1":2133,"elev":null,"GI_area":null,"auv":null,"climate":null,"style":null,"_bbox":[3.428265938699918,43.27194467462841,3.619721951911293,43.4062844896017]},"geometry":{"type":"Point","coordinates":[3.49596,43.3176]},"tippecanoe":{"minzoom":6}}
,
{"type":"Feature","properties":{"_area":110355661,"OBJECTID":121,"Name_rgn":"Côtes du Céressou","class":"Indication géographique protégée","country":"France","official":1,"state":null,"altname":null,"gen":1,"latitude":43.5473,"ppt_yr":579,"ppt_gs":319,"GDD_1":2004,"elev":null,"GI_area":null,"auv":null,"climate":null,"style":null,"_bbox":[3.312179734856266,43.49936983612144,3.482630313319982,43.596306649667]},"geometry":{"type":"Point","coordinates":[3.41669,43.54632]},"tippecanoe":{"minzoom":6}}
,
{"type":"Feature","properties":{"_area":6559280,"OBJECTID":125,"Name_rgn":"Côtes du Rhône Villages Roaix","class":"Appellation d'origine protégée","country":"France","official":1,"state":null,"altname":null,"gen":1,"latitude":44.2551,"ppt_yr":821,"ppt_gs":507,"GDD_1":1874,"elev":null,"GI_area":null,"auv":null,"climate":null,"style":null,"_bbox":[4.994106065688118,44.23816049836031,5.029659604172688,44.26984260874218]},"geometry":{"type":"Point","coordinates":[5.01341,44.2545]},"tippecanoe":{"minzoom":7}}
,
{"type":"Feature","properties":{"_area":21238838,"OBJECTID":126,"Name_rgn":"Côtes du Rhône Villages Rochegude","class":"Appellation d'origine protégée","country":"France","official":1,"state":null,"altname":null,"gen":1,"latitude":44.2557,"ppt_yr":816,"ppt_gs":508,"GDD_1":2025,"elev":null,"GI_area":null,"auv":null,"climate":null,"style":null,"_bbox":[4.803998567448655,44.22832504924911,4.880250378694941,44.277616613325065]},"geometry":{"type":"Point","coordinates":[4.83018,44.25451]},"tippecanoe":{"minzoom":7}}
,
{"type":"Feature","properties":{"_area":22195137,"OBJECTID":127,"Name_rgn":"Côtes du Rhône Villages Rousset-les-Vignes","class":"Appellation d'origine protégée","country":"France","official":1,"state":null,"altname":null,"gen":1,"latitude":44.4233,"ppt_yr":935,"ppt_gs":565,"GDD_1":1789,"elev":null,"GI_area":null,"auv":null,"climate":null,"style":null,"_bbox":[5.017658050891382,44.402137635272176,5.106559261537218,44.454034737102134]},"geometry":{"type":"Point","coordinates":[5.06793,44.41998]},"tippecanoe":{"minzoom":7}}
,
{"type":"Feature","properties":{"_area":11878983,"OBJECTID":128,"Name_rgn":"Côtes du Rhône Villages Sablet","class":"Appellation d'origine protégée","country":"France","official":1,"state":null,"altname":null,"gen":1,"latitude":44.1946,"ppt_yr":808,"ppt_gs":496,"GDD_1":1966,"elev":null,"GI_area":null,"auv":null,"climate":null,"style":null,"_bbox":[4.959541530110546,44.18020010910519,5.033084809384105,44.20583991327074]},"geometry":{"type":"Point","coordinates":[5.01643,44.19222]},"tippecanoe":{"minzoom":7}}
,
{"type":"Feature","properties":{"_area":13042932,"OBJECTID":129,"Name_rgn":"Côtes du Rhône Villages Saint-Gervais","class":"Appellation d'origine protégée","country":"France","official":1,"state":null,"altname":null,"gen":1,"latitude":44.1952,"ppt_yr":798,"ppt_gs":493,"GDD_1":1871,"elev":null,"GI_area":null,"auv":null,"climate":null,"style":null,"_bbox":[4.554066883412595,44.173737711868775,4.603151003911726,44.21612312784107]},"geometry":{"type":"Point","coordinates":[4.57857,44.19427]},"tippecanoe":{"minzoom":7}}
,
{"type":"Feature","properties":{"_area":9874534,"OBJECTID":130,"Name_rgn":"Côtes du Rhône Villages Saint-Maurice","class":"Appellation d'origine protégée","country":"France","official":1,"state":null,"altname":null,"gen":1,"latitude":44.3029,"ppt_yr":840,"ppt_gs":517,"GDD_1":1874,"elev":null,"GI_area":null,"auv":null,"climate":null,"style":null,"_bbox":[4.987017324135523,44.285638412469524,5.029500270889043,44.32579075144059]},"geometry":{"type":"Point","coordinates":[5.00584,44.30446]},"tippecanoe":{"minzoom":7}}
,
{"type":"Feature","properties":{"_area":9706620,"OBJECTID":131,"Name_rgn":"Côtes du Rhône Villages Saint-Pantaléon-les-Vignes","class":"Appellation d'origine protégée","country":"France","official":1,"state":null,"altname":null,"gen":1,"latitude":44.3959,"ppt_yr":871,"ppt_gs":539,"GDD_1":1789,"elev":null,"GI_area":null,"auv":null,"climate":null,"style":null,"_bbox":[5.013305914562473,44.38123424962651,5.070881629779339,44.40855716040678]},"geometry":{"type":"Point","coordinates":[5.04917,44.39319]},"tippecanoe":{"minzoom":7}}
,
{"type":"Feature","properties":{"_area":209259586,"OBJECTID":133,"Name_rgn":"Côtes du Vidourle","class":"Indication géographique protégée","country":"France","official":1,"state":null,"altname":null,"gen":1,"latitude":43.8233,"ppt_yr":688,"ppt_gs":395,"GDD_1":2112,"elev":null,"GI_area":null,"auv":null,"climate":null,"style":null,"_bbox":[4.008370440973687,43.731906822057866,4.187060380698064,43.922608727329106]},"geometry":{"type":"Point","coordinates":[4.10539,43.83033]},"tippecanoe":{"minzoom":6}}
,
{"type":"Feature","properties":{"_area":209898553,"OBJECTID":140,"Name_rgn":"Creston District","class":"American Viticultural Area","country":"United States","official":1,"state":"California","altname":null,"gen":2,"latitude":35.5034,"ppt_yr":431,"ppt_gs":69,"GDD_1":2111,"elev":null,"GI_area":null,"auv":null,"climate":null,"style":null,"_bbox":[-120.56080769560027,35.44046087122171,-120.35589236731906,35.5892162727401]},"geometry":{"type":"Point","coordinates":[-120.47888,35.5038]},"tippecanoe":{"minzoom":6}}
,
{"type":"Feature","properties":{"_area":7092530,"OBJECTID":141,"Name_rgn":"Criots-Bâtard-Montrachet","class":"Appellation d'origine protégée","country":"France","official":1,"state":null,"altname":null,"gen":1,"latitude":46.9326,"ppt_yr":810,"ppt_gs":496,"GDD_1":1309,"elev":null,"GI_area":null,"auv":null,"climate":null,"style":null,"_bbox":[4.707126064501034,46.919374608349116,4.749717137872021,46.94572470077076]},"geometry":{"type":"Point","coordinates":[4.72812,46.93214]},"tippecanoe":{"minzoom":7}}
,
{"type":"Feature","properties":{"_area":1626219515,"OBJECTID":142,"Name_rgn":"Denmark","class":"Subregion","country":"Australia","official":1,"state":"Western Australia","altname":null,"gen":1,"latitude":-34.9495,"ppt_yr":963,"ppt_gs":323,"GDD_1":1634,"elev":null,"GI_area":null,"auv":89,"climate":"warm summer, warm temperate","style":null,"_bbox":[116.73416274452816,-35.08772228331282,117.49568997390999,-34.82894878088114]},"geometry":{"type":"Point","coordinates":[117.06572,-34.95025]},"tippecanoe":{"minzoom":5}}
,
{"type":"Feature","properties":{"_area":17546100,"OBJECTID":144,"Name_rgn":"Devon Valley","class":"Ward","country":"South Africa","official":1,"state":"Western Cape","altname":"Devon Vallei","gen":1,"latitude":-33.9171,"ppt_yr":645,"ppt_gs":187,"GDD_1":2168,"elev":null,"GI_area":null,"auv":null,"climate":null,"style":null,"_bbox":[18.77776989998869,-33.940398224287875,18.841258567154114,-33.8954185559404]},"geometry":{"type":"Point","coordinates":[18.81994,-33.92072]},"tippecanoe":{"minzoom":7}}
,
{"type":"Feature","properties":{"_area":1202197,"OBJECTID":145,"Name_rgn":"Dézaley","class":"Appellation d'origine contrôlée","country":"Switzerland","official":1,"state":"Vaud","altname":null,"gen":3,"latitude":46.4829,"ppt_yr":1191,"ppt_gs":765,"GDD_1":1439,"elev":null,"GI_area":null,"auv":null,"climate":null,"style":null,"_bbox":[6.750348568297668,46.474432113082344,6.77769135237178,46.491873464969196]},"geometry":{"type":"Point","coordinates":[6.75525,46.48697]},"tippecanoe":{"minzoom":8}}
,
{"type":"Feature","properties":{"_area":23748099,"OBJECTID":146,"Name_rgn":"Diamond Mountain District","class":"American Viticultural Area","country":"United States","official":1,"state":"California","altname":null,"gen":2,"latitude":38.5594,"ppt_yr":960,"ppt_gs":153,"GDD_1":1904,"elev":null,"GI_area":null,"auv":null,"climate":null,"style":null,"_bbox":[-122.62672734148762,38.53863686980448,-122.52243852362409,38.57992994205025]},"geometry":{"type":"Point","coordinates":[-122.57124,38.55541]},"tippecanoe":{"minzoom":7}}
,
{"type":"Feature","properties":{"_area":23930499,"OBJECTID":147,"Name_rgn":"Botticino","class":"Denominazione di origine controllata","country":"Italy","official":1,"state":"Lombardy","altname":null,"gen":5,"latitude":45.5492,"ppt_yr":825,"ppt_gs":569,"GDD_1":1463,"elev":null,"GI_area":null,"auv":null,"climate":null,"style":null,"_bbox":[10.283715609388807,45.5152145224546,10.342316140648089,45.58009024844742]},"geometry":{"type":"Point","coordinates":[10.3153,45.54497]},"tippecanoe":{"minzoom":7}}
,
{"type":"Feature","properties":{"_area":56751323,"OBJECTID":148,"Name_rgn":"Buttafuoco dell’Oltrepò Pavese","class":"Denominazione di origine controllata","country":"Italy","official":1,"state":"Lombardy","altname":null,"gen":5,"latitude":45.039,"ppt_yr":707,"ppt_gs":435,"GDD_1":1949,"elev":null,"GI_area":null,"auv":null,"climate":null,"style":null,"_bbox":[9.212774083781289,44.99447773068,9.341887441177896,45.07900911040823]},"geometry":{"type":"Point","coordinates":[9.27419,45.0374]},"tippecanoe":{"minzoom":6}}
,
{"type":"Feature","properties":{"_area":9051928,"OBJECTID":149,"Name_rgn":"Capriano del Colle","class":"Denominazione di origine controllata","country":"Italy","official":1,"state":"Lombardy","altname":null,"gen":5,"latitude":45.4605,"ppt_yr":872,"ppt_gs":577,"GDD_1":2027,"elev":null,"GI_area":null,"auv":null,"climate":null,"style":null,"_bbox":[10.122398341657577,45.44435535201178,10.173770682289472,45.47543380621518]},"geometry":{"type":"Point","coordinates":[10.14085,45.46281]},"tippecanoe":{"minzoom":7}}
,
{"type":"Feature","properties":{"_area":35427938,"OBJECTID":150,"Name_rgn":"Casteggio","class":"Denominazione di origine controllata","country":"Italy","official":1,"state":"Lombardy","altname":null,"gen":5,"latitude":44.9925,"ppt_yr":691,"ppt_gs":422,"GDD_1":1984,"elev":null,"GI_area":null,"auv":null,"climate":null,"style":null,"_bbox":[9.07903855917627,44.96370192869064,9.174982501462498,45.02474119115864]},"geometry":{"type":"Point","coordinates":[9.14342,44.99374]},"tippecanoe":{"minzoom":7}}
,
{"type":"Feature","properties":{"_area":47372445,"OBJECTID":151,"Name_rgn":"Cellatica","class":"Denominazione di origine controllata","country":"Italy","official":1,"state":"Lombardy","altname":null,"gen":5,"latitude":45.5917,"ppt_yr":885,"ppt_gs":604,"GDD_1":1782,"elev":null,"GI_area":null,"auv":null,"climate":null,"style":null,"_bbox":[10.086969897169617,45.548529348933954,10.2169324041565,45.62087327161545]},"geometry":{"type":"Point","coordinates":[10.16723,45.58583]},"tippecanoe":{"minzoom":6}}
,
{"type":"Feature","properties":{"_area":21474357,"OBJECTID":153,"Name_rgn":"San Colombano al Lambro","class":"Denominazione di origine controllata","country":"Italy","official":1,"state":"Lombardy","altname":null,"gen":5,"latitude":45.181,"ppt_yr":762,"ppt_gs":476,"GDD_1":1974,"elev":null,"GI_area":null,"auv":null,"climate":null,"style":null,"_bbox":[9.405415080853594,45.16103761213673,9.506135611643884,45.20721735297786]},"geometry":{"type":"Point","coordinates":[9.46567,45.17727]},"tippecanoe":{"minzoom":7}}
,
{"type":"Feature","properties":{"_area":114704154,"OBJECTID":154,"Name_rgn":"San Martino della Battaglia","class":"Denominazione di origine controllata","country":"Italy","official":1,"state":"Lombardy","altname":null,"gen":5,"latitude":45.4305,"ppt_yr":781,"ppt_gs":522,"GDD_1":1984,"elev":null,"GI_area":null,"auv":null,"climate":null,"style":null,"_bbox":[10.477389463323648,45.38356514350064,10.655675798974045,45.50284288383269]},"geometry":{"type":"Point","coordinates":[10.58968,45.43994]},"tippecanoe":{"minzoom":6}}
,
{"type":"Feature","properties":{"_area":81783854,"OBJECTID":155,"Name_rgn":"Sangue di Giuda dell’Oltrepò Pavese","class":"Denominazione di origine controllata","country":"Italy","official":1,"state":"Lombardy","altname":null,"gen":5,"latitude":45.0369,"ppt_yr":710,"ppt_gs":437,"GDD_1":1964,"elev":null,"GI_area":null,"auv":null,"climate":null,"style":null,"_bbox":[9.212774083781289,44.98937050279779,9.361730101113364,45.07897668036483]},"geometry":{"type":"Point","coordinates":[9.28908,45.03487]},"tippecanoe":{"minzoom":6}}
,
{"type":"Feature","properties":{"_area":325344468,"OBJECTID":156,"Name_rgn":"Valtellina Rosso","class":"Denominazione di origine controllata","country":"Italy","official":1,"state":"Lombardy","altname":"Rosso di Valtellina","gen":5,"latitude":46.1762,"ppt_yr":800,"ppt_gs":579,"GDD_1":835,"elev":null,"GI_area":null,"auv":null,"climate":null,"style":null,"_bbox":[9.61852381617881,46.142900649544835,10.193115767185688,46.23298947400323]},"geometry":{"type":"Point","coordinates":[9.85712,46.18583]},"tippecanoe":{"minzoom":6}}
,
{"type":"Feature","properties":{"_area":9473428,"OBJECTID":157,"Name_rgn":"Scanzo","class":"Denominazione di origine controllata e garantita","country":"Italy","official":1,"state":"Lombardy","altname":"Moscato di Scanzo","gen":5,"latitude":45.7151,"ppt_yr":1013,"ppt_gs":708,"GDD_1":1724,"elev":null,"GI_area":null,"auv":null,"climate":null,"style":null,"_bbox":[9.736570302075894,45.70406022717671,9.800923286885219,45.728628558497014]},"geometry":{"type":"Point","coordinates":[9.78302,45.71596]},"tippecanoe":{"minzoom":7}}
,
{"type":"Feature","properties":{"_area":150940627,"OBJECTID":158,"Name_rgn":"Valtellina Superiore","class":"Denominazione di origine controllata e garantita","country":"Italy","official":1,"state":"Lombardy","altname":null,"gen":5,"latitude":46.1764,"ppt_yr":833,"ppt_gs":606,"GDD_1":793,"elev":null,"GI_area":null,"auv":null,"climate":null,"style":null,"_bbox":[9.677849969693701,46.15859067908762,10.186793370317156,46.227153079662216]},"geometry":{"type":"Point","coordinates":[10.06726,46.18805]},"tippecanoe":{"minzoom":6}}
,
{"type":"Feature","properties":{"_area":2549681,"OBJECTID":159,"Name_rgn":"Valtellina Superiore Grumello","class":"Denominazione di origine controllata e garantita","country":"Italy","official":1,"state":"Lombardy","altname":null,"gen":5,"latitude":46.1757,"ppt_yr":844,"ppt_gs":614,"GDD_1":835,"elev":null,"GI_area":null,"auv":null,"climate":null,"style":null,"_bbox":[9.869278368693234,46.17016777216391,9.907037459846508,46.181373989854166]},"geometry":{"type":"Point","coordinates":[9.88609,46.17577]},"tippecanoe":{"minzoom":8}}
,
{"type":"Feature","properties":{"_area":1974322,"OBJECTID":160,"Name_rgn":"Valtellina Superiore Inferno","class":"Denominazione di origine controllata e garantita","country":"Italy","official":1,"state":"Lombardy","altname":null,"gen":5,"latitude":46.173,"ppt_yr":804,"ppt_gs":587,"GDD_1":835,"elev":null,"GI_area":null,"auv":null,"climate":null,"style":null,"_bbox":[9.90516373316564,46.16865307706491,9.94921017700991,46.176736737177585]},"geometry":{"type":"Point","coordinates":[9.94457,46.17168]},"tippecanoe":{"minzoom":8}}
,
{"type":"Feature","properties":{"_area":981221,"OBJECTID":161,"Name_rgn":"Valtellina Superiore Maroggia","class":"Denominazione di origine controllata e garantita","country":"Italy","official":1,"state":"Lombardy","altname":null,"gen":5,"latitude":46.1772,"ppt_yr":975,"ppt_gs":708,"GDD_1":835,"elev":null,"GI_area":null,"auv":null,"climate":null,"style":null,"_bbox":[9.699480664218449,46.172567699997465,9.720153984619035,46.181826027786805]},"geometry":{"type":"Point","coordinates":[9.70527,46.17835]},"tippecanoe":{"minzoom":8}}
,
{"type":"Feature","properties":{"_area":4033209,"OBJECTID":162,"Name_rgn":"Valtellina Superiore Sassella","class":"Denominazione di origine controllata e garantita","country":"Italy","official":1,"state":"Lombardy","altname":null,"gen":5,"latitude":46.1679,"ppt_yr":887,"ppt_gs":641,"GDD_1":835,"elev":null,"GI_area":null,"auv":null,"climate":null,"style":null,"_bbox":[9.808430643360229,46.16202368734243,9.86869886011355,46.175003293231434]},"geometry":{"type":"Point","coordinates":[9.8352,46.1677]},"tippecanoe":{"minzoom":7}}
,
{"type":"Feature","properties":{"_area":6659211,"OBJECTID":163,"Name_rgn":"Valtellina Superiore Valgella","class":"Denominazione di origine controllata e garantita","country":"Italy","official":1,"state":"Lombardy","altname":null,"gen":5,"latitude":46.1636,"ppt_yr":763,"ppt_gs":553,"GDD_1":835,"elev":null,"GI_area":null,"auv":null,"climate":null,"style":null,"_bbox":[10.001432870076263,46.15859068033209,10.089327648701984,46.173422441146315]},"geometry":{"type":"Point","coordinates":[10.03573,46.16508]},"tippecanoe":{"minzoom":7}}
,
{"type":"Feature","properties":{"_area":9285782,"OBJECTID":164,"Name_rgn":"Dons","class":"Protected Designation of Origin","country":"Denmark","official":1,"state":null,"altname":null,"gen":1,"latitude":55.5547,"ppt_yr":792,"ppt_gs":488,"GDD_1":804,"elev":null,"GI_area":null,"auv":null,"climate":null,"style":null,"_bbox":[9.421740405260428,55.533853382670486,9.461702604766538,55.57611658285297]},"geometry":{"type":"Point","coordinates":[9.43985,55.55571]},"tippecanoe":{"minzoom":7}}
,
{"type":"Feature","properties":{"_area":366766753,"OBJECTID":165,"Name_rgn":"Dry Creek Valley","class":"American Viticultural Area","country":"United States","official":1,"state":"California","altname":null,"gen":2,"latitude":38.6594,"ppt_yr":1063,"ppt_gs":172,"GDD_1":1826,"elev":null,"GI_area":null,"auv":null,"climate":null,"style":null,"_bbox":[-123.11358053236904,38.54499996360632,-122.85760797718626,38.75003317708342]},"geometry":{"type":"Point","coordinates":[-123.00105,38.65673]},"tippecanoe":{"minzoom":6}}
,
{"type":"Feature","properties":{"_area":105056048,"OBJECTID":166,"Name_rgn":"Durbanville","class":"Ward","country":"South Africa","official":1,"state":"Western Cape","altname":null,"gen":1,"latitude":-33.8054,"ppt_yr":561,"ppt_gs":157,"GDD_1":2197,"elev":null,"GI_area":null,"auv":null,"climate":null,"style":null,"_bbox":[18.557671973512356,-33.87062970147431,18.69077233621088,-33.749424765728286]},"geometry":{"type":"Point","coordinates":[18.61212,-33.80293]},"tippecanoe":{"minzoom":6}}
,
{"type":"Feature","properties":{"_area":11095073,"OBJECTID":169,"Name_rgn":"Echezeaux","class":"Appellation d'origine protégée","country":"France","official":1,"state":null,"altname":null,"gen":1,"latitude":47.1592,"ppt_yr":779,"ppt_gs":475,"GDD_1":1439,"elev":null,"GI_area":null,"auv":null,"climate":null,"style":null,"_bbox":[4.933705730112685,47.14407703300497,5.015056233384549,47.178447176075764]},"geometry":{"type":"Point","coordinates":[4.97935,47.15965]},"tippecanoe":{"minzoom":7}}
,
{"type":"Feature","properties":{"_area":79694316,"OBJECTID":170,"Name_rgn":"Eilandia","class":"Ward","country":"South Africa","official":1,"state":"Western Cape","altname":null,"gen":1,"latitude":-33.767,"ppt_yr":450,"ppt_gs":155,"GDD_1":2358,"elev":null,"GI_area":null,"auv":null,"climate":null,"style":null,"_bbox":[19.590131758236286,-33.81138585364308,19.732401828707694,-33.72003935726686]},"geometry":{"type":"Point","coordinates":[19.64865,-33.76143]},"tippecanoe":{"minzoom":6}}
,
{"type":"Feature","properties":{"_area":107999090,"OBJECTID":171,"Name_rgn":"El Pomar District","class":"American Viticultural Area","country":"United States","official":1,"state":"California","altname":null,"gen":2,"latitude":35.5626,"ppt_yr":410,"ppt_gs":61,"GDD_1":2080,"elev":null,"GI_area":null,"auv":null,"climate":null,"style":null,"_bbox":[-120.68268472003972,35.50349886525627,-120.55065540787467,35.62366599832448]},"geometry":{"type":"Point","coordinates":[-120.60523,35.55279]},"tippecanoe":{"minzoom":6}}
,
{"type":"Feature","properties":{"_area":51487987,"OBJECTID":172,"Name_rgn":"Elandskloof","class":"Ward","country":"South Africa","official":1,"state":"Western Cape","altname":null,"gen":1,"latitude":-33.9202,"ppt_yr":664,"ppt_gs":225,"GDD_1":1322,"elev":null,"GI_area":null,"auv":null,"climate":null,"style":null,"_bbox":[19.22839348120102,-33.96516928862425,19.312701998362947,-33.87953974570254]},"geometry":{"type":"Point","coordinates":[19.27121,-33.9184]},"tippecanoe":{"minzoom":6}}
,
{"type":"Feature","properties":{"_area":308520793,"OBJECTID":173,"Name_rgn":"Elim","class":"Ward","country":"South Africa","official":1,"state":"Western Cape","altname":null,"gen":1,"latitude":-34.6297,"ppt_yr":450,"ppt_gs":190,"GDD_1":1995,"elev":null,"GI_area":null,"auv":null,"climate":null,"style":null,"_bbox":[19.710324238498746,-34.71278953690037,19.97598986622715,-34.53615184804759]},"geometry":{"type":"Point","coordinates":[19.83659,-34.63068]},"tippecanoe":{"minzoom":6}}
,
{"type":"Feature","properties":{"_area":364022666,"OBJECTID":174,"Name_rgn":"Elkton Oregon","class":"American Viticultural Area","country":"United States","official":1,"state":"Oregon","altname":null,"gen":2,"latitude":43.6206,"ppt_yr":1432,"ppt_gs":403,"GDD_1":1365,"elev":null,"GI_area":null,"auv":null,"climate":null,"style":null,"_bbox":[-123.70554660884324,43.519010083963224,-123.4498167128732,43.73367871373969]},"geometry":{"type":"Point","coordinates":[-123.59234,43.63892]},"tippecanoe":{"minzoom":6}}
,
{"type":"Feature","properties":{"_area":117152924,"OBJECTID":175,"Name_rgn":"Fair Play","class":"American Viticultural Area","country":"United States","official":1,"state":"California","altname":null,"gen":2,"latitude":38.5973,"ppt_yr":1038,"ppt_gs":222,"GDD_1":2117,"elev":null,"GI_area":null,"auv":null,"climate":null,"style":null,"_bbox":[-120.74206877266961,38.54559014123772,-120.59411803481919,38.65303014904726]},"geometry":{"type":"Point","coordinates":[-120.66736,38.60351]},"tippecanoe":{"minzoom":6}}
,
{"type":"Feature","properties":{"_area":23648588,"OBJECTID":177,"Name_rgn":"Fixin","class":"Appellation d'origine protégée","country":"France","official":1,"state":null,"altname":null,"gen":1,"latitude":47.2444,"ppt_yr":816,"ppt_gs":492,"GDD_1":1276,"elev":null,"GI_area":null,"auv":null,"climate":null,"style":null,"_bbox":[4.903757491253127,47.22382607678074,5.025108206242346,47.26040726570445]},"geometry":{"type":"Point","coordinates":[4.93519,47.24155]},"tippecanoe":{"minzoom":7}}
,
{"type":"Feature","properties":{"_area":15359142,"OBJECTID":178,"Name_rgn":"Fleurie","class":"Appellation d'origine protégée","country":"France","official":1,"state":null,"altname":null,"gen":1,"latitude":46.1954,"ppt_yr":826,"ppt_gs":524,"GDD_1":1447,"elev":null,"GI_area":null,"auv":null,"climate":null,"style":null,"_bbox":[4.66526948335073,46.173915816763866,4.725211361025954,46.21759550827155]},"geometry":{"type":"Point","coordinates":[4.69189,46.19371]},"tippecanoe":{"minzoom":7}}
,
{"type":"Feature","properties":{"_area":158464572,"OBJECTID":180,"Name_rgn":"Fort Ross-Seaview","class":"American Viticultural Area","country":"United States","official":1,"state":"California","altname":null,"gen":2,"latitude":38.5824,"ppt_yr":1121,"ppt_gs":192,"GDD_1":1360,"elev":null,"GI_area":null,"auv":null,"climate":null,"style":null,"_bbox":[-123.34905630676582,38.487857324805496,-123.15464629243877,38.64771855074663]},"geometry":{"type":"Point","coordinates":[-123.20855,38.57216]},"tippecanoe":{"minzoom":6}}
,
{"type":"Feature","properties":{"_area":1635665618,"OBJECTID":182,"Name_rgn":"Frankland River","class":"Subregion","country":"Australia","official":1,"state":"Western Australia","altname":null,"gen":1,"latitude":-34.355,"ppt_yr":581,"ppt_gs":192,"GDD_1":1709,"elev":null,"GI_area":null,"auv":1323,"climate":"warm summer, warm temperate","style":null,"_bbox":[116.78376918775427,-34.573881145224114,117.21966531119337,-34.16742650483979]},"geometry":{"type":"Point","coordinates":[117.00764,-34.36589]},"tippecanoe":{"minzoom":5}}
,
{"type":"Feature","properties":{"_area":173670862,"OBJECTID":184,"Name_rgn":"Fuencaliente","class":"Subzona","country":"Spain","official":1,"state":null,"altname":"La Palma Fuencaliente","gen":1,"latitude":28.5541,"ppt_yr":299,"ppt_gs":71,"GDD_1":2094,"elev":null,"GI_area":null,"auv":null,"climate":null,"style":null,"_bbox":[-17.95125848366481,28.449685998227544,-17.792481968662386,28.672636236259592]},"geometry":{"type":"Point","coordinates":[-17.84458,28.52163]},"tippecanoe":{"minzoom":6}}
,
{"type":"Feature","properties":{"_area":32174473,"OBJECTID":185,"Name_rgn":"Gambellara","class":"Denominazione di origine controllata","country":"Italy","official":1,"state":"Veneto","altname":null,"gen":5,"latitude":45.465,"ppt_yr":925,"ppt_gs":585,"GDD_1":2057,"elev":null,"GI_area":null,"auv":null,"climate":null,"style":null,"_bbox":[11.31815210994597,45.42650623321558,11.389889562597737,45.497674824068504]},"geometry":{"type":"Point","coordinates":[11.35096,45.46709]},"tippecanoe":{"minzoom":7}}
,
{"type":"Feature","properties":{"_area":21683751,"OBJECTID":186,"Name_rgn":"Gambellara Classico","class":"Denominazione di origine controllata","country":"Italy","official":1,"state":"Veneto","altname":null,"gen":5,"latitude":45.4724,"ppt_yr":926,"ppt_gs":588,"GDD_1":2057,"elev":null,"GI_area":null,"auv":null,"climate":null,"style":null,"_bbox":[11.322009723710998,45.44112748475967,11.386683787064086,45.49722806281559]},"geometry":{"type":"Point","coordinates":[11.34743,45.47181]},"tippecanoe":{"minzoom":7}}
,
{"type":"Feature","properties":{"_area":8027616,"OBJECTID":187,"Name_rgn":"Gambellara Zona Creari","class":"Denominazione di origine controllata","country":"Italy","official":1,"state":"Veneto","altname":null,"gen":5,"latitude":45.4633,"ppt_yr":932,"ppt_gs":589,"GDD_1":2057,"elev":null,"GI_area":null,"auv":null,"climate":null,"style":null,"_bbox":[11.344808774280803,45.44112733474933,11.38668042826324,45.47927046366505]},"geometry":{"type":"Point","coordinates":[11.36388,45.4602]},"tippecanoe":{"minzoom":7}}
,
{"type":"Feature","properties":{"_area":1267507,"OBJECTID":188,"Name_rgn":"Gambellara Zona Faldeo","class":"Denominazione di origine controllata","country":"Italy","official":1,"state":"Veneto","altname":null,"gen":5,"latitude":45.4778,"ppt_yr":923,"ppt_gs":588,"GDD_1":1844,"elev":null,"GI_area":null,"auv":null,"climate":null,"style":null,"_bbox":[11.326962461062472,45.46809289113473,11.342932390383323,45.48619694588578]},"geometry":{"type":"Point","coordinates":[11.33744,45.47558]},"tippecanoe":{"minzoom":8}}
,
{"type":"Feature","properties":{"_area":1737529,"OBJECTID":189,"Name_rgn":"Gambellara Zona Monti di Mezzo","class":"Denominazione di origine controllata","country":"Italy","official":1,"state":"Veneto","altname":null,"gen":5,"latitude":45.4716,"ppt_yr":908,"ppt_gs":582,"GDD_1":1844,"elev":null,"GI_area":null,"auv":null,"climate":null,"style":null,"_bbox":[11.322964218734663,45.462007369153696,11.340578680371395,45.482078688526556]},"geometry":{"type":"Point","coordinates":[11.32957,45.47302]},"tippecanoe":{"minzoom":8}}
,
{"type":"Feature","properties":{"_area":1276567,"OBJECTID":190,"Name_rgn":"Gambellara Zona San Marco","class":"Denominazione di origine controllata","country":"Italy","official":1,"state":"Veneto","altname":null,"gen":5,"latitude":45.4596,"ppt_yr":907,"ppt_gs":577,"GDD_1":1844,"elev":null,"GI_area":null,"auv":null,"climate":null,"style":null,"_bbox":[11.322009692269967,45.4538993357448,11.338678481237432,45.467432432198954]},"geometry":{"type":"Point","coordinates":[11.33004,45.46109]},"tippecanoe":{"minzoom":8}}
,
{"type":"Feature","properties":{"_area":1137283,"OBJECTID":191,"Name_rgn":"Gambellara Zona Selva","class":"Denominazione di origine controllata","country":"Italy","official":1,"state":"Veneto","altname":null,"gen":5,"latitude":45.4603,"ppt_yr":927,"ppt_gs":587,"GDD_1":2057,"elev":null,"GI_area":null,"auv":null,"climate":null,"style":null,"_bbox":[11.341375190482692,45.453339671551525,11.356435648341902,45.46812560672487]},"geometry":{"type":"Point","coordinates":[11.34738,45.46119]},"tippecanoe":{"minzoom":8}}
,
{"type":"Feature","properties":{"_area":2458974,"OBJECTID":192,"Name_rgn":"Gambellara Zona Taibane","class":"Denominazione di origine controllata","country":"Italy","official":1,"state":"Veneto","altname":null,"gen":5,"latitude":45.4768,"ppt_yr":933,"ppt_gs":593,"GDD_1":2057,"elev":null,"GI_area":null,"auv":null,"climate":null,"style":null,"_bbox":[11.335436694040705,45.46187830453892,11.353411955926491,45.4853993195767]},"geometry":{"type":"Point","coordinates":[11.34499,45.47817]},"tippecanoe":{"minzoom":8}}
,
{"type":"Feature","properties":{"_area":136930334,"OBJECTID":193,"Name_rgn":"Goedemoed","class":"Ward","country":"South Africa","official":1,"state":"Western Cape","altname":null,"gen":1,"latitude":-33.8613,"ppt_yr":377,"ppt_gs":152,"GDD_1":2467,"elev":null,"GI_area":null,"auv":null,"climate":null,"style":null,"_bbox":[19.826880323219765,-33.92683289373461,19.975506129734853,-33.798420837065834]},"geometry":{"type":"Point","coordinates":[19.91316,-33.86062]},"tippecanoe":{"minzoom":6}}
,
{"type":"Feature","properties":{"_area":8604952,"OBJECTID":194,"Name_rgn":"Golden Mile Bench","class":"Geographical Indication","country":"Canada","official":1,"state":"British Columbia","altname":null,"gen":3,"latitude":49.1486,"ppt_yr":312,"ppt_gs":172,"GDD_1":1206,"elev":null,"GI_area":null,"auv":null,"climate":null,"style":null,"_bbox":[-119.60418721843911,49.11597303864779,-119.58176659845408,49.179572777508234]},"geometry":{"type":"Point","coordinates":[-119.59368,49.16292]},"tippecanoe":{"minzoom":7}}
,
{"type":"Feature","properties":{"_area":69447104,"OBJECTID":195,"Name_rgn":"Goree","class":"Ward","country":"South Africa","official":1,"state":"Western Cape","altname":null,"gen":1,"latitude":-33.8247,"ppt_yr":420,"ppt_gs":155,"GDD_1":2337,"elev":null,"GI_area":null,"auv":null,"climate":null,"style":null,"_bbox":[19.693079656383627,-33.864259496982385,19.820732079142097,-33.785441632038044]},"geometry":{"type":"Point","coordinates":[19.76759,-33.82423]},"tippecanoe":{"minzoom":6}}
,
{"type":"Feature","properties":{"_area":271153183,"OBJECTID":196,"Name_rgn":"Goudini","class":"Ward","country":"South Africa","official":1,"state":"Western Cape","altname":null,"gen":1,"latitude":-33.6843,"ppt_yr":605,"ppt_gs":182,"GDD_1":2160,"elev":null,"GI_area":null,"auv":null,"climate":null,"style":null,"_bbox":[19.216811517514248,-33.80902838629718,19.413589103756347,-33.57796835834366]},"geometry":{"type":"Point","coordinates":[19.31482,-33.70103]},"tippecanoe":{"minzoom":6}}
,
{"type":"Feature","properties":{"_area":28954411,"OBJECTID":197,"Name_rgn":"Goudmyn","class":"Ward","country":"South Africa","official":1,"state":"Western Cape","altname":null,"gen":1,"latitude":-33.8847,"ppt_yr":363,"ppt_gs":153,"GDD_1":2479,"elev":null,"GI_area":null,"auv":null,"climate":null,"style":null,"_bbox":[19.962014994541036,-33.90680151533446,20.043943879006893,-33.859948800314456]},"geometry":{"type":"Point","coordinates":[19.98617,-33.88411]},"tippecanoe":{"minzoom":7}}
,
{"type":"Feature","properties":{"_area":11095073,"OBJECTID":198,"Name_rgn":"Grands-Echezeaux","class":"Appellation d'origine protégée","country":"France","official":1,"state":null,"altname":null,"gen":1,"latitude":47.1592,"ppt_yr":779,"ppt_gs":475,"GDD_1":1309,"elev":null,"GI_area":null,"auv":null,"climate":null,"style":null,"_bbox":[4.933705730112685,47.14407703300497,5.015056233384549,47.178447176075764]},"geometry":{"type":"Point","coordinates":[4.97935,47.15965]},"tippecanoe":{"minzoom":7}}
,
{"type":"Feature","properties":{"_area":97896910,"OBJECTID":200,"Name_rgn":"Green Valley of Russian River Valley","class":"American Viticultural Area","country":"United States","official":1,"state":"California","altname":null,"gen":2,"latitude":38.4335,"ppt_yr":989,"ppt_gs":158,"GDD_1":1632,"elev":null,"GI_area":null,"auv":null,"climate":null,"style":null,"_bbox":[-122.9452223745438,38.378126957020385,-122.824201350247,38.50306770210291]},"geometry":{"type":"Point","coordinates":[-122.90126,38.43344]},"tippecanoe":{"minzoom":6}}
,
{"type":"Feature","properties":{"_area":362324429,"OBJECTID":201,"Name_rgn":"Greyton","class":"Ward","country":"South Africa","official":1,"state":"Western Cape","altname":null,"gen":1,"latitude":-34.0811,"ppt_yr":504,"ppt_gs":200,"GDD_1":1843,"elev":null,"GI_area":null,"auv":null,"climate":null,"style":null,"_bbox":[19.56270142345626,-34.17035673953969,19.855932583313255,-34.001655568491095]},"geometry":{"type":"Point","coordinates":[19.7057,-34.09457]},"tippecanoe":{"minzoom":6}}
,
{"type":"Feature","properties":{"_area":32392508,"OBJECTID":202,"Name_rgn":"Groenberg","class":"Ward","country":"South Africa","official":1,"state":"Western Cape","altname":null,"gen":1,"latitude":-33.5932,"ppt_yr":594,"ppt_gs":172,"GDD_1":2508,"elev":null,"GI_area":null,"auv":null,"climate":null,"style":null,"_bbox":[18.997868762509533,-33.625657896949924,19.065412585665907,-33.54505966043213]},"geometry":{"type":"Point","coordinates":[19.02478,-33.59452]},"tippecanoe":{"minzoom":7}}
,
{"type":"Feature","properties":{"_area":242724452,"OBJECTID":203,"Name_rgn":"Groenekloof","class":"Ward","country":"South Africa","official":1,"state":"Western Cape","altname":null,"gen":1,"latitude":-33.4228,"ppt_yr":420,"ppt_gs":112,"GDD_1":2193,"elev":null,"GI_area":null,"auv":null,"climate":null,"style":null,"_bbox":[18.300869094732686,-33.52715498914324,18.57142700319394,-33.32507857929602]},"geometry":{"type":"Point","coordinates":[18.44966,-33.4202]},"tippecanoe":{"minzoom":6}}
,
{"type":"Feature","properties":{"_area":65123774,"OBJECTID":204,"Name_rgn":"Guérard","class":"Indication géographique protégée","country":"France","official":5,"state":null,"altname":null,"gen":1,"latitude":48.8337,"ppt_yr":625,"ppt_gs":373,"GDD_1":1298,"elev":null,"GI_area":null,"auv":null,"climate":null,"style":null,"_bbox":[2.87547788279446,48.780203394462525,2.989007025893667,48.882142586328946]},"geometry":{"type":"Point","coordinates":[2.92963,48.83436]},"tippecanoe":{"minzoom":6}}
,
{"type":"Feature","properties":{"_area":126232557,"OBJECTID":205,"Name_rgn":"Gy","class":"Indication géographique protégée","country":"France","official":1,"state":null,"altname":null,"gen":1,"latitude":47.382,"ppt_yr":1028,"ppt_gs":606,"GDD_1":1411,"elev":null,"GI_area":null,"auv":null,"climate":null,"style":null,"_bbox":[5.726179192498757,47.313011816636845,5.90675529248586,47.437524944664666]},"geometry":{"type":"Point","coordinates":[5.786,47.37867]},"tippecanoe":{"minzoom":6}}
,
{"type":"Feature","properties":{"_area":50802726,"OBJECTID":206,"Name_rgn":"Hames Valley","class":"American Viticultural Area","country":"United States","official":1,"state":"California","altname":null,"gen":2,"latitude":35.8838,"ppt_yr":355,"ppt_gs":54,"GDD_1":2002,"elev":null,"GI_area":null,"auv":null,"climate":null,"style":null,"_bbox":[-120.95790179551929,35.84426705973301,-120.83103102743227,35.9223108818368]},"geometry":{"type":"Point","coordinates":[-120.87559,35.88146]},"tippecanoe":{"minzoom":6}}
,
{"type":"Feature","properties":{"_area":121162517,"OBJECTID":207,"Name_rgn":"Happy Canyon of Santa Barbara","class":"American Viticultural Area","country":"United States","official":1,"state":"California","altname":null,"gen":2,"latitude":34.6599,"ppt_yr":461,"ppt_gs":71,"GDD_1":1840,"elev":null,"GI_area":null,"auv":null,"climate":null,"style":null,"_bbox":[-120.05078167863405,34.587990622435704,-119.9492474978769,34.74274841332106]},"geometry":{"type":"Point","coordinates":[-119.99526,34.65938]},"tippecanoe":{"minzoom":6}}
,
{"type":"Feature","properties":{"_area":1087000737,"OBJECTID":208,"Name_rgn":"Hartswater","class":"Ward","country":"South Africa","official":1,"state":"Northern Cape","altname":null,"gen":1,"latitude":-27.888,"ppt_yr":442,"ppt_gs":400,"GDD_1":2778,"elev":null,"GI_area":null,"auv":null,"climate":null,"style":null,"_bbox":[24.560135238825584,-28.128541931712846,24.87310063196325,-27.60425756999072]},"geometry":{"type":"Point","coordinates":[24.73923,-27.89932]},"tippecanoe":{"minzoom":5}}
,
{"type":"Feature","properties":{"_area":12233776,"OBJECTID":212,"Name_rgn":"Hemel-en-Aarde Ridge","class":"Ward","country":"South Africa","official":1,"state":"Western Cape","altname":null,"gen":1,"latitude":-34.3317,"ppt_yr":648,"ppt_gs":236,"GDD_1":1644,"elev":null,"GI_area":null,"auv":null,"climate":null,"style":null,"_bbox":[19.297523977982525,-34.352857398620245,19.348236227560474,-34.31645998881745]},"geometry":{"type":"Point","coordinates":[19.31857,-34.33409]},"tippecanoe":{"minzoom":7}}
,
{"type":"Feature","properties":{"_area":17003616,"OBJECTID":213,"Name_rgn":"Hemel-en-Aarde Valley","class":"Ward","country":"South Africa","official":1,"state":"Western Cape","altname":"Hemel-en-Aarde Vallei","gen":1,"latitude":-34.3895,"ppt_yr":603,"ppt_gs":218,"GDD_1":1755,"elev":null,"GI_area":null,"auv":null,"climate":null,"style":null,"_bbox":[19.204392384169783,-34.41113484115781,19.270562395795846,-34.3716086111561]},"geometry":{"type":"Point","coordinates":[19.23465,-34.38828]},"tippecanoe":{"minzoom":7}}
,
{"type":"Feature","properties":{"_area":104999762,"OBJECTID":214,"Name_rgn":"Herbertsdale","class":"Ward","country":"South Africa","official":1,"state":"Western Cape","altname":null,"gen":1,"latitude":-33.9918,"ppt_yr":349,"ppt_gs":210,"GDD_1":2066,"elev":null,"GI_area":null,"auv":null,"climate":null,"style":null,"_bbox":[21.614759795015082,-34.027256001236715,21.810182920336388,-33.94675825883701]},"geometry":{"type":"Point","coordinates":[21.75752,-33.99015]},"tippecanoe":{"minzoom":6}}
,
{"type":"Feature","properties":{"_area":22732180,"OBJECTID":215,"Name_rgn":"Hermitage","class":"Appellation d'origine protégée","country":"France","official":1,"state":null,"altname":null,"gen":1,"latitude":45.0916,"ppt_yr":831,"ppt_gs":540,"GDD_1":1703,"elev":null,"GI_area":null,"auv":null,"climate":null,"style":null,"_bbox":[4.827657617460749,45.05542918704962,4.880761586566911,45.12671366315593]},"geometry":{"type":"Point","coordinates":[4.85462,45.08903]},"tippecanoe":{"minzoom":7}}
,
{"type":"Feature","properties":{"_area":111693114,"OBJECTID":216,"Name_rgn":"Hex River Valley","class":"Ward","country":"South Africa","official":1,"state":"Western Cape","altname":"Hexrivier Vallei","gen":1,"latitude":-33.475,"ppt_yr":374,"ppt_gs":121,"GDD_1":1782,"elev":null,"GI_area":null,"auv":null,"climate":null,"style":null,"_bbox":[19.504716897530006,-33.53151091648418,19.73398093672144,-33.39716109418363]},"geometry":{"type":"Point","coordinates":[19.65114,-33.46801]},"tippecanoe":{"minzoom":6}}
,
{"type":"Feature","properties":{"_area":52795632,"OBJECTID":217,"Name_rgn":"High Eden","class":"Subregion","country":"Australia","official":1,"state":"South Australia","altname":null,"gen":1,"latitude":-34.6346,"ppt_yr":653,"ppt_gs":240,"GDD_1":1658,"elev":null,"GI_area":null,"auv":391,"climate":"warm summer, warm temperate","style":"Riesling, Shiraz, Cabernet Sauvignon, Chardonnay","_bbox":[138.97574360477412,-34.682119658494294,139.05081002522263,-34.584999517730544]},"geometry":{"type":"Point","coordinates":[139.0121,-34.63403]},"tippecanoe":{"minzoom":6}}
,
{"type":"Feature","properties":{"_area":112465755,"OBJECTID":218,"Name_rgn":"Hoopsrivier","class":"Ward","country":"South Africa","official":1,"state":"Western Cape","altname":null,"gen":1,"latitude":-33.7651,"ppt_yr":369,"ppt_gs":149,"GDD_1":1965,"elev":null,"GI_area":null,"auv":null,"climate":null,"style":null,"_bbox":[19.82949059836504,-33.815032988674766,19.973076322536937,-33.71861203360963]},"geometry":{"type":"Point","coordinates":[19.90331,-33.76833]},"tippecanoe":{"minzoom":6}}
,
{"type":"Feature","properties":{"_area":19492818,"OBJECTID":219,"Name_rgn":"Hout Bay","class":"Ward","country":"South Africa","official":1,"state":"Western Cape","altname":"Houtbaai","gen":1,"latitude":-34.0183,"ppt_yr":524,"ppt_gs":146,"GDD_1":1808,"elev":null,"GI_area":null,"auv":null,"climate":null,"style":null,"_bbox":[18.344756976047854,-34.05281200018991,18.401391067302434,-33.99864598909272]},"geometry":{"type":"Point","coordinates":[18.36888,-34.01938]},"tippecanoe":{"minzoom":7}}
,
{"type":"Feature","properties":{"_area":66860091,"OBJECTID":220,"Name_rgn":"Howell Mountain","class":"American Viticultural Area","country":"United States","official":1,"state":"California","altname":null,"gen":2,"latitude":38.5864,"ppt_yr":1021,"ppt_gs":164,"GDD_1":1885,"elev":null,"GI_area":null,"auv":null,"climate":null,"style":null,"_bbox":[-122.521781378146,38.52549459548803,-122.37917864176192,38.632369600441706]},"geometry":{"type":"Point","coordinates":[-122.48003,38.5973]},"tippecanoe":{"minzoom":6}}
,
{"type":"Feature","properties":{"_area":189117525,"OBJECTID":221,"Name_rgn":"Hoyo de Mazo","class":"Subzona","country":"Spain","official":1,"state":null,"altname":"La Palma Hoyo de Mazo","gen":1,"latitude":28.6322,"ppt_yr":359,"ppt_gs":91,"GDD_1":1696,"elev":null,"GI_area":null,"auv":null,"climate":null,"style":null,"_bbox":[-17.846818757816713,28.524092486331064,-17.749448999630076,28.73970394414677]},"geometry":{"type":"Point","coordinates":[-17.79737,28.63135]},"tippecanoe":{"minzoom":6}}
,
{"type":"Feature","properties":{"_area":10723813,"OBJECTID":222,"Name_rgn":"Hugier","class":"Indication géographique protégée","country":"France","official":1,"state":null,"altname":null,"gen":1,"latitude":47.312,"ppt_yr":999,"ppt_gs":593,"GDD_1":1411,"elev":null,"GI_area":null,"auv":null,"climate":null,"style":null,"_bbox":[5.680873985260911,47.28648457509857,5.73235138745854,47.33274322380985]},"geometry":{"type":"Point","coordinates":[5.7087,47.31431]},"tippecanoe":{"minzoom":7}}
,
{"type":"Feature","properties":{"_area":22526932,"OBJECTID":224,"Name_rgn":"Collina del Milanese","class":"Indicazione geografica tipica","country":"Italy","official":1,"state":"Lombardy","altname":null,"gen":5,"latitude":45.1818,"ppt_yr":762,"ppt_gs":476,"GDD_1":1974,"elev":null,"GI_area":null,"auv":null,"climate":null,"style":null,"_bbox":[9.405415080853594,45.16103761213673,9.506135611643884,45.20721735297786]},"geometry":{"type":"Point","coordinates":[9.46567,45.17727]},"tippecanoe":{"minzoom":7}}
,
{"type":"Feature","properties":{"_area":143679236,"OBJECTID":225,"Name_rgn":"Montenetto di Brescia","class":"Indicazione geografica tipica","country":"Italy","official":1,"state":"Lombardy","altname":null,"gen":5,"latitude":45.4656,"ppt_yr":868,"ppt_gs":575,"GDD_1":2028,"elev":null,"GI_area":null,"auv":null,"climate":null,"style":null,"_bbox":[10.086994629586004,45.4156673870821,10.350149185820932,45.501572689087624]},"geometry":{"type":"Point","coordinates":[10.14538,45.45795]},"tippecanoe":{"minzoom":6}}
,
{"type":"Feature","properties":{"_area":133342771,"OBJECTID":226,"Name_rgn":"Quistello","class":"Indicazione geografica tipica","country":"Italy","official":1,"state":"Lombardy","altname":null,"gen":5,"latitude":44.9949,"ppt_yr":641,"ppt_gs":404,"GDD_1":2122,"elev":null,"GI_area":null,"auv":null,"climate":null,"style":null,"_bbox":[10.947824461065897,44.92778277880058,11.107802119722905,45.06402040882843]},"geometry":{"type":"Point","coordinates":[11.0186,45.00069]},"tippecanoe":{"minzoom":6}}
,
{"type":"Feature","properties":{"_area":236404410,"OBJECTID":227,"Name_rgn":"Île d’Oléron","class":"Indication géographique protégée","country":"France","official":1,"state":null,"altname":null,"gen":1,"latitude":45.9355,"ppt_yr":797,"ppt_gs":390,"GDD_1":1595,"elev":null,"GI_area":null,"auv":null,"climate":null,"style":null,"_bbox":[-1.413432281074598,45.8017686450291,-1.188000008422539,46.04817234446577]},"geometry":{"type":"Point","coordinates":[-1.28443,45.9387]},"tippecanoe":{"minzoom":6}}
,
{"type":"Feature","properties":{"_area":136022308,"OBJECTID":229,"Name_rgn":"Île de Ré","class":"Indication géographique protégée","country":"France","official":1,"state":null,"altname":null,"gen":1,"latitude":46.1973,"ppt_yr":767,"ppt_gs":375,"GDD_1":1565,"elev":null,"GI_area":null,"auv":null,"climate":null,"style":null,"_bbox":[-1.562927522037419,46.14287739759839,-1.2549534479944,46.25813909501408]},"geometry":{"type":"Point","coordinates":[-1.50395,46.22617]},"tippecanoe":{"minzoom":6}}
,
{"type":"Feature","properties":{"_area":14292350,"OBJECTID":230,"Name_rgn":"Jonkershoek Valley","class":"Ward","country":"South Africa","official":1,"state":"Western Cape","altname":"Jonkershoek Vallei","gen":1,"latitude":-33.9467,"ppt_yr":740,"ppt_gs":234,"GDD_1":2064,"elev":null,"GI_area":null,"auv":null,"climate":null,"style":null,"_bbox":[18.873455037641545,-33.96509169466243,18.937929500728394,-33.929508198200935]},"geometry":{"type":"Point","coordinates":[18.90737,-33.94674]},"tippecanoe":{"minzoom":7}}
,
{"type":"Feature","properties":{"_area":523853296,"OBJECTID":231,"Name_rgn":"Karpatská perla","class":"Chránené Označenie Pôvodu","country":"Slovakia","official":1,"state":"Bratislavský","altname":null,"gen":2,"latitude":48.3193,"ppt_yr":757,"ppt_gs":535,"GDD_1":1356,"elev":null,"GI_area":null,"auv":null,"climate":null,"style":null,"_bbox":[17.134312755186027,48.19148626837209,17.46735997841531,48.45597104047011]},"geometry":{"type":"Point","coordinates":[17.33009,48.32218]},"tippecanoe":{"minzoom":5}}
,
{"type":"Feature","properties":{"_area":58310600,"OBJECTID":232,"Name_rgn":"Kelsey Bench-Lake County","class":"American Viticultural Area","country":"United States","official":1,"state":"California","altname":null,"gen":2,"latitude":38.9488,"ppt_yr":848,"ppt_gs":138,"GDD_1":2063,"elev":null,"GI_area":null,"auv":null,"climate":null,"style":null,"_bbox":[-122.92299802836354,38.90405185630102,-122.8067612812513,38.985710506599254]},"geometry":{"type":"Point","coordinates":[-122.85474,38.94552]},"tippecanoe":{"minzoom":6}}
,
{"type":"Feature","properties":{"_area":62059330,"OBJECTID":233,"Name_rgn":"Klaasvoogds","class":"Ward","country":"South Africa","official":1,"state":"Western Cape","altname":null,"gen":1,"latitude":-33.7866,"ppt_yr":350,"ppt_gs":147,"GDD_1":2112,"elev":null,"GI_area":null,"auv":null,"climate":null,"style":null,"_bbox":[19.944888051303945,-33.84242650906735,20.030179998224813,-33.73346067756367]},"geometry":{"type":"Point","coordinates":[19.98687,-33.79245]},"tippecanoe":{"minzoom":6}}
,
{"type":"Feature","properties":{"_area":239568580,"OBJECTID":234,"Name_rgn":"Klein River","class":"Ward","country":"South Africa","official":1,"state":"Western Cape","altname":"Kleinrivier","gen":1,"latitude":-34.3954,"ppt_yr":524,"ppt_gs":208,"GDD_1":1893,"elev":null,"GI_area":null,"auv":null,"climate":null,"style":null,"_bbox":[19.48405899760959,-34.461566914472755,19.78369929386232,-34.34288894645317]},"geometry":{"type":"Point","coordinates":[19.63426,-34.40037]},"tippecanoe":{"minzoom":6}}
,
{"type":"Feature","properties":{"_area":150687110,"OBJECTID":235,"Name_rgn":"Klettgau","class":"Produktionsgebiet","country":"Switzerland","official":6,"state":"Schaffhausen","altname":null,"gen":3,"latitude":47.7066,"ppt_yr":958,"ppt_gs":573,"GDD_1":1102,"elev":null,"GI_area":null,"auv":null,"climate":null,"style":null,"_bbox":[8.405797079486288,47.6398224471661,8.609248883286387,47.777611382210615]},"geometry":{"type":"Point","coordinates":[8.50429,47.7071]},"tippecanoe":{"minzoom":6}}
,
{"type":"Feature","properties":{"_area":180745227,"OBJECTID":236,"Name_rgn":"Knights Valley","class":"American Viticultural Area","country":"United States","official":1,"state":"California","altname":null,"gen":2,"latitude":38.6569,"ppt_yr":1048,"ppt_gs":171,"GDD_1":1859,"elev":null,"GI_area":null,"auv":null,"climate":null,"style":null,"_bbox":[-122.76208237134473,38.56132598937283,-122.62370935247596,38.73585997465754]},"geometry":{"type":"Point","coordinates":[-122.69019,38.65484]},"tippecanoe":{"minzoom":6}}
,
{"type":"Feature","properties":{"_area":67257838,"OBJECTID":237,"Name_rgn":"Koekenaap","class":"Ward","country":"South Africa","official":1,"state":"Western Cape","altname":null,"gen":1,"latitude":-31.5329,"ppt_yr":181,"ppt_gs":45,"GDD_1":2412,"elev":null,"GI_area":null,"auv":null,"climate":null,"style":null,"_bbox":[18.208307613121754,-31.585077273810537,18.3039687765363,-31.47164343526032]},"geometry":{"type":"Point","coordinates":[18.25838,-31.54397]},"tippecanoe":{"minzoom":6}}
,
{"type":"Feature","properties":{"_area":59515518,"OBJECTID":238,"Name_rgn":"Kumeu","class":"Region","country":"New Zealand","official":1,"state":null,"altname":null,"gen":1,"latitude":-36.7873,"ppt_yr":1323,"ppt_gs":655,"GDD_1":1435,"elev":null,"GI_area":null,"auv":null,"climate":null,"style":null,"_bbox":[174.49385999952597,-36.83387803324111,174.6063120374467,-36.754369989448655]},"geometry":{"type":"Point","coordinates":[174.53299,-36.78978]},"tippecanoe":{"minzoom":6}}
,
{"type":"Feature","properties":{"_area":24854864,"OBJECTID":239,"Name_rgn":"L'Étoile","class":"Appellation d'origine protégée","country":"France","official":1,"state":null,"altname":null,"gen":1,"latitude":46.7212,"ppt_yr":1136,"ppt_gs":683,"GDD_1":1550,"elev":null,"GI_area":null,"auv":null,"climate":null,"style":null,"_bbox":[5.483087941297703,46.698569504016604,5.571241964731243,46.74413792004933]},"geometry":{"type":"Point","coordinates":[5.53756,46.72171]},"tippecanoe":{"minzoom":7}}
,
{"type":"Feature","properties":{"_area":4516896,"OBJECTID":240,"Name_rgn":"La Grande Rue","class":"Appellation d'origine protégée","country":"France","official":1,"state":null,"altname":null,"gen":1,"latitude":47.1598,"ppt_yr":795,"ppt_gs":485,"GDD_1":1309,"elev":null,"GI_area":null,"auv":null,"climate":null,"style":null,"_bbox":[4.935975886921679,47.14794108256757,4.976438160580165,47.17062572174055]},"geometry":{"type":"Point","coordinates":[4.95937,47.15716]},"tippecanoe":{"minzoom":7}}
,
{"type":"Feature","properties":{"_area":4516896,"OBJECTID":241,"Name_rgn":"La Romanée","class":"Appellation d'origine protégée","country":"France","official":1,"state":null,"altname":null,"gen":1,"latitude":47.1598,"ppt_yr":795,"ppt_gs":485,"GDD_1":1309,"elev":null,"GI_area":null,"auv":null,"climate":null,"style":null,"_bbox":[4.935975886921679,47.14794108256757,4.976438160580165,47.17062572174055]},"geometry":{"type":"Point","coordinates":[4.95937,47.15716]},"tippecanoe":{"minzoom":7}}
,
{"type":"Feature","properties":{"_area":4516896,"OBJECTID":242,"Name_rgn":"La Tâche","class":"Appellation d'origine protégée","country":"France","official":1,"state":null,"altname":null,"gen":1,"latitude":47.1598,"ppt_yr":795,"ppt_gs":485,"GDD_1":1309,"elev":null,"GI_area":null,"auv":null,"climate":null,"style":null,"_bbox":[4.935975886921679,47.14794108256757,4.976438160580165,47.17062572174055]},"geometry":{"type":"Point","coordinates":[4.95937,47.15716]},"tippecanoe":{"minzoom":7}}
,
{"type":"Feature","properties":{"_area":16891774,"OBJECTID":243,"Name_rgn":"Lalande-de-Pomerol","class":"Appellation d'origine protégée","country":"France","official":1,"state":null,"altname":null,"gen":1,"latitude":44.9507,"ppt_yr":885,"ppt_gs":462,"GDD_1":1690,"elev":null,"GI_area":null,"auv":null,"climate":null,"style":null,"_bbox":[-0.231659478643229,44.931356135257566,-0.152086582316837,44.968173228252546]},"geometry":{"type":"Point","coordinates":[-0.18506,44.95034]},"tippecanoe":{"minzoom":7}}
,
{"type":"Feature","properties":{"_area":380371582,"OBJECTID":244,"Name_rgn":"Lamberts Bay","class":"Ward","country":"South Africa","official":1,"state":"Western Cape","altname":"Lambertsbaai","gen":1,"latitude":-32.0487,"ppt_yr":217,"ppt_gs":57,"GDD_1":2292,"elev":null,"GI_area":null,"auv":null,"climate":null,"style":null,"_bbox":[18.266489375846717,-32.21447538749249,18.418379402287847,-31.87008809589583]},"geometry":{"type":"Point","coordinates":[18.33413,-31.96884]},"tippecanoe":{"minzoom":5}}
,
{"type":"Feature","properties":{"_area":134796276,"OBJECTID":245,"Name_rgn":"Lamorinda","class":"American Viticultural Area","country":"United States","official":1,"state":"California","altname":null,"gen":2,"latitude":37.8703,"ppt_yr":635,"ppt_gs":105,"GDD_1":1752,"elev":null,"GI_area":null,"auv":null,"climate":null,"style":null,"_bbox":[-122.22193353333338,37.80314218369227,-122.0611459661926,37.937864980333636]},"geometry":{"type":"Point","coordinates":[-122.13405,37.8784]},"tippecanoe":{"minzoom":6}}
,
{"type":"Feature","properties":{"_area":156537637,"OBJECTID":247,"Name_rgn":"Le Chasseur","class":"Ward","country":"South Africa","official":1,"state":"Western Cape","altname":null,"gen":1,"latitude":-33.8787,"ppt_yr":451,"ppt_gs":166,"GDD_1":2363,"elev":null,"GI_area":null,"auv":null,"climate":null,"style":null,"_bbox":[19.649969538238093,-33.9567074403379,19.838676509050668,-33.8034169115383]},"geometry":{"type":"Point","coordinates":[19.74158,-33.88785]},"tippecanoe":{"minzoom":6}}
,
{"type":"Feature","properties":{"_area":1432764998,"OBJECTID":248,"Name_rgn":"Leipoldtville-Sandveld","class":"Ward","country":"South Africa","official":1,"state":"Western Cape","altname":null,"gen":1,"latitude":-32.2416,"ppt_yr":247,"ppt_gs":69,"GDD_1":2459,"elev":null,"GI_area":null,"auv":null,"climate":null,"style":null,"_bbox":[18.385300483459165,-32.56592177055796,18.806356032366086,-31.945056999750715]},"geometry":{"type":"Point","coordinates":[18.65216,-32.31715]},"tippecanoe":{"minzoom":5}}
,
{"type":"Feature","properties":{"_area":12332465,"OBJECTID":250,"Name_rgn":"Lime Kiln Valley","class":"American Viticultural Area","country":"United States","official":1,"state":"California","altname":null,"gen":2,"latitude":36.6935,"ppt_yr":482,"ppt_gs":85,"GDD_1":1824,"elev":null,"GI_area":null,"auv":null,"climate":null,"style":null,"_bbox":[-121.37530046819457,36.676442906786605,-121.32004673269715,36.711428575115875]},"geometry":{"type":"Point","coordinates":[-121.33649,36.69339]},"tippecanoe":{"minzoom":7}}
,
{"type":"Feature","properties":{"_area":196364682,"OBJECTID":251,"Name_rgn":"Limietberg","class":"Ward","country":"South Africa","official":1,"state":"Western Cape","altname":null,"gen":1,"latitude":-33.52,"ppt_yr":548,"ppt_gs":160,"GDD_1":2450,"elev":null,"GI_area":null,"auv":null,"climate":null,"style":null,"_bbox":[19.007302422262363,-33.6506466579628,19.1269870435722,-33.412628418720985]},"geometry":{"type":"Point","coordinates":[19.06294,-33.53049]},"tippecanoe":{"minzoom":6}}
,
{"type":"Feature","properties":{"_area":78697751,"OBJECTID":252,"Name_rgn":"Lison Classico","class":"Denominazione di origine controllata e garantita","country":"Italy","official":1,"state":"Veneto","altname":null,"gen":5,"latitude":45.7736,"ppt_yr":1024,"ppt_gs":677,"GDD_1":2049,"elev":null,"GI_area":null,"auv":null,"climate":null,"style":null,"_bbox":[12.692199182116378,45.721074623094815,12.813313981545697,45.83727054907607]},"geometry":{"type":"Point","coordinates":[12.74258,45.77236]},"tippecanoe":{"minzoom":6}}
,
{"type":"Feature","properties":{"_area":1055964643,"OBJECTID":253,"Name_rgn":"Livermore Valley","class":"American Viticultural Area","country":"United States","official":1,"state":"California","altname":null,"gen":2,"latitude":37.7009,"ppt_yr":483,"ppt_gs":84,"GDD_1":2010,"elev":null,"GI_area":null,"auv":null,"climate":null,"style":null,"_bbox":[-122.06452097354598,37.52015537494,-121.61080632986514,37.88151291073024]},"geometry":{"type":"Point","coordinates":[-121.82597,37.67684]},"tippecanoe":{"minzoom":5}}
,
{"type":"Feature","properties":{"_area":250622307,"OBJECTID":254,"Name_rgn":"Los Carneros","class":"American Viticultural Area","country":"United States","official":1,"state":"California","altname":null,"gen":2,"latitude":38.2452,"ppt_yr":730,"ppt_gs":117,"GDD_1":1981,"elev":null,"GI_area":null,"auv":null,"climate":null,"style":null,"_bbox":[-122.5456401326289,38.15086697276747,-122.28228584227877,38.30347620314944]},"geometry":{"type":"Point","coordinates":[-122.42641,38.23194]},"tippecanoe":{"minzoom":6}}
,
{"type":"Feature","properties":{"_area":114478303,"OBJECTID":255,"Name_rgn":"Los Olivos District","class":"American Viticultural Area","country":"United States","official":1,"state":"California","altname":null,"gen":2,"latitude":34.6244,"ppt_yr":438,"ppt_gs":67,"GDD_1":1863,"elev":null,"GI_area":null,"auv":null,"climate":null,"style":null,"_bbox":[-120.15511606893025,34.575302685571266,-120.02740211516809,34.69040952616873]},"geometry":{"type":"Point","coordinates":[-120.08947,34.63016]},"tippecanoe":{"minzoom":6}}
,
{"type":"Feature","properties":{"_area":13133972,"OBJECTID":256,"Name_rgn":"Loupiac","class":"Appellation d'origine protégée","country":"France","official":1,"state":null,"altname":null,"gen":1,"latitude":44.6279,"ppt_yr":888,"ppt_gs":460,"GDD_1":1692,"elev":null,"GI_area":null,"auv":null,"climate":null,"style":null,"_bbox":[-0.313047879141978,44.60223108870883,-0.257867392272821,44.64909133694629]},"geometry":{"type":"Point","coordinates":[-0.29364,44.6231]},"tippecanoe":{"minzoom":7}}
,
{"type":"Feature","properties":{"_area":17257102,"OBJECTID":258,"Name_rgn":"Mâcon Azé","class":"Appellation d'origine protégée","country":"France","official":1,"state":null,"altname":null,"gen":1,"latitude":46.432,"ppt_yr":858,"ppt_gs":528,"GDD_1":1367,"elev":null,"GI_area":null,"auv":null,"climate":null,"style":null,"_bbox":[4.714673176817222,46.409239289780444,4.77871787239746,46.45607202872085]},"geometry":{"type":"Point","coordinates":[4.74468,46.43485]},"tippecanoe":{"minzoom":7}}
,
{"type":"Feature","properties":{"_area":2966202,"OBJECTID":259,"Name_rgn":"Mâcon Burgy","class":"Appellation d'origine protégée","country":"France","official":1,"state":null,"altname":null,"gen":1,"latitude":46.4649,"ppt_yr":849,"ppt_gs":524,"GDD_1":1474,"elev":null,"GI_area":null,"auv":null,"climate":null,"style":null,"_bbox":[4.816778590873679,46.452997883202016,4.843474474755491,46.475538883037665]},"geometry":{"type":"Point","coordinates":[4.83298,46.46638]},"tippecanoe":{"minzoom":8}}
,
{"type":"Feature","properties":{"_area":4296351,"OBJECTID":260,"Name_rgn":"Mâcon Bussières","class":"Appellation d'origine protégée","country":"France","official":1,"state":null,"altname":null,"gen":1,"latitude":46.3335,"ppt_yr":836,"ppt_gs":520,"GDD_1":1415,"elev":null,"GI_area":null,"auv":null,"climate":null,"style":null,"_bbox":[4.694935561379511,46.322620811683954,4.730592340544733,46.3446483303045]},"geometry":{"type":"Point","coordinates":[4.70939,46.33295]},"tippecanoe":{"minzoom":7}}
,
{"type":"Feature","properties":{"_area":17280341,"OBJECTID":261,"Name_rgn":"Mâcon Chaintré","class":"Appellation d'origine protégée","country":"France","official":1,"state":null,"altname":null,"gen":1,"latitude":46.2453,"ppt_yr":805,"ppt_gs":506,"GDD_1":1558,"elev":null,"GI_area":null,"auv":null,"climate":null,"style":null,"_bbox":[4.742598876780906,46.22454273006551,4.811560453458041,46.26597744628538]},"geometry":{"type":"Point","coordinates":[4.77173,46.24461]},"tippecanoe":{"minzoom":7}}
,
{"type":"Feature","properties":{"_area":14731738,"OBJECTID":262,"Name_rgn":"Mâcon Charnay-lès-Mâcon","class":"Appellation d'origine protégée","country":"France","official":1,"state":null,"altname":null,"gen":1,"latitude":46.3042,"ppt_yr":818,"ppt_gs":510,"GDD_1":1545,"elev":null,"GI_area":null,"auv":null,"climate":null,"style":null,"_bbox":[4.756982225901424,46.2847943587243,4.818989883777069,46.32373933105936]},"geometry":{"type":"Point","coordinates":[4.78437,46.30488]},"tippecanoe":{"minzoom":7}}
,
{"type":"Feature","properties":{"_area":4909869,"OBJECTID":263,"Name_rgn":"Mâcon Davayé","class":"Appellation d'origine protégée","country":"France","official":1,"state":null,"altname":null,"gen":1,"latitude":46.3035,"ppt_yr":822,"ppt_gs":512,"GDD_1":1433,"elev":null,"GI_area":null,"auv":null,"climate":null,"style":null,"_bbox":[4.725639740635482,46.29436495595026,4.769514575717772,46.313248850715404]},"geometry":{"type":"Point","coordinates":[4.74758,46.30381]},"tippecanoe":{"minzoom":7}}
,
{"type":"Feature","properties":{"_area":5512721,"OBJECTID":264,"Name_rgn":"Mâcon Fuissé","class":"Appellation d'origine protégée","country":"France","official":1,"state":null,"altname":null,"gen":1,"latitude":46.2788,"ppt_yr":828,"ppt_gs":518,"GDD_1":1486,"elev":null,"GI_area":null,"auv":null,"climate":null,"style":null,"_bbox":[4.728476233128856,46.26388424286665,4.760216912814157,46.29295007105821]},"geometry":{"type":"Point","coordinates":[4.7471,46.27796]},"tippecanoe":{"minzoom":7}}
,
{"type":"Feature","properties":{"_area":16768760,"OBJECTID":265,"Name_rgn":"Mâcon Igé","class":"Appellation d'origine protégée","country":"France","official":1,"state":null,"altname":null,"gen":1,"latitude":46.4053,"ppt_yr":848,"ppt_gs":524,"GDD_1":1376,"elev":null,"GI_area":null,"auv":null,"climate":null,"style":null,"_bbox":[4.697491290820725,46.385877159490114,4.770597840644167,46.428602362608125]},"geometry":{"type":"Point","coordinates":[4.73287,46.40524]},"tippecanoe":{"minzoom":7}}
,
{"type":"Feature","properties":{"_area":21825437,"OBJECTID":266,"Name_rgn":"Mâcon Montbellet","class":"Appellation d'origine protégée","country":"France","official":1,"state":null,"altname":null,"gen":1,"latitude":46.4712,"ppt_yr":844,"ppt_gs":522,"GDD_1":1564,"elev":null,"GI_area":null,"auv":null,"climate":null,"style":null,"_bbox":[4.839536687249678,46.44537419987111,4.916135372163114,46.493982863138186]},"geometry":{"type":"Point","coordinates":[4.88777,46.46702]},"tippecanoe":{"minzoom":7}}
,
{"type":"Feature","properties":{"_area":13519408,"OBJECTID":267,"Name_rgn":"Mâcon Pierreclos","class":"Appellation d'origine protégée","country":"France","official":1,"state":null,"altname":null,"gen":1,"latitude":46.3322,"ppt_yr":861,"ppt_gs":534,"GDD_1":1302,"elev":null,"GI_area":null,"auv":null,"climate":null,"style":null,"_bbox":[4.640788888976996,46.31733777866197,4.704823018572841,46.35216526104224]},"geometry":{"type":"Point","coordinates":[4.66637,46.33421]},"tippecanoe":{"minzoom":7}}
,
{"type":"Feature","properties":{"_area":14109623,"OBJECTID":268,"Name_rgn":"Mâcon Prissé","class":"Appellation d'origine protégée","country":"France","official":1,"state":null,"altname":null,"gen":1,"latitude":46.3242,"ppt_yr":826,"ppt_gs":514,"GDD_1":1464,"elev":null,"GI_area":null,"auv":null,"climate":null,"style":null,"_bbox":[4.716008984221126,46.30832712449139,4.781723923697306,46.34332630990155]},"geometry":{"type":"Point","coordinates":[4.74887,46.32583]},"tippecanoe":{"minzoom":7}}
,
{"type":"Feature","properties":{"_area":12645839,"OBJECTID":269,"Name_rgn":"Mâcon Serrières","class":"Appellation d'origine protégée","country":"France","official":1,"state":null,"altname":null,"gen":1,"latitude":46.3101,"ppt_yr":872,"ppt_gs":541,"GDD_1":1302,"elev":null,"GI_area":null,"auv":null,"climate":null,"style":null,"_bbox":[4.631306563891976,46.295012426069775,4.704823018572841,46.32369050675878]},"geometry":{"type":"Point","coordinates":[4.66447,46.30846]},"tippecanoe":{"minzoom":7}}
,
{"type":"Feature","properties":{"_area":7520450,"OBJECTID":270,"Name_rgn":"Mâcon Solutré-Pouilly","class":"Appellation d'origine protégée","country":"France","official":1,"state":null,"altname":null,"gen":1,"latitude":46.2934,"ppt_yr":837,"ppt_gs":522,"GDD_1":1433,"elev":null,"GI_area":null,"auv":null,"climate":null,"style":null,"_bbox":[4.693883468891794,46.284705100279645,4.760445143286822,46.306471258373044]},"geometry":{"type":"Point","coordinates":[4.72653,46.29559]},"tippecanoe":{"minzoom":7}}
,
{"type":"Feature","properties":{"_area":17327809,"OBJECTID":271,"Name_rgn":"Mâcon Uchizy","class":"Appellation d'origine protégée","country":"France","official":1,"state":null,"altname":null,"gen":1,"latitude":46.4984,"ppt_yr":850,"ppt_gs":524,"GDD_1":1493,"elev":null,"GI_area":null,"auv":null,"climate":null,"style":null,"_bbox":[4.840673237543769,46.480113287326105,4.926993311697218,46.52019346796345]},"geometry":{"type":"Point","coordinates":[4.88388,46.50203]},"tippecanoe":{"minzoom":7}}
,
{"type":"Feature","properties":{"_area":6074261,"OBJECTID":272,"Name_rgn":"Mâcon Vergisson","class":"Appellation d'origine protégée","country":"France","official":1,"state":null,"altname":null,"gen":1,"latitude":46.3096,"ppt_yr":837,"ppt_gs":522,"GDD_1":1433,"elev":null,"GI_area":null,"auv":null,"climate":null,"style":null,"_bbox":[4.692570201116695,46.294527455907335,4.730669898391403,46.32386487338889]},"geometry":{"type":"Point","coordinates":[4.71136,46.31149]},"tippecanoe":{"minzoom":7}}
,
{"type":"Feature","properties":{"_area":25979871,"OBJECTID":273,"Name_rgn":"Mâcon Verzé","class":"Appellation d'origine protégée","country":"France","official":1,"state":null,"altname":null,"gen":1,"latitude":46.3782,"ppt_yr":845,"ppt_gs":523,"GDD_1":1419,"elev":null,"GI_area":null,"auv":null,"climate":null,"style":null,"_bbox":[4.695395017307995,46.35673706820514,4.783825196334616,46.41084125940925]},"geometry":{"type":"Point","coordinates":[4.72963,46.37829]},"tippecanoe":{"minzoom":7}}
,
{"type":"Feature","properties":{"_area":4970218,"OBJECTID":274,"Name_rgn":"Mâcon Vinzelles","class":"Appellation d'origine protégée","country":"France","official":1,"state":null,"altname":null,"gen":1,"latitude":46.2682,"ppt_yr":809,"ppt_gs":508,"GDD_1":1544,"elev":null,"GI_area":null,"auv":null,"climate":null,"style":null,"_bbox":[4.755501365731964,46.25678884241567,4.797288814334644,46.276489400523666]},"geometry":{"type":"Point","coordinates":[4.78936,46.26602]},"tippecanoe":{"minzoom":7}}
,
{"type":"Feature","properties":{"_area":120098036,"OBJECTID":276,"Name_rgn":"Malgas","class":"Ward","country":"South Africa","official":1,"state":"Western Cape","altname":null,"gen":1,"latitude":-34.347,"ppt_yr":372,"ppt_gs":185,"GDD_1":2340,"elev":null,"GI_area":null,"auv":null,"climate":null,"style":null,"_bbox":[20.538709009600964,-34.39504698514913,20.732277036605474,-34.270247932839986]},"geometry":{"type":"Point","coordinates":[20.59233,-34.33362]},"tippecanoe":{"minzoom":6}}
,
{"type":"Feature","properties":{"_area":372234272,"OBJECTID":277,"Name_rgn":"Malmesbury","class":"Ward","country":"South Africa","official":1,"state":"Western Cape","altname":null,"gen":1,"latitude":-33.4053,"ppt_yr":452,"ppt_gs":124,"GDD_1":2383,"elev":null,"GI_area":null,"auv":null,"climate":null,"style":null,"_bbox":[18.586576808389623,-33.531131733633636,18.7740449548147,-33.28937910871821]},"geometry":{"type":"Point","coordinates":[18.67665,-33.4147]},"tippecanoe":{"minzoom":6}}
,
{"type":"Feature","properties":{"_area":21019741,"OBJECTID":278,"Name_rgn":"Maranges","class":"Appellation d'origine protégée","country":"France","official":1,"state":null,"altname":null,"gen":1,"latitude":46.9051,"ppt_yr":819,"ppt_gs":500,"GDD_1":1314,"elev":null,"GI_area":null,"auv":null,"climate":null,"style":null,"_bbox":[4.635420501143531,46.88025230254642,4.691992687695265,46.93879494523011]},"geometry":{"type":"Point","coordinates":[4.66238,46.90456]},"tippecanoe":{"minzoom":7}}
,
{"type":"Feature","properties":{"_area":426344316,"OBJECTID":279,"Name_rgn":"Matakana","class":"Region","country":"New Zealand","official":1,"state":null,"altname":null,"gen":1,"latitude":-36.3856,"ppt_yr":1412,"ppt_gs":686,"GDD_1":1475,"elev":null,"GI_area":null,"auv":null,"climate":null,"style":null,"_bbox":[174.60218832652484,-36.518167323396916,174.8679399886029,-36.26867197992724]},"geometry":{"type":"Point","coordinates":[174.70403,-36.40658]},"tippecanoe":{"minzoom":5}}
,
{"type":"Feature","properties":{"_area":12079381,"OBJECTID":281,"Name_rgn":"McDowell Valley","class":"American Viticultural Area","country":"United States","official":1,"state":"California","altname":null,"gen":2,"latitude":38.9692,"ppt_yr":941,"ppt_gs":154,"GDD_1":2043,"elev":null,"GI_area":null,"auv":null,"climate":null,"style":null,"_bbox":[-123.06520615101294,38.94633998981908,-123.02129391277717,38.99169999845767]},"geometry":{"type":"Point","coordinates":[-123.04256,38.96487]},"tippecanoe":{"minzoom":7}}
,
{"type":"Feature","properties":{"_area":437045410,"OBJECTID":282,"Name_rgn":"McGregor","class":"Ward","country":"South Africa","official":1,"state":"Western Cape","altname":null,"gen":1,"latitude":-33.9844,"ppt_yr":432,"ppt_gs":175,"GDD_1":2178,"elev":null,"GI_area":null,"auv":null,"climate":null,"style":null,"_bbox":[19.68485639562778,-34.076374072254474,20.007833229637637,-33.88120006672518]},"geometry":{"type":"Point","coordinates":[19.84839,-33.97536]},"tippecanoe":{"minzoom":5}}
,
{"type":"Feature","properties":{"_area":29692999,"OBJECTID":283,"Name_rgn":"Mercurey","class":"Appellation d'origine protégée","country":"France","official":1,"state":null,"altname":null,"gen":1,"latitude":46.8306,"ppt_yr":816,"ppt_gs":499,"GDD_1":1401,"elev":null,"GI_area":null,"auv":null,"climate":null,"style":null,"_bbox":[4.680721633623244,46.7945494288143,4.775168302621445,46.85940351017587]},"geometry":{"type":"Point","coordinates":[4.72379,46.82748]},"tippecanoe":{"minzoom":7}}
,
{"type":"Feature","properties":{"_area":20507779,"OBJECTID":284,"Name_rgn":"Meursault","class":"Appellation d'origine protégée","country":"France","official":1,"state":null,"altname":null,"gen":1,"latitude":46.9704,"ppt_yr":808,"ppt_gs":496,"GDD_1":1151,"elev":null,"GI_area":null,"auv":null,"climate":null,"style":null,"_bbox":[4.731762984598799,46.95139234355599,4.818092661742651,46.992044765889304]},"geometry":{"type":"Point","coordinates":[4.77493,46.97172]},"tippecanoe":{"minzoom":7}}
,
{"type":"Feature","properties":{"_area":230577549,"OBJECTID":285,"Name_rgn":"Mid-Berg River","class":"Ward","country":"South Africa","official":1,"state":"Western Cape","altname":"Mid-Bergrivier","gen":1,"latitude":-33.5295,"ppt_yr":540,"ppt_gs":150,"GDD_1":2549,"elev":null,"GI_area":null,"auv":null,"climate":null,"style":null,"_bbox":[18.91863237598688,-33.674810570004304,19.030974929935706,-33.395734691180365]},"geometry":{"type":"Point","coordinates":[18.96954,-33.56773]},"tippecanoe":{"minzoom":6}}
,
{"type":"Feature","properties":{"_area":674713284,"OBJECTID":286,"Name_rgn":"Montagu","class":"Ward","country":"South Africa","official":1,"state":"Western Cape","altname":null,"gen":1,"latitude":-33.7866,"ppt_yr":308,"ppt_gs":137,"GDD_1":2300,"elev":null,"GI_area":null,"auv":null,"climate":null,"style":null,"_bbox":[19.910095562833146,-33.94323398992939,20.460202978557124,-33.624294269614246]},"geometry":{"type":"Point","coordinates":[20.20038,-33.7875]},"tippecanoe":{"minzoom":5}}
,
{"type":"Feature","properties":{"_area":1561243,"OBJECTID":287,"Name_rgn":"Montello - Colli Asolani Venegazzù","class":"Denominazione di origine controllata","country":"Italy","official":1,"state":"Veneto","altname":null,"gen":5,"latitude":45.7815,"ppt_yr":967,"ppt_gs":639,"GDD_1":1711,"elev":null,"GI_area":null,"auv":null,"climate":null,"style":null,"_bbox":[12.083212282186244,45.77688600202695,12.106245154343014,45.78605334845151]},"geometry":{"type":"Point","coordinates":[12.09696,45.78147]},"tippecanoe":{"minzoom":8}}
,
{"type":"Feature","properties":{"_area":3323008,"OBJECTID":288,"Name_rgn":"Monthélie","class":"Appellation d'origine protégée","country":"France","official":1,"state":null,"altname":null,"gen":1,"latitude":46.9994,"ppt_yr":817,"ppt_gs":500,"GDD_1":1151,"elev":null,"GI_area":null,"auv":null,"climate":null,"style":null,"_bbox":[4.749703770042281,46.98855357361891,4.775636467716589,47.011640031247005]},"geometry":{"type":"Point","coordinates":[4.76089,46.99901]},"tippecanoe":{"minzoom":8}}
,
{"type":"Feature","properties":{"_area":18517672,"OBJECTID":289,"Name_rgn":"Montrachet","class":"Appellation d'origine protégée","country":"France","official":1,"state":null,"altname":null,"gen":1,"latitude":46.9403,"ppt_yr":801,"ppt_gs":491,"GDD_1":1309,"elev":null,"GI_area":null,"auv":null,"climate":null,"style":null,"_bbox":[4.707126064501034,46.919374608349116,4.789110502580693,46.960995640957925]},"geometry":{"type":"Point","coordinates":[4.74224,46.94149]},"tippecanoe":{"minzoom":7}}
,
{"type":"Feature","properties":{"_area":85757643,"OBJECTID":290,"Name_rgn":"Moon Mountain District Sonoma County","class":"American Viticultural Area","country":"United States","official":1,"state":"California","altname":null,"gen":2,"latitude":38.3581,"ppt_yr":957,"ppt_gs":155,"GDD_1":1795,"elev":null,"GI_area":null,"auv":null,"climate":null,"style":null,"_bbox":[-122.54236388426123,38.286406986084494,-122.39462527368366,38.427089923969824]},"geometry":{"type":"Point","coordinates":[-122.45114,38.33587]},"tippecanoe":{"minzoom":6}}
,
{"type":"Feature","properties":{"_area":9106547,"OBJECTID":291,"Name_rgn":"Morey-Saint-Denis","class":"Appellation d'origine protégée","country":"France","official":1,"state":null,"altname":null,"gen":1,"latitude":47.1999,"ppt_yr":798,"ppt_gs":485,"GDD_1":1232,"elev":null,"GI_area":null,"auv":null,"climate":null,"style":null,"_bbox":[4.924980013770653,47.188631565907585,5.005452037458207,47.21191587341897]},"geometry":{"type":"Point","coordinates":[4.94608,47.20246]},"tippecanoe":{"minzoom":7}}
,
{"type":"Feature","properties":{"_area":22588811,"OBJECTID":292,"Name_rgn":"Morgon","class":"Appellation d'origine protégée","country":"France","official":1,"state":null,"altname":null,"gen":1,"latitude":46.1592,"ppt_yr":822,"ppt_gs":523,"GDD_1":1408,"elev":null,"GI_area":null,"auv":null,"climate":null,"style":null,"_bbox":[4.619444328531487,46.13274344168866,4.704302988346444,46.18861670615373]},"geometry":{"type":"Point","coordinates":[4.68274,46.15501]},"tippecanoe":{"minzoom":7}}
,
{"type":"Feature","properties":{"_area":7555144,"OBJECTID":293,"Name_rgn":"Motey-Besuche","class":"Indication géographique protégée","country":"France","official":1,"state":null,"altname":null,"gen":1,"latitude":47.3052,"ppt_yr":981,"ppt_gs":582,"GDD_1":1411,"elev":null,"GI_area":null,"auv":null,"climate":null,"style":null,"_bbox":[5.641949351586056,47.28831467318483,5.687683212419612,47.321984953531306]},"geometry":{"type":"Point","coordinates":[5.66878,47.30357]},"tippecanoe":{"minzoom":7}}
,
{"type":"Feature","properties":{"_area":23200256,"OBJECTID":294,"Name_rgn":"Moulin-à-Vent","class":"Appellation d'origine protégée","country":"France","official":1,"state":null,"altname":null,"gen":1,"latitude":46.2021,"ppt_yr":810,"ppt_gs":512,"GDD_1":1532,"elev":null,"GI_area":null,"auv":null,"climate":null,"style":null,"_bbox":[4.678167612777708,46.172257196285244,4.775494366815065,46.22994179451859]},"geometry":{"type":"Point","coordinates":[4.71647,46.20966]},"tippecanoe":{"minzoom":7}}
,
{"type":"Feature","properties":{"_area":1389281077,"OBJECTID":295,"Name_rgn":"Mount Barker","class":"Subregion","country":"Australia","official":1,"state":"Western Australia","altname":null,"gen":1,"latitude":-34.6344,"ppt_yr":611,"ppt_gs":223,"GDD_1":1600,"elev":null,"GI_area":null,"auv":868,"climate":"warm summer, warm temperate","style":null,"_bbox":[117.32812542463766,-34.79829536783224,117.76675825031846,-34.47500637327432]},"geometry":{"type":"Point","coordinates":[117.51945,-34.63728]},"tippecanoe":{"minzoom":5}}
,
{"type":"Feature","properties":{"_area":89058021,"OBJECTID":296,"Name_rgn":"Mt. Veeder","class":"American Viticultural Area","country":"United States","official":1,"state":"California","altname":null,"gen":2,"latitude":38.357,"ppt_yr":902,"ppt_gs":144,"GDD_1":1830,"elev":null,"GI_area":null,"auv":null,"climate":null,"style":null,"_bbox":[-122.49760530546705,38.27740470032005,-122.3442628900611,38.43842143250604]},"geometry":{"type":"Point","coordinates":[-122.39158,38.3403]},"tippecanoe":{"minzoom":6}}
,
{"type":"Feature","properties":{"_area":8687905,"OBJECTID":298,"Name_rgn":"Musigny","class":"Appellation d'origine protégée","country":"France","official":1,"state":null,"altname":null,"gen":1,"latitude":47.1869,"ppt_yr":800,"ppt_gs":486,"GDD_1":1232,"elev":null,"GI_area":null,"auv":null,"climate":null,"style":null,"_bbox":[4.920136189960869,47.17439198303119,4.980169535894949,47.20069488882363]},"geometry":{"type":"Point","coordinates":[4.93904,47.18672]},"tippecanoe":{"minzoom":7}}
,
{"type":"Feature","properties":{"_area":140057811,"OBJECTID":300,"Name_rgn":"Napier","class":"Ward","country":"South Africa","official":1,"state":"Western Cape","altname":null,"gen":1,"latitude":-34.4792,"ppt_yr":467,"ppt_gs":200,"GDD_1":1794,"elev":null,"GI_area":null,"auv":null,"climate":null,"style":null,"_bbox":[19.735142043362156,-34.53299047631092,19.95909503598138,-34.41986462382376]},"geometry":{"type":"Point","coordinates":[19.85622,-34.48085]},"tippecanoe":{"minzoom":6}}
,
{"type":"Feature","properties":{"_area":75139259,"OBJECTID":301,"Name_rgn":"Naramata Bench","class":"Geographical Indication","country":"Canada","official":1,"state":"British Columbia","altname":null,"gen":3,"latitude":49.5767,"ppt_yr":328,"ppt_gs":189,"GDD_1":1137,"elev":null,"GI_area":null,"auv":null,"climate":null,"style":null,"_bbox":[-119.65461987816467,49.48932349480103,-119.53582384338439,49.67292501012988]},"geometry":{"type":"Point","coordinates":[-119.58733,49.57981]},"tippecanoe":{"minzoom":6}}
,
{"type":"Feature","properties":{"_area":46080838,"OBJECTID":302,"Name_rgn":"Nieuwoudtville","class":"Ward","country":"South Africa","official":1,"state":"Western Cape","altname":null,"gen":1,"latitude":-31.3421,"ppt_yr":261,"ppt_gs":87,"GDD_1":2153,"elev":null,"GI_area":null,"auv":null,"climate":null,"style":null,"_bbox":[18.98356414623209,-31.37984892738297,19.05784305409516,-31.29278692784837]},"geometry":{"type":"Point","coordinates":[19.01896,-31.33981]},"tippecanoe":{"minzoom":6}}
,
{"type":"Feature","properties":{"_area":442367794,"OBJECTID":303,"Name_rgn":"Norte de la Palma","class":"Subzona","country":"Spain","official":1,"state":null,"altname":"La Palma Norte de la Palma","gen":1,"latitude":28.7703,"ppt_yr":364,"ppt_gs":91,"GDD_1":1830,"elev":null,"GI_area":null,"auv":null,"climate":null,"style":null,"_bbox":[-18.007001999519765,28.651365655784986,-17.72371649960167,28.854932998330987]},"geometry":{"type":"Point","coordinates":[-17.89687,28.75991]},"tippecanoe":{"minzoom":5}}
,
{"type":"Feature","properties":{"_area":21022416,"OBJECTID":306,"Name_rgn":"Novosedelské Slámové","class":"Chráněné označení původu","country":"Czechia","official":1,"state":"Jihomoravský","altname":"Novosedelské Slámové víno","gen":3,"latitude":48.8324,"ppt_yr":550,"ppt_gs":403,"GDD_1":1494,"elev":null,"GI_area":null,"auv":null,"climate":null,"style":null,"_bbox":[16.468877856300598,48.809342704026804,16.542962560077356,48.859559208722054]},"geometry":{"type":"Point","coordinates":[16.51556,48.83327]},"tippecanoe":{"minzoom":7}}
,
{"type":"Feature","properties":{"_area":74860515,"OBJECTID":307,"Name_rgn":"Nuy","class":"Ward","country":"South Africa","official":1,"state":"Western Cape","altname":null,"gen":1,"latitude":-33.6696,"ppt_yr":448,"ppt_gs":150,"GDD_1":2237,"elev":null,"GI_area":null,"auv":null,"climate":null,"style":null,"_bbox":[19.569336285821688,-33.71932600774083,19.693523754714,-33.628509509433364]},"geometry":{"type":"Point","coordinates":[19.63319,-33.6725]},"tippecanoe":{"minzoom":6}}
,
{"type":"Feature","properties":{"_area":44721927,"OBJECTID":308,"Name_rgn":"Oak Knoll District of Napa Valley","class":"American Viticultural Area","country":"United States","official":1,"state":"California","altname":null,"gen":2,"latitude":38.3472,"ppt_yr":698,"ppt_gs":111,"GDD_1":2045,"elev":null,"GI_area":null,"auv":null,"climate":null,"style":null,"_bbox":[-122.3685435895212,38.31445899484622,-122.27395344519907,38.38241500023634]},"geometry":{"type":"Point","coordinates":[-122.32713,38.34738]},"tippecanoe":{"minzoom":6}}
,
{"type":"Feature","properties":{"_area":35251120,"OBJECTID":309,"Name_rgn":"Oakville","class":"American Viticultural Area","country":"United States","official":1,"state":"California","altname":null,"gen":2,"latitude":38.4374,"ppt_yr":694,"ppt_gs":108,"GDD_1":2068,"elev":null,"GI_area":null,"auv":null,"climate":null,"style":null,"_bbox":[-122.43785040762663,38.39858447074523,-122.33018620242238,38.464831003596586]},"geometry":{"type":"Point","coordinates":[-122.39593,38.42912]},"tippecanoe":{"minzoom":7}}
,
{"type":"Feature","properties":{"_area":10718056,"OBJECTID":310,"Name_rgn":"Offlanges","class":"Indication géographique protégée","country":"France","official":1,"state":null,"altname":null,"gen":1,"latitude":47.2038,"ppt_yr":984,"ppt_gs":585,"GDD_1":1438,"elev":null,"GI_area":null,"auv":null,"climate":null,"style":null,"_bbox":[5.536469421554698,47.18011489070841,5.590491628781373,47.22197604835894]},"geometry":{"type":"Point","coordinates":[5.56002,47.20366]},"tippecanoe":{"minzoom":7}}
,
{"type":"Feature","properties":{"_area":10193167,"OBJECTID":311,"Name_rgn":"Okanagan Falls","class":"Geographical Indication","country":"Canada","official":1,"state":"British Columbia","altname":null,"gen":3,"latitude":49.3261,"ppt_yr":302,"ppt_gs":170,"GDD_1":1440,"elev":null,"GI_area":null,"auv":null,"climate":null,"style":null,"_bbox":[-119.57191381712904,49.302514687207434,-119.5268677019855,49.34641462613542]},"geometry":{"type":"Point","coordinates":[-119.54516,49.32927]},"tippecanoe":{"minzoom":7}}
,
{"type":"Feature","properties":{"_area":93447044,"OBJECTID":312,"Name_rgn":"Outeniqua","class":"Ward","country":"South Africa","official":1,"state":"Western Cape","altname":null,"gen":1,"latitude":-33.856,"ppt_yr":421,"ppt_gs":266,"GDD_1":1696,"elev":null,"GI_area":null,"auv":null,"climate":null,"style":null,"_bbox":[22.288998356161397,-33.88453397266979,22.479793032355552,-33.822647004323564]},"geometry":{"type":"Point","coordinates":[22.34653,-33.85311]},"tippecanoe":{"minzoom":6}}
,
{"type":"Feature","properties":{"_area":86166458,"OBJECTID":313,"Name_rgn":"Paardeberg","class":"Ward","country":"South Africa","official":1,"state":"Western Cape","altname":null,"gen":1,"latitude":-33.544,"ppt_yr":546,"ppt_gs":155,"GDD_1":2309,"elev":null,"GI_area":null,"auv":null,"climate":null,"style":null,"_bbox":[18.735652433706832,-33.59995977940163,18.855834669581792,-33.48658220384368]},"geometry":{"type":"Point","coordinates":[18.79146,-33.53353]},"tippecanoe":{"minzoom":6}}
,
{"type":"Feature","properties":{"_area":34631925,"OBJECTID":314,"Name_rgn":"Paardeberg South","class":"Ward","country":"South Africa","official":1,"state":"Western Cape","altname":"Paardeberg-Suid","gen":1,"latitude":-33.5969,"ppt_yr":561,"ppt_gs":162,"GDD_1":2226,"elev":null,"GI_area":null,"auv":null,"climate":null,"style":null,"_bbox":[18.7419325325019,-33.63762015806629,18.815955363915148,-33.556921330597454]},"geometry":{"type":"Point","coordinates":[18.77952,-33.60003]},"tippecanoe":{"minzoom":7}}
,
{"type":"Feature","properties":{"_area":12893650,"OBJECTID":315,"Name_rgn":"Pacheco Pass","class":"American Viticultural Area","country":"United States","official":1,"state":"California","altname":null,"gen":2,"latitude":36.9688,"ppt_yr":394,"ppt_gs":69,"GDD_1":2026,"elev":null,"GI_area":null,"auv":null,"climate":null,"style":null,"_bbox":[-121.39247895586438,36.941089848039084,-121.36403167158888,36.999994583066936]},"geometry":{"type":"Point","coordinates":[-121.37692,36.95665]},"tippecanoe":{"minzoom":7}}
,
{"type":"Feature","properties":{"_area":90432321,"OBJECTID":316,"Name_rgn":"Paicines","class":"American Viticultural Area","country":"United States","official":1,"state":"California","altname":null,"gen":2,"latitude":36.694,"ppt_yr":360,"ppt_gs":63,"GDD_1":1968,"elev":null,"GI_area":null,"auv":null,"climate":null,"style":null,"_bbox":[-121.30932885309227,36.62500958961172,-121.21686890985451,36.75309493499354]},"geometry":{"type":"Point","coordinates":[-121.26454,36.70447]},"tippecanoe":{"minzoom":6}}
,
{"type":"Feature","properties":{"_area":7972782,"OBJECTID":317,"Name_rgn":"Papegaaiberg","class":"Ward","country":"South Africa","official":1,"state":"Western Cape","altname":null,"gen":1,"latitude":-33.9265,"ppt_yr":660,"ppt_gs":195,"GDD_1":2168,"elev":null,"GI_area":null,"auv":null,"climate":null,"style":null,"_bbox":[18.82643701444811,-33.94389779523397,18.853580822585098,-33.90413283209537]},"geometry":{"type":"Point","coordinates":[18.84086,-33.92778]},"tippecanoe":{"minzoom":7}}
,
{"type":"Feature","properties":{"_area":39263918,"OBJECTID":318,"Name_rgn":"Paraje Altamira","class":"Indicación Geográfica","country":"Argentina","official":1,"state":"Mendoza, San Juan","altname":null,"gen":3,"latitude":-33.7607,"ppt_yr":334,"ppt_gs":223,"GDD_1":1896,"elev":null,"GI_area":null,"auv":null,"climate":null,"style":null,"_bbox":[-69.23527777819933,-33.784722221845044,-69.11944444471827,-33.72499999993475]},"geometry":{"type":"Point","coordinates":[-69.15923,-33.75719]},"tippecanoe":{"minzoom":6}}
,
{"type":"Feature","properties":{"_area":123698160,"OBJECTID":319,"Name_rgn":"Paris","class":"Indication géographique protégée","country":"France","official":5,"state":null,"altname":null,"gen":1,"latitude":48.8565,"ppt_yr":640,"ppt_gs":381,"GDD_1":1548,"elev":null,"GI_area":null,"auv":null,"climate":null,"style":null,"_bbox":[2.224224575010014,48.81595127646965,2.467660700228412,48.90200777990972]},"geometry":{"type":"Point","coordinates":[2.35331,48.85898]},"tippecanoe":{"minzoom":6}}
,
{"type":"Feature","properties":{"_area":320431188,"OBJECTID":320,"Name_rgn":"Paso Robles Estrella District","class":"American Viticultural Area","country":"United States","official":1,"state":"California","altname":null,"gen":2,"latitude":35.704,"ppt_yr":352,"ppt_gs":54,"GDD_1":2198,"elev":null,"GI_area":null,"auv":null,"climate":null,"style":null,"_bbox":[-120.69541825115721,35.62534388397048,-120.4340305113046,35.79085789357021]},"geometry":{"type":"Point","coordinates":[-120.59327,35.71198]},"tippecanoe":{"minzoom":6}}
,
{"type":"Feature","properties":{"_area":92805436,"OBJECTID":321,"Name_rgn":"Paso Robles Geneseo District","class":"American Viticultural Area","country":"United States","official":1,"state":"California","altname":null,"gen":2,"latitude":35.6281,"ppt_yr":373,"ppt_gs":57,"GDD_1":2152,"elev":null,"GI_area":null,"auv":null,"climate":null,"style":null,"_bbox":[-120.66413071943047,35.571478875370545,-120.51087369697711,35.65954088350044]},"geometry":{"type":"Point","coordinates":[-120.56712,35.61895]},"tippecanoe":{"minzoom":6}}
,
{"type":"Feature","properties":{"_area":253951075,"OBJECTID":322,"Name_rgn":"Paso Robles Highlands District","class":"American Viticultural Area","country":"United States","official":1,"state":"California","altname":null,"gen":2,"latitude":35.5095,"ppt_yr":400,"ppt_gs":69,"GDD_1":2247,"elev":null,"GI_area":null,"auv":null,"climate":null,"style":null,"_bbox":[-120.42547880132805,35.43981788432505,-120.19437270466277,35.58649426864473]},"geometry":{"type":"Point","coordinates":[-120.32292,35.51144]},"tippecanoe":{"minzoom":6}}
,
{"type":"Feature","properties":{"_area":86835218,"OBJECTID":323,"Name_rgn":"Paso Robles Willow Creek District","class":"American Viticultural Area","country":"United States","official":1,"state":"California","altname":null,"gen":2,"latitude":35.586,"ppt_yr":458,"ppt_gs":68,"GDD_1":1737,"elev":null,"GI_area":null,"auv":null,"climate":null,"style":null,"_bbox":[-120.83241774146498,35.54160185904672,-120.69217972215002,35.62691386862904]},"geometry":{"type":"Point","coordinates":[-120.7531,35.58359]},"tippecanoe":{"minzoom":6}}
,
{"type":"Feature","properties":{"_area":140273830,"OBJECTID":325,"Name_rgn":"Pays d'Hérault Bénovie","class":"Indication géographique protégée","country":"France","official":1,"state":"Hérault","altname":"Bénovie","gen":1,"latitude":43.7412,"ppt_yr":658,"ppt_gs":372,"GDD_1":2135,"elev":null,"GI_area":null,"auv":null,"climate":null,"style":null,"_bbox":[3.949083488141169,43.67841661265386,4.132419243223815,43.81305484724376]},"geometry":{"type":"Point","coordinates":[4.01482,43.74626]},"tippecanoe":{"minzoom":6}}
,
{"type":"Feature","properties":{"_area":76940202,"OBJECTID":326,"Name_rgn":"Pays d'Hérault Cassan","class":"Indication géographique protégée","country":"France","official":1,"state":"Hérault","altname":"Cassan","gen":1,"latitude":43.5317,"ppt_yr":595,"ppt_gs":326,"GDD_1":1936,"elev":null,"GI_area":null,"auv":null,"climate":null,"style":null,"_bbox":[3.222789356503947,43.4817442744118,3.337356560406108,43.59290925394086]},"geometry":{"type":"Point","coordinates":[3.28141,43.53168]},"tippecanoe":{"minzoom":6}}
,
{"type":"Feature","properties":{"_area":51433561,"OBJECTID":327,"Name_rgn":"Pays d'Hérault Cessenon","class":"Indication géographique protégée","country":"France","official":1,"state":"Hérault","altname":"Cessenon","gen":1,"latitude":43.4545,"ppt_yr":586,"ppt_gs":321,"GDD_1":1999,"elev":null,"GI_area":null,"auv":null,"climate":null,"style":null,"_bbox":[2.965177945459525,43.418242422700175,3.10736164201805,43.48876271514664]},"geometry":{"type":"Point","coordinates":[3.05939,43.44854]},"tippecanoe":{"minzoom":6}}
,
{"type":"Feature","properties":{"_area":165973651,"OBJECTID":328,"Name_rgn":"Pays d'Hérault Coteaux de Bessilles","class":"Indication géographique protégée","country":"France","official":1,"state":"Hérault","altname":"Coteaux de Bessilles","gen":1,"latitude":43.4754,"ppt_yr":572,"ppt_gs":313,"GDD_1":2105,"elev":null,"GI_area":null,"auv":null,"climate":null,"style":null,"_bbox":[3.384923935735161,43.414940217108736,3.661764840058288,43.531665859557904]},"geometry":{"type":"Point","coordinates":[3.52946,43.47011]},"tippecanoe":{"minzoom":6}}
,
{"type":"Feature","properties":{"_area":151331335,"OBJECTID":329,"Name_rgn":"Pays d'Hérault Coteaux de Fontcaude","class":"Indication géographique protégée","country":"France","official":1,"state":"Hérault","altname":"Coteaux de Fontcaude","gen":1,"latitude":43.3726,"ppt_yr":590,"ppt_gs":319,"GDD_1":1968,"elev":null,"GI_area":null,"auv":null,"climate":null,"style":null,"_bbox":[2.887911819476492,43.31195860979656,3.10823600462343,43.43746015300089]},"geometry":{"type":"Point","coordinates":[3.02077,43.38402]},"tippecanoe":{"minzoom":6}}
,
{"type":"Feature","properties":{"_area":161378920,"OBJECTID":330,"Name_rgn":"Pays d'Hérault Coteaux de Laurens","class":"Indication géographique protégée","country":"France","official":1,"state":"Hérault","altname":"Coteaux de Laurens","gen":1,"latitude":43.5313,"ppt_yr":609,"ppt_gs":333,"GDD_1":1832,"elev":null,"GI_area":null,"auv":null,"climate":null,"style":null,"_bbox":[3.080904293183508,43.45072143673003,3.264287392176582,43.59636625332906]},"geometry":{"type":"Point","coordinates":[3.19526,43.52866]},"tippecanoe":{"minzoom":6}}
,
{"type":"Feature","properties":{"_area":183992835,"OBJECTID":331,"Name_rgn":"Pays d'Hérault Coteaux de Murviel","class":"Indication géographique protégée","country":"France","official":1,"state":"Hérault","altname":"Coteaux de Murviel","gen":1,"latitude":43.4684,"ppt_yr":597,"ppt_gs":327,"GDD_1":1860,"elev":null,"GI_area":null,"auv":null,"climate":null,"style":null,"_bbox":[3.044859589139277,43.3691586302311,3.229697440564699,43.55720151632828]},"geometry":{"type":"Point","coordinates":[3.14378,43.46519]},"tippecanoe":{"minzoom":6}}
,
{"type":"Feature","properties":{"_area":2935296830,"OBJECTID":332,"Name_rgn":"Pays d'Hérault Côtes du Brian","class":"Indication géographique protégée","country":"France","official":1,"state":"Hérault","altname":"Côtes du Brian","gen":1,"latitude":43.4265,"ppt_yr":635,"ppt_gs":345,"GDD_1":1836,"elev":null,"GI_area":null,"auv":null,"climate":null,"style":null,"_bbox":[2.662365859635335,43.25459385946765,4.031275104674812,43.94356569079322]},"geometry":{"type":"Point","coordinates":[3.76983,43.75383]},"tippecanoe":{"minzoom":5}}
,
{"type":"Feature","properties":{"_area":176071746,"OBJECTID":333,"Name_rgn":"Pays d'Hérault Mont Baudile","class":"Indication géographique protégée","country":"France","official":1,"state":"Hérault","altname":"Mont Baudile","gen":1,"latitude":43.702,"ppt_yr":631,"ppt_gs":350,"GDD_1":1770,"elev":null,"GI_area":null,"auv":null,"climate":null,"style":null,"_bbox":[3.341732188578046,43.616895274280466,3.537339019374977,43.7773844619552]},"geometry":{"type":"Point","coordinates":[3.44831,43.70592]},"tippecanoe":{"minzoom":6}}
,
{"type":"Feature","properties":{"_area":115419939,"OBJECTID":334,"Name_rgn":"Pays d'Hérault Monts de la Grage","class":"Indication géographique protégée","country":"France","official":1,"state":"Hérault","altname":"Monts de la Grage","gen":1,"latitude":43.4276,"ppt_yr":631,"ppt_gs":343,"GDD_1":1808,"elev":null,"GI_area":null,"auv":null,"climate":null,"style":null,"_bbox":[2.854091830962614,43.35734535640237,3.012840217916857,43.48659519473893]},"geometry":{"type":"Point","coordinates":[2.90912,43.42147]},"tippecanoe":{"minzoom":6}}
,
{"type":"Feature","properties":{"_area":31214503,"OBJECTID":335,"Name_rgn":"Pays d'Hérault Pays de Bessan","class":"Indication géographique protégée","country":"France","official":1,"state":"Hérault","altname":"Bessan","gen":1,"latitude":43.3572,"ppt_yr":552,"ppt_gs":300,"GDD_1":2111,"elev":null,"GI_area":null,"auv":null,"climate":null,"style":null,"_bbox":[3.368032972736664,43.32802015115513,3.4601212910262,43.38461556564227]},"geometry":{"type":"Point","coordinates":[3.42198,43.3572]},"tippecanoe":{"minzoom":7}}
,
{"type":"Feature","properties":{"_area":68497484,"OBJECTID":336,"Name_rgn":"Pays d'Hérault Pays de Caux","class":"Indication géographique protégée","country":"France","official":1,"state":"Hérault","altname":"Pays de Caux","gen":1,"latitude":43.4821,"ppt_yr":571,"ppt_gs":313,"GDD_1":2080,"elev":null,"GI_area":null,"auv":null,"climate":null,"style":null,"_bbox":[3.330488626546994,43.420379809134126,3.463572953419365,43.53233925583359]},"geometry":{"type":"Point","coordinates":[3.42102,43.46018]},"tippecanoe":{"minzoom":6}}
,
{"type":"Feature","properties":{"_area":6742741,"OBJECTID":337,"Name_rgn":"Pernand-Vergelesses","class":"Appellation d'origine protégée","country":"France","official":1,"state":null,"altname":null,"gen":1,"latitude":47.0801,"ppt_yr":816,"ppt_gs":497,"GDD_1":1274,"elev":null,"GI_area":null,"auv":null,"climate":null,"style":null,"_bbox":[4.833937833935138,47.061695233168045,4.869089384414904,47.09377051407828]},"geometry":{"type":"Point","coordinates":[4.8503,47.07921]},"tippecanoe":{"minzoom":7}}
,
{"type":"Feature","properties":{"_area":1065043316,"OBJECTID":338,"Name_rgn":"Petaluma Gap","class":"American Viticultural Area","country":"United States","official":1,"state":"California","altname":null,"gen":2,"latitude":38.2477,"ppt_yr":888,"ppt_gs":143,"GDD_1":1692,"elev":null,"GI_area":null,"auv":null,"climate":null,"style":null,"_bbox":[-123.07863456403702,38.10505557404238,-122.43304324765683,38.37267360454624]},"geometry":{"type":"Point","coordinates":[-122.68034,38.24827]},"tippecanoe":{"minzoom":5}}
,
{"type":"Feature","properties":{"_area":93926646,"OBJECTID":339,"Name_rgn":"Philadelphia","class":"Ward","country":"South Africa","official":1,"state":"Western Cape","altname":null,"gen":1,"latitude":-33.6972,"ppt_yr":504,"ppt_gs":137,"GDD_1":2203,"elev":null,"GI_area":null,"auv":null,"climate":null,"style":null,"_bbox":[18.543756637671706,-33.789472869573096,18.62351200249356,-33.61660609896628]},"geometry":{"type":"Point","coordinates":[18.5855,-33.69912]},"tippecanoe":{"minzoom":6}}
,
{"type":"Feature","properties":{"_area":251291736,"OBJECTID":341,"Name_rgn":"Piekenierskloof","class":"Ward","country":"South Africa","official":1,"state":"Western Cape","altname":null,"gen":1,"latitude":-32.4845,"ppt_yr":296,"ppt_gs":90,"GDD_1":2187,"elev":null,"GI_area":null,"auv":null,"climate":null,"style":null,"_bbox":[18.76776980304188,-32.649215686026615,18.96970974401546,-32.35332182115172]},"geometry":{"type":"Point","coordinates":[18.88097,-32.48711]},"tippecanoe":{"minzoom":6}}
,
{"type":"Feature","properties":{"_area":19690020,"OBJECTID":342,"Name_rgn":"Pine Mountain-Cloverdale Peak","class":"American Viticultural Area","country":"United States","official":1,"state":"California","altname":null,"gen":2,"latitude":38.8555,"ppt_yr":1110,"ppt_gs":189,"GDD_1":1673,"elev":null,"GI_area":null,"auv":null,"climate":null,"style":null,"_bbox":[-123.00690743302785,38.83435498801502,-122.9400394232395,38.878728937268654]},"geometry":{"type":"Point","coordinates":[-122.97016,38.85446]},"tippecanoe":{"minzoom":7}}
,
{"type":"Feature","properties":{"_area":195971589,"OBJECTID":344,"Name_rgn":"Pokolbin","class":"Subregion","country":"Australia","official":1,"state":"New South Wales","altname":null,"gen":1,"latitude":-32.7616,"ppt_yr":728,"ppt_gs":514,"GDD_1":2396,"elev":null,"GI_area":null,"auv":1355,"climate":"fully humid, hot summer, warm temperate","style":null,"_bbox":[151.23287358872156,-32.863332431448384,151.35846893146316,-32.668239631478556]},"geometry":{"type":"Point","coordinates":[151.29469,-32.74264]},"tippecanoe":{"minzoom":6}}
,
{"type":"Feature","properties":{"_area":23259719,"OBJECTID":345,"Name_rgn":"Polkadraai Hills","class":"Ward","country":"South Africa","official":1,"state":"Western Cape","altname":"Polkadraai Heuwels","gen":1,"latitude":-33.9493,"ppt_yr":625,"ppt_gs":181,"GDD_1":2125,"elev":null,"GI_area":null,"auv":null,"climate":null,"style":null,"_bbox":[18.70548523049677,-33.98110993220684,18.764393034092258,-33.91565565575994]},"geometry":{"type":"Point","coordinates":[18.72804,-33.94107]},"tippecanoe":{"minzoom":7}}
,
{"type":"Feature","properties":{"_area":13413866,"OBJECTID":346,"Name_rgn":"Pommard","class":"Appellation d'origine protégée","country":"France","official":1,"state":null,"altname":null,"gen":1,"latitude":47.0132,"ppt_yr":815,"ppt_gs":498,"GDD_1":1231,"elev":null,"GI_area":null,"auv":null,"climate":null,"style":null,"_bbox":[4.762781121453307,46.98869271573334,4.824528000198624,47.040178439439494]},"geometry":{"type":"Point","coordinates":[4.7837,47.02248]},"tippecanoe":{"minzoom":7}}
,
{"type":"Feature","properties":{"_area":436429409,"OBJECTID":347,"Name_rgn":"Porongurup","class":"Subregion","country":"Australia","official":1,"state":"Western Australia","altname":null,"gen":1,"latitude":-34.6639,"ppt_yr":553,"ppt_gs":216,"GDD_1":1597,"elev":null,"GI_area":null,"auv":96,"climate":"warm summer, warm temperate","style":null,"_bbox":[117.77178179377894,-34.74259573896764,118.08665274809451,-34.579528412916076]},"geometry":{"type":"Point","coordinates":[117.92922,-34.66106]},"tippecanoe":{"minzoom":5}}
,
{"type":"Feature","properties":{"_area":121533351,"OBJECTID":348,"Name_rgn":"Potter Valley","class":"American Viticultural Area","country":"United States","official":1,"state":"California","altname":null,"gen":2,"latitude":39.3024,"ppt_yr":964,"ppt_gs":159,"GDD_1":1965,"elev":null,"GI_area":null,"auv":null,"climate":null,"style":null,"_bbox":[-123.15121050956486,39.229883111668926,-123.02017749013532,39.36566001512891]},"geometry":{"type":"Point","coordinates":[-123.09644,39.29489]},"tippecanoe":{"minzoom":6}}
,
{"type":"Feature","properties":{"_area":53294698,"OBJECTID":349,"Name_rgn":"Pouilly-Loché","class":"Appellation d'origine protégée","country":"France","official":1,"state":null,"altname":null,"gen":1,"latitude":46.3208,"ppt_yr":822,"ppt_gs":512,"GDD_1":1544,"elev":null,"GI_area":null,"auv":null,"climate":null,"style":null,"_bbox":[4.757882776193988,46.273447671838824,4.858529982897494,46.37901559844937]},"geometry":{"type":"Point","coordinates":[4.80781,46.30608]},"tippecanoe":{"minzoom":6}}
,
{"type":"Feature","properties":{"_area":5725847117,"OBJECTID":351,"Name_rgn":"Prieska","class":"Ward","country":"South Africa","official":1,"state":"Northern Cape","altname":null,"gen":1,"latitude":-29.4169,"ppt_yr":252,"ppt_gs":221,"GDD_1":2969,"elev":null,"GI_area":null,"auv":null,"climate":null,"style":null,"_bbox":[22.149058786828235,-29.7266882784617,23.398049018540654,-29.02516489633887]},"geometry":{"type":"Point","coordinates":[22.80468,-29.39853]},"tippecanoe":{"minzoom":4}}
,
{"type":"Feature","properties":{"_area":75660200,"OBJECTID":352,"Name_rgn":"Prince Albert Valley","class":"Ward","country":"South Africa","official":1,"state":"Western Cape","altname":"Prince Albert Vallei","gen":1,"latitude":-33.2706,"ppt_yr":235,"ppt_gs":154,"GDD_1":2120,"elev":null,"GI_area":null,"auv":null,"climate":null,"style":null,"_bbox":[22.0713978845155,-33.29909538658207,22.262519029145135,-33.24494312756853]},"geometry":{"type":"Point","coordinates":[22.1319,-33.2716]},"tippecanoe":{"minzoom":6}}
,
{"type":"Feature","properties":{"_area":11433925,"OBJECTID":353,"Name_rgn":"Puisseguin-Saint-Emilion","class":"Appellation d'origine protégée","country":"France","official":1,"state":null,"altname":null,"gen":1,"latitude":44.9324,"ppt_yr":896,"ppt_gs":467,"GDD_1":1678,"elev":null,"GI_area":null,"auv":null,"climate":null,"style":null,"_bbox":[-0.096663993190404,44.90640872671228,-0.045205150186541,44.954683651412985]},"geometry":{"type":"Point","coordinates":[-0.08082,44.92677]},"tippecanoe":{"minzoom":7}}
,
{"type":"Feature","properties":{"_area":8201001,"OBJECTID":354,"Name_rgn":"Puligny-Montrachet","class":"Appellation d'origine protégée","country":"France","official":1,"state":null,"altname":null,"gen":1,"latitude":46.9471,"ppt_yr":799,"ppt_gs":490,"GDD_1":1309,"elev":null,"GI_area":null,"auv":null,"climate":null,"style":null,"_bbox":[4.731845467009889,46.93461713380613,4.789110502580693,46.960995640957925]},"geometry":{"type":"Point","coordinates":[4.7541,46.94698]},"tippecanoe":{"minzoom":7}}
,
{"type":"Feature","properties":{"_area":340231023,"OBJECTID":355,"Name_rgn":"Rattlesnake Hills","class":"American Viticultural Area","country":"United States","official":1,"state":"Washington","altname":null,"gen":2,"latitude":46.4505,"ppt_yr":194,"ppt_gs":78,"GDD_1":1696,"elev":null,"GI_area":null,"auv":null,"climate":null,"style":null,"_bbox":[-120.47030694206457,46.365803388647876,-119.99973944641121,46.5239070330076]},"geometry":{"type":"Point","coordinates":[-120.16707,46.43436]},"tippecanoe":{"minzoom":6}}
,
{"type":"Feature","properties":{"_area":21683751,"OBJECTID":356,"Name_rgn":"Recioto di Gambellara","class":"Denominazione di origine controllata e garantita","country":"Italy","official":1,"state":"Veneto","altname":null,"gen":5,"latitude":45.4724,"ppt_yr":926,"ppt_gs":588,"GDD_1":2057,"elev":null,"GI_area":null,"auv":null,"climate":null,"style":null,"_bbox":[11.322009723710998,45.44112748475967,11.386683787064086,45.49722806281559]},"geometry":{"type":"Point","coordinates":[11.34743,45.47181]},"tippecanoe":{"minzoom":7}}
,
{"type":"Feature","properties":{"_area":174178188,"OBJECTID":357,"Name_rgn":"Recioto Soave","class":"Denominazione di origine controllata e garantita","country":"Italy","official":1,"state":"Veneto","altname":null,"gen":5,"latitude":45.4675,"ppt_yr":878,"ppt_gs":572,"GDD_1":1844,"elev":null,"GI_area":null,"auv":null,"climate":null,"style":null,"_bbox":[11.098711819427882,45.407063139986214,11.329790636054621,45.527163169974266]},"geometry":{"type":"Point","coordinates":[11.25681,45.46758]},"tippecanoe":{"minzoom":6}}
,
{"type":"Feature","properties":{"_area":29723267,"OBJECTID":358,"Name_rgn":"Recioto Soave Classico","class":"Denominazione di origine controllata e garantita","country":"Italy","official":1,"state":"Veneto","altname":null,"gen":5,"latitude":45.4425,"ppt_yr":880,"ppt_gs":563,"GDD_1":1954,"elev":null,"GI_area":null,"auv":null,"climate":null,"style":null,"_bbox":[11.22016166889862,45.408913005281946,11.300234709445963,45.46673587481868]},"geometry":{"type":"Point","coordinates":[11.26579,45.43828]},"tippecanoe":{"minzoom":7}}
,
{"type":"Feature","properties":{"_area":104138917,"OBJECTID":359,"Name_rgn":"Recioto Valpolicella Classico","class":"Denominazione di origine controllata e garantita","country":"Italy","official":1,"state":"Veneto","altname":null,"gen":5,"latitude":45.5339,"ppt_yr":790,"ppt_gs":545,"GDD_1":1775,"elev":null,"GI_area":null,"auv":null,"climate":null,"style":null,"_bbox":[10.823020050795982,45.48539729539701,10.97734847412577,45.58099673198752]},"geometry":{"type":"Point","coordinates":[10.92235,45.53245]},"tippecanoe":{"minzoom":6}}
,
{"type":"Feature","properties":{"_area":49082584,"OBJECTID":360,"Name_rgn":"Recioto Valpolicella Valpantena","class":"Denominazione di origine controllata e garantita","country":"Italy","official":1,"state":"Veneto","altname":null,"gen":5,"latitude":45.5173,"ppt_yr":830,"ppt_gs":559,"GDD_1":1624,"elev":null,"GI_area":null,"auv":null,"climate":null,"style":null,"_bbox":[10.976813768122593,45.46770358486447,11.059198844039184,45.56003337349664]},"geometry":{"type":"Point","coordinates":[11.02251,45.52113]},"tippecanoe":{"minzoom":6}}
,
{"type":"Feature","properties":{"_area":33622425,"OBJECTID":361,"Name_rgn":"Red Hill Douglas County, Oregon","class":"American Viticultural Area","country":"United States","official":1,"state":"Oregon","altname":null,"gen":2,"latitude":43.5329,"ppt_yr":1313,"ppt_gs":383,"GDD_1":1558,"elev":null,"GI_area":null,"auv":null,"climate":null,"style":null,"_bbox":[-123.31566454963944,43.48684952576515,-123.22460173190858,43.60169011648757]},"geometry":{"type":"Point","coordinates":[-123.29005,43.51246]},"tippecanoe":{"minzoom":7}}
,
{"type":"Feature","properties":{"_area":156266759,"OBJECTID":362,"Name_rgn":"Red Hills Lake County","class":"American Viticultural Area","country":"United States","official":1,"state":"California","altname":null,"gen":2,"latitude":38.9177,"ppt_yr":939,"ppt_gs":157,"GDD_1":1935,"elev":null,"GI_area":null,"auv":null,"climate":null,"style":null,"_bbox":[-122.81996983789779,38.85847602360228,-122.6127306524182,38.96794780615848]},"geometry":{"type":"Point","coordinates":[-122.71349,38.91963]},"tippecanoe":{"minzoom":6}}
,
{"type":"Feature","properties":{"_area":20253238,"OBJECTID":363,"Name_rgn":"Red Mountain","class":"American Viticultural Area","country":"United States","official":1,"state":"Washington","altname":null,"gen":2,"latitude":46.28,"ppt_yr":192,"ppt_gs":77,"GDD_1":1976,"elev":null,"GI_area":null,"auv":null,"climate":null,"style":null,"_bbox":[-119.47201932137853,46.25583903572035,-119.40905141476982,46.3110963352199]},"geometry":{"type":"Point","coordinates":[-119.45,46.27958]},"tippecanoe":{"minzoom":7}}
,
{"type":"Feature","properties":{"_area":138330694,"OBJECTID":364,"Name_rgn":"Redwood Valley","class":"American Viticultural Area","country":"United States","official":1,"state":"California","altname":null,"gen":2,"latitude":39.3006,"ppt_yr":1058,"ppt_gs":177,"GDD_1":1875,"elev":null,"GI_area":null,"auv":null,"climate":null,"style":null,"_bbox":[-123.2616615214441,39.236061002968974,-123.13176750740436,39.36547901361122]},"geometry":{"type":"Point","coordinates":[-123.19695,39.30077]},"tippecanoe":{"minzoom":6}}
,
{"type":"Feature","properties":{"_area":22175462,"OBJECTID":365,"Name_rgn":"Régnié","class":"Appellation d'origine protégée","country":"France","official":1,"state":null,"altname":null,"gen":1,"latitude":46.1502,"ppt_yr":820,"ppt_gs":524,"GDD_1":1140,"elev":null,"GI_area":null,"auv":null,"climate":null,"style":null,"_bbox":[4.602121255220081,46.120913074114604,4.675934554593311,46.18520609646884]},"geometry":{"type":"Point","coordinates":[4.62673,46.15256]},"tippecanoe":{"minzoom":7}}
,
{"type":"Feature","properties":{"_area":442725587,"OBJECTID":366,"Name_rgn":"Reiat","class":"Produktionsgebiet","country":"Switzerland","official":6,"state":"Schaffhausen","altname":"Rhein","gen":4,"latitude":47.7074,"ppt_yr":925,"ppt_gs":586,"GDD_1":1113,"elev":null,"GI_area":null,"auv":null,"climate":null,"style":null,"_bbox":[8.53483075362226,47.55378611362997,8.877440894292294,47.801859659194264]},"geometry":{"type":"Point","coordinates":[8.65935,47.69187]},"tippecanoe":{"minzoom":5}}
,
{"type":"Feature","properties":{"_area":15051084,"OBJECTID":368,"Name_rgn":"Ribbon Ridge","class":"American Viticultural Area","country":"United States","official":1,"state":"Oregon","altname":null,"gen":2,"latitude":45.3566,"ppt_yr":1197,"ppt_gs":341,"GDD_1":1332,"elev":null,"GI_area":null,"auv":null,"climate":null,"style":null,"_bbox":[-123.10180551533782,45.33059941491952,-123.05688150369922,45.381727414450694]},"geometry":{"type":"Point","coordinates":[-123.08005,45.36078]},"tippecanoe":{"minzoom":7}}
,
{"type":"Feature","properties":{"_area":2046381421,"OBJECTID":369,"Name_rgn":"Ribera Alta","class":"Denominación de Origen","country":"Spain","official":1,"state":null,"altname":null,"gen":1,"latitude":42.4155,"ppt_yr":542,"ppt_gs":300,"GDD_1":1873,"elev":null,"GI_area":null,"auv":null,"climate":null,"style":null,"_bbox":[-2.162112920970556,42.19124599787373,-1.329038870423406,42.626003305257555]},"geometry":{"type":"Point","coordinates":[-1.76684,42.42264]},"tippecanoe":{"minzoom":5}}
,
{"type":"Feature","properties":{"_area":857407560,"OBJECTID":370,"Name_rgn":"Ribera Baja","class":"Denominación de Origen","country":"Spain","official":1,"state":null,"altname":null,"gen":1,"latitude":42.0701,"ppt_yr":426,"ppt_gs":249,"GDD_1":2025,"elev":null,"GI_area":null,"auv":null,"climate":null,"style":null,"_bbox":[-1.909184072667736,41.90989675110516,-1.484815878352806,42.23783102630548]},"geometry":{"type":"Point","coordinates":[-1.62544,42.0745]},"tippecanoe":{"minzoom":5}}
,
{"type":"Feature","properties":{"_area":4516896,"OBJECTID":371,"Name_rgn":"Richebourg","class":"Appellation d'origine protégée","country":"France","official":1,"state":null,"altname":null,"gen":1,"latitude":47.1598,"ppt_yr":795,"ppt_gs":485,"GDD_1":1309,"elev":null,"GI_area":null,"auv":null,"climate":null,"style":null,"_bbox":[4.935975886921679,47.14794108256757,4.976438160580165,47.17062572174055]},"geometry":{"type":"Point","coordinates":[4.95937,47.15716]},"tippecanoe":{"minzoom":7}}
,
{"type":"Feature","properties":{"_area":88945108,"OBJECTID":372,"Name_rgn":"Riebeekberg","class":"Ward","country":"South Africa","official":1,"state":"Western Cape","altname":null,"gen":1,"latitude":-33.3669,"ppt_yr":474,"ppt_gs":132,"GDD_1":2488,"elev":null,"GI_area":null,"auv":null,"climate":null,"style":null,"_bbox":[18.828568235120322,-33.42389146378838,18.94258577606983,-33.30395115302775]},"geometry":{"type":"Point","coordinates":[18.89538,-33.38559]},"tippecanoe":{"minzoom":6}}
,
{"type":"Feature","properties":{"_area":34635410,"OBJECTID":373,"Name_rgn":"Riebeeksrivier","class":"Ward","country":"South Africa","official":1,"state":"Western Cape","altname":null,"gen":1,"latitude":-33.3924,"ppt_yr":489,"ppt_gs":139,"GDD_1":2283,"elev":null,"GI_area":null,"auv":null,"climate":null,"style":null,"_bbox":[18.813735236080934,-33.43628635541437,18.878002132641654,-33.34975460874555]},"geometry":{"type":"Point","coordinates":[18.84816,-33.39239]},"tippecanoe":{"minzoom":7}}
,
{"type":"Feature","properties":{"_area":6773867111,"OBJECTID":374,"Name_rgn":"Rietrivier FS","class":"Ward","country":"South Africa","official":1,"state":"Free State","altname":"Rietrivier VS","gen":1,"latitude":-29.0384,"ppt_yr":415,"ppt_gs":367,"GDD_1":2608,"elev":null,"GI_area":null,"auv":null,"climate":null,"style":null,"_bbox":[24.550960892152588,-29.481698976558775,26.02193295403606,-28.759986863048283]},"geometry":{"type":"Point","coordinates":[24.92521,-29.16525]},"tippecanoe":{"minzoom":4}}
,
{"type":"Feature","properties":{"_area":521165233,"OBJECTID":375,"Name_rgn":"Rioja Alavesa","class":"Denominación de Origen","country":"Spain","official":1,"state":null,"altname":null,"gen":1,"latitude":42.5541,"ppt_yr":560,"ppt_gs":304,"GDD_1":1415,"elev":null,"GI_area":null,"auv":null,"climate":null,"style":null,"_bbox":[-2.858095566488375,42.47225314704495,-2.389937771041923,42.64488565794137]},"geometry":{"type":"Point","coordinates":[-2.58903,42.54845]},"tippecanoe":{"minzoom":5}}
,
{"type":"Feature","properties":{"_area":1669582045,"OBJECTID":376,"Name_rgn":"Rioja Alta","class":"Denominación de Origen","country":"Spain","official":1,"state":null,"altname":null,"gen":1,"latitude":42.4715,"ppt_yr":541,"ppt_gs":294,"GDD_1":1557,"elev":null,"GI_area":null,"auv":null,"climate":null,"style":null,"_bbox":[-3.134263355982603,42.281928981250196,-2.341448323582778,42.64426805759799]},"geometry":{"type":"Point","coordinates":[-2.77971,42.47088]},"tippecanoe":{"minzoom":5}}
,
{"type":"Feature","properties":{"_area":2789687903,"OBJECTID":377,"Name_rgn":"Rioja Oriental","class":"Denominación de Origen","country":"Spain","official":1,"state":null,"altname":null,"gen":1,"latitude":42.2718,"ppt_yr":470,"ppt_gs":272,"GDD_1":1715,"elev":null,"GI_area":null,"auv":null,"climate":null,"style":null,"_bbox":[-2.524058724107784,41.945670581962844,-1.67871248752867,42.590860506603114]},"geometry":{"type":"Point","coordinates":[-2.02946,42.24243]},"tippecanoe":{"minzoom":5}}
,
{"type":"Feature","properties":{"_area":63367663,"OBJECTID":378,"Name_rgn":"Rocamadour","class":"Indication géographique protégée","country":"France","official":1,"state":null,"altname":null,"gen":1,"latitude":44.8147,"ppt_yr":808,"ppt_gs":487,"GDD_1":1630,"elev":null,"GI_area":null,"auv":null,"climate":null,"style":null,"_bbox":[1.559018824675448,44.781659632053085,1.694071791526678,44.858534722459524]},"geometry":{"type":"Point","coordinates":[1.61788,44.8189]},"tippecanoe":{"minzoom":6}}
,
{"type":"Feature","properties":{"_area":92574135,"OBJECTID":379,"Name_rgn":"Rockpile","class":"American Viticultural Area","country":"United States","official":1,"state":"California","altname":null,"gen":2,"latitude":38.7604,"ppt_yr":1076,"ppt_gs":180,"GDD_1":1727,"elev":null,"GI_area":null,"auv":null,"climate":null,"style":null,"_bbox":[-123.24654394420756,38.70883203905701,-123.05543048736011,38.808700589460265]},"geometry":{"type":"Point","coordinates":[-123.18335,38.76891]},"tippecanoe":{"minzoom":6}}
,
{"type":"Feature","properties":{"_area":4516896,"OBJECTID":380,"Name_rgn":"Romanée-Conti","class":"Appellation d'origine protégée","country":"France","official":1,"state":null,"altname":null,"gen":1,"latitude":47.1598,"ppt_yr":795,"ppt_gs":485,"GDD_1":1309,"elev":null,"GI_area":null,"auv":null,"climate":null,"style":null,"_bbox":[4.935975886921679,47.14794108256757,4.976438160580165,47.17062572174055]},"geometry":{"type":"Point","coordinates":[4.95937,47.15716]},"tippecanoe":{"minzoom":7}}
,
{"type":"Feature","properties":{"_area":4516896,"OBJECTID":381,"Name_rgn":"Romanée-Saint-Vivant","class":"Appellation d'origine protégée","country":"France","official":1,"state":null,"altname":null,"gen":1,"latitude":47.1598,"ppt_yr":795,"ppt_gs":485,"GDD_1":1309,"elev":null,"GI_area":null,"auv":null,"climate":null,"style":null,"_bbox":[4.935975886921679,47.14794108256757,4.976438160580165,47.17062572174055]},"geometry":{"type":"Point","coordinates":[4.95937,47.15716]},"tippecanoe":{"minzoom":7}}
,
{"type":"Feature","properties":{"_area":807287693,"OBJECTID":385,"Name_rgn":"Russian River Valley","class":"American Viticultural Area","country":"United States","official":1,"state":"California","altname":null,"gen":2,"latitude":38.4782,"ppt_yr":955,"ppt_gs":153,"GDD_1":1758,"elev":null,"GI_area":null,"auv":null,"climate":null,"style":null,"_bbox":[-123.02813731274757,38.30068696286533,-122.67375934875508,38.65215991200525]},"geometry":{"type":"Point","coordinates":[-122.83112,38.48947]},"tippecanoe":{"minzoom":5}}
,
{"type":"Feature","properties":{"_area":37268919,"OBJECTID":386,"Name_rgn":"Rutherford","class":"American Viticultural Area","country":"United States","official":1,"state":"California","altname":null,"gen":2,"latitude":38.4682,"ppt_yr":709,"ppt_gs":112,"GDD_1":2058,"elev":null,"GI_area":null,"auv":null,"climate":null,"style":null,"_bbox":[-122.46354999607797,38.43513456366714,-122.3688742261396,38.49974331569543]},"geometry":{"type":"Point","coordinates":[-122.41863,38.46996]},"tippecanoe":{"minzoom":6}}
,
{"type":"Feature","properties":{"_area":5603660,"OBJECTID":387,"Name_rgn":"Saint-Amour","class":"Appellation d'origine protégée","country":"France","official":1,"state":null,"altname":null,"gen":1,"latitude":46.2413,"ppt_yr":815,"ppt_gs":513,"GDD_1":1466,"elev":null,"GI_area":null,"auv":null,"climate":null,"style":null,"_bbox":[4.708898755865257,46.229540646537735,4.758383018331288,46.25127188706046]},"geometry":{"type":"Point","coordinates":[4.74489,46.24109]},"tippecanoe":{"minzoom":7}}
,
{"type":"Feature","properties":{"_area":11638115,"OBJECTID":388,"Name_rgn":"Saint-Aubin","class":"Appellation d'origine protégée","country":"France","official":1,"state":null,"altname":null,"gen":1,"latitude":46.9504,"ppt_yr":835,"ppt_gs":509,"GDD_1":1303,"elev":null,"GI_area":null,"auv":null,"climate":null,"style":null,"_bbox":[4.681509674418038,46.930820458938506,4.734620013477883,46.97001995006381]},"geometry":{"type":"Point","coordinates":[4.71642,46.95348]},"tippecanoe":{"minzoom":7}}
,
{"type":"Feature","properties":{"_area":3864565,"OBJECTID":389,"Name_rgn":"Saint-Georges-Saint-Emilion","class":"Appellation d'origine protégée","country":"France","official":1,"state":null,"altname":null,"gen":1,"latitude":44.9245,"ppt_yr":892,"ppt_gs":465,"GDD_1":1671,"elev":null,"GI_area":null,"auv":null,"climate":null,"style":null,"_bbox":[-0.165368995751022,44.91291858288315,-0.128404296481587,44.93329928317887]},"geometry":{"type":"Point","coordinates":[-0.13926,44.92375]},"tippecanoe":{"minzoom":7}}
,
{"type":"Feature","properties":{"_area":24861144,"OBJECTID":391,"Name_rgn":"Saint-Romain","class":"Appellation d'origine protégée","country":"France","official":1,"state":null,"altname":null,"gen":1,"latitude":47.0122,"ppt_yr":877,"ppt_gs":529,"GDD_1":1151,"elev":null,"GI_area":null,"auv":null,"climate":null,"style":null,"_bbox":[4.664157436402633,46.98546478793077,4.749840873615918,47.041169330484784]},"geometry":{"type":"Point","coordinates":[4.70681,47.00897]},"tippecanoe":{"minzoom":7}}
,
{"type":"Feature","properties":{"_area":153086420,"OBJECTID":392,"Name_rgn":"Saint Sornin","class":"Indication géographique protégée","country":"France","official":1,"state":null,"altname":null,"gen":1,"latitude":45.6875,"ppt_yr":855,"ppt_gs":457,"GDD_1":1575,"elev":null,"GI_area":null,"auv":null,"climate":null,"style":null,"_bbox":[0.365565937375443,45.6180153491272,0.547237447511566,45.76247156032608]},"geometry":{"type":"Point","coordinates":[0.46206,45.69532]},"tippecanoe":{"minzoom":6}}
,
{"type":"Feature","properties":{"_area":10028385,"OBJECTID":393,"Name_rgn":"Sainte-Croix-du-Mont","class":"Appellation d'origine protégée","country":"France","official":1,"state":null,"altname":null,"gen":1,"latitude":44.598,"ppt_yr":892,"ppt_gs":461,"GDD_1":1692,"elev":null,"GI_area":null,"auv":null,"climate":null,"style":null,"_bbox":[-0.301335344430324,44.58404111322731,-0.242814290717475,44.612279999240506]},"geometry":{"type":"Point","coordinates":[-0.26868,44.59728]},"tippecanoe":{"minzoom":7}}
,
{"type":"Feature","properties":{"_area":128198538,"OBJECTID":394,"Name_rgn":"San Bernabe","class":"American Viticultural Area","country":"United States","official":1,"state":"California","altname":null,"gen":2,"latitude":36.1362,"ppt_yr":341,"ppt_gs":54,"GDD_1":1915,"elev":null,"GI_area":null,"auv":null,"climate":null,"style":null,"_bbox":[-121.17310284638008,36.07931053399352,-121.02840747645685,36.20354023820446]},"geometry":{"type":"Point","coordinates":[-121.11875,36.13366]},"tippecanoe":{"minzoom":6}}
,
{"type":"Feature","properties":{"_area":240553334,"OBJECTID":395,"Name_rgn":"San Juan Creek","class":"American Viticultural Area","country":"United States","official":1,"state":"California","altname":null,"gen":2,"latitude":35.6222,"ppt_yr":362,"ppt_gs":62,"GDD_1":2234,"elev":null,"GI_area":null,"auv":null,"climate":null,"style":null,"_bbox":[-120.44439791409971,35.48784787079314,-120.19467108008439,35.68813700306259]},"geometry":{"type":"Point","coordinates":[-120.36733,35.62672]},"tippecanoe":{"minzoom":6}}
,
{"type":"Feature","properties":{"_area":162493106,"OBJECTID":396,"Name_rgn":"San Lucas","class":"American Viticultural Area","country":"United States","official":1,"state":"California","altname":null,"gen":2,"latitude":36.0719,"ppt_yr":307,"ppt_gs":48,"GDD_1":2011,"elev":null,"GI_area":null,"auv":null,"climate":null,"style":null,"_bbox":[-121.06781036959572,36.00200079395881,-120.88659160407455,36.14326457881387]},"geometry":{"type":"Point","coordinates":[-120.94586,36.06104]},"tippecanoe":{"minzoom":6}}
,
{"type":"Feature","properties":{"_area":99333392,"OBJECTID":397,"Name_rgn":"San Miguel District","class":"American Viticultural Area","country":"United States","official":1,"state":"California","altname":null,"gen":2,"latitude":35.7464,"ppt_yr":352,"ppt_gs":53,"GDD_1":2164,"elev":null,"GI_area":null,"auv":null,"climate":null,"style":null,"_bbox":[-120.765493041694,35.69236316810188,-120.62597005259909,35.791122884485596]},"geometry":{"type":"Point","coordinates":[-120.70068,35.74483]},"tippecanoe":{"minzoom":6}}
,
{"type":"Feature","properties":{"_area":11962477,"OBJECTID":398,"Name_rgn":"San Ysidro District","class":"American Viticultural Area","country":"United States","official":1,"state":"California","altname":null,"gen":2,"latitude":37.0054,"ppt_yr":450,"ppt_gs":74,"GDD_1":1974,"elev":null,"GI_area":null,"auv":null,"climate":null,"style":null,"_bbox":[-121.51568299230279,36.98323394436069,-121.46567998240458,37.03191662077084]},"geometry":{"type":"Point","coordinates":[-121.50009,37.01252]},"tippecanoe":{"minzoom":7}}
,
{"type":"Feature","properties":{"_area":2462026150,"OBJECTID":399,"Name_rgn":"Santa Clara Valley","class":"American Viticultural Area","country":"United States","official":1,"state":"California","altname":null,"gen":2,"latitude":37.2316,"ppt_yr":466,"ppt_gs":77,"GDD_1":1974,"elev":null,"GI_area":null,"auv":null,"climate":null,"style":null,"_bbox":[-122.20266613564125,36.92596593146895,-121.35907449027168,37.572653960146866]},"geometry":{"type":"Point","coordinates":[-121.95637,37.36677]},"tippecanoe":{"minzoom":5}}
,
{"type":"Feature","properties":{"_area":89566585,"OBJECTID":401,"Name_rgn":"Santa Margarita Ranch","class":"American Viticultural Area","country":"United States","official":1,"state":"California","altname":null,"gen":2,"latitude":35.3797,"ppt_yr":507,"ppt_gs":77,"GDD_1":1770,"elev":null,"GI_area":null,"auv":null,"climate":null,"style":null,"_bbox":[-120.65722064739799,35.31578785170595,-120.52360866989065,35.43118313282871]},"geometry":{"type":"Point","coordinates":[-120.59276,35.38836]},"tippecanoe":{"minzoom":6}}
,
{"type":"Feature","properties":{"_area":15230036,"OBJECTID":402,"Name_rgn":"Santenay","class":"Appellation d'origine protégée","country":"France","official":1,"state":null,"altname":null,"gen":1,"latitude":46.9156,"ppt_yr":825,"ppt_gs":503,"GDD_1":1303,"elev":null,"GI_area":null,"auv":null,"climate":null,"style":null,"_bbox":[4.664095402342371,46.89725135531929,4.733924897111041,46.93689956137087]},"geometry":{"type":"Point","coordinates":[4.69197,46.91769]},"tippecanoe":{"minzoom":7}}
,
{"type":"Feature","properties":{"_area":82791177,"OBJECTID":406,"Name_rgn":"Scherpenheuvel","class":"Ward","country":"South Africa","official":1,"state":"Western Cape","altname":null,"gen":1,"latitude":-33.7815,"ppt_yr":487,"ppt_gs":163,"GDD_1":2408,"elev":null,"GI_area":null,"auv":null,"climate":null,"style":null,"_bbox":[19.52821384834572,-33.82236479636704,19.68367802157069,-33.74507521510221]},"geometry":{"type":"Point","coordinates":[19.57471,-33.78553]},"tippecanoe":{"minzoom":6}}
,
{"type":"Feature","properties":{"_area":325344468,"OBJECTID":407,"Name_rgn":"Sforzato di Valtellina","class":"Denominazione di origine controllata e garantita","country":"Italy","official":1,"state":"Lombardy","altname":"Sfursat","gen":5,"latitude":46.1762,"ppt_yr":800,"ppt_gs":579,"GDD_1":882,"elev":null,"GI_area":null,"auv":null,"climate":null,"style":null,"_bbox":[9.61852381617881,46.142900649544835,10.193115767185688,46.23298947400323]},"geometry":{"type":"Point","coordinates":[9.85712,46.18583]},"tippecanoe":{"minzoom":6}}
,
{"type":"Feature","properties":{"_area":57399945,"OBJECTID":408,"Name_rgn":"Simonsberg-Paarl","class":"Ward","country":"South Africa","official":1,"state":"Western Cape","altname":null,"gen":1,"latitude":-33.8501,"ppt_yr":707,"ppt_gs":215,"GDD_1":2213,"elev":null,"GI_area":null,"auv":null,"climate":null,"style":null,"_bbox":[18.868607271125963,-33.89946425788179,18.978298345105756,-33.803126766489335]},"geometry":{"type":"Point","coordinates":[18.93597,-33.85769]},"tippecanoe":{"minzoom":6}}
,
{"type":"Feature","properties":{"_area":65352098,"OBJECTID":409,"Name_rgn":"Simonsberg-Stellenbosch","class":"Ward","country":"South Africa","official":1,"state":"Western Cape","altname":null,"gen":1,"latitude":-33.8821,"ppt_yr":709,"ppt_gs":218,"GDD_1":2090,"elev":null,"GI_area":null,"auv":null,"climate":null,"style":null,"_bbox":[18.84244999732555,-33.92990598928684,18.92994125362396,-33.82207869406648]},"geometry":{"type":"Point","coordinates":[18.88278,-33.88958]},"tippecanoe":{"minzoom":6}}
,
{"type":"Feature","properties":{"_area":10907334,"OBJECTID":410,"Name_rgn":"Skaha Bench","class":"Geographical Indication","country":"Canada","official":1,"state":"British Columbia","altname":null,"gen":3,"latitude":49.4258,"ppt_yr":312,"ppt_gs":178,"GDD_1":1137,"elev":null,"GI_area":null,"auv":null,"climate":null,"style":null,"_bbox":[-119.58009140124766,49.380628099927584,-119.55033208168561,49.467278382542546]},"geometry":{"type":"Point","coordinates":[-119.56893,49.43643]},"tippecanoe":{"minzoom":7}}
,
{"type":"Feature","properties":{"_area":149971174,"OBJECTID":411,"Name_rgn":"Skalický rubín","class":"Chránené Označenie Pôvodu","country":"Slovakia","official":1,"state":"Trnava","altname":null,"gen":2,"latitude":48.8143,"ppt_yr":713,"ppt_gs":526,"GDD_1":1419,"elev":null,"GI_area":null,"auv":null,"climate":null,"style":null,"_bbox":[17.155793365481312,48.73113548891671,17.362196724284573,48.878029000653655]},"geometry":{"type":"Point","coordinates":[17.26482,48.80114]},"tippecanoe":{"minzoom":6}}
,
{"type":"Feature","properties":{"_area":75636671,"OBJECTID":412,"Name_rgn":"Slanghoek","class":"Ward","country":"South Africa","official":1,"state":"Western Cape","altname":null,"gen":1,"latitude":-33.6137,"ppt_yr":605,"ppt_gs":184,"GDD_1":2138,"elev":null,"GI_area":null,"auv":null,"climate":null,"style":null,"_bbox":[19.17391715314036,-33.67072653624504,19.251038888416197,-33.54275107293494]},"geometry":{"type":"Point","coordinates":[19.21127,-33.6165]},"tippecanoe":{"minzoom":6}}
,
{"type":"Feature","properties":{"_area":22153655,"OBJECTID":413,"Name_rgn":"Snipes Mountain","class":"American Viticultural Area","country":"United States","official":1,"state":"Washington","altname":null,"gen":2,"latitude":46.3169,"ppt_yr":176,"ppt_gs":72,"GDD_1":1760,"elev":null,"GI_area":null,"auv":null,"climate":null,"style":null,"_bbox":[-120.18588944181931,46.298743397916816,-120.02899072017102,46.34003384721707]},"geometry":{"type":"Point","coordinates":[-120.05363,46.30971]},"tippecanoe":{"minzoom":7}}
,
{"type":"Feature","properties":{"_area":29722184,"OBJECTID":414,"Name_rgn":"Soave Classico","class":"Denominazione di origine controllata","country":"Italy","official":1,"state":"Veneto","altname":null,"gen":5,"latitude":45.4425,"ppt_yr":880,"ppt_gs":563,"GDD_1":1844,"elev":null,"GI_area":null,"auv":null,"climate":null,"style":null,"_bbox":[11.22016166889862,45.408913005281946,11.300234709445963,45.46673587481868]},"geometry":{"type":"Point","coordinates":[11.26579,45.43828]},"tippecanoe":{"minzoom":7}}
,
{"type":"Feature","properties":{"_area":155761242,"OBJECTID":415,"Name_rgn":"Soave Colli Scaligeri","class":"Denominazione di origine controllata","country":"Italy","official":1,"state":"Veneto","altname":null,"gen":5,"latitude":45.4768,"ppt_yr":877,"ppt_gs":574,"GDD_1":1798,"elev":null,"GI_area":null,"auv":null,"climate":null,"style":null,"_bbox":[11.098711819427882,45.407063139986214,11.329790636054621,45.527163169974266]},"geometry":{"type":"Point","coordinates":[11.22585,45.47227]},"tippecanoe":{"minzoom":6}}
,
{"type":"Feature","properties":{"_area":174178188,"OBJECTID":416,"Name_rgn":"Soave Superiore","class":"Denominazione di origine controllata e garantita","country":"Italy","official":1,"state":"Veneto","altname":null,"gen":5,"latitude":45.4675,"ppt_yr":878,"ppt_gs":572,"GDD_1":1844,"elev":null,"GI_area":null,"auv":null,"climate":null,"style":null,"_bbox":[11.098711819427882,45.407063139986214,11.329790636054621,45.527163169974266]},"geometry":{"type":"Point","coordinates":[11.25681,45.46758]},"tippecanoe":{"minzoom":6}}
,
{"type":"Feature","properties":{"_area":29723267,"OBJECTID":417,"Name_rgn":"Soave Superiore Classico","class":"Denominazione di origine controllata e garantita","country":"Italy","official":1,"state":"Veneto","altname":null,"gen":5,"latitude":45.4425,"ppt_yr":880,"ppt_gs":563,"GDD_1":1844,"elev":null,"GI_area":null,"auv":null,"climate":null,"style":null,"_bbox":[11.22016166889862,45.408913005281946,11.300234709445963,45.46673587481868]},"geometry":{"type":"Point","coordinates":[11.26579,45.43828]},"tippecanoe":{"minzoom":7}}
,
{"type":"Feature","properties":{"_area":19517449,"OBJECTID":418,"Name_rgn":"Šobes","class":"Chráněné označení původu","country":"Czechia","official":1,"state":"Jihomoravský","altname":"Šobeské vino","gen":3,"latitude":48.8366,"ppt_yr":568,"ppt_gs":422,"GDD_1":1178,"elev":null,"GI_area":null,"auv":null,"climate":null,"style":null,"_bbox":[15.912940139024045,48.81108727955451,15.982089804057045,48.861321518878256]},"geometry":{"type":"Point","coordinates":[15.94473,48.83895]},"tippecanoe":{"minzoom":7}}
,
{"type":"Feature","properties":{"_area":39924210,"OBJECTID":419,"Name_rgn":"Sonoma Mountain","class":"American Viticultural Area","country":"United States","official":1,"state":"California","altname":null,"gen":2,"latitude":38.3581,"ppt_yr":949,"ppt_gs":154,"GDD_1":1826,"elev":null,"GI_area":null,"auv":null,"climate":null,"style":null,"_bbox":[-122.61533952708992,38.31434273556507,-122.51732891347454,38.38854998191039]},"geometry":{"type":"Point","coordinates":[-122.57244,38.36188]},"tippecanoe":{"minzoom":6}}
,
{"type":"Feature","properties":{"_area":46821755,"OBJECTID":420,"Name_rgn":"Spring Mountain District","class":"American Viticultural Area","country":"United States","official":1,"state":"California","altname":null,"gen":2,"latitude":38.5131,"ppt_yr":1020,"ppt_gs":165,"GDD_1":1889,"elev":null,"GI_area":null,"auv":null,"climate":null,"style":null,"_bbox":[-122.57378746943104,38.46715299339734,-122.47948517227542,38.55096610427559]},"geometry":{"type":"Point","coordinates":[-122.51486,38.50251]},"tippecanoe":{"minzoom":6}}
,
{"type":"Feature","properties":{"_area":122571493,"OBJECTID":421,"Name_rgn":"Springfontein Rim","class":"Ward","country":"South Africa","official":1,"state":"Western Cape","altname":null,"gen":1,"latitude":-34.4748,"ppt_yr":532,"ppt_gs":203,"GDD_1":1832,"elev":null,"GI_area":null,"auv":null,"climate":null,"style":null,"_bbox":[19.354429214925805,-34.53808029897138,19.539632369854797,-34.41967085378409]},"geometry":{"type":"Point","coordinates":[19.44832,-34.48581]},"tippecanoe":{"minzoom":6}}
,
{"type":"Feature","properties":{"_area":18203986,"OBJECTID":422,"Name_rgn":"Spruitdrift","class":"Ward","country":"South Africa","official":1,"state":"Western Cape","altname":null,"gen":1,"latitude":-31.7049,"ppt_yr":191,"ppt_gs":49,"GDD_1":2530,"elev":null,"GI_area":null,"auv":null,"climate":null,"style":null,"_bbox":[18.488258709537334,-31.727584826886382,18.544727672476366,-31.676555621896178]},"geometry":{"type":"Point","coordinates":[18.51736,-31.70646]},"tippecanoe":{"minzoom":7}}
,
{"type":"Feature","properties":{"_area":4173746,"OBJECTID":423,"Name_rgn":"St Francis Bay","class":"Ward","country":"South Africa","official":1,"state":"Eastern Cape","altname":null,"gen":1,"latitude":-34.1839,"ppt_yr":640,"ppt_gs":339,"GDD_1":1762,"elev":null,"GI_area":null,"auv":null,"climate":null,"style":null,"_bbox":[24.81475766656055,-34.19197479566357,24.8459157726144,-34.171533490257715]},"geometry":{"type":"Point","coordinates":[24.82689,-34.18239]},"tippecanoe":{"minzoom":7}}
,
{"type":"Feature","properties":{"_area":1708299675,"OBJECTID":424,"Name_rgn":"St Helena Bay","class":"Ward","country":"South Africa","official":1,"state":"Western Cape","altname":"St Helenabaai","gen":1,"latitude":-32.6444,"ppt_yr":268,"ppt_gs":72,"GDD_1":2260,"elev":null,"GI_area":null,"auv":null,"climate":null,"style":null,"_bbox":[17.98304505468473,-32.86944992983707,18.502110407824937,-32.31963224744692]},"geometry":{"type":"Point","coordinates":[18.33078,-32.57038]},"tippecanoe":{"minzoom":5}}
,
{"type":"Feature","properties":{"_area":55792079,"OBJECTID":425,"Name_rgn":"St. Helena","class":"American Viticultural Area","country":"United States","official":1,"state":"California","altname":null,"gen":2,"latitude":38.5138,"ppt_yr":816,"ppt_gs":129,"GDD_1":2026,"elev":null,"GI_area":null,"auv":null,"climate":null,"style":null,"_bbox":[-122.51708039455119,38.47556802873507,-122.41186113046246,38.566163906006295]},"geometry":{"type":"Point","coordinates":[-122.47214,38.5106]},"tippecanoe":{"minzoom":6}}
,
{"type":"Feature","properties":{"_area":174509668,"OBJECTID":426,"Name_rgn":"Sta. Rita Hills","class":"American Viticultural Area","country":"United States","official":1,"state":"California","altname":null,"gen":2,"latitude":34.6344,"ppt_yr":441,"ppt_gs":70,"GDD_1":1522,"elev":null,"GI_area":null,"auv":null,"climate":null,"style":null,"_bbox":[-120.4261802472244,34.575319830051114,-120.22810450017533,34.69928764730428]},"geometry":{"type":"Point","coordinates":[-120.33708,34.64118]},"tippecanoe":{"minzoom":6}}
,
{"type":"Feature","properties":{"_area":15537697,"OBJECTID":427,"Name_rgn":"Stags Leap District","class":"American Viticultural Area","country":"United States","official":1,"state":"California","altname":null,"gen":2,"latitude":38.4035,"ppt_yr":715,"ppt_gs":112,"GDD_1":2083,"elev":null,"GI_area":null,"auv":null,"climate":null,"style":null,"_bbox":[-122.35178572361013,38.37853547976427,-122.29796505790904,38.43077356714152]},"geometry":{"type":"Point","coordinates":[-122.3273,38.40302]},"tippecanoe":{"minzoom":7}}
,
{"type":"Feature","properties":{"_area":34938415,"OBJECTID":428,"Name_rgn":"Stanford Foothills","class":"Ward","country":"South Africa","official":1,"state":"Western Cape","altname":"Stanford Voetheuwels","gen":1,"latitude":-34.4084,"ppt_yr":608,"ppt_gs":230,"GDD_1":2012,"elev":null,"GI_area":null,"auv":null,"climate":null,"style":null,"_bbox":[19.344160995121225,-34.43024344719267,19.499874113070994,-34.38552398949179]},"geometry":{"type":"Point","coordinates":[19.3805,-34.3995]},"tippecanoe":{"minzoom":7}}
,
{"type":"Feature","properties":{"_area":74645454,"OBJECTID":429,"Name_rgn":"Stettyn","class":"Ward","country":"South Africa","official":1,"state":"Western Cape","altname":null,"gen":1,"latitude":-33.8958,"ppt_yr":647,"ppt_gs":212,"GDD_1":2082,"elev":null,"GI_area":null,"auv":null,"climate":null,"style":null,"_bbox":[19.325332479242622,-33.9522020525589,19.43304533450771,-33.839304124511415]},"geometry":{"type":"Point","coordinates":[19.38382,-33.88867]},"tippecanoe":{"minzoom":6}}
,
{"type":"Feature","properties":{"_area":183130791,"OBJECTID":430,"Name_rgn":"Still Bay East","class":"Ward","country":"South Africa","official":1,"state":"Western Cape","altname":"Stilbaai-Oos","gen":1,"latitude":-34.2949,"ppt_yr":405,"ppt_gs":234,"GDD_1":2135,"elev":null,"GI_area":null,"auv":null,"climate":null,"style":null,"_bbox":[21.29944930760742,-34.351626129775454,21.553795038065154,-34.252146096535576]},"geometry":{"type":"Point","coordinates":[21.44945,-34.30266]},"tippecanoe":{"minzoom":6}}
,
{"type":"Feature","properties":{"_area":146464779,"OBJECTID":431,"Name_rgn":"Stormsvlei","class":"Ward","country":"South Africa","official":1,"state":"Western Cape","altname":null,"gen":1,"latitude":-34.0998,"ppt_yr":400,"ppt_gs":178,"GDD_1":2113,"elev":null,"GI_area":null,"auv":null,"climate":null,"style":null,"_bbox":[19.927162519270524,-34.154899586869305,20.187950482754022,-34.05895613570947]},"geometry":{"type":"Point","coordinates":[20.04259,-34.09643]},"tippecanoe":{"minzoom":6}}
,
{"type":"Feature","properties":{"_area":147464208,"OBJECTID":432,"Name_rgn":"Sunday's Glen","class":"Ward","country":"South Africa","official":1,"state":"Western Cape","altname":"Sondagskloof","gen":1,"latitude":-34.4912,"ppt_yr":512,"ppt_gs":205,"GDD_1":1873,"elev":null,"GI_area":null,"auv":null,"climate":null,"style":null,"_bbox":[19.51312974682824,-34.55523400519005,19.694042553350144,-34.424729415919344]},"geometry":{"type":"Point","coordinates":[19.60336,-34.48335]},"tippecanoe":{"minzoom":6}}
,
{"type":"Feature","properties":{"_area":717328694,"OBJECTID":433,"Name_rgn":"Swan Creek","class":"American Viticultural Area","country":"United States","official":1,"state":"North Carolina","altname":null,"gen":2,"latitude":36.1045,"ppt_yr":1242,"ppt_gs":769,"GDD_1":2244,"elev":null,"GI_area":null,"auv":null,"climate":null,"style":null,"_bbox":[-81.13461421210296,35.909126122388514,-80.74390125887207,36.241665095737304]},"geometry":{"type":"Point","coordinates":[-80.89755,36.11501]},"tippecanoe":{"minzoom":5}}
,
{"type":"Feature","properties":{"_area":110214959,"OBJECTID":434,"Name_rgn":"Swan Valley","class":"Subregion","country":"Australia","official":1,"state":"Western Australia","altname":null,"gen":1,"latitude":-31.8234,"ppt_yr":698,"ppt_gs":157,"GDD_1":2506,"elev":null,"GI_area":null,"auv":525,"climate":"hot summer, warm temperate","style":null,"_bbox":[115.9590715481425,-31.89518896739571,116.08064933118442,-31.750747759504026]},"geometry":{"type":"Point","coordinates":[116.02983,-31.82443]},"tippecanoe":{"minzoom":6}}
,
{"type":"Feature","properties":{"_area":104785074,"OBJECTID":435,"Name_rgn":"Swartberg","class":"Ward","country":"South Africa","official":1,"state":"Western Cape","altname":null,"gen":1,"latitude":-33.3564,"ppt_yr":302,"ppt_gs":202,"GDD_1":1620,"elev":null,"GI_area":null,"auv":null,"climate":null,"style":null,"_bbox":[22.303747527113405,-33.39126204216951,22.560503354833436,-33.323757160453624]},"geometry":{"type":"Point","coordinates":[22.46776,-33.36331]},"tippecanoe":{"minzoom":6}}
,
{"type":"Feature","properties":{"_area":121910604,"OBJECTID":437,"Name_rgn":"Templeton Gap District","class":"American Viticultural Area","country":"United States","official":1,"state":"California","altname":null,"gen":2,"latitude":35.5529,"ppt_yr":438,"ppt_gs":64,"GDD_1":1850,"elev":null,"GI_area":null,"auv":null,"climate":null,"style":null,"_bbox":[-120.81031618689923,35.5098046940473,-120.64204670626728,35.615328869773236]},"geometry":{"type":"Point","coordinates":[-120.70067,35.56174]},"tippecanoe":{"minzoom":6}}
,
{"type":"Feature","properties":{"_area":143648512,"OBJECTID":438,"Name_rgn":"Valdadige Terradeiforti","class":"Denominazione di origine controllata","country":"Italy","official":1,"state":"Veneto","altname":"Terradeiforti","gen":5,"latitude":45.6256,"ppt_yr":791,"ppt_gs":551,"GDD_1":1629,"elev":null,"GI_area":null,"auv":null,"climate":null,"style":null,"_bbox":[10.762070602036854,45.525979938476006,10.937171296094078,45.71743510537344]},"geometry":{"type":"Point","coordinates":[10.81747,45.58275]},"tippecanoe":{"minzoom":6}}
,
{"type":"Feature","properties":{"_area":15804118,"OBJECTID":439,"Name_rgn":"The Rocks District of Milton-Freewater","class":"American Viticultural Area","country":"United States","official":1,"state":"Oregon","altname":null,"gen":2,"latitude":45.9567,"ppt_yr":399,"ppt_gs":178,"GDD_1":1757,"elev":null,"GI_area":null,"auv":null,"climate":null,"style":null,"_bbox":[-118.4602236295606,45.93921292681936,-118.37163885316853,45.97301693036247]},"geometry":{"type":"Point","coordinates":[-118.40371,45.95664]},"tippecanoe":{"minzoom":7}}
,
{"type":"Feature","properties":{"_area":355954706,"OBJECTID":440,"Name_rgn":"Theewater","class":"Ward","country":"South Africa","official":1,"state":"Western Cape","altname":null,"gen":1,"latitude":-34.0477,"ppt_yr":728,"ppt_gs":246,"GDD_1":1803,"elev":null,"GI_area":null,"auv":null,"climate":null,"style":null,"_bbox":[19.068376034363443,-34.12695193171255,19.3459571504807,-33.93574141370648]},"geometry":{"type":"Point","coordinates":[19.22485,-34.04367]},"tippecanoe":{"minzoom":6}}
,
{"type":"Feature","properties":{"_area":106364937,"OBJECTID":441,"Name_rgn":"Thézac-Perricard","class":"Indication géographique protégée","country":"France","official":1,"state":null,"altname":null,"gen":1,"latitude":44.4234,"ppt_yr":869,"ppt_gs":481,"GDD_1":1700,"elev":null,"GI_area":null,"auv":null,"climate":null,"style":null,"_bbox":[0.940880711487472,44.36263856929552,1.064491244575126,44.497750404489246]},"geometry":{"type":"Point","coordinates":[0.99448,44.42686]},"tippecanoe":{"minzoom":6}}
,
{"type":"Feature","properties":{"_area":988014033,"OBJECTID":443,"Name_rgn":"Tierra Estella","class":"Denominación de Origen","country":"Spain","official":1,"state":null,"altname":null,"gen":1,"latitude":42.6021,"ppt_yr":627,"ppt_gs":342,"GDD_1":1567,"elev":null,"GI_area":null,"auv":null,"climate":null,"style":null,"_bbox":[-2.351423081750363,42.4717291908662,-1.887912856071912,42.827888383088556]},"geometry":{"type":"Point","coordinates":[-2.05926,42.64146]},"tippecanoe":{"minzoom":5}}
,
{"type":"Feature","properties":{"_area":110396049,"OBJECTID":446,"Name_rgn":"Tradouw","class":"Ward","country":"South Africa","official":1,"state":"Western Cape","altname":null,"gen":1,"latitude":-33.9155,"ppt_yr":317,"ppt_gs":165,"GDD_1":2182,"elev":null,"GI_area":null,"auv":null,"climate":null,"style":null,"_bbox":[20.516588978486446,-33.94801598925817,20.762695661195572,-33.87471007225475]},"geometry":{"type":"Point","coordinates":[20.72448,-33.90277]},"tippecanoe":{"minzoom":6}}
,
{"type":"Feature","properties":{"_area":168949916,"OBJECTID":447,"Name_rgn":"Tradouw Highlands","class":"Ward","country":"South Africa","official":1,"state":"Western Cape","altname":"Tradouw-Hoogland","gen":1,"latitude":-33.8774,"ppt_yr":318,"ppt_gs":162,"GDD_1":2070,"elev":null,"GI_area":null,"auv":null,"climate":null,"style":null,"_bbox":[20.439195978045955,-33.94801598925817,20.598768978905156,-33.801943108324735]},"geometry":{"type":"Point","coordinates":[20.50253,-33.88126]},"tippecanoe":{"minzoom":6}}
,
{"type":"Feature","properties":{"_area":37068227,"OBJECTID":448,"Name_rgn":"Upper Hemel-en-Aarde Valley","class":"Ward","country":"South Africa","official":1,"state":"Western Cape","altname":"Bo Hemel-en-Aarde Vallei","gen":1,"latitude":-34.3525,"ppt_yr":648,"ppt_gs":235,"GDD_1":1626,"elev":null,"GI_area":null,"auv":null,"climate":null,"style":null,"_bbox":[19.190771340009448,-34.37339457666198,19.30651697725754,-34.328804988900025]},"geometry":{"type":"Point","coordinates":[19.26532,-34.35319]},"tippecanoe":{"minzoom":6}}
,
{"type":"Feature","properties":{"_area":8739811892,"OBJECTID":449,"Name_rgn":"Upper Hunter Valley","class":"Subregion","country":"Australia","official":1,"state":"New South Wales","altname":null,"gen":1,"latitude":-32.1338,"ppt_yr":743,"ppt_gs":496,"GDD_1":2195,"elev":null,"GI_area":null,"auv":471,"climate":"fully humid, hot summer, warm temperate","style":null,"_bbox":[150.25172199773175,-32.61781800221222,151.46110199705294,-31.602995002780343]},"geometry":{"type":"Point","coordinates":[150.76161,-32.16343]},"tippecanoe":{"minzoom":4}}
,
{"type":"Feature","properties":{"_area":407629943,"OBJECTID":450,"Name_rgn":"Upper Langkloof","class":"Ward","country":"South Africa","official":1,"state":"Western Cape","altname":"Bo-Langkloof","gen":1,"latitude":-33.801,"ppt_yr":449,"ppt_gs":285,"GDD_1":1762,"elev":null,"GI_area":null,"auv":null,"climate":null,"style":null,"_bbox":[22.33251669212827,-33.856719608896746,22.925042056105084,-33.746231581950944]},"geometry":{"type":"Point","coordinates":[22.69678,-33.7963]},"tippecanoe":{"minzoom":5}}
,
{"type":"Feature","properties":{"_area":652062438,"OBJECTID":452,"Name_rgn":"Valdizarbe","class":"Denominación de Origen","country":"Spain","official":1,"state":null,"altname":null,"gen":1,"latitude":42.6465,"ppt_yr":717,"ppt_gs":378,"GDD_1":1524,"elev":null,"GI_area":null,"auv":null,"climate":null,"style":null,"_bbox":[-1.939162925213844,42.52491367986853,-1.485214006296815,42.760273009841335]},"geometry":{"type":"Point","coordinates":[-1.66059,42.6288]},"tippecanoe":{"minzoom":5}}
,
{"type":"Feature","properties":{"_area":1589745480,"OBJECTID":453,"Name_rgn":"Valençay","class":"Appellation d'origine protégée","country":"France","official":1,"state":null,"altname":null,"gen":1,"latitude":46.8274,"ppt_yr":976,"ppt_gs":592,"GDD_1":1550,"elev":null,"GI_area":null,"auv":null,"climate":null,"style":null,"_bbox":[4.707126064501034,46.66398435662042,5.811635823069111,46.99276515238465]},"geometry":{"type":"Point","coordinates":[5.48477,46.83159]},"tippecanoe":{"minzoom":5}}
,
{"type":"Feature","properties":{"_area":54749814,"OBJECTID":454,"Name_rgn":"Valle de Chañarmuyo","class":"Indicación Geográfica","country":"Argentina","official":1,"state":"Famatina, La Rioja","altname":null,"gen":3,"latitude":-28.6001,"ppt_yr":159,"ppt_gs":149,"GDD_1":2154,"elev":null,"GI_area":null,"auv":null,"climate":null,"style":null,"_bbox":[-67.63230000019838,-28.641613888767193,-67.51325555519091,-28.55795833320007]},"geometry":{"type":"Point","coordinates":[-67.55583,-28.58998]},"tippecanoe":{"minzoom":6}}
,
{"type":"Feature","properties":{"_area":12856689769,"OBJECTID":455,"Name_rgn":"Valle de Colchagua","class":"Zona","country":"Chile","official":1,"state":null,"altname":null,"gen":1,"latitude":-34.6021,"ppt_yr":617,"ppt_gs":94,"GDD_1":1463,"elev":null,"GI_area":null,"auv":null,"climate":null,"style":null,"_bbox":[-72.05645382079561,-35.006489062443116,-70.24909662066587,-33.968023084520105]},"geometry":{"type":"Point","coordinates":[-71.57119,-34.48168]},"tippecanoe":{"minzoom":4}}
,
{"type":"Feature","properties":{"_area":1327986442,"OBJECTID":456,"Name_rgn":"Valle de Leyda","class":"Zona","country":"Chile","official":1,"state":null,"altname":null,"gen":1,"latitude":-33.7481,"ppt_yr":380,"ppt_gs":50,"GDD_1":1915,"elev":null,"GI_area":null,"auv":null,"climate":null,"style":null,"_bbox":[-71.84324927026388,-33.956064288390266,-71.32904900944614,-33.55220125524789]},"geometry":{"type":"Point","coordinates":[-71.55771,-33.70838]},"tippecanoe":{"minzoom":5}}
,
{"type":"Feature","properties":{"_area":70216593,"OBJECTID":457,"Name_rgn":"Valle de Zonda","class":"Indicación Geográfica","country":"Argentina","official":1,"state":"San Juan, Zonda","altname":"Zonda","gen":3,"latitude":-31.5557,"ppt_yr":221,"ppt_gs":194,"GDD_1":2437,"elev":null,"GI_area":null,"auv":null,"climate":null,"style":null,"_bbox":[-68.79000000027588,-31.610000000062104,-68.69000000009017,-31.510000000093278]},"geometry":{"type":"Point","coordinates":[-68.73922,-31.55297]},"tippecanoe":{"minzoom":6}}
,
{"type":"Feature","properties":{"_area":9893316090,"OBJECTID":458,"Name_rgn":"Valle del Cachapoal","class":"Zona","country":"Chile","official":1,"state":null,"altname":null,"gen":1,"latitude":-34.2855,"ppt_yr":546,"ppt_gs":97,"GDD_1":1310,"elev":null,"GI_area":null,"auv":null,"climate":null,"style":null,"_bbox":[-71.57606722165721,-34.703798009171486,-70.00915975238104,-33.85057302332358]},"geometry":{"type":"Point","coordinates":[-70.52995,-34.2701]},"tippecanoe":{"minzoom":4}}
,
{"type":"Feature","properties":{"_area":15466681170,"OBJECTID":459,"Name_rgn":"Valle del Claro","class":"Zona","country":"Chile","official":1,"state":null,"altname":null,"gen":1,"latitude":-35.5449,"ppt_yr":717,"ppt_gs":141,"GDD_1":1226,"elev":null,"GI_area":null,"auv":null,"climate":null,"style":null,"_bbox":[-72.45974858777737,-36.1783338570678,-70.31477206930384,-34.971430544977785]},"geometry":{"type":"Point","coordinates":[-71.8946,-35.39043]},"tippecanoe":{"minzoom":4}}
,
{"type":"Feature","properties":{"_area":12026439191,"OBJECTID":460,"Name_rgn":"Valle del Loncomilla","class":"Zona","country":"Chile","official":1,"state":null,"altname":null,"gen":1,"latitude":-36.0143,"ppt_yr":872,"ppt_gs":187,"GDD_1":1315,"elev":null,"GI_area":null,"auv":null,"climate":null,"style":null,"_bbox":[-72.18770850401307,-36.54356464626773,-70.56788546390538,-35.41772371913753]},"geometry":{"type":"Point","coordinates":[-71.26966,-36.10048]},"tippecanoe":{"minzoom":4}}
,
{"type":"Feature","properties":{"_area":5024856591,"OBJECTID":461,"Name_rgn":"Valle del Lontué","class":"Zona","country":"Chile","official":1,"state":null,"altname":null,"gen":1,"latitude":-35.2536,"ppt_yr":687,"ppt_gs":127,"GDD_1":1274,"elev":null,"GI_area":null,"auv":null,"climate":null,"style":null,"_bbox":[-71.701572287306,-35.62802565474608,-70.36753395994982,-34.887725693983626]},"geometry":{"type":"Point","coordinates":[-71.20924,-35.14293]},"tippecanoe":{"minzoom":4}}
,
{"type":"Feature","properties":{"_area":6417442329,"OBJECTID":462,"Name_rgn":"Valle del Teno","class":"Zona","country":"Chile","official":1,"state":null,"altname":null,"gen":1,"latitude":-34.9782,"ppt_yr":683,"ppt_gs":114,"GDD_1":1337,"elev":null,"GI_area":null,"auv":null,"climate":null,"style":null,"_bbox":[-72.15687113154992,-35.272919850249096,-70.3579796295049,-34.68457393033705]},"geometry":{"type":"Point","coordinates":[-71.08762,-34.99196]},"tippecanoe":{"minzoom":4}}
,
{"type":"Feature","properties":{"_area":2665581551,"OBJECTID":463,"Name_rgn":"Valle del Tutuven","class":"Zona","country":"Chile","official":1,"state":null,"altname":null,"gen":1,"latitude":-35.9717,"ppt_yr":771,"ppt_gs":145,"GDD_1":1492,"elev":null,"GI_area":null,"auv":null,"climate":null,"style":null,"_bbox":[-72.64823753208061,-36.261366765264476,-71.9762329121626,-35.67443497268657]},"geometry":{"type":"Point","coordinates":[-72.30491,-35.99255]},"tippecanoe":{"minzoom":5}}
,
{"type":"Feature","properties":{"_area":209656022,"OBJECTID":464,"Name_rgn":"Vallée Dorrée","class":"Indication géographique protégée","country":"France","official":1,"state":null,"altname":null,"gen":1,"latitude":43.5847,"ppt_yr":612,"ppt_gs":335,"GDD_1":2047,"elev":null,"GI_area":null,"auv":null,"climate":null,"style":null,"_bbox":[3.470343356289812,43.50362532832545,3.670791222525903,43.67067905433981]},"geometry":{"type":"Point","coordinates":[3.56562,43.58846]},"tippecanoe":{"minzoom":6}}
,
{"type":"Feature","properties":{"_area":112945719,"OBJECTID":465,"Name_rgn":"Vallée du Torgan","class":"Indication géographique protégée","country":"France","official":1,"state":null,"altname":null,"gen":1,"latitude":42.8895,"ppt_yr":655,"ppt_gs":352,"GDD_1":1814,"elev":null,"GI_area":null,"auv":null,"climate":null,"style":null,"_bbox":[2.66308006879522,42.83041776789045,2.810131969440353,42.95045452469354]},"geometry":{"type":"Point","coordinates":[2.71888,42.89184]},"tippecanoe":{"minzoom":6}}
,
{"type":"Feature","properties":{"_area":104138917,"OBJECTID":466,"Name_rgn":"Valpolicella Classico","class":"Denominazione di origine controllata","country":"Italy","official":1,"state":"Veneto","altname":null,"gen":5,"latitude":45.5339,"ppt_yr":790,"ppt_gs":545,"GDD_1":1775,"elev":null,"GI_area":null,"auv":null,"climate":null,"style":null,"_bbox":[10.823020050795982,45.48539729539701,10.97734847412577,45.58099673198752]},"geometry":{"type":"Point","coordinates":[10.92235,45.53245]},"tippecanoe":{"minzoom":6}}
,
{"type":"Feature","properties":{"_area":104138917,"OBJECTID":467,"Name_rgn":"Valpolicella Ripasso Classico","class":"Denominazione di origine controllata","country":"Italy","official":1,"state":"Veneto","altname":null,"gen":5,"latitude":45.5339,"ppt_yr":790,"ppt_gs":545,"GDD_1":1775,"elev":null,"GI_area":null,"auv":null,"climate":null,"style":null,"_bbox":[10.823020050795982,45.48539729539701,10.97734847412577,45.58099673198752]},"geometry":{"type":"Point","coordinates":[10.92235,45.53245]},"tippecanoe":{"minzoom":6}}
,
{"type":"Feature","properties":{"_area":49082584,"OBJECTID":468,"Name_rgn":"Valpolicella Ripasso Valpantena","class":"Denominazione di origine controllata","country":"Italy","official":1,"state":"Veneto","altname":null,"gen":5,"latitude":45.5173,"ppt_yr":830,"ppt_gs":559,"GDD_1":1624,"elev":null,"GI_area":null,"auv":null,"climate":null,"style":null,"_bbox":[10.976813768122593,45.46770358486447,11.059198844039184,45.56003337349664]},"geometry":{"type":"Point","coordinates":[11.02251,45.52113]},"tippecanoe":{"minzoom":6}}
,
{"type":"Feature","properties":{"_area":49082584,"OBJECTID":469,"Name_rgn":"Valpolicella Valpantena","class":"Denominazione di origine controllata","country":"Italy","official":1,"state":"Veneto","altname":null,"gen":5,"latitude":45.5173,"ppt_yr":830,"ppt_gs":559,"GDD_1":1624,"elev":null,"GI_area":null,"auv":null,"climate":null,"style":null,"_bbox":[10.976813768122593,45.46770358486447,11.059198844039184,45.56003337349664]},"geometry":{"type":"Point","coordinates":[11.02251,45.52113]},"tippecanoe":{"minzoom":6}}
,
{"type":"Feature","properties":{"_area":116980930,"OBJECTID":470,"Name_rgn":"Valromey","class":"Indication géographique protégée","country":"France","official":1,"state":null,"altname":null,"gen":1,"latitude":45.9052,"ppt_yr":1108,"ppt_gs":660,"GDD_1":1221,"elev":null,"GI_area":null,"auv":null,"climate":null,"style":null,"_bbox":[5.615136050710097,45.848114288499644,5.7672848206991,45.96323082586789]},"geometry":{"type":"Point","coordinates":[5.69113,45.90882]},"tippecanoe":{"minzoom":6}}
,
{"type":"Feature","properties":{"_area":193879701,"OBJECTID":471,"Name_rgn":"Vaunage","class":"Indication géographique protégée","country":"France","official":1,"state":null,"altname":null,"gen":1,"latitude":43.8253,"ppt_yr":703,"ppt_gs":404,"GDD_1":2066,"elev":null,"GI_area":null,"auv":null,"climate":null,"style":null,"_bbox":[4.087164899495691,43.75001710418704,4.30488026386979,43.90479068324761]},"geometry":{"type":"Point","coordinates":[4.18571,43.82438]},"tippecanoe":{"minzoom":6}}
,
{"type":"Feature","properties":{"_area":225213667,"OBJECTID":472,"Name_rgn":"Vicomté d'Aumelas","class":"Indication géographique protégée","country":"France","official":1,"state":null,"altname":null,"gen":1,"latitude":43.5795,"ppt_yr":612,"ppt_gs":335,"GDD_1":2079,"elev":null,"GI_area":null,"auv":null,"climate":null,"style":null,"_bbox":[3.470343313170651,43.49069316848082,3.670791030286424,43.670678897095485]},"geometry":{"type":"Point","coordinates":[3.56596,43.58631]},"tippecanoe":{"minzoom":6}}
,
{"type":"Feature","properties":{"_area":144364703,"OBJECTID":473,"Name_rgn":"Villa Ventana","class":"Indicación Geográfica","country":"Argentina","official":1,"state":"Buenos Aires","altname":null,"gen":3,"latitude":-38.0695,"ppt_yr":833,"ppt_gs":623,"GDD_1":1562,"elev":null,"GI_area":null,"auv":null,"climate":null,"style":null,"_bbox":[-61.98666666661529,-38.13138888774366,-61.86722222247306,-38.00749999988946]},"geometry":{"type":"Point","coordinates":[-61.92694,-38.06944]},"tippecanoe":{"minzoom":6}}
,
{"type":"Feature","properties":{"_area":21896608,"OBJECTID":476,"Name_rgn":"Vin de Savoie Arbin","class":"Appellation d'origine protégée","country":"France","official":1,"state":null,"altname":null,"gen":1,"latitude":45.5219,"ppt_yr":964,"ppt_gs":562,"GDD_1":1001,"elev":null,"GI_area":null,"auv":null,"climate":null,"style":null,"_bbox":[6.038289700303009,45.490406807218925,6.117624542180813,45.55554291398177]},"geometry":{"type":"Point","coordinates":[6.0907,45.53264]},"tippecanoe":{"minzoom":7}}
,
{"type":"Feature","properties":{"_area":8603296,"OBJECTID":477,"Name_rgn":"Vin de Savoie Chignin","class":"Appellation d'origine protégée","country":"France","official":1,"state":null,"altname":null,"gen":1,"latitude":45.5233,"ppt_yr":995,"ppt_gs":578,"GDD_1":1422,"elev":null,"GI_area":null,"auv":null,"climate":null,"style":null,"_bbox":[5.990617749396817,45.50653213154037,6.033723512509856,45.53997469636887]},"geometry":{"type":"Point","coordinates":[6.01465,45.5243]},"tippecanoe":{"minzoom":7}}
,
{"type":"Feature","properties":{"_area":11150802,"OBJECTID":478,"Name_rgn":"Vin de Savoie Cruet","class":"Appellation d'origine protégée","country":"France","official":1,"state":null,"altname":null,"gen":1,"latitude":45.5316,"ppt_yr":967,"ppt_gs":565,"GDD_1":1001,"elev":null,"GI_area":null,"auv":null,"climate":null,"style":null,"_bbox":[6.0686784909442,45.50966426731793,6.117624542180813,45.55554291398177]},"geometry":{"type":"Point","coordinates":[6.09315,45.5326]},"tippecanoe":{"minzoom":7}}
,
{"type":"Feature","properties":{"_area":18636024,"OBJECTID":479,"Name_rgn":"Vin de Savoie Marin","class":"Appellation d'origine protégée","country":"France","official":1,"state":null,"altname":null,"gen":1,"latitude":46.384,"ppt_yr":1103,"ppt_gs":686,"GDD_1":1439,"elev":null,"GI_area":null,"auv":null,"climate":null,"style":null,"_bbox":[6.505236502067771,46.361923893269505,6.577214660096526,46.40478838593707]},"geometry":{"type":"Point","coordinates":[6.52868,46.38269]},"tippecanoe":{"minzoom":7}}
,
{"type":"Feature","properties":{"_area":15434998,"OBJECTID":480,"Name_rgn":"Vin de Savoie Montmélian","class":"Appellation d'origine protégée","country":"France","official":1,"state":null,"altname":null,"gen":1,"latitude":45.4991,"ppt_yr":956,"ppt_gs":561,"GDD_1":1422,"elev":null,"GI_area":null,"auv":null,"climate":null,"style":null,"_bbox":[6.010910859650035,45.4711824297646,6.074296947294869,45.52437579276684]},"geometry":{"type":"Point","coordinates":[6.04083,45.5011]},"tippecanoe":{"minzoom":7}}
,
{"type":"Feature","properties":{"_area":22153783,"OBJECTID":481,"Name_rgn":"Vin de Savoie Ripaille","class":"Appellation d'origine protégée","country":"France","official":1,"state":null,"altname":null,"gen":1,"latitude":46.3712,"ppt_yr":1086,"ppt_gs":669,"GDD_1":1460,"elev":null,"GI_area":null,"auv":null,"climate":null,"style":null,"_bbox":[6.439358476146706,46.34550470918841,6.516038622086733,46.40478838593707]},"geometry":{"type":"Point","coordinates":[6.49401,46.37607]},"tippecanoe":{"minzoom":7}}
,
{"type":"Feature","properties":{"_area":17322539,"OBJECTID":482,"Name_rgn":"Vin de Savoie Saint-Jean-de-la-Porte","class":"Appellation d'origine protégée","country":"France","official":1,"state":null,"altname":null,"gen":1,"latitude":45.5589,"ppt_yr":1054,"ppt_gs":600,"GDD_1":1001,"elev":null,"GI_area":null,"auv":null,"climate":null,"style":null,"_bbox":[6.091699832325994,45.5342617562866,6.151857646130907,45.58971705753874]},"geometry":{"type":"Point","coordinates":[6.12029,45.55766]},"tippecanoe":{"minzoom":7}}
,
{"type":"Feature","properties":{"_area":7063486,"OBJECTID":483,"Name_rgn":"Vin de Savoie Saint-Jeoire-Prieuré","class":"Appellation d'origine protégée","country":"France","official":1,"state":null,"altname":null,"gen":1,"latitude":45.533,"ppt_yr":944,"ppt_gs":560,"GDD_1":1557,"elev":null,"GI_area":null,"auv":null,"climate":null,"style":null,"_bbox":[5.969697574651108,45.518863597536885,6.016056775211796,45.55044260250179]},"geometry":{"type":"Point","coordinates":[5.98845,45.53169]},"tippecanoe":{"minzoom":7}}
,
{"type":"Feature","properties":{"_area":198086045,"OBJECTID":484,"Name_rgn":"Vinkrivier","class":"Ward","country":"South Africa","official":1,"state":"Western Cape","altname":null,"gen":1,"latitude":-33.7301,"ppt_yr":402,"ppt_gs":147,"GDD_1":2065,"elev":null,"GI_area":null,"auv":null,"climate":null,"style":null,"_bbox":[19.683462141136555,-33.80644851374305,19.86723700800142,-33.650180806115294]},"geometry":{"type":"Point","coordinates":[19.76282,-33.73686]},"tippecanoe":{"minzoom":6}}
,
{"type":"Feature","properties":{"_area":767114046,"OBJECTID":485,"Name_rgn":"Vistrenque","class":"Indication géographique protégée","country":"France","official":1,"state":null,"altname":null,"gen":1,"latitude":43.7349,"ppt_yr":692,"ppt_gs":399,"GDD_1":2164,"elev":null,"GI_area":null,"auv":null,"climate":null,"style":null,"_bbox":[4.145027458460868,43.5014619753019,4.449629160807561,43.920605108362366]},"geometry":{"type":"Point","coordinates":[4.2658,43.69957]},"tippecanoe":{"minzoom":5}}
,
{"type":"Feature","properties":{"_area":70611139,"OBJECTID":486,"Name_rgn":"Voor-Paardeberg","class":"Ward","country":"South Africa","official":1,"state":"Western Cape","altname":null,"gen":1,"latitude":-33.6124,"ppt_yr":562,"ppt_gs":157,"GDD_1":2320,"elev":null,"GI_area":null,"auv":null,"climate":null,"style":null,"_bbox":[18.8016254933001,-33.66654090285846,18.91509918878673,-33.56904414267796]},"geometry":{"type":"Point","coordinates":[18.85075,-33.61817]},"tippecanoe":{"minzoom":6}}
,
{"type":"Feature","properties":{"_area":14540651,"OBJECTID":487,"Name_rgn":"Vosne-Romanée","class":"Appellation d'origine protégée","country":"France","official":1,"state":null,"altname":null,"gen":1,"latitude":47.1593,"ppt_yr":784,"ppt_gs":478,"GDD_1":1309,"elev":null,"GI_area":null,"auv":null,"climate":null,"style":null,"_bbox":[4.933705730112685,47.14407703300497,5.015056233384549,47.178447176075764]},"geometry":{"type":"Point","coordinates":[4.95895,47.1618]},"tippecanoe":{"minzoom":7}}
,
{"type":"Feature","properties":{"_area":989152,"OBJECTID":488,"Name_rgn":"Vougeot","class":"Appellation d'origine protégée","country":"France","official":1,"state":null,"altname":null,"gen":1,"latitude":47.1735,"ppt_yr":789,"ppt_gs":481,"GDD_1":1309,"elev":null,"GI_area":null,"auv":null,"climate":null,"style":null,"_bbox":[4.953271717025477,47.16771686107363,4.967874479654148,47.17881192430209]},"geometry":{"type":"Point","coordinates":[4.96017,47.17351]},"tippecanoe":{"minzoom":8}}
,
{"type":"Feature","properties":{"_area":142421865,"OBJECTID":489,"Name_rgn":"Vredendal","class":"Ward","country":"South Africa","official":1,"state":"Western Cape","altname":null,"gen":1,"latitude":-31.6654,"ppt_yr":188,"ppt_gs":48,"GDD_1":2523,"elev":null,"GI_area":null,"auv":null,"climate":null,"style":null,"_bbox":[18.399465907579987,-31.756780612096858,18.572430004548004,-31.591587054076438]},"geometry":{"type":"Point","coordinates":[18.52272,-31.69032]},"tippecanoe":{"minzoom":6}}
,
{"type":"Feature","properties":{"_area":8472491,"OBJECTID":490,"Name_rgn":"Vuillafans","class":"Indication géographique protégée","country":"France","official":1,"state":null,"altname":null,"gen":1,"latitude":47.064,"ppt_yr":1206,"ppt_gs":714,"GDD_1":1421,"elev":null,"GI_area":null,"auv":null,"climate":null,"style":null,"_bbox":[6.196887876365331,47.047192126641995,6.243364951162656,47.089669659833326]},"geometry":{"type":"Point","coordinates":[6.21746,47.07042]},"tippecanoe":{"minzoom":7}}
,
{"type":"Feature","properties":{"_area":161056225,"OBJECTID":491,"Name_rgn":"Waiheke Island","class":"Region","country":"New Zealand","official":1,"state":null,"altname":null,"gen":1,"latitude":-36.796,"ppt_yr":1323,"ppt_gs":644,"GDD_1":1512,"elev":null,"GI_area":null,"auv":null,"climate":null,"style":null,"_bbox":[174.9814999555945,-36.84827499842585,175.20297902205718,-36.73783702880107]},"geometry":{"type":"Point","coordinates":[175.12214,-36.79737]},"tippecanoe":{"minzoom":6}}
,
{"type":"Feature","properties":{"_area":369108272,"OBJECTID":492,"Name_rgn":"Waipara Valley / Waipara","class":"Region","country":"New Zealand","official":1,"state":null,"altname":null,"gen":1,"latitude":-43.0376,"ppt_yr":707,"ppt_gs":409,"GDD_1":1021,"elev":null,"GI_area":null,"auv":null,"climate":null,"style":null,"_bbox":[172.60135592590214,-43.14715938660635,172.9449436339256,-42.95133210075028]},"geometry":{"type":"Point","coordinates":[172.72413,-43.05957]},"tippecanoe":{"minzoom":6}}
,
{"type":"Feature","properties":{"_area":182325657,"OBJECTID":494,"Name_rgn":"Yorkville Highlands","class":"American Viticultural Area","country":"United States","official":1,"state":"California","altname":null,"gen":2,"latitude":38.9049,"ppt_yr":1098,"ppt_gs":188,"GDD_1":1613,"elev":null,"GI_area":null,"auv":null,"climate":null,"style":null,"_bbox":[-123.33947948879437,38.83841097859897,-123.06214382026053,38.97803444350847]},"geometry":{"type":"Point","coordinates":[-123.23203,38.91422]},"tippecanoe":{"minzoom":6}}
,
{"type":"Feature","properties":{"_area":53877410,"OBJECTID":495,"Name_rgn":"Yountville","class":"American Viticultural Area","country":"United States","official":1,"state":"California","altname":null,"gen":2,"latitude":38.3966,"ppt_yr":745,"ppt_gs":117,"GDD_1":1951,"elev":null,"GI_area":null,"auv":null,"climate":null,"style":null,"_bbox":[-122.42289254186444,38.35753630817333,-122.30451073822799,38.44107021115069]},"geometry":{"type":"Point","coordinates":[-122.36089,38.39604]},"tippecanoe":{"minzoom":6}}
,
{"type":"Feature","properties":{"_area":27108498,"OBJECTID":496,"Name_rgn":"Zandrivier","class":"Ward","country":"South Africa","official":1,"state":"Western Cape","altname":null,"gen":1,"latitude":-33.8072,"ppt_yr":390,"ppt_gs":149,"GDD_1":2214,"elev":null,"GI_area":null,"auv":null,"climate":null,"style":null,"_bbox":[19.811719008808666,-33.834646535271915,19.88010328137183,-33.77380308503519]},"geometry":{"type":"Point","coordinates":[19.83834,-33.80803]},"tippecanoe":{"minzoom":7}}
,
{"type":"Feature","properties":{"_area":960208222,"OBJECTID":498,"Name_rgn":"Zürichsee","class":"Appellation d'origine contrôlée","country":"Switzerland","official":1,"state":"Zurich, Schwyz","altname":"Lake Zurich","gen":4,"latitude":47.2609,"ppt_yr":1308,"ppt_gs":877,"GDD_1":1081,"elev":null,"GI_area":null,"auv":null,"climate":null,"style":null,"_bbox":[8.449285408129386,47.06470978234417,8.911064278421387,47.43609376017826]},"geometry":{"type":"Point","coordinates":[8.75394,47.25911]},"tippecanoe":{"minzoom":5}}
,
{"type":"Feature","properties":{"_area":1086667438,"OBJECTID":499,"Name_rgn":"Znojmo","class":"Chráněné označení původu","country":"Czechia","official":1,"state":"Jihomoravský","altname":null,"gen":3,"latitude":48.841,"ppt_yr":540,"ppt_gs":401,"GDD_1":1425,"elev":null,"GI_area":null,"auv":null,"climate":null,"style":null,"_bbox":[15.800199864966322,48.73700786420343,16.346746537668817,49.166452786886154]},"geometry":{"type":"Point","coordinates":[16.06609,48.91231]},"tippecanoe":{"minzoom":5}}
,
{"type":"Feature","properties":{"_area":2252045526,"OBJECTID":500,"Name_rgn":"Santa Cruz Mountains","class":"American Viticultural Area","country":"United States","official":1,"state":null,"altname":null,"gen":2,"latitude":37.1841,"ppt_yr":811,"ppt_gs":133,"GDD_1":1514,"elev":null,"GI_area":null,"auv":null,"climate":null,"style":null,"_bbox":[-122.41867962104835,36.95556661312647,-121.66164973886448,37.5121679278116]},"geometry":{"type":"Point","coordinates":[-122.06972,37.14799]},"tippecanoe":{"minzoom":5}}
,
{"type":"Feature","properties":{"_area":4573899,"OBJECTID":501,"Name_rgn":"Malibu-Newton Canyon","class":"American Viticultural Area","country":"United States","official":1,"state":"California","altname":null,"gen":2,"latitude":34.0814,"ppt_yr":409,"ppt_gs":52,"GDD_1":1884,"elev":null,"GI_area":null,"auv":null,"climate":null,"style":null,"_bbox":[-118.81943175129246,34.07329882603021,-118.77956527895797,34.089559828716645]},"geometry":{"type":"Point","coordinates":[-118.80165,34.08194]},"tippecanoe":{"minzoom":7}}
,
{"type":"Feature","properties":{"_area":30173092,"OBJECTID":502,"Name_rgn":"Merritt Island","class":"American Viticultural Area","country":"United States","official":1,"state":"California","altname":null,"gen":2,"latitude":38.3705,"ppt_yr":432,"ppt_gs":70,"GDD_1":2236,"elev":null,"GI_area":null,"auv":null,"climate":null,"style":null,"_bbox":[-121.58396094206554,38.32748045936753,-121.5137757395972,38.41577467053627]},"geometry":{"type":"Point","coordinates":[-121.539,38.37464]},"tippecanoe":{"minzoom":7}}
,
{"type":"Feature","properties":{"_area":11417490,"OBJECTID":503,"Name_rgn":"Saddle Rock-Malibu","class":"American Viticultural Area","country":"United States","official":1,"state":"California","altname":null,"gen":2,"latitude":34.098,"ppt_yr":419,"ppt_gs":53,"GDD_1":1184,"elev":null,"GI_area":null,"auv":null,"climate":null,"style":null,"_bbox":[-118.85844529392594,34.08195182600643,-118.8015036329928,34.11449713662271]},"geometry":{"type":"Point","coordinates":[-118.82285,34.09517]},"tippecanoe":{"minzoom":7}}
,
{"type":"Feature","properties":{"_area":588902865,"OBJECTID":504,"Name_rgn":"Gladstone","class":"Region","country":"New Zealand","official":1,"state":null,"altname":null,"gen":1,"latitude":-41.0845,"ppt_yr":994,"ppt_gs":458,"GDD_1":1118,"elev":null,"GI_area":null,"auv":null,"climate":null,"style":null,"_bbox":[175.47502735505077,-41.217823981361725,175.77724953968573,-40.9245925984053]},"geometry":{"type":"Point","coordinates":[175.63252,-41.08553]},"tippecanoe":{"minzoom":5}}
,
{"type":"Feature","properties":{"_area":342681234,"OBJECTID":505,"Name_rgn":"Martinborough","class":"Region","country":"New Zealand","official":1,"state":null,"altname":null,"gen":1,"latitude":-41.2566,"ppt_yr":1037,"ppt_gs":492,"GDD_1":1087,"elev":null,"GI_area":null,"auv":null,"climate":null,"style":null,"_bbox":[175.27043906743188,-41.35456820569359,175.5916475983476,-41.14513498582041]},"geometry":{"type":"Point","coordinates":[175.4721,-41.23635]},"tippecanoe":{"minzoom":6}}
,
{"type":"Feature","properties":{"_area":13923879,"OBJECTID":506,"Name_rgn":"Vijlen","class":"Beschermde oorsprongsbenaming","country":"Netherlands","official":1,"state":"Limburg","altname":null,"gen":7,"latitude":50.7788,"ppt_yr":889,"ppt_gs":515,"GDD_1":1157,"elev":null,"GI_area":null,"auv":null,"climate":null,"style":null,"_bbox":[5.920582157745766,50.75673471810454,5.987423923253091,50.80117869849262]},"geometry":{"type":"Point","coordinates":[5.956,50.78104]},"tippecanoe":{"minzoom":7}}
,
{"type":"Feature","properties":{"_area":18836962,"OBJECTID":520,"Name_rgn":"Bayerischer Bodensee-Landwein","class":"Geschützte geographifische Angabe","country":"Germany","official":1,"state":"Bavaria","altname":null,"gen":8,"latitude":47.5718,"ppt_yr":1274,"ppt_gs":889,"GDD_1":1259,"elev":null,"GI_area":null,"auv":null,"climate":null,"style":null,"_bbox":[9.602077484211666,47.549728714008694,9.697559377133187,47.59406280640701]},"geometry":{"type":"Point","coordinates":[9.64988,47.57397]},"tippecanoe":{"minzoom":7}}
,
{"type":"Feature","properties":{"_area":22511,"OBJECTID":521,"Name_rgn":"Uhlen Blaufüsser Lay","class":"Geschützte Ursprungsbezeichnung","country":"Germany","official":1,"state":"Rhineland-Palatinate","altname":"Uhlen Blaufüßer Lay","gen":8,"latitude":50.3169,"ppt_yr":673,"ppt_gs":415,"GDD_1":1157,"elev":null,"GI_area":null,"auv":null,"climate":null,"style":null,"_bbox":[7.493194608202439,50.31607963249358,7.496652786974717,50.317496237036856]},"geometry":{"type":"Point","coordinates":[7.49492,50.31679]},"tippecanoe":{"minzoom":10}}
,
{"type":"Feature","properties":{"_area":213403,"OBJECTID":522,"Name_rgn":"Uhlen Laubach","class":"Geschützte Ursprungsbezeichnung","country":"Germany","official":1,"state":"Rhineland-Palatinate","altname":null,"gen":8,"latitude":50.3194,"ppt_yr":673,"ppt_gs":415,"GDD_1":1157,"elev":null,"GI_area":null,"auv":null,"climate":null,"style":null,"_bbox":[7.487040287920202,50.31534772789068,7.497146236950163,50.321852123016484]},"geometry":{"type":"Point","coordinates":[7.49247,50.31898]},"tippecanoe":{"minzoom":9}}
,
{"type":"Feature","properties":{"_area":190427,"OBJECTID":523,"Name_rgn":"Uhlen Roth Lay","class":"Geschützte Ursprungsbezeichnung","country":"Germany","official":1,"state":"Rhineland-Palatinate","altname":null,"gen":8,"latitude":50.3223,"ppt_yr":673,"ppt_gs":415,"GDD_1":1187,"elev":null,"GI_area":null,"auv":null,"climate":null,"style":null,"_bbox":[7.478073787149402,50.32071462536424,7.491528669931654,50.3235199492378]},"geometry":{"type":"Point","coordinates":[7.48573,50.32225]},"tippecanoe":{"minzoom":9}}
,
{"type":"Feature","properties":{"_area":2534767,"OBJECTID":524,"Name_rgn":"Monzinger Niederberg","class":"Geschützte Ursprungsbezeichnung","country":"Germany","official":1,"state":"Rhineland-Palatinate","altname":null,"gen":8,"latitude":49.795,"ppt_yr":616,"ppt_gs":378,"GDD_1":1187,"elev":null,"GI_area":null,"auv":null,"climate":null,"style":null,"_bbox":[7.569005489476348,49.788265229452435,7.613840579579924,49.80332565378251]},"geometry":{"type":"Point","coordinates":[7.58736,49.79438]},"tippecanoe":{"minzoom":8}}
,
{"type":"Feature","properties":{"_area":1035723779,"OBJECTID":525,"Name_rgn":"Groblershoop","class":"Ward","country":"South Africa","official":1,"state":"Northern Cape","altname":null,"gen":9,"latitude":-28.8541,"ppt_yr":233,"ppt_gs":205,"GDD_1":3149,"elev":null,"GI_area":null,"auv":null,"climate":null,"style":null,"_bbox":[21.756566228798683,-29.07197570832408,22.254530304136942,-28.628554162821814]},"geometry":{"type":"Point","coordinates":[22.00339,-28.84767]},"tippecanoe":{"minzoom":5}}
,
{"type":"Feature","properties":{"_area":484207763,"OBJECTID":526,"Name_rgn":"Kakamas","class":"Ward","country":"South Africa","official":1,"state":"Northern Cape","altname":null,"gen":9,"latitude":-28.7033,"ppt_yr":159,"ppt_gs":137,"GDD_1":3202,"elev":null,"GI_area":null,"auv":null,"climate":null,"style":null,"_bbox":[20.311743133095835,-28.80675125065429,20.784743053637893,-28.58339309714705]},"geometry":{"type":"Point","coordinates":[20.53205,-28.70423]},"tippecanoe":{"minzoom":5}}
,
{"type":"Feature","properties":{"_area":654397221,"OBJECTID":527,"Name_rgn":"Keimoes","class":"Ward","country":"South Africa","official":1,"state":"Northern Cape","altname":null,"gen":9,"latitude":-28.7018,"ppt_yr":179,"ppt_gs":156,"GDD_1":3178,"elev":null,"GI_area":null,"auv":null,"climate":null,"style":null,"_bbox":[20.69543281309374,-28.80573105609621,21.177150580735923,-28.5562076013193]},"geometry":{"type":"Point","coordinates":[21.00636,-28.68194]},"tippecanoe":{"minzoom":5}}
,
{"type":"Feature","properties":{"_area":626977987,"OBJECTID":528,"Name_rgn":"Upington","class":"Ward","country":"South Africa","official":1,"state":"Northern Cape","altname":null,"gen":9,"latitude":-28.4628,"ppt_yr":205,"ppt_gs":182,"GDD_1":3216,"elev":null,"GI_area":null,"auv":null,"climate":null,"style":null,"_bbox":[21.110884084658444,-28.62665941732111,21.51807362242031,-28.355701068178234]},"geometry":{"type":"Point","coordinates":[21.23049,-28.49859]},"tippecanoe":{"minzoom":5}}
,
{"type":"Feature","properties":{"_area":740618667,"OBJECTID":529,"Name_rgn":"Grootdrink","class":"Ward","country":"South Africa","official":1,"state":"Northern Cape","altname":null,"gen":9,"latitude":-28.4789,"ppt_yr":224,"ppt_gs":199,"GDD_1":3230,"elev":null,"GI_area":null,"auv":null,"climate":null,"style":null,"_bbox":[21.417516406247003,-28.691722993118518,21.833881957056747,-28.334207535073887]},"geometry":{"type":"Point","coordinates":[21.6682,-28.47735]},"tippecanoe":{"minzoom":5}}
,
{"type":"Feature","properties":{"_area":13549966,"OBJECTID":530,"Name_rgn":"Vlottenburg","class":"Ward","country":"South Africa","official":1,"state":"Western Cape","altname":null,"gen":9,"latitude":-33.9708,"ppt_yr":619,"ppt_gs":179,"GDD_1":2104,"elev":null,"GI_area":null,"auv":null,"climate":null,"style":null,"_bbox":[18.749256005634855,-33.99668819867974,18.79880746567743,-33.95212184766323]},"geometry":{"type":"Point","coordinates":[18.76945,-33.97232]},"tippecanoe":{"minzoom":7}}
,
{"type":"Feature","properties":{"_area":45488904,"OBJECTID":531,"Name_rgn":"Lenswood","class":"Subregion","country":"Australia","official":1,"state":"South Australia","altname":null,"gen":1,"latitude":-34.9245,"ppt_yr":866,"ppt_gs":294,"GDD_1":1547,"elev":null,"GI_area":null,"auv":245,"climate":"warm summer, warm temperate","style":null,"_bbox":[138.77919199962324,-34.96409099988627,138.86674099962806,-34.887173999791806]},"geometry":{"type":"Point","coordinates":[138.83027,-34.91902]},"tippecanoe":{"minzoom":6}}
,
{"type":"Feature","properties":{"_area":50877279,"OBJECTID":532,"Name_rgn":"Piccadilly Valley","class":"Subregion","country":"Australia","official":1,"state":"South Australia","altname":null,"gen":1,"latitude":-34.9725,"ppt_yr":996,"ppt_gs":334,"GDD_1":1501,"elev":null,"GI_area":null,"auv":221,"climate":"warm summer, warm temperate","style":"Chardonnay, Pinot Noir, Sparkling Wines","_bbox":[138.7021349996417,-35.01526600031802,138.79058800036805,-34.93304999969969]},"geometry":{"type":"Point","coordinates":[138.7426,-34.9748]},"tippecanoe":{"minzoom":6}}
,
{"type":"Feature","properties":{"_area":517016206,"OBJECTID":533,"Name_rgn":"Great Western","class":"Subregion","country":"Australia","official":1,"state":"Victoria","altname":null,"gen":1,"latitude":-37.2223,"ppt_yr":576,"ppt_gs":267,"GDD_1":1535,"elev":null,"GI_area":null,"auv":468,"climate":"fully humid, hot summer, warm temperate","style":"Shiraz, Sparkling Shiraz","_bbox":[142.6766960001195,-37.35057099989052,142.96128200005762,-37.09762000007635]},"geometry":{"type":"Point","coordinates":[142.81256,-37.23447]},"tippecanoe":{"minzoom":5}}
,
{"type":"Feature","properties":{"_area":258564112,"OBJECTID":534,"Name_rgn":"Nagambie Lakes","class":"Subregion","country":"Australia","official":1,"state":"Victoria","altname":null,"gen":1,"latitude":-36.7923,"ppt_yr":532,"ppt_gs":272,"GDD_1":1891,"elev":null,"GI_area":null,"auv":513,"climate":"fully humid, hot summer, warm temperate","style":"Marsanne, Shiraz","_bbox":[145.05057699990547,-36.912557000108755,145.21805099989552,-36.69706400007122]},"geometry":{"type":"Point","coordinates":[145.1245,-36.76929]},"tippecanoe":{"minzoom":6}}
,
{"type":"Feature","properties":{"_area":133564570,"OBJECTID":535,"Name_rgn":"Bramaterra","class":"Denominazione di origine controllata","country":"Italy","official":1,"state":"Piedmont","altname":null,"gen":11,"latitude":45.6062,"ppt_yr":866,"ppt_gs":589,"GDD_1":1640,"elev":null,"GI_area":null,"auv":null,"climate":null,"style":null,"_bbox":[8.197214999793525,45.516833537638746,8.328664000285034,45.68200283823746]},"geometry":{"type":"Point","coordinates":[8.2614,45.61388]},"tippecanoe":{"minzoom":6}}
,
{"type":"Feature","properties":{"_area":580254373,"OBJECTID":536,"Name_rgn":"Erbaluce di Caluso","class":"Denominazione di origine controllata e garantita","country":"Italy","official":1,"state":"Piedmont","altname":"Caluso","gen":11,"latitude":45.3701,"ppt_yr":728,"ppt_gs":511,"GDD_1":1791,"elev":null,"GI_area":null,"auv":null,"climate":null,"style":null,"_bbox":[7.72649700039745,45.24456280276431,8.090426999639307,45.50440144742325]},"geometry":{"type":"Point","coordinates":[7.91935,45.37245]},"tippecanoe":{"minzoom":5}}
,
{"type":"Feature","properties":{"_area":14891505,"OBJECTID":537,"Name_rgn":"Lessona","class":"Denominazione di origine controllata","country":"Italy","official":1,"state":"Piedmont","altname":null,"gen":11,"latitude":45.5715,"ppt_yr":833,"ppt_gs":567,"GDD_1":1665,"elev":null,"GI_area":null,"auv":null,"climate":null,"style":null,"_bbox":[8.183073999966986,45.5342979321019,8.231746666913164,45.60471089407265]},"geometry":{"type":"Point","coordinates":[8.20969,45.57004]},"tippecanoe":{"minzoom":7}}
,
{"type":"Feature","properties":{"_area":310282138,"OBJECTID":538,"Name_rgn":"Orvieto Classico","class":"Denominazione di origine controllata","country":"Italy","official":1,"state":"Umbria","altname":null,"gen":11,"latitude":42.7225,"ppt_yr":450,"ppt_gs":240,"GDD_1":2036,"elev":null,"GI_area":null,"auv":null,"climate":null,"style":null,"_bbox":[11.991083191162582,42.64603438665068,12.295246055713204,42.81130855379367]},"geometry":{"type":"Point","coordinates":[12.13699,42.72222]},"tippecanoe":{"minzoom":6}}
,
{"type":"Feature","properties":{"_area":256652010,"OBJECTID":539,"Name_rgn":"Montefalco","class":"Denominazione di origine controllata e garantita","country":"Italy","official":1,"state":"Umbria","altname":null,"gen":11,"latitude":42.8879,"ppt_yr":638,"ppt_gs":360,"GDD_1":1993,"elev":null,"GI_area":null,"auv":null,"climate":null,"style":null,"_bbox":[12.476730067686617,42.808281557036224,12.70304736864146,42.99018440159612]},"geometry":{"type":"Point","coordinates":[12.56058,42.9035]},"tippecanoe":{"minzoom":6}}
,
{"type":"Feature","properties":{"_area":48524629,"OBJECTID":540,"Name_rgn":"Torgiano","class":"Denominazione di origine controllata e garantita","country":"Italy","official":1,"state":"Umbria","altname":null,"gen":11,"latitude":43.0414,"ppt_yr":666,"ppt_gs":368,"GDD_1":2033,"elev":null,"GI_area":null,"auv":null,"climate":null,"style":null,"_bbox":[12.406526065275987,42.9954352831305,12.498831983375135,43.09072635471632]},"geometry":{"type":"Point","coordinates":[12.44727,43.03906]},"tippecanoe":{"minzoom":6}}
,
{"type":"Feature","properties":{"_area":217252927,"OBJECTID":541,"Name_rgn":"Allerona","class":"Indicazione geografica tipica","country":"Italy","official":1,"state":"Umbria","altname":null,"gen":11,"latitude":42.7719,"ppt_yr":467,"ppt_gs":248,"GDD_1":1878,"elev":null,"GI_area":null,"auv":null,"climate":null,"style":null,"_bbox":[11.891932709774771,42.66224606187301,12.065108977134813,42.86977297052677]},"geometry":{"type":"Point","coordinates":[11.98596,42.76169]},"tippecanoe":{"minzoom":6}}
,
{"type":"Feature","properties":{"_area":57741808,"OBJECTID":542,"Name_rgn":"Bettona","class":"Indicazione geografica tipica","country":"Italy","official":1,"state":"Umbria","altname":null,"gen":11,"latitude":43.0082,"ppt_yr":666,"ppt_gs":370,"GDD_1":2020,"elev":null,"GI_area":null,"auv":null,"climate":null,"style":null,"_bbox":[12.455615891873812,42.94554533285191,12.554322442916206,43.053703364379146]},"geometry":{"type":"Point","coordinates":[12.4961,43.01302]},"tippecanoe":{"minzoom":6}}
,
{"type":"Feature","properties":{"_area":72605475,"OBJECTID":543,"Name_rgn":"Spello","class":"Indicazione geografica tipica","country":"Italy","official":1,"state":"Umbria","altname":null,"gen":11,"latitude":43.0048,"ppt_yr":718,"ppt_gs":407,"GDD_1":1812,"elev":null,"GI_area":null,"auv":null,"climate":null,"style":null,"_bbox":[12.59237991847427,42.96409461625143,12.72866602786886,43.05834892371969]},"geometry":{"type":"Point","coordinates":[12.66896,43.00533]},"tippecanoe":{"minzoom":6}}
,
{"type":"Feature","properties":{"_area":60253104,"OBJECTID":544,"Name_rgn":"Lago di Corbara","class":"Denominazione di origine controllata","country":"Italy","official":1,"state":"Umbria","altname":null,"gen":11,"latitude":42.7481,"ppt_yr":475,"ppt_gs":260,"GDD_1":1896,"elev":null,"GI_area":null,"auv":null,"climate":null,"style":null,"_bbox":[12.196550261996352,42.701847095030026,12.315347780793472,42.78595664326118]},"geometry":{"type":"Point","coordinates":[12.25306,42.74522]},"tippecanoe":{"minzoom":6}}
,
{"type":"Feature","properties":{"_area":96255020,"OBJECTID":545,"Name_rgn":"Csopak","class":"Oltalom alatt álló eredetmegjelölés","country":"Hungary","official":1,"state":null,"altname":"Csopaki","gen":11,"latitude":46.9849,"ppt_yr":609,"ppt_gs":423,"GDD_1":1619,"elev":null,"GI_area":null,"auv":null,"climate":null,"style":null,"_bbox":[17.885730502463883,46.9271697537874,18.03164527250323,47.04897058046049]},"geometry":{"type":"Point","coordinates":[17.96138,46.98379]},"tippecanoe":{"minzoom":6}}
,
{"type":"Feature","properties":{"_area":197290093,"OBJECTID":546,"Name_rgn":"Debrői Hárslevelű","class":"Oltalom alatt álló eredetmegjelölés","country":"Hungary","official":1,"state":null,"altname":null,"gen":11,"latitude":47.8289,"ppt_yr":548,"ppt_gs":396,"GDD_1":1600,"elev":null,"GI_area":null,"auv":null,"climate":null,"style":null,"_bbox":[20.116360389741484,47.75266362613042,20.30780598339386,47.908003856312476]},"geometry":{"type":"Point","coordinates":[20.19221,47.83094]},"tippecanoe":{"minzoom":6}}
,
{"type":"Feature","properties":{"_area":1264632098,"OBJECTID":547,"Name_rgn":"Izsáki Arany Sárfehér","class":"Oltalom alatt álló eredetmegjelölés","country":"Hungary","official":1,"state":null,"altname":null,"gen":11,"latitude":46.8607,"ppt_yr":558,"ppt_gs":375,"GDD_1":1772,"elev":null,"GI_area":null,"auv":null,"climate":null,"style":null,"_bbox":[19.08130459781395,46.669975284425604,19.656994018806824,47.09748080554997]},"geometry":{"type":"Point","coordinates":[19.36561,46.83154]},"tippecanoe":{"minzoom":5}}
,
{"type":"Feature","properties":{"_area":92053200,"OBJECTID":548,"Name_rgn":"Káli","class":"Oltalom alatt álló eredetmegjelölés","country":"Hungary","official":1,"state":null,"altname":null,"gen":11,"latitude":46.9057,"ppt_yr":648,"ppt_gs":460,"GDD_1":1599,"elev":null,"GI_area":null,"auv":null,"climate":null,"style":null,"_bbox":[17.52117482572832,46.85424725192341,17.652259039247557,46.96356940294892]},"geometry":{"type":"Point","coordinates":[17.57199,46.90763]},"tippecanoe":{"minzoom":6}}
,
{"type":"Feature","properties":{"_area":135737785,"OBJECTID":549,"Name_rgn":"Monor","class":"Oltalom alatt álló eredetmegjelölés","country":"Hungary","official":1,"state":null,"altname":"Monori","gen":11,"latitude":47.354,"ppt_yr":562,"ppt_gs":378,"GDD_1":1730,"elev":null,"GI_area":null,"auv":null,"climate":null,"style":null,"_bbox":[19.382655713965747,47.28989521308265,19.588893979487775,47.419507512810306]},"geometry":{"type":"Point","coordinates":[19.49404,47.35268]},"tippecanoe":{"minzoom":6}}
,
{"type":"Feature","properties":{"_area":136110432,"OBJECTID":551,"Name_rgn":"Somlói","class":"Oltalom alatt álló eredetmegjelölés","country":"Hungary","official":1,"state":null,"altname":"Somló","gen":11,"latitude":47.1467,"ppt_yr":613,"ppt_gs":440,"GDD_1":1601,"elev":null,"GI_area":null,"auv":null,"climate":null,"style":null,"_bbox":[17.31508188875465,47.07929784617361,17.469069101396794,47.21211312457546]},"geometry":{"type":"Point","coordinates":[17.37734,47.14156]},"tippecanoe":{"minzoom":6}}
,
{"type":"Feature","properties":{"_area":27969167,"OBJECTID":552,"Name_rgn":"Tihany","class":"Oltalom alatt álló eredetmegjelölés","country":"Hungary","official":1,"state":null,"altname":"Tihanyi","gen":11,"latitude":46.905,"ppt_yr":607,"ppt_gs":425,"GDD_1":1674,"elev":null,"GI_area":null,"auv":null,"climate":null,"style":null,"_bbox":[17.822922840030497,46.87813192534164,17.912416987272863,46.93259120647963]},"geometry":{"type":"Point","coordinates":[17.87908,46.90366]},"tippecanoe":{"minzoom":7}}
,
{"type":"Feature","properties":{"_area":122542775,"OBJECTID":553,"Name_rgn":"Suvereto","class":"Denominazione di origine controllata e garantita","country":"Italy","official":1,"state":"Tuscany","altname":null,"gen":12,"latitude":43.0593,"ppt_yr":611,"ppt_gs":310,"GDD_1":2152,"elev":null,"GI_area":null,"auv":null,"climate":null,"style":null,"_bbox":[10.626614296114619,42.99741157522652,10.796328740237293,43.114330508278314]},"geometry":{"type":"Point","coordinates":[10.70106,43.06364]},"tippecanoe":{"minzoom":6}}
,
{"type":"Feature","properties":{"_area":197262111,"OBJECTID":554,"Name_rgn":"Vino Nobile di Montepulciano","class":"Denominazione di origine controllata e garantita","country":"Italy","official":1,"state":"Tuscany","altname":null,"gen":12,"latitude":43.1063,"ppt_yr":643,"ppt_gs":341,"GDD_1":1946,"elev":null,"GI_area":null,"auv":null,"climate":null,"style":null,"_bbox":[11.734263782483353,43.03108996744513,11.961611699902406,43.17671856083311]},"geometry":{"type":"Point","coordinates":[11.82699,43.10789]},"tippecanoe":{"minzoom":6}}
,
{"type":"Feature","properties":{"_area":197262111,"OBJECTID":555,"Name_rgn":"Vin Santo di Montepulciano","class":"Denominazione di origine controllata","country":"Italy","official":1,"state":"Tuscany","altname":null,"gen":12,"latitude":43.1063,"ppt_yr":643,"ppt_gs":341,"GDD_1":1941,"elev":null,"GI_area":null,"auv":null,"climate":null,"style":null,"_bbox":[11.734263782483353,43.03108996744513,11.961611699902406,43.17671856083311]},"geometry":{"type":"Point","coordinates":[11.82699,43.10789]},"tippecanoe":{"minzoom":6}}
,
{"type":"Feature","properties":{"_area":151504180,"OBJECTID":556,"Name_rgn":"Vernaccia di San Gimignano","class":"Denominazione di origine controllata e garantita","country":"Italy","official":1,"state":"Tuscany","altname":null,"gen":12,"latitude":43.4717,"ppt_yr":772,"ppt_gs":401,"GDD_1":2024,"elev":null,"GI_area":null,"auv":null,"climate":null,"style":null,"_bbox":[10.95084615562813,43.40113394656192,11.113173519607503,43.54678494839358]},"geometry":{"type":"Point","coordinates":[11.01798,43.46827]},"tippecanoe":{"minzoom":6}}
,
{"type":"Feature","properties":{"_area":223571542,"OBJECTID":557,"Name_rgn":"Terre di Casole","class":"Denominazione di origine controllata","country":"Italy","official":1,"state":"Tuscany","altname":null,"gen":12,"latitude":43.3129,"ppt_yr":703,"ppt_gs":361,"GDD_1":1976,"elev":null,"GI_area":null,"auv":null,"climate":null,"style":null,"_bbox":[10.951895563949753,43.23247837757441,11.199761400411775,43.38184081486825]},"geometry":{"type":"Point","coordinates":[11.12401,43.30074]},"tippecanoe":{"minzoom":6}}
,
{"type":"Feature","properties":{"_area":151504180,"OBJECTID":558,"Name_rgn":"San Gimignano","class":"Denominazione di origine controllata","country":"Italy","official":1,"state":"Tuscany","altname":null,"gen":12,"latitude":43.4717,"ppt_yr":772,"ppt_gs":401,"GDD_1":2024,"elev":null,"GI_area":null,"auv":null,"climate":null,"style":null,"_bbox":[10.95084615562813,43.40113394656192,11.113173519607503,43.54678494839358]},"geometry":{"type":"Point","coordinates":[11.01798,43.46827]},"tippecanoe":{"minzoom":6}}
,
{"type":"Feature","properties":{"_area":197262111,"OBJECTID":559,"Name_rgn":"Rosso di Montepulciano","class":"Denominazione di origine controllata","country":"Italy","official":1,"state":"Tuscany","altname":null,"gen":12,"latitude":43.1063,"ppt_yr":643,"ppt_gs":341,"GDD_1":1946,"elev":null,"GI_area":null,"auv":null,"climate":null,"style":null,"_bbox":[11.734263782483353,43.03108996744513,11.961611699902406,43.17671856083311]},"geometry":{"type":"Point","coordinates":[11.82699,43.10789]},"tippecanoe":{"minzoom":6}}
,
{"type":"Feature","properties":{"_area":30205227,"OBJECTID":560,"Name_rgn":"Pomino","class":"Denominazione di origine controllata","country":"Italy","official":1,"state":"Tuscany","altname":null,"gen":12,"latitude":43.8118,"ppt_yr":1376,"ppt_gs":659,"GDD_1":1695,"elev":null,"GI_area":null,"auv":null,"climate":null,"style":null,"_bbox":[11.515068534408472,43.7796242300475,11.604717146963978,43.84160845346998]},"geometry":{"type":"Point","coordinates":[11.56253,43.81546]},"tippecanoe":{"minzoom":7}}
,
{"type":"Feature","properties":{"_area":37386604,"OBJECTID":561,"Name_rgn":"Parrina","class":"Denominazione di origine controllata","country":"Italy","official":1,"state":"Tuscany","altname":null,"gen":12,"latitude":42.5014,"ppt_yr":516,"ppt_gs":238,"GDD_1":2242,"elev":null,"GI_area":null,"auv":null,"climate":null,"style":null,"_bbox":[11.2153155355202,42.47480539223961,11.346801781960028,42.524476153618885]},"geometry":{"type":"Point","coordinates":[11.25063,42.49615]},"tippecanoe":{"minzoom":6}}
,
{"type":"Feature","properties":{"_area":23520532,"OBJECTID":562,"Name_rgn":"Montecarlo","class":"Denominazione di origine controllata","country":"Italy","official":1,"state":"Tuscany","altname":null,"gen":12,"latitude":43.8427,"ppt_yr":891,"ppt_gs":474,"GDD_1":2119,"elev":null,"GI_area":null,"auv":null,"climate":null,"style":null,"_bbox":[10.631327769885111,43.81487012627389,10.695551508684611,43.87378997821552]},"geometry":{"type":"Point","coordinates":[10.66033,43.84295]},"tippecanoe":{"minzoom":7}}
,
{"type":"Feature","properties":{"_area":235968328,"OBJECTID":563,"Name_rgn":"Cortona","class":"Denominazione di origine controllata","country":"Italy","official":1,"state":"Tuscany","altname":null,"gen":12,"latitude":43.2314,"ppt_yr":717,"ppt_gs":389,"GDD_1":1946,"elev":null,"GI_area":null,"auv":null,"climate":null,"style":null,"_bbox":[11.836822036376208,43.15825294527964,12.095536331552834,43.3181425233652]},"geometry":{"type":"Point","coordinates":[11.98297,43.24444]},"tippecanoe":{"minzoom":6}}
,
{"type":"Feature","properties":{"_area":138425358,"OBJECTID":564,"Name_rgn":"Colline Lucchesi","class":"Denominazione di origine controllata","country":"Italy","official":1,"state":"Tuscany","altname":null,"gen":12,"latitude":43.8916,"ppt_yr":1014,"ppt_gs":523,"GDD_1":1926,"elev":null,"GI_area":null,"auv":null,"climate":null,"style":null,"_bbox":[10.40768209272125,43.83668008393905,10.657679927796503,43.92365853629795]},"geometry":{"type":"Point","coordinates":[10.57484,43.88153]},"tippecanoe":{"minzoom":6}}
,
{"type":"Feature","properties":{"_area":52372727,"OBJECTID":565,"Name_rgn":"Carmignano","class":"Denominazione di origine controllata e garantita","country":"Italy","official":1,"state":"Tuscany","altname":null,"gen":12,"latitude":43.8018,"ppt_yr":972,"ppt_gs":499,"GDD_1":2140,"elev":null,"GI_area":null,"auv":null,"climate":null,"style":null,"_bbox":[10.963878349628132,43.758603838112045,11.079382930257935,43.841035012174636]},"geometry":{"type":"Point","coordinates":[11.02248,43.80433]},"tippecanoe":{"minzoom":6}}
,
{"type":"Feature","properties":{"_area":47627031,"OBJECTID":566,"Name_rgn":"Candia dei Colli Apuani","class":"Denominazione di origine controllata","country":"Italy","official":1,"state":"Tuscany","altname":null,"gen":12,"latitude":44.0506,"ppt_yr":1196,"ppt_gs":576,"GDD_1":1753,"elev":null,"GI_area":null,"auv":null,"climate":null,"style":null,"_bbox":[10.043241343748177,44.00368879505626,10.193906622402254,44.09421259225896]},"geometry":{"type":"Point","coordinates":[10.09098,44.06628]},"tippecanoe":{"minzoom":6}}
,
{"type":"Feature","properties":{"_area":149070214,"OBJECTID":567,"Name_rgn":"Bolgheri","class":"Denominazione di origine controllata","country":"Italy","official":1,"state":"Tuscany","altname":null,"gen":12,"latitude":43.1775,"ppt_yr":628,"ppt_gs":322,"GDD_1":2192,"elev":null,"GI_area":null,"auv":null,"climate":null,"style":null,"_bbox":[10.543228516734436,43.098380265212334,10.691123442256272,43.24726197696966]},"geometry":{"type":"Point","coordinates":[10.60909,43.18273]},"tippecanoe":{"minzoom":6}}
,
{"type":"Feature","properties":{"_area":52372727,"OBJECTID":568,"Name_rgn":"Barco Reale di Carmignano","class":"Denominazione di origine controllata","country":"Italy","official":1,"state":"Tuscany","altname":null,"gen":12,"latitude":43.8018,"ppt_yr":972,"ppt_gs":499,"GDD_1":2104,"elev":null,"GI_area":null,"auv":null,"climate":null,"style":null,"_bbox":[10.963878349628132,43.758603838112045,11.079382930257935,43.841035012174636]},"geometry":{"type":"Point","coordinates":[11.02248,43.80433]},"tippecanoe":{"minzoom":6}}
,
{"type":"Feature","properties":{"_area":146101929,"OBJECTID":569,"Name_rgn":"Alta Valle della Greve","class":"Indicazione geografica tipica","country":"Italy","official":1,"state":"Tuscany","altname":null,"gen":12,"latitude":43.6084,"ppt_yr":936,"ppt_gs":471,"GDD_1":1916,"elev":null,"GI_area":null,"auv":null,"climate":null,"style":null,"_bbox":[11.181244376256245,43.52857354699268,11.388969063417662,43.70827558524058]},"geometry":{"type":"Point","coordinates":[11.28303,43.62193]},"tippecanoe":{"minzoom":6}}
,
{"type":"Feature","properties":{"_area":11482359,"OBJECTID":570,"Name_rgn":"Bolgheri Sassicaia","class":"Denominazione di origine controllata","country":"Italy","official":1,"state":"Tuscany","altname":null,"gen":12,"latitude":43.2232,"ppt_yr":653,"ppt_gs":337,"GDD_1":2192,"elev":null,"GI_area":null,"auv":null,"climate":null,"style":null,"_bbox":[10.587877749897302,43.20836146711725,10.660782132967764,43.23806229903478]},"geometry":{"type":"Point","coordinates":[10.64403,43.21996]},"tippecanoe":{"minzoom":7}}
,
{"type":"Feature","properties":{"_area":52372727,"OBJECTID":571,"Name_rgn":"Vin Santo di Carmignano","class":"Denominazione di origine controllata","country":"Italy","official":1,"state":"Tuscany","altname":null,"gen":12,"latitude":43.8018,"ppt_yr":972,"ppt_gs":499,"GDD_1":2140,"elev":null,"GI_area":null,"auv":null,"climate":null,"style":null,"_bbox":[10.963878349628132,43.758603838112045,11.079382930257935,43.841035012174636]},"geometry":{"type":"Point","coordinates":[11.02248,43.80433]},"tippecanoe":{"minzoom":6}}
,
{"type":"Feature","properties":{"_area":75587413,"OBJECTID":572,"Name_rgn":"Colli di Luni","class":"Denominazione di origine controllata","country":"Italy","official":1,"state":"Tuscany","altname":null,"gen":12,"latitude":44.1474,"ppt_yr":1139,"ppt_gs":544,"GDD_1":1767,"elev":null,"GI_area":null,"auv":null,"climate":null,"style":null,"_bbox":[9.856648294750373,44.092684337118854,10.04188620280274,44.21488963491974]},"geometry":{"type":"Point","coordinates":[9.99317,44.1261]},"tippecanoe":{"minzoom":6}}
,
{"type":"Feature","properties":{"_area":111979688,"OBJECTID":573,"Name_rgn":"Controguerra","class":"Denominazione di origine controllata","country":"Italy","official":1,"state":"Abruzzo","altname":null,"gen":12,"latitude":42.8445,"ppt_yr":695,"ppt_gs":406,"GDD_1":2092,"elev":null,"GI_area":null,"auv":null,"climate":null,"style":null,"_bbox":[13.720609110011239,42.792992257884215,13.90899706301529,42.89152834859511]},"geometry":{"type":"Point","coordinates":[13.83685,42.83841]},"tippecanoe":{"minzoom":6}}
,
{"type":"Feature","properties":{"_area":4816988257,"OBJECTID":574,"Name_rgn":"Tolna","class":"Oltalom alatt álló eredetmegjelölés","country":"Hungary","official":1,"state":null,"altname":"Tolnai","gen":11,"latitude":46.6421,"ppt_yr":595,"ppt_gs":411,"GDD_1":1742,"elev":null,"GI_area":null,"auv":null,"climate":null,"style":null,"_bbox":[18.101515700804477,46.18138006093753,19.006311238245846,47.1657147748727]},"geometry":{"type":"Point","coordinates":[18.54287,46.66249]},"tippecanoe":{"minzoom":4}}
,
{"type":"Feature","properties":{"_area":2409063335,"OBJECTID":575,"Name_rgn":"Pécs","class":"Oltalom alatt álló eredetmegjelölés","country":"Hungary","official":1,"state":null,"altname":null,"gen":11,"latitude":46.0637,"ppt_yr":649,"ppt_gs":447,"GDD_1":1694,"elev":null,"GI_area":null,"auv":null,"climate":null,"style":null,"_bbox":[17.76697086831722,45.87752322630104,18.868295782097817,46.279221002735646]},"geometry":{"type":"Point","coordinates":[18.44994,46.07249]},"tippecanoe":{"minzoom":5}}
,
{"type":"Feature","properties":{"_area":894312240,"OBJECTID":576,"Name_rgn":"Szekszárd","class":"Oltalom alatt álló eredetmegjelölés","country":"Hungary","official":1,"state":null,"altname":"Szekszárdi","gen":11,"latitude":46.2975,"ppt_yr":593,"ppt_gs":412,"GDD_1":1761,"elev":null,"GI_area":null,"auv":null,"climate":null,"style":null,"_bbox":[18.473624594806903,46.108208450333684,18.92178697180383,46.49747726347518]},"geometry":{"type":"Point","coordinates":[18.74163,46.26597]},"tippecanoe":{"minzoom":5}}
,
{"type":"Feature","properties":{"_area":385504726,"OBJECTID":577,"Name_rgn":"Villány","class":"Oltalom alatt álló eredetmegjelölés","country":"Hungary","official":1,"state":null,"altname":"Villányi","gen":11,"latitude":45.8755,"ppt_yr":661,"ppt_gs":450,"GDD_1":1753,"elev":null,"GI_area":null,"auv":null,"climate":null,"style":null,"_bbox":[18.053373930106353,45.80912193322733,18.502481334782168,45.954017673346705]},"geometry":{"type":"Point","coordinates":[18.30977,45.881]},"tippecanoe":{"minzoom":5}}
,
{"type":"Feature","properties":{"_area":321928574,"OBJECTID":578,"Name_rgn":"Alto Livenza","class":"Indicazione geografica tipica","country":"Italy","official":1,"state":"Veneto","altname":null,"gen":12,"latitude":45.841,"ppt_yr":983,"ppt_gs":653,"GDD_1":2008,"elev":null,"GI_area":null,"auv":null,"climate":null,"style":null,"_bbox":[12.359792537634721,45.723895342171836,12.67119441032541,46.01985075186563]},"geometry":{"type":"Point","coordinates":[12.58465,45.79615]},"tippecanoe":{"minzoom":6}}
,
{"type":"Feature","properties":{"_area":343248345,"OBJECTID":579,"Name_rgn":"Conselvano","class":"Indicazione geografica tipica","country":"Italy","official":1,"state":"Veneto","altname":null,"gen":12,"latitude":45.2071,"ppt_yr":722,"ppt_gs":452,"GDD_1":2150,"elev":null,"GI_area":null,"auv":null,"climate":null,"style":null,"_bbox":[11.754783595174938,45.10551480985553,12.012247923261235,45.31430316283537]},"geometry":{"type":"Point","coordinates":[11.84572,45.20705]},"tippecanoe":{"minzoom":6}}
,
{"type":"Feature","properties":{"_area":42881629,"OBJECTID":580,"Name_rgn":"Vallagarina","class":"Indicazione geografica tipica","country":"Italy","official":1,"state":"Veneto","altname":null,"gen":12,"latitude":45.6418,"ppt_yr":784,"ppt_gs":550,"GDD_1":1329,"elev":null,"GI_area":null,"auv":null,"climate":null,"style":null,"_bbox":[10.815279650675059,45.56265481169589,10.925943093457732,45.71090923258648]},"geometry":{"type":"Point","coordinates":[10.89093,45.6677]},"tippecanoe":{"minzoom":6}}
,
{"type":"Feature","properties":{"_area":478442699,"OBJECTID":581,"Name_rgn":"Cowichan Valley","class":"Geographical Indication","country":"Canada","official":1,"state":"British Columbia","altname":null,"gen":9,"latitude":48.7618,"ppt_yr":1384,"ppt_gs":420,"GDD_1":983,"elev":null,"GI_area":null,"auv":null,"climate":null,"style":null,"_bbox":[-124.03538378145649,48.64556226305491,-123.52655429888915,48.845050354038676]},"geometry":{"type":"Point","coordinates":[-123.66563,48.75972]},"tippecanoe":{"minzoom":5}}
,
{"type":"Feature","properties":{"_area":200875232,"OBJECTID":589,"Name_rgn":"Bielersee","class":"Appellation d'origine contrôlée","country":"Switzerland","official":1,"state":"Bern","altname":"Lac de Bienne","gen":0,"latitude":47.0682,"ppt_yr":962,"ppt_gs":630,"GDD_1":1027,"elev":null,"GI_area":null,"auv":null,"climate":null,"style":null,"_bbox":[7.03309101506695,46.976125616107495,7.312738750411055,47.177045910255536]},"geometry":{"type":"Point","coordinates":[7.11079,47.03342]},"tippecanoe":{"minzoom":6}}
,
{"type":"Feature","properties":{"_area":266327744,"OBJECTID":590,"Name_rgn":"Thunersee","class":"Appellation d'origine contrôlée","country":"Switzerland","official":1,"state":"Bern","altname":"Lac de Thoune","gen":0,"latitude":46.7231,"ppt_yr":1064,"ppt_gs":698,"GDD_1":1135,"elev":null,"GI_area":null,"auv":null,"climate":null,"style":null,"_bbox":[7.521312736283104,46.61237724292556,7.904529542217147,46.80255459894515]},"geometry":{"type":"Point","coordinates":[7.69218,46.71787]},"tippecanoe":{"minzoom":6}}
,
{"type":"Feature","properties":{"_area":17613911,"OBJECTID":591,"Name_rgn":"Ruster Ausbruch","class":"Districtus Austriae Controllatus","country":"Austria","official":1,"state":"Burgenland","altname":null,"gen":14,"latitude":47.8042,"ppt_yr":622,"ppt_gs":447,"GDD_1":1581,"elev":null,"GI_area":null,"auv":null,"climate":null,"style":null,"_bbox":[16.642421262422307,47.785001669746364,16.712933255821355,47.825893270879675]},"geometry":{"type":"Point","coordinates":[16.66862,47.80609]},"tippecanoe":{"minzoom":7}}
,
{"type":"Feature","properties":{"_area":14463892,"OBJECTID":592,"Name_rgn":"Capri","class":"Denominazione di origine controllata","country":"Italy","official":1,"state":"Campania","altname":null,"gen":14,"latitude":40.5504,"ppt_yr":885,"ppt_gs":363,"GDD_1":2339,"elev":null,"GI_area":null,"auv":null,"climate":null,"style":null,"_bbox":[14.195747000268234,40.53584499988051,14.26642100033719,40.561948999979926]},"geometry":{"type":"Point","coordinates":[14.21165,40.5493]},"tippecanoe":{"minzoom":7}}
,
{"type":"Feature","properties":{"_area":57178292,"OBJECTID":593,"Name_rgn":"Ischia","class":"Denominazione di origine controllata","country":"Italy","official":1,"state":"Campania","altname":null,"gen":14,"latitude":40.7257,"ppt_yr":849,"ppt_gs":373,"GDD_1":2319,"elev":null,"GI_area":null,"auv":null,"climate":null,"style":null,"_bbox":[13.851068999797898,40.69204900012082,13.967028000400688,40.76158000019945]},"geometry":{"type":"Point","coordinates":[13.8929,40.72518]},"tippecanoe":{"minzoom":6}}
,
{"type":"Feature","properties":{"_area":47504451,"OBJECTID":594,"Name_rgn":"Malvasia delle Lipari","class":"Denominazione di origine controllata","country":"Italy","official":1,"state":"Sicilia","altname":null,"gen":14,"latitude":38.4874,"ppt_yr":633,"ppt_gs":257,"GDD_1":2518,"elev":null,"GI_area":null,"auv":null,"climate":null,"style":null,"_bbox":[14.89754199989755,38.43915499980166,14.980698000109474,38.52382299986393]},"geometry":{"type":"Point","coordinates":[14.93977,38.48788]},"tippecanoe":{"minzoom":6}}
,
{"type":"Feature","properties":{"_area":93377872,"OBJECTID":595,"Name_rgn":"Pantelleria","class":"Denominazione di origine controllata","country":"Italy","official":1,"state":"Sicilia","altname":"Passito di Pantelleria","gen":14,"latitude":36.7874,"ppt_yr":485,"ppt_gs":181,"GDD_1":2606,"elev":null,"GI_area":null,"auv":null,"climate":null,"style":null,"_bbox":[11.925724999635179,36.73406299970688,12.057129999745758,36.83944399964177]},"geometry":{"type":"Point","coordinates":[12.00929,36.77729]},"tippecanoe":{"minzoom":6}}
,
{"type":"Feature","properties":{"_area":4458617,"OBJECTID":596,"Name_rgn":"Candy Mountain","class":"American Viticultural Area","country":"United States","official":1,"state":"Washington","altname":null,"gen":14,"latitude":46.2546,"ppt_yr":197,"ppt_gs":79,"GDD_1":1976,"elev":null,"GI_area":null,"auv":null,"climate":null,"style":null,"_bbox":[-119.38881919142824,46.24492615604204,-119.34237656253048,46.26565765452467]},"geometry":{"type":"Point","coordinates":[-119.35837,46.25205]},"tippecanoe":{"minzoom":7}}
,
{"type":"Feature","properties":{"_area":183743740,"OBJECTID":597,"Name_rgn":"Gjakova","class":"Treguesi i origjinës gjeografike të kontrolluar","country":"Kosovo","official":1,"state":null,"altname":"Djakovica","gen":15,"latitude":42.425,"ppt_yr":926,"ppt_gs":489,"GDD_1":1884,"elev":null,"GI_area":null,"auv":null,"climate":null,"style":null,"_bbox":[20.348618566775496,42.35228327028574,20.532194098377133,42.51362351122357]},"geometry":{"type":"Point","coordinates":[20.46395,42.42602]},"tippecanoe":{"minzoom":6}}
,
{"type":"Feature","properties":{"_area":247531397,"OBJECTID":598,"Name_rgn":"Rahoveci","class":"Treguesi i origjinës gjeografike të kontrolluar","country":"Kosovo","official":1,"state":null,"altname":"Orahovac","gen":15,"latitude":42.3891,"ppt_yr":860,"ppt_gs":463,"GDD_1":1902,"elev":null,"GI_area":null,"auv":null,"climate":null,"style":null,"_bbox":[20.51079218768726,42.292093816463954,20.73664025095849,42.49113191147772]},"geometry":{"type":"Point","coordinates":[20.64258,42.3609]},"tippecanoe":{"minzoom":6}}
,
{"type":"Feature","properties":{"_area":275783838,"OBJECTID":599,"Name_rgn":"Prizreni","class":"Treguesi i origjinës gjeografike të kontrolluar","country":"Kosovo","official":1,"state":null,"altname":"Prizren","gen":15,"latitude":42.2441,"ppt_yr":832,"ppt_gs":442,"GDD_1":1928,"elev":null,"GI_area":null,"auv":null,"climate":null,"style":null,"_bbox":[20.58021102391201,42.15035962633606,20.811422584588275,42.346498525281625]},"geometry":{"type":"Point","coordinates":[20.70739,42.25609]},"tippecanoe":{"minzoom":6}}
,
{"type":"Feature","properties":{"_area":216251203,"OBJECTID":600,"Name_rgn":"Theranda","class":"Treguesi i origjinës gjeografike të kontrolluar","country":"Kosovo","official":1,"state":null,"altname":"Suva Reka","gen":15,"latitude":42.3627,"ppt_yr":787,"ppt_gs":437,"GDD_1":1768,"elev":null,"GI_area":null,"auv":null,"climate":null,"style":null,"_bbox":[20.728023453548033,42.28481965195034,20.949353533522586,42.43692417252371]},"geometry":{"type":"Point","coordinates":[20.82428,42.36444]},"tippecanoe":{"minzoom":6}}
,
{"type":"Feature","properties":{"_area":243414860,"OBJECTID":601,"Name_rgn":"Malisheva","class":"Treguesi i origjinës gjeografike të kontrolluar","country":"Kosovo","official":1,"state":null,"altname":"Malisevo","gen":15,"latitude":42.4784,"ppt_yr":811,"ppt_gs":456,"GDD_1":1704,"elev":null,"GI_area":null,"auv":null,"climate":null,"style":null,"_bbox":[20.657874554695255,42.39843650106341,20.888841615510756,42.542264980725626]},"geometry":{"type":"Point","coordinates":[20.75395,42.47091]},"tippecanoe":{"minzoom":6}}
,
{"type":"Feature","properties":{"_area":309740445,"OBJECTID":602,"Name_rgn":"Burimi","class":"Treguesi i origjinës gjeografike të kontrolluar","country":"Kosovo","official":1,"state":null,"altname":"Istok","gen":15,"latitude":42.7492,"ppt_yr":878,"ppt_gs":498,"GDD_1":1478,"elev":null,"GI_area":null,"auv":null,"climate":null,"style":null,"_bbox":[20.310911253616887,42.66504280307906,20.65721348088442,42.82685326440005]},"geometry":{"type":"Point","coordinates":[20.51254,42.739]},"tippecanoe":{"minzoom":6}}
,
{"type":"Feature","properties":{"_area":233401517,"OBJECTID":603,"Name_rgn":"Peja","class":"Treguesi i origjinës gjeografike të kontrolluar","country":"Kosovo","official":1,"state":null,"altname":"Pec","gen":15,"latitude":42.6569,"ppt_yr":911,"ppt_gs":502,"GDD_1":1651,"elev":null,"GI_area":null,"auv":null,"climate":null,"style":null,"_bbox":[20.26886531389289,42.580916650757864,20.584018387716668,42.73809413945609]},"geometry":{"type":"Point","coordinates":[20.33947,42.68099]},"tippecanoe":{"minzoom":6}}
,
{"type":"Feature","properties":{"_area":344803812,"OBJECTID":605,"Name_rgn":"Vrsac","class":"Vinogorje","country":"Serbia","official":1,"state":null,"altname":"Vrsačko","gen":15,"latitude":45.1109,"ppt_yr":698,"ppt_gs":472,"GDD_1":1806,"elev":null,"GI_area":null,"auv":null,"climate":null,"style":null,"_bbox":[21.279350353829795,44.9511075322239,21.53135035311202,45.21251140541374]},"geometry":{"type":"Point","coordinates":[21.37237,45.08351]},"tippecanoe":{"minzoom":6}}
,
{"type":"Feature","properties":{"_area":744650139,"OBJECTID":606,"Name_rgn":"Deliblato","class":"Vinogorje","country":"Serbia","official":1,"state":null,"altname":"Deliblatsko","gen":15,"latitude":44.9689,"ppt_yr":679,"ppt_gs":453,"GDD_1":1805,"elev":null,"GI_area":null,"auv":null,"climate":null,"style":null,"_bbox":[20.898100976945628,44.78237396380634,21.300785460862674,45.18067940941061]},"geometry":{"type":"Point","coordinates":[21.10581,44.90295]},"tippecanoe":{"minzoom":5}}
,
{"type":"Feature","properties":{"_area":202441883,"OBJECTID":607,"Name_rgn":"Bela Crkva","class":"Vinogorje","country":"Serbia","official":1,"state":null,"altname":"Belocrkvansko","gen":15,"latitude":44.9091,"ppt_yr":698,"ppt_gs":460,"GDD_1":1850,"elev":null,"GI_area":null,"auv":null,"climate":null,"style":null,"_bbox":[21.265107164351477,44.8472562817271,21.565713003109238,44.96195933255852]},"geometry":{"type":"Point","coordinates":[21.45105,44.91222]},"tippecanoe":{"minzoom":6}}
,
{"type":"Feature","properties":{"_area":306557385,"OBJECTID":608,"Name_rgn":"Kikinda","class":"Vinogorje","country":"Serbia","official":1,"state":null,"altname":"Kikindsko","gen":15,"latitude":45.7912,"ppt_yr":579,"ppt_gs":382,"GDD_1":1828,"elev":null,"GI_area":null,"auv":null,"climate":null,"style":null,"_bbox":[20.2163559181137,45.69202318931652,20.58705851750517,45.88406827690896]},"geometry":{"type":"Point","coordinates":[20.35176,45.76742]},"tippecanoe":{"minzoom":6}}
,
{"type":"Feature","properties":{"_area":452305979,"OBJECTID":609,"Name_rgn":"Srednji Banat","class":"Vinogorje","country":"Serbia","official":1,"state":null,"altname":"Srednjebanatsko","gen":15,"latitude":45.3942,"ppt_yr":598,"ppt_gs":395,"GDD_1":1823,"elev":null,"GI_area":null,"auv":null,"climate":null,"style":null,"_bbox":[20.271999999449868,45.21120431404696,20.619402333258744,45.54754560561637]},"geometry":{"type":"Point","coordinates":[20.34426,45.4201]},"tippecanoe":{"minzoom":5}}
,
{"type":"Feature","properties":{"_area":376152630,"OBJECTID":610,"Name_rgn":"Severna Tisa","class":"Vinogorje","country":"Serbia","official":1,"state":null,"altname":"Severnopotisko","gen":15,"latitude":45.9347,"ppt_yr":561,"ppt_gs":377,"GDD_1":1802,"elev":null,"GI_area":null,"auv":null,"climate":null,"style":null,"_bbox":[20.05649199695143,45.74553447571925,20.258562746105085,46.10720152807051]},"geometry":{"type":"Point","coordinates":[20.1524,45.93932]},"tippecanoe":{"minzoom":6}}
,
{"type":"Feature","properties":{"_area":290518533,"OBJECTID":611,"Name_rgn":"Srednja Tisa","class":"Vinogorje","country":"Serbia","official":1,"state":null,"altname":"Srednjepotisko","gen":15,"latitude":45.5351,"ppt_yr":589,"ppt_gs":392,"GDD_1":1827,"elev":null,"GI_area":null,"auv":null,"climate":null,"style":null,"_bbox":[20.012554932874473,45.39499318501662,20.24685145735674,45.62384431028801]},"geometry":{"type":"Point","coordinates":[20.11715,45.53356]},"tippecanoe":{"minzoom":6}}
,
{"type":"Feature","properties":{"_area":91049240,"OBJECTID":612,"Name_rgn":"Juzna Tisa","class":"Vinogorje","country":"Serbia","official":1,"state":null,"altname":"Južnopotisko","gen":15,"latitude":45.2438,"ppt_yr":616,"ppt_gs":407,"GDD_1":1810,"elev":null,"GI_area":null,"auv":null,"climate":null,"style":null,"_bbox":[20.133060113094068,45.19789092048169,20.317855325086228,45.311041704090094]},"geometry":{"type":"Point","coordinates":[20.18301,45.26994]},"tippecanoe":{"minzoom":6}}
,
{"type":"Feature","properties":{"_area":538505872,"OBJECTID":613,"Name_rgn":"Zapadna Telecka","class":"Vinogorje","country":"Serbia","official":1,"state":null,"altname":"Zapadnotelečko","gen":15,"latitude":45.6952,"ppt_yr":607,"ppt_gs":404,"GDD_1":1811,"elev":null,"GI_area":null,"auv":null,"climate":null,"style":null,"_bbox":[19.157247417348582,45.551661032948545,19.70850263656226,45.95143015235991]},"geometry":{"type":"Point","coordinates":[19.55116,45.6434]},"tippecanoe":{"minzoom":5}}
,
{"type":"Feature","properties":{"_area":40419061,"OBJECTID":614,"Name_rgn":"Centralnotelečko","class":"Vinogorje","country":"Serbia","official":1,"state":null,"altname":null,"gen":15,"latitude":45.6871,"ppt_yr":598,"ppt_gs":400,"GDD_1":1808,"elev":null,"GI_area":null,"auv":null,"climate":null,"style":null,"_bbox":[19.639346954613465,45.61743562180327,19.72515317715305,45.755683276548524]},"geometry":{"type":"Point","coordinates":[19.69633,45.66503]},"tippecanoe":{"minzoom":6}}
,
{"type":"Feature","properties":{"_area":255771495,"OBJECTID":615,"Name_rgn":"Istocna Telecka","class":"Vinogorje","country":"Serbia","official":1,"state":null,"altname":"Istočnotelečko","gen":15,"latitude":45.8423,"ppt_yr":593,"ppt_gs":398,"GDD_1":1791,"elev":null,"GI_area":null,"auv":null,"climate":null,"style":null,"_bbox":[19.41360764318718,45.75316436654137,19.690543762642225,45.925565679823244]},"geometry":{"type":"Point","coordinates":[19.48499,45.84341]},"tippecanoe":{"minzoom":6}}
,
{"type":"Feature","properties":{"_area":122683788,"OBJECTID":616,"Name_rgn":"Ridjica","class":"Vinogorje","country":"Serbia","official":1,"state":null,"altname":"Riđičko","gen":15,"latitude":45.9833,"ppt_yr":599,"ppt_gs":410,"GDD_1":1800,"elev":null,"GI_area":null,"auv":null,"climate":null,"style":null,"_bbox":[18.92118493527347,45.9120148487845,19.164945578684886,46.04026145922061]},"geometry":{"type":"Point","coordinates":[19.11205,45.98966]},"tippecanoe":{"minzoom":6}}
,
{"type":"Feature","properties":{"_area":418039917,"OBJECTID":617,"Name_rgn":"Palic","class":"Vinogorje","country":"Serbia","official":1,"state":null,"altname":"Palićko","gen":15,"latitude":46.1171,"ppt_yr":581,"ppt_gs":391,"GDD_1":1768,"elev":null,"GI_area":null,"auv":null,"climate":null,"style":null,"_bbox":[19.42099218558978,46.024235684868636,19.876605487793853,46.190561482238174]},"geometry":{"type":"Point","coordinates":[19.60096,46.11195]},"tippecanoe":{"minzoom":5}}
,
{"type":"Feature","properties":{"_area":62244543,"OBJECTID":618,"Name_rgn":"Horgos","class":"Vinogorje","country":"Serbia","official":1,"state":null,"altname":"Horgoško","gen":15,"latitude":46.1397,"ppt_yr":559,"ppt_gs":377,"GDD_1":1781,"elev":null,"GI_area":null,"auv":null,"climate":null,"style":null,"_bbox":[19.859374928380326,46.08165822634308,20.005159307057884,46.17691684326438]},"geometry":{"type":"Point","coordinates":[19.89026,46.12519]},"tippecanoe":{"minzoom":6}}
,
{"type":"Feature","properties":{"_area":1241112388,"OBJECTID":619,"Name_rgn":"Fruska Gora","class":"Vinogorje","country":"Serbia","official":1,"state":null,"altname":"Fruškogorsko","gen":15,"latitude":45.136,"ppt_yr":660,"ppt_gs":434,"GDD_1":1744,"elev":null,"GI_area":null,"auv":null,"climate":null,"style":null,"_bbox":[19.26860447182003,45.04673690428245,20.293470368950906,45.23803062467914]},"geometry":{"type":"Point","coordinates":[19.88097,45.14425]},"tippecanoe":{"minzoom":5}}
,
{"type":"Feature","properties":{"_area":84091771,"OBJECTID":620,"Name_rgn":"Surdulica","class":"Vinogorje","country":"Serbia","official":1,"state":null,"altname":"Surduličko","gen":15,"latitude":42.6846,"ppt_yr":634,"ppt_gs":402,"GDD_1":1553,"elev":null,"GI_area":null,"auv":null,"climate":null,"style":null,"_bbox":[22.052215386600846,42.63425675403325,22.200696894036913,42.72090303446667]},"geometry":{"type":"Point","coordinates":[22.09892,42.6769]},"tippecanoe":{"minzoom":6}}
,
{"type":"Feature","properties":{"_area":393961239,"OBJECTID":621,"Name_rgn":"Vrtogos","class":"Vinogorje","country":"Serbia","official":1,"state":null,"altname":"Vrtogoško","gen":15,"latitude":42.4951,"ppt_yr":617,"ppt_gs":392,"GDD_1":1550,"elev":null,"GI_area":null,"auv":null,"climate":null,"style":null,"_bbox":[21.710022825994002,42.355893242958416,22.02239293433896,42.59591777348964]},"geometry":{"type":"Point","coordinates":[21.87082,42.46044]},"tippecanoe":{"minzoom":5}}
,
{"type":"Feature","properties":{"_area":307165545,"OBJECTID":622,"Name_rgn":"Bustranje","class":"Vinogorje","country":"Serbia","official":1,"state":null,"altname":"Buštranjsko","gen":15,"latitude":42.3453,"ppt_yr":585,"ppt_gs":367,"GDD_1":1702,"elev":null,"GI_area":null,"auv":null,"climate":null,"style":null,"_bbox":[21.63494502209425,42.23212626020478,21.851213323614854,42.46038785894638]},"geometry":{"type":"Point","coordinates":[21.74435,42.37701]},"tippecanoe":{"minzoom":6}}
,
{"type":"Feature","properties":{"_area":171002742,"OBJECTID":623,"Name_rgn":"Vlasotince","class":"Vinogorje","country":"Serbia","official":1,"state":null,"altname":"Vlasotinačko","gen":15,"latitude":42.9676,"ppt_yr":646,"ppt_gs":403,"GDD_1":1658,"elev":null,"GI_area":null,"auv":null,"climate":null,"style":null,"_bbox":[22.034310988316264,42.87942918678985,22.206058266028013,43.04948314322056]},"geometry":{"type":"Point","coordinates":[22.10207,42.96578]},"tippecanoe":{"minzoom":6}}
,
{"type":"Feature","properties":{"_area":649822973,"OBJECTID":624,"Name_rgn":"Vinaraca","class":"Vinogorje","country":"Serbia","official":1,"state":null,"altname":"Vinaračko","gen":15,"latitude":42.9736,"ppt_yr":648,"ppt_gs":395,"GDD_1":1761,"elev":null,"GI_area":null,"auv":null,"climate":null,"style":null,"_bbox":[21.63694833344978,42.86026219617049,22.09586770449571,43.13515560225413]},"geometry":{"type":"Point","coordinates":[21.8705,42.98214]},"tippecanoe":{"minzoom":5}}
,
{"type":"Feature","properties":{"_area":283879462,"OBJECTID":625,"Name_rgn":"Pusta Reka","class":"Vinogorje","country":"Serbia","official":1,"state":null,"altname":"Pustorečko","gen":15,"latitude":43.0339,"ppt_yr":657,"ppt_gs":402,"GDD_1":1735,"elev":null,"GI_area":null,"auv":null,"climate":null,"style":null,"_bbox":[21.599884735955797,42.953565540965805,21.86259982737055,43.13579557035702]},"geometry":{"type":"Point","coordinates":[21.73869,43.03116]},"tippecanoe":{"minzoom":6}}
,
{"type":"Feature","properties":{"_area":290672956,"OBJECTID":626,"Name_rgn":"Babic","class":"Vinogorje","country":"Serbia","official":1,"state":null,"altname":"Babičko","gen":15,"latitude":43.1319,"ppt_yr":651,"ppt_gs":398,"GDD_1":1597,"elev":null,"GI_area":null,"auv":null,"climate":null,"style":null,"_bbox":[21.84544712943424,43.01772487158062,22.121353908032756,43.23637852248903]},"geometry":{"type":"Point","coordinates":[21.99193,43.15908]},"tippecanoe":{"minzoom":6}}
,
{"type":"Feature","properties":{"_area":194071147,"OBJECTID":627,"Name_rgn":"Bela Palanka","class":"Vinogorje","country":"Serbia","official":1,"state":null,"altname":"Belopalanačko","gen":15,"latitude":43.2485,"ppt_yr":656,"ppt_gs":412,"GDD_1":1539,"elev":null,"GI_area":null,"auv":null,"climate":null,"style":null,"_bbox":[22.151584402944483,43.17523942569645,22.457755206072687,43.3214623109302]},"geometry":{"type":"Point","coordinates":[22.31666,43.23407]},"tippecanoe":{"minzoom":6}}
,
{"type":"Feature","properties":{"_area":422788113,"OBJECTID":628,"Name_rgn":"Pirot","class":"Vinogorje","country":"Serbia","official":1,"state":null,"altname":"Pirotsko","gen":15,"latitude":43.1203,"ppt_yr":648,"ppt_gs":418,"GDD_1":1528,"elev":null,"GI_area":null,"auv":null,"climate":null,"style":null,"_bbox":[22.447831621333588,42.98161563930967,22.840225843483942,43.25635025361387]},"geometry":{"type":"Point","coordinates":[22.53691,43.16942]},"tippecanoe":{"minzoom":5}}
,
{"type":"Feature","properties":{"_area":45902650,"OBJECTID":629,"Name_rgn":"Babusnica","class":"Vinogorje","country":"Serbia","official":1,"state":null,"altname":"Babušničko","gen":15,"latitude":43.0595,"ppt_yr":666,"ppt_gs":429,"GDD_1":1382,"elev":null,"GI_area":null,"auv":null,"climate":null,"style":null,"_bbox":[22.366850861937742,43.017550893126554,22.480513854912566,43.108503313137206]},"geometry":{"type":"Point","coordinates":[22.42085,43.06018]},"tippecanoe":{"minzoom":6}}
,
{"type":"Feature","properties":{"_area":122799741,"OBJECTID":630,"Name_rgn":"Sokobanja","class":"Vinogorje","country":"Serbia","official":1,"state":null,"altname":"Sokobanjsko","gen":15,"latitude":43.678,"ppt_yr":681,"ppt_gs":427,"GDD_1":1487,"elev":null,"GI_area":null,"auv":null,"climate":null,"style":null,"_bbox":[21.751972240842417,43.63583705187998,21.99904486311193,43.73028024368389]},"geometry":{"type":"Point","coordinates":[21.86339,43.67642]},"tippecanoe":{"minzoom":6}}
,
{"type":"Feature","properties":{"_area":316479834,"OBJECTID":631,"Name_rgn":"Aleksinac","class":"Vinogorje","country":"Serbia","official":1,"state":null,"altname":"Aleksinačko","gen":15,"latitude":43.5555,"ppt_yr":662,"ppt_gs":411,"GDD_1":1632,"elev":null,"GI_area":null,"auv":null,"climate":null,"style":null,"_bbox":[21.57328440766737,43.43429989898683,21.911053368269474,43.68427236100496]},"geometry":{"type":"Point","coordinates":[21.8047,43.51535]},"tippecanoe":{"minzoom":6}}
,
{"type":"Feature","properties":{"_area":186244298,"OBJECTID":632,"Name_rgn":"Zitkovac","class":"Vinogorje","country":"Serbia","official":1,"state":null,"altname":"Žitkovačko","gen":15,"latitude":43.4825,"ppt_yr":661,"ppt_gs":409,"GDD_1":1732,"elev":null,"GI_area":null,"auv":null,"climate":null,"style":null,"_bbox":[21.552967448041677,43.40309739041077,21.742151850071593,43.58558914201219]},"geometry":{"type":"Point","coordinates":[21.61998,43.47866]},"tippecanoe":{"minzoom":6}}
,
{"type":"Feature","properties":{"_area":388739711,"OBJECTID":633,"Name_rgn":"Cegar","class":"Vinogorje","country":"Serbia","official":1,"state":null,"altname":"Čegarsko","gen":15,"latitude":43.3694,"ppt_yr":658,"ppt_gs":407,"GDD_1":1640,"elev":null,"GI_area":null,"auv":null,"climate":null,"style":null,"_bbox":[21.799254242066944,43.265074987577975,22.156386132598378,43.488071419219565]},"geometry":{"type":"Point","coordinates":[21.88723,43.41229]},"tippecanoe":{"minzoom":5}}
,
{"type":"Feature","properties":{"_area":100416553,"OBJECTID":634,"Name_rgn":"Kutina","class":"Vinogorje","country":"Serbia","official":1,"state":null,"altname":"Kutinsko","gen":15,"latitude":43.2799,"ppt_yr":648,"ppt_gs":396,"GDD_1":1814,"elev":null,"GI_area":null,"auv":null,"climate":null,"style":null,"_bbox":[21.835573452397384,43.22200009628303,21.99739486454751,43.318369845877754]},"geometry":{"type":"Point","coordinates":[21.88602,43.27395]},"tippecanoe":{"minzoom":6}}
,
{"type":"Feature","properties":{"_area":82648499,"OBJECTID":635,"Name_rgn":"Svrljig","class":"Vinogorje","country":"Serbia","official":1,"state":null,"altname":"Svrljiško","gen":15,"latitude":43.4238,"ppt_yr":670,"ppt_gs":418,"GDD_1":1504,"elev":null,"GI_area":null,"auv":null,"climate":null,"style":null,"_bbox":[21.999842883291215,43.3886510821358,22.16668693340002,43.46492119218692]},"geometry":{"type":"Point","coordinates":[22.09697,43.42619]},"tippecanoe":{"minzoom":6}}
,
{"type":"Feature","properties":{"_area":534661576,"OBJECTID":636,"Name_rgn":"Prokuplje","class":"Vinogorje","country":"Serbia","official":1,"state":null,"altname":"Prokupačko","gen":15,"latitude":43.2669,"ppt_yr":690,"ppt_gs":428,"GDD_1":1618,"elev":null,"GI_area":null,"auv":null,"climate":null,"style":null,"_bbox":[21.196535549034138,43.19015853312386,21.655300284087016,43.3474169666905]},"geometry":{"type":"Point","coordinates":[21.41829,43.26817]},"tippecanoe":{"minzoom":5}}
,
{"type":"Feature","properties":{"_area":270324823,"OBJECTID":637,"Name_rgn":"Jugbogdanovac","class":"Vinogorje","country":"Serbia","official":1,"state":null,"altname":"Jugbogdanovačko","gen":15,"latitude":43.2905,"ppt_yr":662,"ppt_gs":407,"GDD_1":1715,"elev":null,"GI_area":null,"auv":null,"climate":null,"style":null,"_bbox":[21.591506284048084,43.20299427146296,21.82561615658061,43.398569418244776]},"geometry":{"type":"Point","coordinates":[21.71794,43.2897]},"tippecanoe":{"minzoom":6}}
,
{"type":"Feature","properties":{"_area":230854836,"OBJECTID":638,"Name_rgn":"Zitoradja","class":"Vinogorje","country":"Serbia","official":1,"state":null,"altname":"Žitorađsko","gen":15,"latitude":43.1306,"ppt_yr":662,"ppt_gs":406,"GDD_1":1735,"elev":null,"GI_area":null,"auv":null,"climate":null,"style":null,"_bbox":[21.589066731925957,43.04273624038803,21.846772515482517,43.21036705406359]},"geometry":{"type":"Point","coordinates":[21.68925,43.1403]},"tippecanoe":{"minzoom":6}}
,
{"type":"Feature","properties":{"_area":534542503,"OBJECTID":639,"Name_rgn":"Branicevo","class":"Vinogorje","country":"Serbia","official":1,"state":null,"altname":"Braničevsko","gen":15,"latitude":44.6384,"ppt_yr":702,"ppt_gs":452,"GDD_1":1788,"elev":null,"GI_area":null,"auv":null,"climate":null,"style":null,"_bbox":[21.32673918180959,44.487818977807926,21.670022610683393,44.8168167980585]},"geometry":{"type":"Point","coordinates":[21.54136,44.60477]},"tippecanoe":{"minzoom":5}}
,
{"type":"Feature","properties":{"_area":1563840688,"OBJECTID":640,"Name_rgn":"Pozarevac","class":"Vinogorje","country":"Serbia","official":1,"state":null,"altname":"Požarevacko","gen":15,"latitude":44.443,"ppt_yr":690,"ppt_gs":445,"GDD_1":1762,"elev":null,"GI_area":null,"auv":null,"climate":null,"style":null,"_bbox":[21.148432100466025,44.20239347724592,21.597518523191766,44.79056885579052]},"geometry":{"type":"Point","coordinates":[21.38262,44.43308]},"tippecanoe":{"minzoom":5}}
,
{"type":"Feature","properties":{"_area":536236375,"OBJECTID":641,"Name_rgn":"Resava","class":"Vinogorje","country":"Serbia","official":1,"state":null,"altname":"Resavsko","gen":15,"latitude":44.1649,"ppt_yr":686,"ppt_gs":441,"GDD_1":1737,"elev":null,"GI_area":null,"auv":null,"climate":null,"style":null,"_bbox":[21.14959940548221,44.05084075559569,21.492056294463083,44.29602059153827]},"geometry":{"type":"Point","coordinates":[21.2947,44.17678]},"tippecanoe":{"minzoom":5}}
,
{"type":"Feature","properties":{"_area":339624388,"OBJECTID":642,"Name_rgn":"Bor","class":"Vinogorje","country":"Serbia","official":1,"state":null,"altname":"Borsko","gen":15,"latitude":44.0113,"ppt_yr":683,"ppt_gs":429,"GDD_1":1620,"elev":null,"GI_area":null,"auv":null,"climate":null,"style":null,"_bbox":[21.968960599555412,43.92261196703942,22.227308371316315,44.11625697030492]},"geometry":{"type":"Point","coordinates":[22.11003,44.01376]},"tippecanoe":{"minzoom":6}}
,
{"type":"Feature","properties":{"_area":280496050,"OBJECTID":643,"Name_rgn":"Boljevac","class":"Vinogorje","country":"Serbia","official":1,"state":null,"altname":"Boljevačko","gen":15,"latitude":43.8806,"ppt_yr":678,"ppt_gs":426,"GDD_1":1671,"elev":null,"GI_area":null,"auv":null,"climate":null,"style":null,"_bbox":[21.907087838991067,43.796506013969726,22.13802397620122,43.980178961826354]},"geometry":{"type":"Point","coordinates":[22.02439,43.89085]},"tippecanoe":{"minzoom":6}}
,
{"type":"Feature","properties":{"_area":1308328915,"OBJECTID":644,"Name_rgn":"Zajecar","class":"Vinogorje","country":"Serbia","official":1,"state":null,"altname":"Zaječarsko","gen":15,"latitude":43.9284,"ppt_yr":659,"ppt_gs":409,"GDD_1":1726,"elev":null,"GI_area":null,"auv":null,"climate":null,"style":null,"_bbox":[22.01638135186379,43.67771484677092,22.54899324828455,44.15900794366982]},"geometry":{"type":"Point","coordinates":[22.26314,43.85115]},"tippecanoe":{"minzoom":5}}
,
{"type":"Feature","properties":{"_area":278443240,"OBJECTID":645,"Name_rgn":"Potrkanje","class":"Vinogorje","country":"Serbia","official":1,"state":null,"altname":"Potrkanjsko","gen":15,"latitude":43.6122,"ppt_yr":662,"ppt_gs":413,"GDD_1":1606,"elev":null,"GI_area":null,"auv":null,"climate":null,"style":null,"_bbox":[22.10474367934034,43.51265916717519,22.34535943143485,43.70402042544634]},"geometry":{"type":"Point","coordinates":[22.23668,43.60946]},"tippecanoe":{"minzoom":6}}
,
{"type":"Feature","properties":{"_area":172264349,"OBJECTID":646,"Name_rgn":"Kljuc","class":"Vinogorje","country":"Serbia","official":1,"state":null,"altname":"Ključko","gen":15,"latitude":44.5902,"ppt_yr":638,"ppt_gs":394,"GDD_1":1972,"elev":null,"GI_area":null,"auv":null,"climate":null,"style":null,"_bbox":[22.465491429925866,44.54216491917023,22.738415810764273,44.653104268095966]},"geometry":{"type":"Point","coordinates":[22.54783,44.60023]},"tippecanoe":{"minzoom":6}}
,
{"type":"Feature","properties":{"_area":163516140,"OBJECTID":647,"Name_rgn":"Brza Palanka","class":"Vinogorje","country":"Serbia","official":1,"state":null,"altname":"Brzopalanačko","gen":15,"latitude":44.4973,"ppt_yr":660,"ppt_gs":411,"GDD_1":1823,"elev":null,"GI_area":null,"auv":null,"climate":null,"style":null,"_bbox":[22.35093914075235,44.42189732639351,22.571624998412453,44.57265010812756]},"geometry":{"type":"Point","coordinates":[22.44575,44.48137]},"tippecanoe":{"minzoom":6}}
,
{"type":"Feature","properties":{"_area":249898541,"OBJECTID":648,"Name_rgn":"Mihajlovac","class":"Vinogorje","country":"Serbia","official":1,"state":null,"altname":"Mihajlovacko","gen":15,"latitude":44.3499,"ppt_yr":647,"ppt_gs":397,"GDD_1":1794,"elev":null,"GI_area":null,"auv":null,"climate":null,"style":null,"_bbox":[22.33976329552403,44.26935327454978,22.55862801118506,44.44518133388136]},"geometry":{"type":"Point","coordinates":[22.43042,44.35452]},"tippecanoe":{"minzoom":6}}
,
{"type":"Feature","properties":{"_area":371635768,"OBJECTID":649,"Name_rgn":"Negotin","class":"Vinogorje","country":"Serbia","official":1,"state":null,"altname":"Negotinsko","gen":15,"latitude":44.2242,"ppt_yr":658,"ppt_gs":407,"GDD_1":1738,"elev":null,"GI_area":null,"auv":null,"climate":null,"style":null,"_bbox":[22.25953086959078,44.147103043295985,22.59726266329631,44.30987364653491]},"geometry":{"type":"Point","coordinates":[22.36444,44.22785]},"tippecanoe":{"minzoom":6}}
,
{"type":"Feature","properties":{"_area":194103601,"OBJECTID":650,"Name_rgn":"Rogljevo-Rajac","class":"Vinogorje","country":"Serbia","official":1,"state":null,"altname":"Rajačko","gen":15,"latitude":44.1077,"ppt_yr":636,"ppt_gs":390,"GDD_1":1891,"elev":null,"GI_area":null,"auv":null,"climate":null,"style":null,"_bbox":[22.433218846082735,44.029418305056154,22.62986307203104,44.17933359269544]},"geometry":{"type":"Point","coordinates":[22.51696,44.10848]},"tippecanoe":{"minzoom":6}}
,
{"type":"Feature","properties":{"_area":132095638,"OBJECTID":651,"Name_rgn":"Krnjevo","class":"Vinogorje","country":"Serbia","official":1,"state":null,"altname":"Krnjevačko","gen":15,"latitude":44.4177,"ppt_yr":674,"ppt_gs":441,"GDD_1":1737,"elev":null,"GI_area":null,"auv":null,"climate":null,"style":null,"_bbox":[20.92784879807202,44.35729903090636,21.075809397627655,44.50290918332067]},"geometry":{"type":"Point","coordinates":[21.00122,44.4193]},"tippecanoe":{"minzoom":6}}
,
{"type":"Feature","properties":{"_area":537802874,"OBJECTID":652,"Name_rgn":"Oplenac","class":"Vinogorje","country":"Serbia","official":1,"state":null,"altname":"Oplenačko","gen":15,"latitude":44.2491,"ppt_yr":721,"ppt_gs":474,"GDD_1":1664,"elev":null,"GI_area":null,"auv":null,"climate":null,"style":null,"_bbox":[20.439366910376524,44.156518443389444,20.85467151759805,44.356400737825936]},"geometry":{"type":"Point","coordinates":[20.64159,44.25412]},"tippecanoe":{"minzoom":5}}
,
{"type":"Feature","properties":{"_area":483983799,"OBJECTID":653,"Name_rgn":"Raca","class":"Vinogorje","country":"Serbia","official":1,"state":null,"altname":"Račansko","gen":15,"latitude":44.2337,"ppt_yr":686,"ppt_gs":446,"GDD_1":1732,"elev":null,"GI_area":null,"auv":null,"climate":null,"style":null,"_bbox":[20.809993912943558,44.11288112066093,21.125035650469346,44.33887685574805]},"geometry":{"type":"Point","coordinates":[20.96492,44.2325]},"tippecanoe":{"minzoom":5}}
,
{"type":"Feature","properties":{"_area":1335974491,"OBJECTID":654,"Name_rgn":"Kragujevac","class":"Vinogorje","country":"Serbia","official":1,"state":null,"altname":"Kragujevačko","gen":15,"latitude":44.0422,"ppt_yr":729,"ppt_gs":477,"GDD_1":1656,"elev":null,"GI_area":null,"auv":null,"climate":null,"style":null,"_bbox":[20.579765888027488,43.87584682711333,21.139511517979322,44.19503513461452]},"geometry":{"type":"Point","coordinates":[20.74746,44.03357]},"tippecanoe":{"minzoom":5}}
,
{"type":"Feature","properties":{"_area":1168831192,"OBJECTID":655,"Name_rgn":"Avala-Kosmaj","class":"Vinogorje","country":"Serbia","official":1,"state":null,"altname":"Avalsko-kosmajsko","gen":15,"latitude":44.5528,"ppt_yr":712,"ppt_gs":470,"GDD_1":1728,"elev":null,"GI_area":null,"auv":null,"climate":null,"style":null,"_bbox":[20.215500736336278,44.32500964109502,20.808081485043637,44.74488442245219]},"geometry":{"type":"Point","coordinates":[20.43569,44.60014]},"tippecanoe":{"minzoom":5}}
,
{"type":"Feature","properties":{"_area":461740221,"OBJECTID":656,"Name_rgn":"Grocka","class":"Vinogorje","country":"Serbia","official":1,"state":null,"altname":"Gročansko","gen":15,"latitude":44.6729,"ppt_yr":686,"ppt_gs":451,"GDD_1":1752,"elev":null,"GI_area":null,"auv":null,"climate":null,"style":null,"_bbox":[20.514004741009714,44.540978844831656,20.823620183502204,44.84226251633854]},"geometry":{"type":"Point","coordinates":[20.62757,44.69574]},"tippecanoe":{"minzoom":5}}
,
{"type":"Feature","properties":{"_area":325692987,"OBJECTID":657,"Name_rgn":"Smederevo","class":"Vinogorje","country":"Serbia","official":1,"state":null,"altname":"Smederevsko","gen":15,"latitude":44.5762,"ppt_yr":673,"ppt_gs":441,"GDD_1":1765,"elev":null,"GI_area":null,"auv":null,"climate":null,"style":null,"_bbox":[20.749021242734326,44.464482047590835,21.019203269131225,44.67189714382664]},"geometry":{"type":"Point","coordinates":[20.89527,44.57589]},"tippecanoe":{"minzoom":6}}
,
{"type":"Feature","properties":{"_area":253445781,"OBJECTID":658,"Name_rgn":"Dubona","class":"Vinogorje","country":"Serbia","official":1,"state":null,"altname":"Dubonsko","gen":15,"latitude":44.4949,"ppt_yr":698,"ppt_gs":460,"GDD_1":1704,"elev":null,"GI_area":null,"auv":null,"climate":null,"style":null,"_bbox":[20.60914997680374,44.395505824171266,20.859154391140166,44.5953860767356]},"geometry":{"type":"Point","coordinates":[20.74305,44.47554]},"tippecanoe":{"minzoom":6}}
,
{"type":"Feature","properties":{"_area":432056951,"OBJECTID":659,"Name_rgn":"Lazarevac","class":"Vinogorje","country":"Serbia","official":1,"state":null,"altname":"Lazarevačko","gen":15,"latitude":44.386,"ppt_yr":737,"ppt_gs":486,"GDD_1":1753,"elev":null,"GI_area":null,"auv":null,"climate":null,"style":null,"_bbox":[20.198402609256846,44.26262392683383,20.461369942213512,44.56437265568573]},"geometry":{"type":"Point","coordinates":[20.32937,44.40489]},"tippecanoe":{"minzoom":5}}
,
{"type":"Feature","properties":{"_area":578597067,"OBJECTID":660,"Name_rgn":"Paracin","class":"Vinogorje","country":"Serbia","official":1,"state":null,"altname":"Paraćinsko","gen":15,"latitude":43.9341,"ppt_yr":677,"ppt_gs":429,"GDD_1":1709,"elev":null,"GI_area":null,"auv":null,"climate":null,"style":null,"_bbox":[21.231786588829912,43.75181631426039,21.598943513540412,44.12545420156102]},"geometry":{"type":"Point","coordinates":[21.4799,43.87086]},"tippecanoe":{"minzoom":5}}
,
{"type":"Feature","properties":{"_area":295414716,"OBJECTID":661,"Name_rgn":"Jagodina","class":"Vinogorje","country":"Serbia","official":1,"state":null,"altname":"Jagodinsko","gen":15,"latitude":43.9719,"ppt_yr":693,"ppt_gs":445,"GDD_1":1705,"elev":null,"GI_area":null,"auv":null,"climate":null,"style":null,"_bbox":[21.06563534282442,43.86897642644437,21.285797342536696,44.11338071999598]},"geometry":{"type":"Point","coordinates":[21.17873,43.96831]},"tippecanoe":{"minzoom":6}}
,
{"type":"Feature","properties":{"_area":76071689,"OBJECTID":662,"Name_rgn":"Jovac","class":"Vinogorje","country":"Serbia","official":1,"state":null,"altname":"Jovačko","gen":15,"latitude":43.8718,"ppt_yr":677,"ppt_gs":430,"GDD_1":1749,"elev":null,"GI_area":null,"auv":null,"climate":null,"style":null,"_bbox":[21.283305652195462,43.78173273728056,21.3380094247029,43.95804422176479]},"geometry":{"type":"Point","coordinates":[21.31151,43.83387]},"tippecanoe":{"minzoom":6}}
,
{"type":"Feature","properties":{"_area":290541286,"OBJECTID":663,"Name_rgn":"Levac","class":"Vinogorje","country":"Serbia","official":1,"state":null,"altname":"Levačko","gen":15,"latitude":43.8249,"ppt_yr":711,"ppt_gs":458,"GDD_1":1645,"elev":null,"GI_area":null,"auv":null,"climate":null,"style":null,"_bbox":[21.016902881317975,43.729083553464164,21.22310224799156,43.931187338804826]},"geometry":{"type":"Point","coordinates":[21.10572,43.82264]},"tippecanoe":{"minzoom":6}}
,
{"type":"Feature","properties":{"_area":212435615,"OBJECTID":664,"Name_rgn":"Temnic","class":"Vinogorje","country":"Serbia","official":1,"state":null,"altname":"Temničko","gen":15,"latitude":43.7176,"ppt_yr":685,"ppt_gs":434,"GDD_1":1706,"elev":null,"GI_area":null,"auv":null,"climate":null,"style":null,"_bbox":[21.12790409244412,43.63750038651446,21.38013519321463,43.786510246112]},"geometry":{"type":"Point","coordinates":[21.29147,43.72306]},"tippecanoe":{"minzoom":6}}
,
{"type":"Feature","properties":{"_area":351855653,"OBJECTID":665,"Name_rgn":"Trstenik","class":"Vinogorje","country":"Serbia","official":1,"state":null,"altname":"Trsteničko","gen":15,"latitude":43.6305,"ppt_yr":713,"ppt_gs":453,"GDD_1":1719,"elev":null,"GI_area":null,"auv":null,"climate":null,"style":null,"_bbox":[20.965325179523926,43.49913960731517,21.181680428980894,43.74578450132911]},"geometry":{"type":"Point","coordinates":[21.08153,43.63816]},"tippecanoe":{"minzoom":6}}
,
{"type":"Feature","properties":{"_area":819986394,"OBJECTID":666,"Name_rgn":"Krusevac","class":"Vinogorje","country":"Serbia","official":1,"state":null,"altname":"Krusevačko","gen":15,"latitude":43.5629,"ppt_yr":677,"ppt_gs":424,"GDD_1":1736,"elev":null,"GI_area":null,"auv":null,"climate":null,"style":null,"_bbox":[21.14607467232718,43.41790868282883,21.58246179423931,43.70065573189917]},"geometry":{"type":"Point","coordinates":[21.28855,43.55376]},"tippecanoe":{"minzoom":5}}
,
{"type":"Feature","properties":{"_area":340680299,"OBJECTID":668,"Name_rgn":"Zupa","class":"Vinogorje","country":"Serbia","official":1,"state":null,"altname":"Župsko","gen":15,"latitude":43.4621,"ppt_yr":713,"ppt_gs":448,"GDD_1":1654,"elev":null,"GI_area":null,"auv":null,"climate":null,"style":null,"_bbox":[20.979547140913766,43.34902866013032,21.238138722629294,43.551511443479484]},"geometry":{"type":"Point","coordinates":[21.12192,43.44078]},"tippecanoe":{"minzoom":6}}
,
{"type":"Feature","properties":{"_area":277007158,"OBJECTID":669,"Name_rgn":"Razanj","class":"Vinogorje","country":"Serbia","official":1,"state":null,"altname":"Ražanjsko","gen":15,"latitude":43.7161,"ppt_yr":667,"ppt_gs":418,"GDD_1":1687,"elev":null,"GI_area":null,"auv":null,"climate":null,"style":null,"_bbox":[21.416755668846953,43.618516075817986,21.637345161531588,43.81122970701203]},"geometry":{"type":"Point","coordinates":[21.54285,43.71073]},"tippecanoe":{"minzoom":6}}
,
{"type":"Feature","properties":{"_area":474460381,"OBJECTID":670,"Name_rgn":"Ljubic","class":"Vinogorje","country":"Serbia","official":1,"state":null,"altname":"Ljubičko","gen":15,"latitude":43.9063,"ppt_yr":787,"ppt_gs":513,"GDD_1":1621,"elev":null,"GI_area":null,"auv":null,"climate":null,"style":null,"_bbox":[20.230003234402812,43.77931967248329,20.6796760063791,44.02726609422266]},"geometry":{"type":"Point","coordinates":[20.37964,43.94349]},"tippecanoe":{"minzoom":5}}
,
{"type":"Feature","properties":{"_area":224509274,"OBJECTID":671,"Name_rgn":"Jelica","class":"Vinogorje","country":"Serbia","official":1,"state":null,"altname":"Jelićko","gen":15,"latitude":43.8204,"ppt_yr":800,"ppt_gs":519,"GDD_1":1686,"elev":null,"GI_area":null,"auv":null,"climate":null,"style":null,"_bbox":[20.234989560661088,43.74371408664475,20.588092814367084,43.904041039275356]},"geometry":{"type":"Point","coordinates":[20.4592,43.79256]},"tippecanoe":{"minzoom":6}}
,
{"type":"Feature","properties":{"_area":212827171,"OBJECTID":672,"Name_rgn":"Ibar","class":"Vinogorje","country":"Serbia","official":1,"state":null,"altname":"Ibarsko","gen":15,"latitude":43.6433,"ppt_yr":773,"ppt_gs":497,"GDD_1":1774,"elev":null,"GI_area":null,"auv":null,"climate":null,"style":null,"_bbox":[20.629078909142486,43.25507764100005,20.69703968893126,43.72308971549241]},"geometry":{"type":"Point","coordinates":[20.66253,43.67399]},"tippecanoe":{"minzoom":6}}
,
{"type":"Feature","properties":{"_area":867520193,"OBJECTID":673,"Name_rgn":"Pocerina","class":"Vinogorje","country":"Serbia","official":1,"state":null,"altname":"Pocersko","gen":15,"latitude":44.5467,"ppt_yr":790,"ppt_gs":519,"GDD_1":1750,"elev":null,"GI_area":null,"auv":null,"climate":null,"style":null,"_bbox":[19.353864875298044,44.407876571332686,19.89038279120293,44.68734060759653]},"geometry":{"type":"Point","coordinates":[19.75232,44.53997]},"tippecanoe":{"minzoom":5}}
,
{"type":"Feature","properties":{"_area":813831467,"OBJECTID":674,"Name_rgn":"Poodgorina","class":"Vinogorje","country":"Serbia","official":1,"state":null,"altname":"Podgorsko","gen":15,"latitude":44.3253,"ppt_yr":820,"ppt_gs":543,"GDD_1":1682,"elev":null,"GI_area":null,"auv":null,"climate":null,"style":null,"_bbox":[19.6053012086889,44.192964390547246,20.211955765036205,44.46029877009111]},"geometry":{"type":"Point","coordinates":[19.92328,44.29896]},"tippecanoe":{"minzoom":5}}
,
{"type":"Feature","properties":{"_area":933797773,"OBJECTID":675,"Name_rgn":"Kolubara Ljig","class":"Vinogorje","country":"Serbia","official":1,"state":null,"altname":"Kolubarsko-ljisko","gen":15,"latitude":44.3561,"ppt_yr":766,"ppt_gs":507,"GDD_1":1740,"elev":null,"GI_area":null,"auv":null,"climate":null,"style":null,"_bbox":[19.860368993293935,44.19967462776076,20.44243912708865,44.55161269378576]},"geometry":{"type":"Point","coordinates":[20.21987,44.30897]},"tippecanoe":{"minzoom":5}}
,
{"type":"Feature","properties":{"_area":49953740,"OBJECTID":676,"Name_rgn":"Salaparuta","class":"Denominazione di origine controllata","country":"Italy","official":1,"state":null,"altname":null,"gen":15,"latitude":37.7642,"ppt_yr":527,"ppt_gs":213,"GDD_1":2432,"elev":null,"GI_area":null,"auv":null,"climate":null,"style":null,"_bbox":[12.929218999688112,37.7280729999422,13.02859200006004,37.79815399977604]},"geometry":{"type":"Point","coordinates":[12.97466,37.76366]},"tippecanoe":{"minzoom":6}}
,
{"type":"Feature","properties":{"_area":12141124,"OBJECTID":677,"Name_rgn":"Carema","class":"Denominazione di origine controllata","country":"Italy","official":1,"state":null,"altname":null,"gen":15,"latitude":45.5858,"ppt_yr":790,"ppt_gs":526,"GDD_1":1146,"elev":null,"GI_area":null,"auv":null,"climate":null,"style":null,"_bbox":[7.794665999787615,45.56504699989735,7.864739999806964,45.60231900017602]},"geometry":{"type":"Point","coordinates":[7.81738,45.58077]},"tippecanoe":{"minzoom":7}}
,
{"type":"Feature","properties":{"_area":33197802,"OBJECTID":678,"Name_rgn":"Gabiano","class":"Denominazione di origine controllata","country":"Italy","official":1,"state":null,"altname":null,"gen":15,"latitude":45.1537,"ppt_yr":666,"ppt_gs":444,"GDD_1":1929,"elev":null,"GI_area":null,"auv":null,"climate":null,"style":null,"_bbox":[8.139094999837598,45.125213000031955,8.24351100028072,45.178328000065726]},"geometry":{"type":"Point","coordinates":[8.1864,45.15094]},"tippecanoe":{"minzoom":7}}
,
{"type":"Feature","properties":{"_area":183382246,"OBJECTID":679,"Name_rgn":"Costa d'Amalfi","class":"Denominazione di origine controllata","country":"Italy","official":1,"state":null,"altname":null,"gen":15,"latitude":40.6631,"ppt_yr":916,"ppt_gs":408,"GDD_1":1825,"elev":null,"GI_area":null,"auv":null,"climate":null,"style":null,"_bbox":[14.428695999722025,40.5790870002536,14.712679000135752,40.72240200020814]},"geometry":{"type":"Point","coordinates":[14.63191,40.67146]},"tippecanoe":{"minzoom":6}}
,
{"type":"Feature","properties":{"_area":41850323,"OBJECTID":680,"Name_rgn":"Bagnoli Friularo classico","class":"Denominazione di origine controllata e garantita","country":"Italy","official":1,"state":null,"altname":"Friularo di Bagnoli classico","gen":15,"latitude":45.1814,"ppt_yr":713,"ppt_gs":448,"GDD_1":2131,"elev":null,"GI_area":null,"auv":null,"climate":null,"style":null,"_bbox":[11.846625999655448,45.15167000026214,11.953027000195366,45.21084600016551]},"geometry":{"type":"Point","coordinates":[11.90534,45.18172]},"tippecanoe":{"minzoom":6}}
,
{"type":"Feature","properties":{"_area":127978307,"OBJECTID":681,"Name_rgn":"Santa Margherita di Belice","class":"Denominazione di origine controllata","country":"Italy","official":1,"state":null,"altname":null,"gen":15,"latitude":37.6903,"ppt_yr":505,"ppt_gs":201,"GDD_1":2484,"elev":null,"GI_area":null,"auv":null,"climate":null,"style":null,"_bbox":[12.893008000416797,37.63287899969144,13.079455000417397,37.742917000195916]},"geometry":{"type":"Point","coordinates":[13.00477,37.69306]},"tippecanoe":{"minzoom":6}}
,
{"type":"Feature","properties":{"_area":17893276,"OBJECTID":682,"Name_rgn":"Terre Tollesi","class":"Denominazione di origine controllata e garantita","country":"Italy","official":1,"state":null,"altname":"Tullum","gen":15,"latitude":42.3446,"ppt_yr":618,"ppt_gs":337,"GDD_1":2217,"elev":null,"GI_area":null,"auv":null,"climate":null,"style":null,"_bbox":[14.293635000135515,42.31924399996284,14.34208300022578,42.37141699988995]},"geometry":{"type":"Point","coordinates":[14.31748,42.34158]},"tippecanoe":{"minzoom":7}}
,
{"type":"Feature","properties":{"_area":138817972,"OBJECTID":683,"Name_rgn":"Moscato di Sorso","class":"Denominazione di origine controllata","country":"Italy","official":1,"state":null,"altname":"Moscato di Sennori","gen":15,"latitude":40.8138,"ppt_yr":563,"ppt_gs":232,"GDD_1":2286,"elev":null,"GI_area":null,"auv":null,"climate":null,"style":null,"_bbox":[8.464436000249263,40.75508500031428,8.66836999993094,40.87846500006747]},"geometry":{"type":"Point","coordinates":[8.59264,40.81003]},"tippecanoe":{"minzoom":6}}
,
{"type":"Feature","properties":{"_area":58793172,"OBJECTID":684,"Name_rgn":"Albugnano","class":"Denominazione di origine controllata","country":"Italy","official":1,"state":null,"altname":null,"gen":15,"latitude":45.0517,"ppt_yr":636,"ppt_gs":438,"GDD_1":1856,"elev":null,"GI_area":null,"auv":null,"climate":null,"style":null,"_bbox":[7.940579000145884,44.99631200027458,8.040654999601253,45.10109299982084]},"geometry":{"type":"Point","coordinates":[7.99023,45.05065]},"tippecanoe":{"minzoom":6}}
,
{"type":"Feature","properties":{"_area":37291208,"OBJECTID":685,"Name_rgn":"Gattinara","class":"Denominazione di origine controllata e garantita","country":"Italy","official":1,"state":null,"altname":null,"gen":15,"latitude":45.6043,"ppt_yr":896,"ppt_gs":601,"GDD_1":1752,"elev":null,"GI_area":null,"auv":null,"climate":null,"style":null,"_bbox":[8.319220000024984,45.57111099971967,8.394383000146327,45.645139000070266]},"geometry":{"type":"Point","coordinates":[8.35508,45.60697]},"tippecanoe":{"minzoom":6}}
,
{"type":"Feature","properties":{"_area":19189050,"OBJECTID":686,"Name_rgn":"Strevi","class":"Denominazione di origine controllata","country":"Italy","official":1,"state":null,"altname":null,"gen":15,"latitude":44.6984,"ppt_yr":734,"ppt_gs":428,"GDD_1":1952,"elev":null,"GI_area":null,"auv":null,"climate":null,"style":null,"_bbox":[8.48444799980231,44.67485699992736,8.553486999578816,44.7195890002436]},"geometry":{"type":"Point","coordinates":[8.52289,44.69652]},"tippecanoe":{"minzoom":7}}
,
{"type":"Feature","properties":{"_area":89437782,"OBJECTID":687,"Name_rgn":"Ortona","class":"Denominazione di origine controllata","country":"Italy","official":1,"state":null,"altname":null,"gen":15,"latitude":42.337,"ppt_yr":593,"ppt_gs":322,"GDD_1":2236,"elev":null,"GI_area":null,"auv":null,"climate":null,"style":null,"_bbox":[14.311783999790503,42.27011200032488,14.441371000208889,42.404959000009306]},"geometry":{"type":"Point","coordinates":[14.38265,42.32478]},"tippecanoe":{"minzoom":6}}
,
{"type":"Feature","properties":{"_area":133933162,"OBJECTID":688,"Name_rgn":"Sambuca di Sicilia","class":"Denominazione di origine controllata","country":"Italy","official":1,"state":null,"altname":null,"gen":15,"latitude":37.6555,"ppt_yr":538,"ppt_gs":218,"GDD_1":2245,"elev":null,"GI_area":null,"auv":null,"climate":null,"style":null,"_bbox":[13.002886000332515,37.611512999862796,13.215045999733325,37.70145799978759]},"geometry":{"type":"Point","coordinates":[13.1104,37.65578]},"tippecanoe":{"minzoom":6}}
,
{"type":"Feature","properties":{"_area":102333193,"OBJECTID":689,"Name_rgn":"Ruchè di Castagnole Monferrato","class":"Denominazione di origine controllata e garantita","country":"Italy","official":1,"state":null,"altname":null,"gen":15,"latitude":44.9596,"ppt_yr":636,"ppt_gs":403,"GDD_1":1918,"elev":null,"GI_area":null,"auv":null,"climate":null,"style":null,"_bbox":[8.237248999843672,44.91107500021883,8.387381999742464,45.01712799997753]},"geometry":{"type":"Point","coordinates":[8.30436,44.96327]},"tippecanoe":{"minzoom":6}}
,
{"type":"Feature","properties":{"_area":24559800,"OBJECTID":690,"Name_rgn":"Loazzolo","class":"Denominazione di origine controllata","country":"Italy","official":1,"state":null,"altname":null,"gen":15,"latitude":44.671,"ppt_yr":613,"ppt_gs":365,"GDD_1":1836,"elev":null,"GI_area":null,"auv":null,"climate":null,"style":null,"_bbox":[8.222743999969055,44.6227380003079,8.292366000076761,44.69682499971811]},"geometry":{"type":"Point","coordinates":[8.26136,44.67115]},"tippecanoe":{"minzoom":7}}
,
{"type":"Feature","properties":{"_area":151291534,"OBJECTID":691,"Name_rgn":"Nettuno","class":"Denominazione di origine controllata","country":"Italy","official":1,"state":null,"altname":null,"gen":15,"latitude":41.4867,"ppt_yr":810,"ppt_gs":337,"GDD_1":2339,"elev":null,"GI_area":null,"auv":null,"climate":null,"style":null,"_bbox":[12.552434999859292,41.40754800032974,12.778062000315499,41.54460000005714]},"geometry":{"type":"Point","coordinates":[12.64987,41.48571]},"tippecanoe":{"minzoom":6}}
,
{"type":"Feature","properties":{"_area":54567453,"OBJECTID":692,"Name_rgn":"Costa d’Amalfi Tramonti","class":"Denominazione di origine controllata","country":"Italy","official":1,"state":null,"altname":"Tramonti","gen":15,"latitude":40.6798,"ppt_yr":910,"ppt_gs":406,"GDD_1":2053,"elev":null,"GI_area":null,"auv":null,"climate":null,"style":null,"_bbox":[14.59029499978758,40.63277600023924,14.703733999642985,40.72240200020814]},"geometry":{"type":"Point","coordinates":[14.63861,40.68809]},"tippecanoe":{"minzoom":6}}
,
{"type":"Feature","properties":{"_area":28741792,"OBJECTID":693,"Name_rgn":"Costa d’Amalfi Ravello","class":"Denominazione di origine controllata","country":"Italy","official":1,"state":null,"altname":"Ravello","gen":15,"latitude":40.6637,"ppt_yr":882,"ppt_gs":400,"GDD_1":1705,"elev":null,"GI_area":null,"auv":null,"climate":null,"style":null,"_bbox":[14.555220000143105,40.6343260001366,14.63477600005729,40.69032099982678]},"geometry":{"type":"Point","coordinates":[14.60334,40.6632]},"tippecanoe":{"minzoom":7}}
,
{"type":"Feature","properties":{"_area":93660912,"OBJECTID":694,"Name_rgn":"Calosso","class":"Denominazione di origine controllata","country":"Italy","official":1,"state":null,"altname":null,"gen":15,"latitude":44.7686,"ppt_yr":546,"ppt_gs":332,"GDD_1":1947,"elev":null,"GI_area":null,"auv":null,"climate":null,"style":null,"_bbox":[8.095103000187745,44.723018000174605,8.261484000208613,44.82868299972724]},"geometry":{"type":"Point","coordinates":[8.15743,44.77709]},"tippecanoe":{"minzoom":6}}
,
{"type":"Feature","properties":{"_area":37446676,"OBJECTID":695,"Name_rgn":"Fara","class":"Denominazione di origine controllata","country":"Italy","official":1,"state":null,"altname":null,"gen":15,"latitude":45.5332,"ppt_yr":891,"ppt_gs":580,"GDD_1":1820,"elev":null,"GI_area":null,"auv":null,"climate":null,"style":null,"_bbox":[8.448681999871592,45.49960400003587,8.561959000243561,45.565360999794805]},"geometry":{"type":"Point","coordinates":[8.49132,45.53916]},"tippecanoe":{"minzoom":6}}
,
{"type":"Feature","properties":{"_area":146102723,"OBJECTID":696,"Name_rgn":"Anagni","class":"Indicazione geografica tipica","country":"Italy","official":1,"state":null,"altname":null,"gen":15,"latitude":41.7336,"ppt_yr":1007,"ppt_gs":487,"GDD_1":2077,"elev":null,"GI_area":null,"auv":null,"climate":null,"style":null,"_bbox":[13.06256600023779,41.671290000012675,13.246153999557277,41.79240299977342]},"geometry":{"type":"Point","coordinates":[13.13637,41.72995]},"tippecanoe":{"minzoom":6}}
,
{"type":"Feature","properties":{"_area":26775727,"OBJECTID":697,"Name_rgn":"Dolcetto di Diano d'Alba","class":"Denominazione di origine controllata e garantita","country":"Italy","official":1,"state":null,"altname":"Diano d'Alba","gen":15,"latitude":44.6485,"ppt_yr":556,"ppt_gs":340,"GDD_1":1931,"elev":null,"GI_area":null,"auv":null,"climate":null,"style":null,"_bbox":[7.978914000329471,44.62811899971472,8.081039000354078,44.674138000079]},"geometry":{"type":"Point","coordinates":[8.03428,44.65041]},"tippecanoe":{"minzoom":7}}
,
{"type":"Feature","properties":{"_area":177794451,"OBJECTID":698,"Name_rgn":"Contessa Entellina","class":"Denominazione di origine controllata","country":"Italy","official":1,"state":null,"altname":null,"gen":15,"latitude":37.7371,"ppt_yr":519,"ppt_gs":210,"GDD_1":2406,"elev":null,"GI_area":null,"auv":null,"climate":null,"style":null,"_bbox":[13.011928000011336,37.687315999868424,13.236927999755446,37.794536000138564]},"geometry":{"type":"Point","coordinates":[13.1204,37.74134]},"tippecanoe":{"minzoom":6}}
,
{"type":"Feature","properties":{"_area":12023540,"OBJECTID":699,"Name_rgn":"Sizzano","class":"Denominazione di origine controllata","country":"Italy","official":1,"state":null,"altname":null,"gen":15,"latitude":45.5772,"ppt_yr":905,"ppt_gs":599,"GDD_1":1783,"elev":null,"GI_area":null,"auv":null,"climate":null,"style":null,"_bbox":[8.410216999991611,45.55921800018969,8.473853999671725,45.59557199999543]},"geometry":{"type":"Point","coordinates":[8.43691,45.57455]},"tippecanoe":{"minzoom":7}}
,
{"type":"Feature","properties":{"_area":87894955,"OBJECTID":700,"Name_rgn":"Malvasia di Castelnuovo Don Bosco","class":"Denominazione di origine controllata","country":"Italy","official":1,"state":null,"altname":null,"gen":15,"latitude":45.0561,"ppt_yr":649,"ppt_gs":452,"GDD_1":1831,"elev":null,"GI_area":null,"auv":null,"climate":null,"style":null,"_bbox":[7.891664000075376,44.99631200027458,8.040654999601253,45.10109299982084]},"geometry":{"type":"Point","coordinates":[7.98539,45.04993]},"tippecanoe":{"minzoom":6}}
,
{"type":"Feature","properties":{"_area":79110403,"OBJECTID":701,"Name_rgn":"Sannio Guardia Sanframondi","class":"Indicazione geografica tipica","country":"Italy","official":1,"state":null,"altname":"Guardiolo","gen":15,"latitude":41.2457,"ppt_yr":753,"ppt_gs":355,"GDD_1":1934,"elev":null,"GI_area":null,"auv":null,"climate":null,"style":null,"_bbox":[14.522124999674183,41.207382999808495,14.662144999666332,41.30042599969214]},"geometry":{"type":"Point","coordinates":[14.6188,41.25027]},"tippecanoe":{"minzoom":6}}
,
{"type":"Feature","properties":{"_area":189583307,"OBJECTID":702,"Name_rgn":"Grottino di Roccanova","class":"Denominazione di origine controllata","country":"Italy","official":1,"state":null,"altname":null,"gen":15,"latitude":40.2406,"ppt_yr":741,"ppt_gs":331,"GDD_1":2085,"elev":null,"GI_area":null,"auv":null,"climate":null,"style":null,"_bbox":[16.143110999647014,40.180161000042744,16.37572299971525,40.31051299997398]},"geometry":{"type":"Point","coordinates":[16.24953,40.23261]},"tippecanoe":{"minzoom":6}}
,
{"type":"Feature","properties":{"_area":77287743,"OBJECTID":703,"Name_rgn":"Greco di Tufo","class":"Denominazione di origine controllata e garantita","country":"Italy","official":1,"state":null,"altname":null,"gen":15,"latitude":41.0144,"ppt_yr":794,"ppt_gs":364,"GDD_1":2083,"elev":null,"GI_area":null,"auv":null,"climate":null,"style":null,"_bbox":[14.757885000128548,40.96971899982287,14.889106000116117,41.060330000156725]},"geometry":{"type":"Point","coordinates":[14.81664,41.01573]},"tippecanoe":{"minzoom":6}}
,
{"type":"Feature","properties":{"_area":21397584,"OBJECTID":704,"Name_rgn":"Costa d’Amalfi Furore","class":"Denominazione di origine controllata","country":"Italy","official":1,"state":null,"altname":"Furore","gen":15,"latitude":40.626,"ppt_yr":925,"ppt_gs":412,"GDD_1":1608,"elev":null,"GI_area":null,"auv":null,"climate":null,"style":null,"_bbox":[14.510912000125746,40.60686099967369,14.607941000375645,40.64831899976007]},"geometry":{"type":"Point","coordinates":[14.56727,40.62694]},"tippecanoe":{"minzoom":7}}
,
{"type":"Feature","properties":{"_area":57178292,"OBJECTID":706,"Name_rgn":"Epomeo","class":"Indicazione geografica tipica","country":"Italy","official":1,"state":"Campania","altname":null,"gen":15,"latitude":40.7257,"ppt_yr":849,"ppt_gs":373,"GDD_1":2329,"elev":null,"GI_area":null,"auv":null,"climate":null,"style":null,"_bbox":[13.851068999797898,40.69204900012082,13.967028000400688,40.76158000019945]},"geometry":{"type":"Point","coordinates":[13.8929,40.72518]},"tippecanoe":{"minzoom":6}}
,
{"type":"Feature","properties":{"_area":48524629,"OBJECTID":707,"Name_rgn":"Torgiano Rosso Riserva","class":"Denominazione di origine controllata e garantita","country":"Italy","official":1,"state":"Umbria","altname":null,"gen":15,"latitude":43.0414,"ppt_yr":666,"ppt_gs":368,"GDD_1":2029,"elev":null,"GI_area":null,"auv":null,"climate":null,"style":null,"_bbox":[12.406526065275987,42.9954352831305,12.498831983375135,43.09072635471632]},"geometry":{"type":"Point","coordinates":[12.44727,43.03906]},"tippecanoe":{"minzoom":6}}
,
{"type":"Feature","properties":{"_area":100981018,"OBJECTID":708,"Name_rgn":"Camarro","class":"Indicazione geografica tipica","country":"Italy","official":1,"state":"Trapani","altname":null,"gen":15,"latitude":37.7213,"ppt_yr":514,"ppt_gs":206,"GDD_1":2418,"elev":null,"GI_area":null,"auv":null,"climate":null,"style":null,"_bbox":[12.828354999862153,37.66808499998981,12.961139999997046,37.76806200029074]},"geometry":{"type":"Point","coordinates":[12.89123,37.71925]},"tippecanoe":{"minzoom":6}}
,
{"type":"Feature","properties":{"_area":48893263,"OBJECTID":709,"Name_rgn":"Civitella D'Agliano","class":"Indicazione geografica tipica","country":"Italy","official":1,"state":"Viterbo","altname":null,"gen":15,"latitude":42.61,"ppt_yr":406,"ppt_gs":213,"GDD_1":2076,"elev":null,"GI_area":null,"auv":null,"climate":null,"style":null,"_bbox":[12.149914000340775,42.574599000125104,12.24757500042735,42.64994299999943]},"geometry":{"type":"Point","coordinates":[12.19171,42.61168]},"tippecanoe":{"minzoom":6}}
,
{"type":"Feature","properties":{"_area":53436776,"OBJECTID":710,"Name_rgn":"Fontanarossa di Cerda","class":"Indicazione geografica tipica","country":"Italy","official":1,"state":"Palermo","altname":null,"gen":15,"latitude":37.8939,"ppt_yr":497,"ppt_gs":206,"GDD_1":2459,"elev":null,"GI_area":null,"auv":null,"climate":null,"style":null,"_bbox":[13.759898999578915,37.85915900016619,13.86826599994909,37.94239500010524]},"geometry":{"type":"Point","coordinates":[13.82948,37.89623]},"tippecanoe":{"minzoom":6}}
,
{"type":"Feature","properties":{"_area":1763292978,"OBJECTID":711,"Name_rgn":"Salina","class":"Indicazione geografica tipica","country":"Italy","official":1,"state":"Messina","altname":null,"gen":15,"latitude":38.5352,"ppt_yr":621,"ppt_gs":254,"GDD_1":2501,"elev":null,"GI_area":null,"auv":null,"climate":null,"style":null,"_bbox":[14.33906399971111,38.36643399974625,15.24325899991031,38.81214499983642]},"geometry":{"type":"Point","coordinates":[14.91884,38.55273]},"tippecanoe":{"minzoom":5}}
,
{"type":"Feature","properties":{"_area":84482306,"OBJECTID":712,"Name_rgn":"Scilla","class":"Indicazione geografica tipica","country":"Italy","official":1,"state":"Reggio Di Calabria","altname":null,"gen":15,"latitude":38.2313,"ppt_yr":801,"ppt_gs":333,"GDD_1":1859,"elev":null,"GI_area":null,"auv":null,"climate":null,"style":null,"_bbox":[15.685743000232177,38.156494000008976,15.877614000070489,38.26780699993628]},"geometry":{"type":"Point","coordinates":[15.78879,38.22998]},"tippecanoe":{"minzoom":6}}
,
{"type":"Feature","properties":{"_area":218660153,"OBJECTID":713,"Name_rgn":"Salemi","class":"Indicazione geografica tipica","country":"Italy","official":1,"state":"Trapani","altname":null,"gen":15,"latitude":37.8224,"ppt_yr":521,"ppt_gs":209,"GDD_1":2452,"elev":null,"GI_area":null,"auv":null,"climate":null,"style":null,"_bbox":[12.66592399994337,37.739168999713314,12.881364999799704,37.90065300002843]},"geometry":{"type":"Point","coordinates":[12.7536,37.81928]},"tippecanoe":{"minzoom":6}}
,
{"type":"Feature","properties":{"_area":19817011,"OBJECTID":714,"Name_rgn":"Dugenta","class":"Indicazione geografica tipica","country":"Italy","official":1,"state":"Benevento","altname":null,"gen":15,"latitude":41.1387,"ppt_yr":848,"ppt_gs":388,"GDD_1":2303,"elev":null,"GI_area":null,"auv":null,"climate":null,"style":null,"_bbox":[14.423110000400884,41.11625599988132,14.493951999801016,41.15691899975734]},"geometry":{"type":"Point","coordinates":[14.45853,41.13659]},"tippecanoe":{"minzoom":7}}
,
{"type":"Feature","properties":{"_area":21828245,"OBJECTID":715,"Name_rgn":"Teliani","class":"Microzone","country":"Georgia","official":1,"state":null,"altname":"თელიანი","gen":15,"latitude":41.9044,"ppt_yr":739,"ppt_gs":540,"GDD_1":2070,"elev":null,"GI_area":null,"auv":null,"climate":null,"style":null,"_bbox":[45.58465362749055,41.882323912249774,45.68644705395388,41.92685120143161]},"geometry":{"type":"Point","coordinates":[45.63336,41.90041]},"tippecanoe":{"minzoom":7}}
,
{"type":"Feature","properties":{"_area":4038451,"OBJECTID":716,"Name_rgn":"Akhoebi","class":"Microzone","country":"Georgia","official":1,"state":null,"altname":"ახოები","gen":15,"latitude":41.6822,"ppt_yr":728,"ppt_gs":520,"GDD_1":2103,"elev":null,"GI_area":null,"auv":null,"climate":null,"style":null,"_bbox":[45.86432720017888,41.66782894076351,45.89052838542698,41.6943423718587]},"geometry":{"type":"Point","coordinates":[45.87866,41.68052]},"tippecanoe":{"minzoom":7}}
,
{"type":"Feature","properties":{"_area":85848423,"OBJECTID":717,"Name_rgn":"Akhasheni","class":"Microzone","country":"Georgia","official":1,"state":null,"altname":"ახაშენი","gen":15,"latitude":41.7967,"ppt_yr":737,"ppt_gs":526,"GDD_1":2072,"elev":null,"GI_area":null,"auv":null,"climate":null,"style":null,"_bbox":[45.70177765138871,41.749848457653734,45.899320796288976,41.835662010448615]},"geometry":{"type":"Point","coordinates":[45.77351,41.7827]},"tippecanoe":{"minzoom":6}}
,
{"type":"Feature","properties":{"_area":11399366,"OBJECTID":718,"Name_rgn":"Tsarapi","class":"Microzone","country":"Georgia","official":1,"state":null,"altname":"წარაფი","gen":15,"latitude":41.6767,"ppt_yr":723,"ppt_gs":518,"GDD_1":2103,"elev":null,"GI_area":null,"auv":null,"climate":null,"style":null,"_bbox":[45.87810032372693,41.6555345521621,45.92016544966874,41.70083360560574]},"geometry":{"type":"Point","coordinates":[45.89848,41.67591]},"tippecanoe":{"minzoom":7}}
,
{"type":"Feature","properties":{"_area":29595086,"OBJECTID":719,"Name_rgn":"Kotekhi","class":"Microzone","country":"Georgia","official":1,"state":null,"altname":"კოტეხი","gen":15,"latitude":41.7553,"ppt_yr":738,"ppt_gs":531,"GDD_1":2069,"elev":null,"GI_area":null,"auv":null,"climate":null,"style":null,"_bbox":[45.75709662703363,41.72562616386461,45.85282922358127,41.7817483727736]},"geometry":{"type":"Point","coordinates":[45.81103,41.75325]},"tippecanoe":{"minzoom":7}}
,
{"type":"Feature","properties":{"_area":57494656,"OBJECTID":720,"Name_rgn":"Vazisubani","class":"Microzone","country":"Georgia","official":1,"state":null,"altname":"ვაზისუბანი","gen":15,"latitude":41.8403,"ppt_yr":740,"ppt_gs":540,"GDD_1":2010,"elev":null,"GI_area":null,"auv":null,"climate":null,"style":null,"_bbox":[45.6383906896831,41.802990244624205,45.769386722777426,41.87968863832447]},"geometry":{"type":"Point","coordinates":[45.69412,41.83475]},"tippecanoe":{"minzoom":6}}
,
{"type":"Feature","properties":{"_area":25756783,"OBJECTID":721,"Name_rgn":"Bijelo Polje","class":"Subregion","country":"Montenegro","official":1,"state":null,"altname":null,"gen":15,"latitude":43.0749,"ppt_yr":1036,"ppt_gs":587,"GDD_1":1326,"elev":null,"GI_area":null,"auv":null,"climate":null,"style":null,"_bbox":[19.75908127252149,43.03776084570319,19.81298267520703,43.11989670927404]},"geometry":{"type":"Point","coordinates":[19.78393,43.08787]},"tippecanoe":{"minzoom":7}}
,
{"type":"Feature","properties":{"_area":11015083,"OBJECTID":722,"Name_rgn":"Dragaljsko Polje","class":"Subregion","country":"Montenegro","official":1,"state":null,"altname":null,"gen":15,"latitude":42.6003,"ppt_yr":1313,"ppt_gs":620,"GDD_1":1447,"elev":null,"GI_area":null,"auv":null,"climate":null,"style":null,"_bbox":[18.669740298754412,42.57262073196892,18.702995999742793,42.62789776673218]},"geometry":{"type":"Point","coordinates":[18.68481,42.6012]},"tippecanoe":{"minzoom":7}}
,
{"type":"Feature","properties":{"_area":95749055,"OBJECTID":723,"Name_rgn":"Nikšić","class":"Subregion","country":"Montenegro","official":1,"state":null,"altname":null,"gen":15,"latitude":42.7935,"ppt_yr":1327,"ppt_gs":651,"GDD_1":1496,"elev":null,"GI_area":null,"auv":null,"climate":null,"style":null,"_bbox":[18.8568512965821,42.742319189901075,19.003881809238642,42.859111413389314]},"geometry":{"type":"Point","coordinates":[18.9303,42.79752]},"tippecanoe":{"minzoom":6}}
,
{"type":"Feature","properties":{"_area":2812968,"OBJECTID":724,"Name_rgn":"Šćepan Polje","class":"Subregion","country":"Montenegro","official":1,"state":null,"altname":null,"gen":15,"latitude":43.3469,"ppt_yr":1227,"ppt_gs":680,"GDD_1":1496,"elev":null,"GI_area":null,"auv":null,"climate":null,"style":null,"_bbox":[18.839314472742114,43.335797685683495,18.873162406047832,43.35402288075737]},"geometry":{"type":"Point","coordinates":[18.85241,43.34434]},"tippecanoe":{"minzoom":8}}
,
{"type":"Feature","properties":{"_area":108561670,"OBJECTID":725,"Name_rgn":"Kuči","class":"Subregion","country":"Montenegro","official":1,"state":null,"altname":null,"gen":15,"latitude":42.4778,"ppt_yr":1416,"ppt_gs":669,"GDD_1":1903,"elev":null,"GI_area":null,"auv":null,"climate":null,"style":null,"_bbox":[19.316177573010684,42.419306059316085,19.45323318556583,42.54628568098295]},"geometry":{"type":"Point","coordinates":[19.39504,42.47635]},"tippecanoe":{"minzoom":6}}
,
{"type":"Feature","properties":{"_area":867014614,"OBJECTID":726,"Name_rgn":"Jadransko zaleđe","class":"Subregion","country":"Montenegro","official":1,"state":null,"altname":null,"gen":15,"latitude":42.3637,"ppt_yr":1440,"ppt_gs":643,"GDD_1":1447,"elev":null,"GI_area":null,"auv":null,"climate":null,"style":null,"_bbox":[18.464527666741727,42.0356523221582,19.210667681469666,42.544846223634416]},"geometry":{"type":"Point","coordinates":[18.67984,42.45584]},"tippecanoe":{"minzoom":5}}
,
{"type":"Feature","properties":{"_area":49947181,"OBJECTID":727,"Name_rgn":"Bolyarovo","class":"Гарантирано наименование запроизход","country":"Bulgaria","official":1,"state":null,"altname":"Болярово","gen":16,"latitude":42.1544,"ppt_yr":616,"ppt_gs":334,"GDD_1":1966,"elev":null,"GI_area":null,"auv":null,"climate":null,"style":null,"_bbox":[26.749850719582422,42.1167276430809,26.856957539017507,42.19256844957029]},"geometry":{"type":"Point","coordinates":[26.82036,42.15287]},"tippecanoe":{"minzoom":6}}
,
{"type":"Feature","properties":{"_area":28589044,"OBJECTID":728,"Name_rgn":"Brestnik","class":"Гарантирано и контролиранонаименование за произход","country":"Bulgaria","official":1,"state":null,"altname":"Брестник","gen":16,"latitude":42.0763,"ppt_yr":551,"ppt_gs":326,"GDD_1":2060,"elev":null,"GI_area":null,"auv":null,"climate":null,"style":null,"_bbox":[24.73873806622193,42.03492325661098,24.810274993342716,42.125097792193486]},"geometry":{"type":"Point","coordinates":[24.78289,42.0869]},"tippecanoe":{"minzoom":7}}
,
{"type":"Feature","properties":{"_area":1078224624,"OBJECTID":729,"Name_rgn":"Dragoevo","class":"Гарантирано наименование запроизход","country":"Bulgaria","official":1,"state":null,"altname":"Драгоево","gen":16,"latitude":43.215,"ppt_yr":601,"ppt_gs":366,"GDD_1":1794,"elev":null,"GI_area":null,"auv":null,"climate":null,"style":null,"_bbox":[26.702086578171908,43.06026810917383,27.271567437707336,43.483424615537444]},"geometry":{"type":"Point","coordinates":[26.91408,43.18879]},"tippecanoe":{"minzoom":5}}
,
{"type":"Feature","properties":{"_area":455364464,"OBJECTID":730,"Name_rgn":"Evksinograd","class":"Гарантирано и контролиранонаименование за произход","country":"Bulgaria","official":1,"state":null,"altname":"Евксиноград","gen":16,"latitude":43.2058,"ppt_yr":539,"ppt_gs":309,"GDD_1":1777,"elev":null,"GI_area":null,"auv":null,"climate":null,"style":null,"_bbox":[27.663447175829837,43.10026478894788,28.048348964318702,43.30418557798131]},"geometry":{"type":"Point","coordinates":[27.87772,43.19984]},"tippecanoe":{"minzoom":5}}
,
{"type":"Feature","properties":{"_area":1095000657,"OBJECTID":731,"Name_rgn":"Karlovo","class":"Гарантирано и контролиранонаименование за произход","country":"Bulgaria","official":1,"state":null,"altname":"Карлово","gen":16,"latitude":42.5097,"ppt_yr":638,"ppt_gs":411,"GDD_1":1585,"elev":null,"GI_area":null,"auv":null,"climate":null,"style":null,"_bbox":[24.428035567014227,42.31201557955165,24.94531318470415,42.668400059252015]},"geometry":{"type":"Point","coordinates":[24.66539,42.50761]},"tippecanoe":{"minzoom":5}}
,
{"type":"Feature","properties":{"_area":907079358,"OBJECTID":732,"Name_rgn":"Karnobat","class":"Гарантирано наименование запроизход","country":"Bulgaria","official":1,"state":null,"altname":"Карнобат","gen":16,"latitude":42.6108,"ppt_yr":619,"ppt_gs":362,"GDD_1":1889,"elev":null,"GI_area":null,"auv":null,"climate":null,"style":null,"_bbox":[26.67382452471135,42.4311134027207,27.143559460861102,42.76085190455172]},"geometry":{"type":"Point","coordinates":[26.96492,42.60371]},"tippecanoe":{"minzoom":5}}
,
{"type":"Feature","properties":{"_area":2030396001,"OBJECTID":733,"Name_rgn":"Lyubimets","class":"Гарантирано наименование запроизход","country":"Bulgaria","official":1,"state":null,"altname":"Любимец","gen":16,"latitude":41.8791,"ppt_yr":620,"ppt_gs":334,"GDD_1":2031,"elev":null,"GI_area":null,"auv":null,"climate":null,"style":null,"_bbox":[25.740400017829963,41.72484276272649,26.513111141345043,42.1052607390898]},"geometry":{"type":"Point","coordinates":[26.01011,41.8831]},"tippecanoe":{"minzoom":5}}
,
{"type":"Feature","properties":{"_area":55354156,"OBJECTID":736,"Name_rgn":"Novi Pazar","class":"Гарантирано и контролиранонаименование за произход","country":"Bulgaria","official":1,"state":null,"altname":"Нови Пазар","gen":16,"latitude":43.4526,"ppt_yr":590,"ppt_gs":364,"GDD_1":1705,"elev":null,"GI_area":null,"auv":null,"climate":null,"style":null,"_bbox":[27.077886912883148,43.3980284405462,27.166815389194486,43.49439307436885]},"geometry":{"type":"Point","coordinates":[27.12166,43.4543]},"tippecanoe":{"minzoom":6}}
,
{"type":"Feature","properties":{"_area":115042444,"OBJECTID":737,"Name_rgn":"Novo selo","class":"Гарантирано и контролиранонаименование за произход","country":"Bulgaria","official":1,"state":null,"altname":"Ново село","gen":16,"latitude":44.1287,"ppt_yr":617,"ppt_gs":376,"GDD_1":1986,"elev":null,"GI_area":null,"auv":null,"climate":null,"style":null,"_bbox":[22.708504687597326,44.06898803020178,22.900145647756016,44.188071132219264]},"geometry":{"type":"Point","coordinates":[22.76991,44.13783]},"tippecanoe":{"minzoom":6}}
,
{"type":"Feature","properties":{"_area":160024579,"OBJECTID":738,"Name_rgn":"Oryahovitsa","class":"Гарантирано и контролиранонаименование за произход","country":"Bulgaria","official":1,"state":null,"altname":"Оряховица","gen":16,"latitude":42.4946,"ppt_yr":638,"ppt_gs":385,"GDD_1":1760,"elev":null,"GI_area":null,"auv":null,"climate":null,"style":null,"_bbox":[25.72479171880145,42.4210915559852,25.914383222945105,42.56126169661484]},"geometry":{"type":"Point","coordinates":[25.80473,42.49665]},"tippecanoe":{"minzoom":6}}
,
{"type":"Feature","properties":{"_area":72011865,"OBJECTID":739,"Name_rgn":"Perushtitsa","class":"Гарантирано и контролиранонаименование за произход","country":"Bulgaria","official":1,"state":null,"altname":"Перущица","gen":16,"latitude":42.0809,"ppt_yr":582,"ppt_gs":348,"GDD_1":2038,"elev":null,"GI_area":null,"auv":null,"climate":null,"style":null,"_bbox":[24.562530218339965,42.01204956514852,24.668383115402563,42.126142138317654]},"geometry":{"type":"Point","coordinates":[24.60719,42.08648]},"tippecanoe":{"minzoom":6}}
,
{"type":"Feature","properties":{"_area":1392968488,"OBJECTID":740,"Name_rgn":"Pomorie","class":"Гарантирано и контролиранонаименование за произход","country":"Bulgaria","official":1,"state":null,"altname":"Поморие","gen":16,"latitude":42.6978,"ppt_yr":589,"ppt_gs":339,"GDD_1":1844,"elev":null,"GI_area":null,"auv":null,"climate":null,"style":null,"_bbox":[27.10082879288819,42.49904480606545,27.744778122777962,42.845441844759506]},"geometry":{"type":"Point","coordinates":[27.48985,42.69051]},"tippecanoe":{"minzoom":5}}
,
{"type":"Feature","properties":{"_area":340044002,"OBJECTID":741,"Name_rgn":"Sakar","class":"Гарантирано и контролиранонаименование за произход","country":"Bulgaria","official":1,"state":null,"altname":"Сакар","gen":16,"latitude":41.7899,"ppt_yr":619,"ppt_gs":326,"GDD_1":2122,"elev":null,"GI_area":null,"auv":null,"climate":null,"style":null,"_bbox":[26.02420987875242,41.70810853321489,26.33508037818963,41.89018840649591]},"geometry":{"type":"Point","coordinates":[26.20558,41.80555]},"tippecanoe":{"minzoom":6}}
,
{"type":"Feature","properties":{"_area":166425814,"OBJECTID":742,"Name_rgn":"Sandanski","class":"Гарантирано наименование запроизход","country":"Bulgaria","official":1,"state":null,"altname":"Сандански","gen":16,"latitude":41.4505,"ppt_yr":493,"ppt_gs":284,"GDD_1":2008,"elev":null,"GI_area":null,"auv":null,"climate":null,"style":null,"_bbox":[23.243475664158762,41.39843648553422,23.522543164186136,41.49871622549872]},"geometry":{"type":"Point","coordinates":[23.32887,41.45406]},"tippecanoe":{"minzoom":6}}
,
{"type":"Feature","properties":{"_area":669081760,"OBJECTID":743,"Name_rgn":"Targovishte","class":"Гарантирано наименование запроизход","country":"Bulgaria","official":1,"state":null,"altname":"Търговище","gen":16,"latitude":43.2272,"ppt_yr":621,"ppt_gs":385,"GDD_1":1798,"elev":null,"GI_area":null,"auv":null,"climate":null,"style":null,"_bbox":[26.38760282738821,43.11250047890523,26.769722413067882,43.392580510978426]},"geometry":{"type":"Point","coordinates":[26.57469,43.25363]},"tippecanoe":{"minzoom":5}}
,
{"type":"Feature","properties":{"_area":24770731,"OBJECTID":744,"Name_rgn":"Harsovo","class":"Гарантирано и контролиранонаименование за произход","country":"Bulgaria","official":1,"state":null,"altname":"Хърсово","gen":16,"latitude":41.4762,"ppt_yr":508,"ppt_gs":293,"GDD_1":2008,"elev":null,"GI_area":null,"auv":null,"climate":null,"style":null,"_bbox":[23.360489274328703,41.43106424827068,23.405578227433256,41.51531988812834]},"geometry":{"type":"Point","coordinates":[23.38233,41.47545]},"tippecanoe":{"minzoom":7}}
,
{"type":"Feature","properties":{"_area":168165310,"OBJECTID":745,"Name_rgn":"Shivachevo","class":"Гарантирано наименование запроизход","country":"Bulgaria","official":1,"state":null,"altname":"Шивачево","gen":16,"latitude":42.6844,"ppt_yr":675,"ppt_gs":413,"GDD_1":1518,"elev":null,"GI_area":null,"auv":null,"climate":null,"style":null,"_bbox":[25.936227631167526,42.61463129632507,26.10319934804786,42.75134847655152]},"geometry":{"type":"Point","coordinates":[26.00619,42.68246]},"tippecanoe":{"minzoom":6}}
,
{"type":"Feature","properties":{"_area":1382942300,"OBJECTID":746,"Name_rgn":"Shumen","class":"Гарантирано наименование запроизход","country":"Bulgaria","official":1,"state":null,"altname":"Шумен","gen":16,"latitude":43.2293,"ppt_yr":601,"ppt_gs":366,"GDD_1":1745,"elev":null,"GI_area":null,"auv":null,"climate":null,"style":null,"_bbox":[26.702086578171908,43.06026810917383,27.29351441287395,43.49439307436885]},"geometry":{"type":"Point","coordinates":[27.0722,43.2591]},"tippecanoe":{"minzoom":5}}
,
{"type":"Feature","properties":{"_area":1618428833,"OBJECTID":747,"Name_rgn":"Melnik","class":"Гарантирано и контролиранонаименование за произход","country":"Bulgaria","official":1,"state":null,"altname":"Мелник","gen":16,"latitude":41.5299,"ppt_yr":529,"ppt_gs":312,"GDD_1":1805,"elev":null,"GI_area":null,"auv":null,"climate":null,"style":null,"_bbox":[23.03382321844879,41.318826242139544,23.5666127585136,41.761807407752634]},"geometry":{"type":"Point","coordinates":[23.28689,41.54854]},"tippecanoe":{"minzoom":5}}
,
{"type":"Feature","properties":{"_area":10423419,"OBJECTID":748,"Name_rgn":"Dingač","class":"Zaštićena oznaka izvornosti","country":"Croatia","official":1,"state":"Dubrovnik-Neretva","altname":null,"gen":17,"latitude":42.9295,"ppt_yr":921,"ppt_gs":412,"GDD_1":2248,"elev":null,"GI_area":null,"auv":null,"climate":null,"style":null,"_bbox":[17.30333333339672,42.911512795035875,17.391661124243864,42.95083333346853]},"geometry":{"type":"Point","coordinates":[17.35371,42.92503]},"tippecanoe":{"minzoom":7}}
,
{"type":"Feature","properties":{"_area":106456073,"OBJECTID":749,"Name_rgn":"Aleatico di Gradoli","class":"Denominazione di origine controllata","country":"Italy","official":1,"state":"Lazio","altname":null,"gen":18,"latitude":42.659,"ppt_yr":410,"ppt_gs":211,"GDD_1":1844,"elev":null,"GI_area":null,"auv":null,"climate":null,"style":null,"_bbox":[11.78114271413147,42.59239043962456,11.948764190541668,42.70738047540249]},"geometry":{"type":"Point","coordinates":[11.86514,42.65932]},"tippecanoe":{"minzoom":6}}
,
{"type":"Feature","properties":{"_area":152845901,"OBJECTID":750,"Name_rgn":"Alezio","class":"Denominazione di origine controllata","country":"Italy","official":1,"state":"Puglia","altname":null,"gen":18,"latitude":40.0571,"ppt_yr":538,"ppt_gs":222,"GDD_1":2490,"elev":null,"GI_area":null,"auv":null,"climate":null,"style":null,"_bbox":[17.944683758117808,39.97057912817508,18.11627148695021,40.121766019785916]},"geometry":{"type":"Point","coordinates":[18.03032,40.05267]},"tippecanoe":{"minzoom":6}}
,
{"type":"Feature","properties":{"_area":114654179,"OBJECTID":751,"Name_rgn":"Arghillà","class":"Indicazione geografica tipica","country":"Italy","official":1,"state":"Calabria","altname":null,"gen":18,"latitude":38.1857,"ppt_yr":813,"ppt_gs":333,"GDD_1":2553,"elev":null,"GI_area":null,"auv":null,"climate":null,"style":null,"_bbox":[15.629687267713694,38.134647612678904,15.769757100847926,38.24827121151462]},"geometry":{"type":"Point","coordinates":[15.68961,38.18746]},"tippecanoe":{"minzoom":6}}
,
{"type":"Feature","properties":{"_area":54660255,"OBJECTID":752,"Name_rgn":"Barbaresco","class":"Denominazione di origine controllata e garantita","country":"Italy","official":1,"state":"Piemonte","altname":null,"gen":18,"latitude":44.7161,"ppt_yr":534,"ppt_gs":323,"GDD_1":1964,"elev":null,"GI_area":null,"auv":null,"climate":null,"style":null,"_bbox":[8.056958521896096,44.658084457039955,8.152974162318392,44.75696278982907]},"geometry":{"type":"Point","coordinates":[8.10197,44.71509]},"tippecanoe":{"minzoom":6}}
,
{"type":"Feature","properties":{"_area":81051114,"OBJECTID":753,"Name_rgn":"Barolo","class":"Denominazione di origine controllata e garantita","country":"Italy","official":1,"state":"Piemonte","altname":null,"gen":18,"latitude":44.6236,"ppt_yr":568,"ppt_gs":351,"GDD_1":1925,"elev":null,"GI_area":null,"auv":null,"climate":null,"style":null,"_bbox":[7.896566888115116,44.57250793839956,8.0118199189058,44.67678064551161]},"geometry":{"type":"Point","coordinates":[7.95237,44.62261]},"tippecanoe":{"minzoom":6}}
,
{"type":"Feature","properties":{"_area":107007050,"OBJECTID":754,"Name_rgn":"Bianco Capena","class":"Denominazione di origine controllata","country":"Italy","official":1,"state":"Lazio","altname":null,"gen":18,"latitude":42.132,"ppt_yr":496,"ppt_gs":238,"GDD_1":2211,"elev":null,"GI_area":null,"auv":null,"climate":null,"style":null,"_bbox":[12.453898691241328,42.086375739912185,12.628883338235212,42.17898715419495]},"geometry":{"type":"Point","coordinates":[12.54868,42.1334]},"tippecanoe":{"minzoom":6}}
,
{"type":"Feature","properties":{"_area":50737552,"OBJECTID":755,"Name_rgn":"Boca","class":"Denominazione di origine controllata","country":"Italy","official":1,"state":"Piemonte","altname":null,"gen":18,"latitude":45.687,"ppt_yr":956,"ppt_gs":648,"GDD_1":1534,"elev":null,"GI_area":null,"auv":null,"climate":null,"style":null,"_bbox":[8.310561928620517,45.655268744813355,8.443149753940402,45.721220249597295]},"geometry":{"type":"Point","coordinates":[8.39249,45.68876]},"tippecanoe":{"minzoom":6}}
,
{"type":"Feature","properties":{"_area":232020403,"OBJECTID":756,"Name_rgn":"Campi Flegrei","class":"Denominazione di origine controllata","country":"Italy","official":1,"state":"Campania","altname":null,"gen":18,"latitude":40.8475,"ppt_yr":894,"ppt_gs":397,"GDD_1":2235,"elev":null,"GI_area":null,"auv":null,"climate":null,"style":null,"_bbox":[13.990168063130447,40.73923055747934,14.221114109656515,40.90346264755136]},"geometry":{"type":"Point","coordinates":[14.12297,40.83867]},"tippecanoe":{"minzoom":6}}
,
{"type":"Feature","properties":{"_area":106460219,"OBJECTID":757,"Name_rgn":"Cannellino di Frascati","class":"Denominazione di origine controllata e garantita","country":"Italy","official":1,"state":"Lazio","altname":null,"gen":18,"latitude":41.8218,"ppt_yr":778,"ppt_gs":348,"GDD_1":2236,"elev":null,"GI_area":null,"auv":null,"climate":null,"style":null,"_bbox":[12.591878228252716,41.75544691364247,12.742414309406012,41.86583537293485]},"geometry":{"type":"Point","coordinates":[12.68502,41.81409]},"tippecanoe":{"minzoom":6}}
,
{"type":"Feature","properties":{"_area":57953429,"OBJECTID":758,"Name_rgn":"Cesanese di Olevano Romano","class":"Denominazione di origine controllata","country":"Italy","official":1,"state":"Lazio","altname":"Olevano","gen":18,"latitude":41.8351,"ppt_yr":897,"ppt_gs":448,"GDD_1":2099,"elev":null,"GI_area":null,"auv":null,"climate":null,"style":null,"_bbox":[12.975936754709641,41.76731893226329,13.071642797955777,41.87531264567905]},"geometry":{"type":"Point","coordinates":[13.01818,41.83798]},"tippecanoe":{"minzoom":6}}
,
{"type":"Feature","properties":{"_area":69210189,"OBJECTID":759,"Name_rgn":"Cinque Terre","class":"Denominazione di origine controllata","country":"Italy","official":1,"state":"Liguria","altname":"Cinque Terre Sciacchetrà","gen":18,"latitude":44.1313,"ppt_yr":1155,"ppt_gs":560,"GDD_1":1715,"elev":null,"GI_area":null,"auv":null,"climate":null,"style":null,"_bbox":[9.628105522782018,44.06387162769845,9.807845992823859,44.185427012466576]},"geometry":{"type":"Point","coordinates":[9.68271,44.14792]},"tippecanoe":{"minzoom":6}}
,
{"type":"Feature","properties":{"_area":190348241,"OBJECTID":760,"Name_rgn":"Cirò","class":"Denominazione di origine controllata","country":"Italy","official":1,"state":"Calabria","altname":null,"gen":18,"latitude":39.3852,"ppt_yr":661,"ppt_gs":249,"GDD_1":2447,"elev":null,"GI_area":null,"auv":null,"climate":null,"style":null,"_bbox":[16.95353812662282,39.30110017952181,17.156870337709137,39.47168343895146]},"geometry":{"type":"Point","coordinates":[17.03017,39.40038]},"tippecanoe":{"minzoom":6}}
,
{"type":"Feature","properties":{"_area":102741308,"OBJECTID":761,"Name_rgn":"Colli Albani","class":"Denominazione di origine controllata","country":"Italy","official":1,"state":"Lazio","altname":null,"gen":18,"latitude":41.701,"ppt_yr":763,"ppt_gs":340,"GDD_1":2261,"elev":null,"GI_area":null,"auv":null,"climate":null,"style":null,"_bbox":[12.566691673050011,41.63908903377752,12.709249995828115,41.76420374894334]},"geometry":{"type":"Point","coordinates":[12.63169,41.69823]},"tippecanoe":{"minzoom":6}}
,
{"type":"Feature","properties":{"_area":71681440,"OBJECTID":762,"Name_rgn":"Colli Lanuvini","class":"Denominazione di origine controllata","country":"Italy","official":1,"state":"Lazio","altname":null,"gen":18,"latitude":41.6525,"ppt_yr":803,"ppt_gs":358,"GDD_1":2267,"elev":null,"GI_area":null,"auv":null,"climate":null,"style":null,"_bbox":[12.651999411455284,41.596333298026025,12.743572321350557,41.714717501005815]},"geometry":{"type":"Point","coordinates":[12.69671,41.65679]},"tippecanoe":{"minzoom":6}}
,
{"type":"Feature","properties":{"_area":64118381,"OBJECTID":763,"Name_rgn":"Colline di Levanto","class":"Denominazione di origine controllata","country":"Italy","official":1,"state":"Liguria","altname":null,"gen":18,"latitude":44.1952,"ppt_yr":1179,"ppt_gs":588,"GDD_1":1927,"elev":null,"GI_area":null,"auv":null,"climate":null,"style":null,"_bbox":[9.511287004233916,44.133521311651,9.65461861387655,44.244129735961394]},"geometry":{"type":"Point","coordinates":[9.61455,44.17889]},"tippecanoe":{"minzoom":6}}
,
{"type":"Feature","properties":{"_area":153379810,"OBJECTID":764,"Name_rgn":"Collio Goriziano","class":"Denominazione di origine controllata","country":"Italy","official":1,"state":"Friuli Venezia Giulia","altname":"Collio","gen":18,"latitude":45.9704,"ppt_yr":1613,"ppt_gs":1020,"GDD_1":1910,"elev":null,"GI_area":null,"auv":null,"climate":null,"style":null,"_bbox":[13.436706542951422,45.90087890639516,13.642883300825954,46.0488891601492]},"geometry":{"type":"Point","coordinates":[13.52863,45.96968]},"tippecanoe":{"minzoom":6}}
,
{"type":"Feature","properties":{"_area":172408971,"OBJECTID":765,"Name_rgn":"Copertino","class":"Denominazione di origine controllata","country":"Italy","official":1,"state":"Puglia","altname":null,"gen":18,"latitude":40.2952,"ppt_yr":541,"ppt_gs":231,"GDD_1":2528,"elev":null,"GI_area":null,"auv":null,"climate":null,"style":null,"_bbox":[17.98400638139612,40.21071221132032,18.14106397998387,40.37358069416503]},"geometry":{"type":"Point","coordinates":[18.06192,40.29967]},"tippecanoe":{"minzoom":6}}
,
{"type":"Feature","properties":{"_area":112185014,"OBJECTID":766,"Name_rgn":"Cori","class":"Denominazione di origine controllata","country":"Italy","official":1,"state":"Lazio","altname":null,"gen":18,"latitude":41.6449,"ppt_yr":851,"ppt_gs":408,"GDD_1":2056,"elev":null,"GI_area":null,"auv":null,"climate":null,"style":null,"_bbox":[12.836556314775612,41.5830846909652,12.987039197697763,41.714810198893005]},"geometry":{"type":"Point","coordinates":[12.90293,41.63814]},"tippecanoe":{"minzoom":6}}
,
{"type":"Feature","properties":{"_area":106460219,"OBJECTID":767,"Name_rgn":"Frascati Superiore","class":"Denominazione di origine controllata e garantita","country":"Italy","official":1,"state":"Lazio","altname":null,"gen":18,"latitude":41.8218,"ppt_yr":778,"ppt_gs":348,"GDD_1":2253,"elev":null,"GI_area":null,"auv":null,"climate":null,"style":null,"_bbox":[12.591878228252716,41.75544691364247,12.742414309406012,41.86583537293485]},"geometry":{"type":"Point","coordinates":[12.68502,41.81409]},"tippecanoe":{"minzoom":6}}
,
{"type":"Feature","properties":{"_area":106460219,"OBJECTID":768,"Name_rgn":"Frascati","class":"Denominazione di origine controllata","country":"Italy","official":1,"state":"Lazio","altname":null,"gen":18,"latitude":41.8218,"ppt_yr":778,"ppt_gs":348,"GDD_1":2236,"elev":null,"GI_area":null,"auv":null,"climate":null,"style":null,"_bbox":[12.591878228252716,41.75544691364247,12.742414309406012,41.86583537293485]},"geometry":{"type":"Point","coordinates":[12.68502,41.81409]},"tippecanoe":{"minzoom":6}}
,
{"type":"Feature","properties":{"_area":63731169,"OBJECTID":769,"Name_rgn":"Genazzano","class":"Denominazione di origine controllata","country":"Italy","official":1,"state":"Lazio","altname":null,"gen":18,"latitude":41.8236,"ppt_yr":909,"ppt_gs":442,"GDD_1":1927,"elev":null,"GI_area":null,"auv":null,"climate":null,"style":null,"_bbox":[12.944180794681346,41.766448046303374,13.042426233301907,41.88592340577735]},"geometry":{"type":"Point","coordinates":[12.99215,41.82363]},"tippecanoe":{"minzoom":6}}
,
{"type":"Feature","properties":{"_area":47784080,"OBJECTID":770,"Name_rgn":"Greco di Bianco","class":"Denominazione di origine controllata","country":"Italy","official":1,"state":"Calabria","altname":null,"gen":18,"latitude":38.0834,"ppt_yr":816,"ppt_gs":218,"GDD_1":2731,"elev":null,"GI_area":null,"auv":null,"climate":null,"style":null,"_bbox":[16.098930537942135,38.023251616672006,16.161341410022956,38.128615888950605]},"geometry":{"type":"Point","coordinates":[16.12867,38.09395]},"tippecanoe":{"minzoom":6}}
,
{"type":"Feature","properties":{"_area":73315935,"OBJECTID":771,"Name_rgn":"Leverano","class":"Denominazione di origine controllata","country":"Italy","official":1,"state":"Puglia","altname":null,"gen":18,"latitude":40.2907,"ppt_yr":527,"ppt_gs":226,"GDD_1":2512,"elev":null,"GI_area":null,"auv":null,"climate":null,"style":null,"_bbox":[17.892970826635832,40.249533830295206,18.044311097597777,40.326690076060714]},"geometry":{"type":"Point","coordinates":[17.97073,40.28871]},"tippecanoe":{"minzoom":6}}
,
{"type":"Feature","properties":{"_area":158550759,"OBJECTID":772,"Name_rgn":"Lizzano","class":"Denominazione di origine controllata","country":"Italy","official":1,"state":"Puglia","altname":null,"gen":18,"latitude":40.3906,"ppt_yr":547,"ppt_gs":244,"GDD_1":2444,"elev":null,"GI_area":null,"auv":null,"climate":null,"style":null,"_bbox":[17.340150012765218,40.31459954458444,17.491541409544936,40.48113935799392]},"geometry":{"type":"Point","coordinates":[17.41525,40.40863]},"tippecanoe":{"minzoom":6}}
,
{"type":"Feature","properties":{"_area":148732187,"OBJECTID":773,"Name_rgn":"Locorotondo","class":"Denominazione di origine controllata","country":"Italy","official":1,"state":"Puglia","altname":null,"gen":18,"latitude":40.7638,"ppt_yr":575,"ppt_gs":268,"GDD_1":2161,"elev":null,"GI_area":null,"auv":null,"climate":null,"style":null,"_bbox":[17.280123527264937,40.7135848907339,17.49722061267006,40.83187957377333]},"geometry":{"type":"Point","coordinates":[17.33188,40.78013]},"tippecanoe":{"minzoom":6}}
,
{"type":"Feature","properties":{"_area":113202451,"OBJECTID":774,"Name_rgn":"Malvasia di Casorzo d'Asti","class":"Denominazione di origine controllata","country":"Italy","official":1,"state":"Piemonte","altname":"Casorzo","gen":18,"latitude":45.0184,"ppt_yr":666,"ppt_gs":426,"GDD_1":1901,"elev":null,"GI_area":null,"auv":null,"climate":null,"style":null,"_bbox":[8.276072447284937,44.950303393552645,8.441388313076795,45.07267720091717]},"geometry":{"type":"Point","coordinates":[8.34634,45.0177]},"tippecanoe":{"minzoom":6}}
,
{"type":"Feature","properties":{"_area":75239802,"OBJECTID":775,"Name_rgn":"Marino","class":"Denominazione di origine controllata","country":"Italy","official":1,"state":"Lazio","altname":null,"gen":18,"latitude":41.7672,"ppt_yr":755,"ppt_gs":330,"GDD_1":2274,"elev":null,"GI_area":null,"auv":null,"climate":null,"style":null,"_bbox":[12.557373272538069,41.71798111851485,12.685664165698174,41.821652163039175]},"geometry":{"type":"Point","coordinates":[12.60394,41.7686]},"tippecanoe":{"minzoom":6}}
,
{"type":"Feature","properties":{"_area":76079425,"OBJECTID":776,"Name_rgn":"Matino","class":"Denominazione di origine controllata","country":"Italy","official":1,"state":"Puglia","altname":null,"gen":18,"latitude":40.0263,"ppt_yr":553,"ppt_gs":230,"GDD_1":2489,"elev":null,"GI_area":null,"auv":null,"climate":null,"style":null,"_bbox":[18.05414377462674,39.97764398325184,18.17167192990997,40.07296617644703]},"geometry":{"type":"Point","coordinates":[18.11335,40.02419]},"tippecanoe":{"minzoom":6}}
,
{"type":"Feature","properties":{"_area":56816092,"OBJECTID":777,"Name_rgn":"Montecompatri Colonna","class":"Denominazione di origine controllata","country":"Italy","official":1,"state":"Lazio","altname":"Montecompatri","gen":18,"latitude":41.8239,"ppt_yr":736,"ppt_gs":348,"GDD_1":2292,"elev":null,"GI_area":null,"auv":null,"climate":null,"style":null,"_bbox":[12.714986828573664,41.77836283238032,12.814419986425184,41.875906824717006]},"geometry":{"type":"Point","coordinates":[12.75538,41.81875]},"tippecanoe":{"minzoom":6}}
,
{"type":"Feature","properties":{"_area":82687534,"OBJECTID":778,"Name_rgn":"Pellaro","class":"Indicazione geografica tipica","country":"Italy","official":1,"state":"Calabria","altname":null,"gen":18,"latitude":38.0096,"ppt_yr":763,"ppt_gs":307,"GDD_1":2726,"elev":null,"GI_area":null,"auv":null,"climate":null,"style":null,"_bbox":[15.633557792964304,37.95059628254718,15.76039419330519,38.053768436232424]},"geometry":{"type":"Point","coordinates":[15.68756,38.00782]},"tippecanoe":{"minzoom":6}}
,
{"type":"Feature","properties":{"_area":26987760,"OBJECTID":779,"Name_rgn":"Ramandolo","class":"Denominazione di origine controllata e garantita","country":"Italy","official":1,"state":"Friuli Venezia Giulia","altname":null,"gen":18,"latitude":46.2126,"ppt_yr":2041,"ppt_gs":1311,"GDD_1":1574,"elev":null,"GI_area":null,"auv":null,"climate":null,"style":null,"_bbox":[13.202796935438451,46.18433883286721,13.29035353878385,46.23604413853268]},"geometry":{"type":"Point","coordinates":[13.25814,46.20979]},"tippecanoe":{"minzoom":7}}
,
{"type":"Feature","properties":{"_area":135925666,"OBJECTID":780,"Name_rgn":"Rosazzo","class":"Denominazione di origine controllata e garantita","country":"Italy","official":1,"state":"Friuli Venezia Giulia","altname":null,"gen":18,"latitude":46.0066,"ppt_yr":1555,"ppt_gs":996,"GDD_1":1949,"elev":null,"GI_area":null,"auv":null,"climate":null,"style":null,"_bbox":[13.319076452239656,45.93130880288683,13.468151806265642,46.08310938496908]},"geometry":{"type":"Point","coordinates":[13.38837,46.00759]},"tippecanoe":{"minzoom":6}}
,
{"type":"Feature","properties":{"_area":49365411,"OBJECTID":781,"Name_rgn":"Rubino di Cantavenna","class":"Denominazione di origine controllata","country":"Italy","official":1,"state":"Piemonte","altname":null,"gen":18,"latitude":45.1568,"ppt_yr":673,"ppt_gs":447,"GDD_1":1924,"elev":null,"GI_area":null,"auv":null,"climate":null,"style":null,"_bbox":[8.17111371439154,45.12645046188644,8.321104686152339,45.18105782219227]},"geometry":{"type":"Point","coordinates":[8.20567,45.15418]},"tippecanoe":{"minzoom":6}}
,
{"type":"Feature","properties":{"_area":24573547,"OBJECTID":782,"Name_rgn":"Scavigna","class":"Denominazione di origine controllata","country":"Italy","official":1,"state":"Calabria","altname":null,"gen":18,"latitude":39.0099,"ppt_yr":936,"ppt_gs":381,"GDD_1":2222,"elev":null,"GI_area":null,"auv":null,"climate":null,"style":null,"_bbox":[16.11295580870894,38.970323077957765,16.185206702444493,39.034698586455946]},"geometry":{"type":"Point","coordinates":[16.15269,39.00804]},"tippecanoe":{"minzoom":7}}
,
{"type":"Feature","properties":{"_area":126193656,"OBJECTID":783,"Name_rgn":"Sibiola","class":"Indicazione geografica tipica","country":"Italy","official":1,"state":"Sardegna","altname":null,"gen":18,"latitude":39.3843,"ppt_yr":479,"ppt_gs":195,"GDD_1":2469,"elev":null,"GI_area":null,"auv":null,"climate":null,"style":null,"_bbox":[9.078861895594187,39.32785656157577,9.221646530043488,39.46642252139201]},"geometry":{"type":"Point","coordinates":[9.16817,39.38253]},"tippecanoe":{"minzoom":6}}
,
{"type":"Feature","properties":{"_area":56807253,"OBJECTID":784,"Name_rgn":"Teroldego Rotaliano","class":"Denominazione di origine controllata","country":"Italy","official":1,"state":"Provincia Autonoma Di Trento","altname":null,"gen":18,"latitude":46.2181,"ppt_yr":741,"ppt_gs":530,"GDD_1":1281,"elev":null,"GI_area":null,"auv":null,"climate":null,"style":null,"_bbox":[11.06289212270106,46.174634943341765,11.180267871609797,46.25885872501656]},"geometry":{"type":"Point","coordinates":[11.11356,46.21214]},"tippecanoe":{"minzoom":6}}
,
{"type":"Feature","properties":{"_area":175108615,"OBJECTID":785,"Name_rgn":"Terre Alfieri","class":"Denominazione di origine controllata","country":"Italy","official":1,"state":"Piemonte","altname":null,"gen":18,"latitude":44.8422,"ppt_yr":542,"ppt_gs":342,"GDD_1":1973,"elev":null,"GI_area":null,"auv":null,"climate":null,"style":null,"_bbox":[7.978949594275996,44.75098780376856,8.201855311174045,44.90121016451351]},"geometry":{"type":"Point","coordinates":[8.07108,44.8349]},"tippecanoe":{"minzoom":6}}
,
{"type":"Feature","properties":{"_area":16877375,"OBJECTID":786,"Name_rgn":"Verduno Pelaverga","class":"Denominazione di origine controllata","country":"Italy","official":1,"state":"Piemonte","altname":"Verduno","gen":18,"latitude":44.6676,"ppt_yr":561,"ppt_gs":351,"GDD_1":1949,"elev":null,"GI_area":null,"auv":null,"climate":null,"style":null,"_bbox":[7.914121604598959,44.64273700826051,7.96601790289166,44.69031190907126]},"geometry":{"type":"Point","coordinates":[7.94125,44.66615]},"tippecanoe":{"minzoom":7}}
,
{"type":"Feature","properties":{"_area":126077692,"OBJECTID":787,"Name_rgn":"Vesuvio","class":"Denominazione di origine controllata","country":"Italy","official":1,"state":"Campania","altname":null,"gen":18,"latitude":40.8204,"ppt_yr":906,"ppt_gs":411,"GDD_1":2076,"elev":null,"GI_area":null,"auv":null,"climate":null,"style":null,"_bbox":[14.346794132986671,40.76033957544103,14.504777540696102,40.874923468346076]},"geometry":{"type":"Point","coordinates":[14.44124,40.81897]},"tippecanoe":{"minzoom":6}}
,
{"type":"Feature","properties":{"_area":23945582,"OBJECTID":788,"Name_rgn":"Villamagna","class":"Denominazione di origine controllata","country":"Italy","official":1,"state":"Abruzzo","altname":null,"gen":18,"latitude":42.3212,"ppt_yr":657,"ppt_gs":361,"GDD_1":2164,"elev":null,"GI_area":null,"auv":null,"climate":null,"style":null,"_bbox":[14.187972771390317,42.28908421451647,14.26402220747443,42.34994184829535]},"geometry":{"type":"Point","coordinates":[14.22648,42.32379]},"tippecanoe":{"minzoom":7}}
,
{"type":"Feature","properties":{"_area":77774789,"OBJECTID":789,"Name_rgn":"Zagarolo","class":"Denominazione di origine controllata","country":"Italy","official":1,"state":"Lazio","altname":null,"gen":18,"latitude":41.8639,"ppt_yr":819,"ppt_gs":380,"GDD_1":2273,"elev":null,"GI_area":null,"auv":null,"climate":null,"style":null,"_bbox":[12.7262154264687,41.81200488319904,12.85398157684047,41.911605675075876]},"geometry":{"type":"Point","coordinates":[12.79041,41.85753]},"tippecanoe":{"minzoom":6}}
,
{"type":"Feature","properties":{"_area":77910065,"OBJECTID":790,"Name_rgn":"Serrapetrona","class":"Denominazione di origine controllata","country":"Italy","official":1,"state":"Marche","altname":null,"gen":18,"latitude":43.1835,"ppt_yr":799,"ppt_gs":479,"GDD_1":1921,"elev":null,"GI_area":null,"auv":null,"climate":null,"style":null,"_bbox":[13.12267149795721,43.14016074072134,13.252655763038591,43.23108322703066]},"geometry":{"type":"Point","coordinates":[13.20152,43.18491]},"tippecanoe":{"minzoom":6}}
,
{"type":"Feature","properties":{"_area":860081621,"OBJECTID":791,"Name_rgn":"Lafões","class":"Denominação de Origem Protegida","country":"Portugal","official":1,"state":null,"altname":null,"gen":19,"latitude":40.753,"ppt_yr":1483,"ppt_gs":568,"GDD_1":1593,"elev":null,"GI_area":null,"auv":null,"climate":null,"style":null,"_bbox":[-8.333592414851896,40.56365966763928,-7.927504062508024,40.936534881552824]},"geometry":{"type":"Point","coordinates":[-8.15808,40.75374]},"tippecanoe":{"minzoom":5}}
,
{"type":"Feature","properties":{"_area":526963963,"OBJECTID":792,"Name_rgn":"Ourém","class":"Sub-Região","country":"Portugal","official":6,"state":null,"altname":null,"gen":19,"latitude":39.6924,"ppt_yr":869,"ppt_gs":347,"GDD_1":1909,"elev":null,"GI_area":null,"auv":null,"climate":null,"style":null,"_bbox":[-8.70225334123192,39.53583908077196,-8.423084258813871,39.83855819683353]},"geometry":{"type":"Point","coordinates":[-8.58502,39.6956]},"tippecanoe":{"minzoom":5}}
,
{"type":"Feature","properties":{"_area":1581914987,"OBJECTID":793,"Name_rgn":"Terra de Lafões","class":"Sub-Região","country":"Portugal","official":6,"state":null,"altname":null,"gen":19,"latitude":40.8022,"ppt_yr":1503,"ppt_gs":575,"GDD_1":1494,"elev":null,"GI_area":null,"auv":null,"climate":null,"style":null,"_bbox":[-8.345219765020092,40.563661940150006,-7.750080461669979,41.02662059281596]},"geometry":{"type":"Point","coordinates":[-8.01654,40.82543]},"tippecanoe":{"minzoom":5}}
,
{"type":"Feature","properties":{"_area":33346730,"OBJECTID":794,"Name_rgn":"Krasochoria Lemesou-Afamis","class":"Προστατευόμενη Ονομασία Προέλευσης","country":"Cyprus","official":1,"state":"Limassol","altname":"Κρασοχώρια Λεμεσού - Αφάμης","gen":19,"latitude":34.8492,"ppt_yr":745,"ppt_gs":150,"GDD_1":2185,"elev":null,"GI_area":null,"auv":null,"climate":null,"style":null,"_bbox":[32.808901748234426,34.81575396851756,32.878981819966754,34.87875048226699]},"geometry":{"type":"Point","coordinates":[32.83892,34.84774]},"tippecanoe":{"minzoom":7}}
,
{"type":"Feature","properties":{"_area":26920383,"OBJECTID":795,"Name_rgn":"Krasochoria Lemesou-Laona","class":"Προστατευόμενη Ονομασία Προέλευσης","country":"Cyprus","official":1,"state":"Limassol","altname":"Κρασοχώρια Λεμεσού - Λαόνα","gen":19,"latitude":34.8496,"ppt_yr":719,"ppt_gs":143,"GDD_1":2216,"elev":null,"GI_area":null,"auv":null,"climate":null,"style":null,"_bbox":[32.74925925928045,34.8243518519118,32.811467246854335,34.88877314835049]},"geometry":{"type":"Point","coordinates":[32.78717,34.84865]},"tippecanoe":{"minzoom":7}}
,
{"type":"Feature","properties":{"_area":100823462,"OBJECTID":797,"Name_rgn":"Les Côtes de Rommani","class":"Appellation d'origine contrôlée","country":"Morocco","official":1,"state":null,"altname":null,"gen":19,"latitude":33.6983,"ppt_yr":454,"ppt_gs":129,"GDD_1":2382,"elev":null,"GI_area":null,"auv":null,"climate":null,"style":null,"_bbox":[-6.677958017976493,33.619405543046376,-6.584907087486353,33.7611204708171]},"geometry":{"type":"Point","coordinates":[-6.63289,33.70809]},"tippecanoe":{"minzoom":6}}
,
{"type":"Feature","properties":{"_area":150613715,"OBJECTID":805,"Name_rgn":"Alto Adige Lago di Caldaro Classico","class":"Denominazione di origine controllata","country":"Italy","official":1,"state":"Alto Adige","altname":"Südtirol Kalterersee Klassisch","gen":21,"latitude":46.4063,"ppt_yr":810,"ppt_gs":584,"GDD_1":1220,"elev":null,"GI_area":null,"auv":null,"climate":null,"style":null,"_bbox":[11.204711225425125,46.29283066367772,11.330736771356262,46.49680993263617]},"geometry":{"type":"Point","coordinates":[11.27609,46.4036]},"tippecanoe":{"minzoom":6}}
,
{"type":"Feature","properties":{"_area":87450719,"OBJECTID":806,"Name_rgn":"Alto Adige Valle Venosta","class":"Denominazione di origine controllata","country":"Italy","official":1,"state":"Alto Adige","altname":"Südtirol Vinschgau","gen":21,"latitude":46.6504,"ppt_yr":667,"ppt_gs":499,"GDD_1":333,"elev":null,"GI_area":null,"auv":null,"climate":null,"style":null,"_bbox":[10.746534108942262,46.618946823274165,11.093833370055476,46.697269825915896]},"geometry":{"type":"Point","coordinates":[11.04086,46.67096]},"tippecanoe":{"minzoom":6}}
,
{"type":"Feature","properties":{"_area":43578878,"OBJECTID":807,"Name_rgn":"Alto Adige Terlano Classico","class":"Denominazione di origine controllata","country":"Italy","official":1,"state":"Alto Adige","altname":"Südtirol Terlaner Klassisch","gen":21,"latitude":46.5299,"ppt_yr":739,"ppt_gs":544,"GDD_1":1426,"elev":null,"GI_area":null,"auv":null,"climate":null,"style":null,"_bbox":[11.164986095814053,46.5051080332278,11.288160860648917,46.573853898076344]},"geometry":{"type":"Point","coordinates":[11.22675,46.53572]},"tippecanoe":{"minzoom":6}}
,
{"type":"Feature","properties":{"_area":8201740,"OBJECTID":808,"Name_rgn":"Alto Adige Santa Maddalena Classico","class":"Denominazione di origine controllata","country":"Italy","official":1,"state":"Alto Adige","altname":"Südtirol St Magdalener Klassisch","gen":21,"latitude":46.5006,"ppt_yr":739,"ppt_gs":548,"GDD_1":1066,"elev":null,"GI_area":null,"auv":null,"climate":null,"style":null,"_bbox":[11.350844169297535,46.48882873880848,11.432469321687748,46.51367939691214]},"geometry":{"type":"Point","coordinates":[11.38113,46.50203]},"tippecanoe":{"minzoom":7}}
,
{"type":"Feature","properties":{"_area":31009114,"OBJECTID":809,"Name_rgn":"Alto Adige Valle Isarco Klausner Laitacher","class":"Denominazione di origine controllata","country":"Italy","official":1,"state":"Alto Adige","altname":"Südtirol Eisacktaler Klausner Leitacher","gen":21,"latitude":46.6343,"ppt_yr":793,"ppt_gs":596,"GDD_1":747,"elev":null,"GI_area":null,"auv":null,"climate":null,"style":null,"_bbox":[11.506509526518588,46.57967536324882,11.62724433049788,46.69050323436059]},"geometry":{"type":"Point","coordinates":[11.53378,46.61128]},"tippecanoe":{"minzoom":7}}
,
{"type":"Feature","properties":{"_area":17502119250,"OBJECTID":812,"Name_rgn":"Bessarabia","class":"District","country":"Ukraine","official":6,"state":null,"altname":"Бессарабія","gen":21,"latitude":45.8738,"ppt_yr":469,"ppt_gs":285,"GDD_1":1694,"elev":null,"GI_area":null,"auv":null,"climate":null,"style":null,"_bbox":[28.211360000128227,45.20955099898795,30.433573000180377,46.55831949887156]},"geometry":{"type":"Point","coordinates":[29.32436,45.87472]},"tippecanoe":{"minzoom":4}}
,
{"type":"Feature","properties":{"_area":295337692,"OBJECTID":821,"Name_rgn":"South Islands","class":"Sub-appellation","country":"Canada","official":1,"state":"Ontario","altname":"Pelee Island","gen":21,"latitude":41.7763,"ppt_yr":944,"ppt_gs":605,"GDD_1":1644,"elev":null,"GI_area":null,"auv":null,"climate":null,"style":null,"_bbox":[-83.00225460030859,41.681060399951825,-82.62032549968994,41.84980929975881]},"geometry":{"type":"Point","coordinates":[-82.69837,41.76609]},"tippecanoe":{"minzoom":6}}
,
{"type":"Feature","properties":{"_area":19707962,"OBJECTID":827,"Name_rgn":"Beamsville Bench","class":"Sub-appellation","country":"Canada","official":1,"state":"Ontario","altname":null,"gen":22,"latitude":43.1609,"ppt_yr":922,"ppt_gs":565,"GDD_1":1490,"elev":null,"GI_area":null,"auv":null,"climate":null,"style":null,"_bbox":[-79.52972790309379,43.14259819115074,-79.42015915270619,43.18506082253848]},"geometry":{"type":"Point","coordinates":[-79.48926,43.16317]},"tippecanoe":{"minzoom":7}}
,
{"type":"Feature","properties":{"_area":60261579,"OBJECTID":828,"Name_rgn":"Creek Shores","class":"Sub-appellation","country":"Canada","official":1,"state":"Ontario","altname":null,"gen":21,"latitude":43.163,"ppt_yr":897,"ppt_gs":565,"GDD_1":1493,"elev":null,"GI_area":null,"auv":null,"climate":null,"style":null,"_bbox":[-79.37438539050437,43.13645308935424,-79.24623899225601,43.2052134155061]},"geometry":{"type":"Point","coordinates":[-79.28897,43.1703]},"tippecanoe":{"minzoom":6}}
,
{"type":"Feature","properties":{"_area":65235872,"OBJECTID":829,"Name_rgn":"Four Mile Creek","class":"Sub-appellation","country":"Canada","official":1,"state":"Ontario","altname":null,"gen":22,"latitude":43.1943,"ppt_yr":911,"ppt_gs":574,"GDD_1":1504,"elev":null,"GI_area":null,"auv":null,"climate":null,"style":null,"_bbox":[-79.20387999953695,43.16375420105221,-79.06964760866347,43.226677881373064]},"geometry":{"type":"Point","coordinates":[-79.14341,43.19472]},"tippecanoe":{"minzoom":6}}
,
{"type":"Feature","properties":{"_area":106119746,"OBJECTID":830,"Name_rgn":"Lincoln Lakeshore","class":"Sub-appellation","country":"Canada","official":1,"state":"Ontario","altname":null,"gen":22,"latitude":43.1858,"ppt_yr":882,"ppt_gs":537,"GDD_1":1496,"elev":null,"GI_area":null,"auv":null,"climate":null,"style":null,"_bbox":[-79.65347493339219,43.141814615869094,-79.36886729573389,43.22856827627167]},"geometry":{"type":"Point","coordinates":[-79.41016,43.17367]},"tippecanoe":{"minzoom":6}}
,
{"type":"Feature","properties":{"_area":58972921,"OBJECTID":831,"Name_rgn":"Niagara Lakeshore","class":"Sub-appellation","country":"Canada","official":1,"state":"Ontario","altname":null,"gen":22,"latitude":43.2349,"ppt_yr":897,"ppt_gs":567,"GDD_1":1471,"elev":null,"GI_area":null,"auv":null,"climate":null,"style":null,"_bbox":[-79.21598741118963,43.19778280014813,-79.05802190061561,43.262667074136516]},"geometry":{"type":"Point","coordinates":[-79.18861,43.22516]},"tippecanoe":{"minzoom":6}}
,
{"type":"Feature","properties":{"_area":13383458,"OBJECTID":832,"Name_rgn":"Niagara River","class":"Sub-appellation","country":"Canada","official":1,"state":"Ontario","altname":null,"gen":22,"latitude":43.2047,"ppt_yr":921,"ppt_gs":574,"GDD_1":2244,"elev":null,"GI_area":null,"auv":null,"climate":null,"style":null,"_bbox":[-79.07689478608273,43.16404781463637,-79.05209808264536,43.24782121525768]},"geometry":{"type":"Point","coordinates":[-79.06256,43.19931]},"tippecanoe":{"minzoom":7}}
,
{"type":"Feature","properties":{"_area":22505166,"OBJECTID":833,"Name_rgn":"Short Hills Bench","class":"Sub-appellation","country":"Canada","official":1,"state":"Ontario","altname":null,"gen":21,"latitude":43.1269,"ppt_yr":910,"ppt_gs":575,"GDD_1":1500,"elev":null,"GI_area":null,"auv":null,"climate":null,"style":null,"_bbox":[-79.32811315135474,43.10064817485556,-79.24419601219581,43.1522067002983]},"geometry":{"type":"Point","coordinates":[-79.29871,43.122]},"tippecanoe":{"minzoom":7}}
,
{"type":"Feature","properties":{"_area":23767631,"OBJECTID":834,"Name_rgn":"St. David’s Bench","class":"Sub-appellation","country":"Canada","official":1,"state":"Ontario","altname":null,"gen":22,"latitude":43.1566,"ppt_yr":942,"ppt_gs":587,"GDD_1":1519,"elev":null,"GI_area":null,"auv":null,"climate":null,"style":null,"_bbox":[-79.16831597771305,43.14021891962371,-79.04922597734088,43.16881889803585]},"geometry":{"type":"Point","coordinates":[-79.15402,43.15452]},"tippecanoe":{"minzoom":7}}
,
{"type":"Feature","properties":{"_area":25214614,"OBJECTID":835,"Name_rgn":"Twenty Mile Bench","class":"Sub-appellation","country":"Canada","official":1,"state":"Ontario","altname":null,"gen":21,"latitude":43.1362,"ppt_yr":904,"ppt_gs":562,"GDD_1":2244,"elev":null,"GI_area":null,"auv":null,"climate":null,"style":null,"_bbox":[-79.42415098196119,43.113990572569,-79.30759590335332,43.158137180055085]},"geometry":{"type":"Point","coordinates":[-79.33172,43.12917]},"tippecanoe":{"minzoom":7}}
,
{"type":"Feature","properties":{"_area":304184898,"OBJECTID":836,"Name_rgn":"Vinemount Ridge","class":"Sub-appellation","country":"Canada","official":1,"state":"Ontario","altname":null,"gen":22,"latitude":43.1341,"ppt_yr":926,"ppt_gs":568,"GDD_1":1467,"elev":null,"GI_area":null,"auv":null,"climate":null,"style":null,"_bbox":[-79.76874346820637,43.06987268166846,-79.28982722164353,43.217848390367635]},"geometry":{"type":"Point","coordinates":[-79.50921,43.12825]},"tippecanoe":{"minzoom":6}}
,
{"type":"Feature","properties":{"_area":39071214,"OBJECTID":837,"Name_rgn":"Goose Gap","class":"American Viticultural Area","country":"United States","official":1,"state":"Washington","altname":null,"gen":23,"latitude":46.2432,"ppt_yr":200,"ppt_gs":80,"GDD_1":1947,"elev":null,"GI_area":null,"auv":null,"climate":null,"style":null,"_bbox":[-119.46569155977109,46.21422593321321,-119.34465069258799,46.271493117768976]},"geometry":{"type":"Point","coordinates":[-119.39545,46.24689]},"tippecanoe":{"minzoom":6}}
,
{"type":"Feature","properties":{"_area":309522,"OBJECTID":839,"Name_rgn":"Ulupalakua","class":"American Viticultural Area","country":"United States","official":1,"state":"Hawaii","altname":null,"gen":23,"latitude":20.6723,"ppt_yr":1154,"ppt_gs":575,"GDD_1":1692,"elev":null,"GI_area":null,"auv":null,"climate":null,"style":null,"_bbox":[-156.4038396396621,20.670240078719853,-156.39555911579848,20.674573076283572]},"geometry":{"type":"Point","coordinates":[-156.3997,20.67241]},"tippecanoe":{"minzoom":9}}
,
{"type":"Feature","properties":{"_area":128273356,"OBJECTID":840,"Name_rgn":"Santa Lucia Highlands","class":"American Viticultural Area","country":"United States","official":1,"state":"California","altname":null,"gen":2,"latitude":36.4111,"ppt_yr":419,"ppt_gs":68,"GDD_1":1634,"elev":null,"GI_area":null,"auv":null,"climate":null,"style":null,"_bbox":[-121.5309197804691,36.314388893617256,-121.33074489068828,36.523067909863805]},"geometry":{"type":"Point","coordinates":[-121.36593,36.35896]},"tippecanoe":{"minzoom":6}}
,
{"type":"Feature","properties":{"_area":207274062,"OBJECTID":841,"Name_rgn":"Arroyo Seco","class":"American Viticultural Area","country":"United States","official":1,"state":"California","altname":null,"gen":2,"latitude":36.3203,"ppt_yr":365,"ppt_gs":59,"GDD_1":1788,"elev":null,"GI_area":null,"auv":null,"climate":null,"style":null,"_bbox":[-121.42643129586402,36.25182697596882,-121.17984920224866,36.40332966436428]},"geometry":{"type":"Point","coordinates":[-121.30629,36.32935]},"tippecanoe":{"minzoom":6}}
,
{"type":"Feature","properties":{"_area":7680828,"OBJECTID":842,"Name_rgn":"Leskoviku","class":"Locality","country":"Albania","official":6,"state":"Kolonja","altname":null,"gen":23,"latitude":40.1485,"ppt_yr":1082,"ppt_gs":477,"GDD_1":1796,"elev":null,"GI_area":null,"auv":null,"climate":null,"style":null,"_bbox":[20.57687187191488,40.13521957425358,20.61408233677132,40.16385650645256]},"geometry":{"type":"Point","coordinates":[20.59253,40.1482]},"tippecanoe":{"minzoom":7}}
,
{"type":"Feature","properties":{"_area":85604866,"OBJECTID":21,"Name_rgn":"Bannockburn","class":"Region","country":"New Zealand","official":1,"state":null,"altname":null,"gen":24,"latitude":-45.0972,"ppt_yr":null,"ppt_gs":null,"GDD_1":null,"elev":null,"GI_area":null,"auv":null,"climate":null,"style":null,"_bbox":[169.09093847700012,-45.168544162056776,169.21604040900002,-45.050564996056764]},"geometry":{"type":"Point","coordinates":[169.1656,-45.09757]},"tippecanoe":{"minzoom":6}}
,
{"type":"Feature","properties":{"_area":79360458,"OBJECTID":null,"Name_rgn":"Côtes du Rhône Villages Laudun","class":"Appellation d'origine protégée","country":"France","official":3,"state":null,"altname":null,"gen":24,"latitude":44.0819,"ppt_yr":null,"ppt_gs":null,"GDD_1":null,"elev":null,"GI_area":null,"auv":null,"climate":null,"style":null,"_bbox":[4.603142944059798,44.01750419776802,4.719729895994933,44.133039851741785]},"geometry":{"type":"Point","coordinates":[4.64963,44.08565]},"tippecanoe":{"minzoom":6}}
,
{"type":"Feature","properties":{"_area":880247582,"OBJECTID":273,"Name_rgn":"West Sonoma Coast","class":"American Viticultural Area","country":"United States","official":1,"state":"California","altname":null,"gen":24,"latitude":38.5528,"ppt_yr":null,"ppt_gs":null,"GDD_1":null,"elev":null,"GI_area":null,"auv":null,"climate":null,"style":null,"_bbox":[-123.53375850000697,38.33514532575079,-122.833169344018,38.778608941988104]},"geometry":{"type":"Point","coordinates":[-123.28301,38.61621]},"tippecanoe":{"minzoom":5}}
,
{"type":"Feature","properties":{"_area":18048916,"OBJECTID":null,"Name_rgn":"South Kelowna Slopes","class":"Geographical Indication","country":"Canada","official":1,"state":"British Columbia","altname":null,"gen":24,"latitude":49.7891,"ppt_yr":null,"ppt_gs":null,"GDD_1":null,"elev":null,"GI_area":null,"auv":null,"climate":null,"style":null,"_bbox":[-119.60600556477252,49.77354892261211,-119.4882972356038,49.81618439213537]},"geometry":{"type":"Point","coordinates":[-119.53073,49.79287]},"tippecanoe":{"minzoom":7}}
,
{"type":"Feature","properties":{"_area":29092129,"OBJECTID":null,"Name_rgn":"Mt. Pisgah Polk County Ore","class":"American Viticultural Area","country":"United States","official":1,"state":"Oregon","altname":null,"gen":24,"latitude":44.8802,"ppt_yr":null,"ppt_gs":null,"GDD_1":null,"elev":null,"GI_area":null,"auv":null,"climate":null,"style":null,"_bbox":[-123.328465715813,44.85197610385028,-123.25332088771196,44.908940875497194]},"geometry":{"type":"Point","coordinates":[-123.29242,44.88001]},"tippecanoe":{"minzoom":7}}
,
{"type":"Feature","properties":{"_area":42489290,"OBJECTID":null,"Name_rgn":"Lake Country","class":"Geographical Indication","country":"Canada","official":1,"state":"British Columbia","altname":null,"gen":24,"latitude":50.0745,"ppt_yr":null,"ppt_gs":null,"GDD_1":null,"elev":null,"GI_area":null,"auv":null,"climate":null,"style":null,"_bbox":[-119.4686700805545,49.9865961227044,-119.42050115078587,50.15151458215592]},"geometry":{"type":"Point","coordinates":[-119.44684,50.10627]},"tippecanoe":{"minzoom":6}}
,
{"type":"Feature","properties":{"_area":40352397,"OBJECTID":null,"Name_rgn":"East Kelowna Slopes","class":"Geographical Indication","country":"Canada","official":1,"state":"British Columbia","altname":null,"gen":24,"latitude":49.845,"ppt_yr":null,"ppt_gs":null,"GDD_1":null,"elev":null,"GI_area":null,"auv":null,"climate":null,"style":null,"_bbox":[-119.47845394581509,49.80823362629049,-119.35918311693828,49.881795200204444]},"geometry":{"type":"Point","coordinates":[-119.41064,49.85076]},"tippecanoe":{"minzoom":6}}
,
{"type":"Feature","properties":{"_area":27090366,"OBJECTID":null,"Name_rgn":"Summerland Valleys","class":"Geographical Indication","country":"Canada","official":1,"state":"British Columbia","altname":null,"gen":24,"latitude":49.6263,"ppt_yr":null,"ppt_gs":null,"GDD_1":null,"elev":null,"GI_area":null,"auv":null,"climate":null,"style":null,"_bbox":[-119.7560196196454,49.578667413502394,-119.6874396127264,49.673934371580735]},"geometry":{"type":"Point","coordinates":[-119.71423,49.61832]},"tippecanoe":{"minzoom":7}}
,
{"type":"Feature","properties":{"_area":16823935,"OBJECTID":null,"Name_rgn":"Summerland Lakefront","class":"Geographical Indication","country":"Canada","official":1,"state":"British Columbia","altname":null,"gen":24,"latitude":49.601,"ppt_yr":null,"ppt_gs":null,"GDD_1":null,"elev":null,"GI_area":null,"auv":null,"climate":null,"style":null,"_bbox":[-119.6993945222452,49.5637944857481,-119.61927093247708,49.65668857864511]},"geometry":{"type":"Point","coordinates":[-119.64368,49.58445]},"tippecanoe":{"minzoom":7}}
,
{"type":"Feature","properties":{"_area":25079378,"OBJECTID":null,"Name_rgn":"Summerland Bench","class":"Geographical Indication","country":"Canada","official":1,"state":"British Columbia","altname":null,"gen":24,"latitude":49.5892,"ppt_yr":null,"ppt_gs":null,"GDD_1":null,"elev":null,"GI_area":null,"auv":null,"climate":null,"style":null,"_bbox":[-119.70478883938081,49.54993122029195,-119.64430161463218,49.62510427658665]},"geometry":{"type":"Point","coordinates":[-119.67502,49.58443]},"tippecanoe":{"minzoom":7}}
,
{"type":"Feature","properties":{"_area":379936110,"OBJECTID":274,"Name_rgn":"Rocky Reach","class":"American Viticultural Area","country":"United States","official":1,"state":"Washington","altname":null,"gen":24,"latitude":47.677,"ppt_yr":null,"ppt_gs":null,"GDD_1":null,"elev":null,"GI_area":null,"auv":null,"climate":null,"style":null,"_bbox":[-120.32473450381,47.478870949100084,-120.00702292654802,47.799110745690975]},"geometry":{"type":"Point","coordinates":[-120.1665,47.71529]},"tippecanoe":{"minzoom":5}}
,
{"type":"Feature","properties":{"_area":133164617,"OBJECTID":264,"Name_rgn":"Upper Lake Valley","class":"American Viticultural Area","country":"United States","official":1,"state":"California","altname":null,"gen":24,"latitude":39.1671,"ppt_yr":null,"ppt_gs":null,"GDD_1":null,"elev":null,"GI_area":null,"auv":null,"climate":null,"style":null,"_bbox":[-122.99883632352497,39.099681477776805,-122.804588721008,39.21394966668498]},"geometry":{"type":"Point","coordinates":[-122.91581,39.16306]},"tippecanoe":{"minzoom":6}}
,
{"type":"Feature","properties":{"_area":23670286,"OBJECTID":null,"Name_rgn":"Great Shabo","class":"Controlled Designation of Origin","country":"Ukraine","official":1,"state":null,"altname":"Великий Шабо","gen":24,"latitude":46.1258,"ppt_yr":null,"ppt_gs":null,"GDD_1":null,"elev":null,"GI_area":null,"auv":null,"climate":null,"style":null,"_bbox":[30.33835960370848,46.09559784956798,30.415659261853644,46.159298168780815]},"geometry":{"type":"Point","coordinates":[30.36971,46.13193]},"tippecanoe":{"minzoom":7}}
,
{"type":"Feature","properties":{"_area":40999196,"OBJECTID":285,"Name_rgn":"Winters Highlands","class":"American Viticultural Area","country":"United States","official":1,"state":"California","altname":null,"gen":null,"latitude":38.5336,"ppt_yr":null,"ppt_gs":null,"GDD_1":null,"elev":null,"GI_area":null,"auv":null,"climate":null,"style":null,"_bbox":[-122.01765321549597,38.47586623590371,-121.967689629365,38.59213622579478]},"geometry":{"type":"Point","coordinates":[-121.99462,38.51763]},"tippecanoe":{"minzoom":6}}
,
{"type":"Feature","properties":{"_area":1010845618,"OBJECTID":286,"Name_rgn":"Contra Costa","class":"American Viticultural Area","country":"United States","official":1,"state":"California","altname":null,"gen":24,"latitude":37.9632,"ppt_yr":null,"ppt_gs":null,"GDD_1":null,"elev":null,"GI_area":null,"auv":null,"climate":null,"style":null,"_bbox":[-122.190336054088,37.8193074089062,-121.57707092402298,38.05783409108478]},"geometry":{"type":"Point","coordinates":[-121.68207,37.93158]},"tippecanoe":{"minzoom":5}}
,
{"type":"Feature","properties":{"_area":119164985,"OBJECTID":null,"Name_rgn":"Altos de Pinto Bandeira","class":"Denominação de Origem","country":"Brazil","official":1,"state":null,"altname":null,"gen":24,"latitude":-29.1134,"ppt_yr":null,"ppt_gs":null,"GDD_1":null,"elev":null,"GI_area":null,"auv":null,"climate":null,"style":null,"_bbox":[-51.5099259493395,-29.17562878891273,-51.38584959529668,-29.022754514728426]},"geometry":{"type":"Point","coordinates":[-51.43577,-29.11892]},"tippecanoe":{"minzoom":6}}
,
{"type":"Feature","properties":{"_area":1168027707,"OBJECTID":null,"Name_rgn":"Corpinnat","class":"Región","country":"Spain","official":6,"state":"Catalonia","altname":null,"gen":24,"latitude":41.3927,"ppt_yr":615,"ppt_gs":null,"GDD_1":null,"elev":null,"GI_area":null,"auv":null,"climate":null,"style":null,"_bbox":[1.425412576853982,41.20853160692982,1.922982807565492,41.58169028040654]},"geometry":{"type":"Point","coordinates":[1.62803,41.38199]},"tippecanoe":{"minzoom":5}}]}