{"type":"FeatureCollection","features":[{"type":"Feature","properties":{"_area":12726744813,"OBJECTID_1":1,"Name_rgn":"Aconcagua","official":1,"country":"Chile","class":"Región","altname":"Región de Aconcagua","gen":1,"state":null,"color":3,"ppt_yr":344,"ppt_gs":48,"GDD_1":1345,"latitude":-33.079,"elev":null,"GI_area":null,"auv":null,"climate":null,"style":null,"_bbox":[-71.8432492603824,-33.95606429733174,-70.12307446317999,-32.43021878571801]},"geometry":{"type":"Point","coordinates":[-71.2081,-33.17787]},"tippecanoe":{"minzoom":4}}
,
{"type":"Feature","properties":{"_area":26697276932,"OBJECTID_1":2,"Name_rgn":"Adelaide","official":1,"country":"Australia","class":"Zone","altname":null,"gen":1,"state":"South Australia","color":5,"ppt_yr":463,"ppt_gs":192,"GDD_1":1985,"latitude":-34.3601,"elev":null,"GI_area":null,"auv":null,"climate":null,"style":null,"_bbox":[138.0925730000632,-35.66587199966419,139.35815399936575,-33.32542899965856]},"geometry":{"type":"Point","coordinates":[138.74885,-34.15929]},"tippecanoe":{"minzoom":4}}
,
{"type":"Feature","properties":{"_area":7860716716,"OBJECTID_1":4,"Name_rgn":"Ain","official":1,"country":"France","class":"Indication géographique protégée","altname":null,"gen":1,"state":null,"color":0,"ppt_yr":1013,"ppt_gs":615,"GDD_1":1416,"latitude":46.1007,"elev":null,"GI_area":null,"auv":null,"climate":null,"style":null,"_bbox":[4.728220750465413,45.61082600203278,6.17035191146874,46.51987167979378]},"geometry":{"type":"Point","coordinates":[5.51076,46.06757]},"tippecanoe":{"minzoom":4}}
,
{"type":"Feature","properties":{"_area":9192944758,"OBJECTID_1":5,"Name_rgn":"Allier","official":1,"country":"France","class":"Indication géographique protégée","altname":null,"gen":1,"state":null,"color":5,"ppt_yr":722,"ppt_gs":469,"GDD_1":1396,"latitude":46.3945,"elev":null,"GI_area":null,"auv":null,"climate":null,"style":null,"_bbox":[2.276809520002928,45.93073235639547,4.005748038572134,46.80403102969583]},"geometry":{"type":"Point","coordinates":[3.46779,46.37378]},"tippecanoe":{"minzoom":4}}
,
{"type":"Feature","properties":{"_area":9174023155,"OBJECTID_1":6,"Name_rgn":"Alpes de Haute Provence","official":1,"country":"France","class":"Indication géographique protégée","altname":"Alpes-De-Haute-Provence","gen":1,"state":null,"color":1,"ppt_yr":881,"ppt_gs":489,"GDD_1":1081,"latitude":44.1074,"elev":null,"GI_area":null,"auv":null,"climate":null,"style":null,"_bbox":[5.496835597607475,43.66827944295489,6.96903272887479,44.660001033293675]},"geometry":{"type":"Point","coordinates":[6.52245,44.16898]},"tippecanoe":{"minzoom":4}}
,
{"type":"Feature","properties":{"_area":5719372118,"OBJECTID_1":7,"Name_rgn":"Alpes Maritimes","official":1,"country":"France","class":"Indication géographique protégée","altname":"Alpes-Maritimes","gen":1,"state":null,"color":2,"ppt_yr":855,"ppt_gs":461,"GDD_1":1137,"latitude":43.9388,"elev":null,"GI_area":null,"auv":null,"climate":null,"style":null,"_bbox":[6.635320476552449,43.480068011329756,7.718816278954101,44.36104783805234]},"geometry":{"type":"Point","coordinates":[7.04183,43.93303]},"tippecanoe":{"minzoom":4}}
,
{"type":"Feature","properties":{"_area":6461318292,"OBJECTID_1":8,"Name_rgn":"Ardèche","official":1,"country":"France","class":"Indication géographique protégée","altname":null,"gen":1,"state":null,"color":3,"ppt_yr":912,"ppt_gs":573,"GDD_1":1408,"latitude":44.7544,"elev":null,"GI_area":null,"auv":null,"climate":null,"style":null,"_bbox":[3.861302438925411,44.2644248574048,4.886589300073115,45.366074994243384]},"geometry":{"type":"Point","coordinates":[4.37044,44.65742]},"tippecanoe":{"minzoom":4}}
,
{"type":"Feature","properties":{"_area":6144009043,"OBJECTID_1":9,"Name_rgn":"Ariège","official":1,"country":"France","class":"Indication géographique protégée","altname":null,"gen":1,"state":null,"color":4,"ppt_yr":999,"ppt_gs":577,"GDD_1":1049,"latitude":42.9216,"elev":null,"GI_area":null,"auv":null,"climate":null,"style":null,"_bbox":[0.826127384743294,42.57147857460219,2.176067709920194,43.316014065894976]},"geometry":{"type":"Point","coordinates":[1.52631,42.94593]},"tippecanoe":{"minzoom":4}}
,
{"type":"Feature","properties":{"_area":66510160756,"OBJECTID_1":10,"Name_rgn":"Atacama","official":1,"country":"Chile","class":"Región","altname":"Región de Atacama","gen":1,"state":null,"color":4,"ppt_yr":39,"ppt_gs":14,"GDD_1":756,"latitude":-27.9465,"elev":null,"GI_area":null,"auv":null,"climate":null,"style":null,"_bbox":[-71.52803893333228,-29.535151172487517,-68.26421609232848,-26.64262158631437]},"geometry":{"type":"Point","coordinates":[-70.03234,-27.71743]},"tippecanoe":{"minzoom":3}}
,
{"type":"Feature","properties":{"_area":45658178775,"OBJECTID_1":11,"Name_rgn":"Atlantique","official":1,"country":"France","class":"Indication géographique protégée","altname":null,"gen":1,"state":null,"color":5,"ppt_yr":888,"ppt_gs":465,"GDD_1":1624,"latitude":45.2399,"elev":null,"GI_area":null,"auv":null,"climate":null,"style":null,"_bbox":[-1.562926957895442,43.97272984624175,1.448260902481115,46.3710557083755]},"geometry":{"type":"Point","coordinates":[0.0098,45.15667]},"tippecanoe":{"minzoom":3}}
,
{"type":"Feature","properties":{"_area":8334084839,"OBJECTID_1":12,"Name_rgn":"Aude","official":1,"country":"France","class":"Indication géographique protégée","altname":null,"gen":1,"state":null,"color":0,"ppt_yr":720,"ppt_gs":396,"GDD_1":1700,"latitude":43.104,"elev":null,"GI_area":null,"auv":null,"climate":null,"style":null,"_bbox":[1.68841972111642,42.64890102008739,3.240561137401433,43.460103961927956]},"geometry":{"type":"Point","coordinates":[2.21047,43.06163]},"tippecanoe":{"minzoom":4}}
,
{"type":"Feature","properties":{"_area":38140391399,"OBJECTID_1":13,"Name_rgn":"Austral","official":1,"country":"Chile","class":"Región","altname":"Región Austral","gen":1,"state":null,"color":0,"ppt_yr":1580,"ppt_gs":568,"GDD_1":882,"latitude":-40.1992,"elev":null,"GI_area":null,"auv":null,"climate":null,"style":null,"_bbox":[-73.94725183289646,-41.064382099070016,-71.65717165840643,-38.32050831394617]},"geometry":{"type":"Point","coordinates":[-72.70325,-39.89977]},"tippecanoe":{"minzoom":4}}
,
{"type":"Feature","properties":{"_area":10761377860,"OBJECTID_1":14,"Name_rgn":"Aveyron","official":1,"country":"France","class":"Indication géographique protégée","altname":null,"gen":1,"state":null,"color":1,"ppt_yr":751,"ppt_gs":441,"GDD_1":1364,"latitude":44.2829,"elev":null,"GI_area":null,"auv":null,"climate":null,"style":null,"_bbox":[1.839599542188861,43.69046686342128,3.451583926246453,44.941222184481795]},"geometry":{"type":"Point","coordinates":[2.64514,44.336]},"tippecanoe":{"minzoom":4}}
,
{"type":"Feature","properties":{"_area":21187339568,"OBJECTID_1":16,"Name_rgn":"Beijing","official":6,"country":"China","class":"Region","altname":"北京","gen":4,"state":null,"color":3,"ppt_yr":491,"ppt_gs":470,"GDD_1":2157,"latitude":40.1773,"elev":null,"GI_area":null,"auv":null,"climate":null,"style":null,"_bbox":[115.42182335760717,39.44043528968529,117.48857059082322,41.04772736269008]},"geometry":{"type":"Point","coordinates":[116.42049,40.17855]},"tippecanoe":{"minzoom":4}}
,
{"type":"Feature","properties":{"_area":9168182062,"OBJECTID_1":18,"Name_rgn":"Bordeaux","official":1,"country":"France","class":"Appellation d'origine protégée","altname":null,"gen":1,"state":null,"color":2,"ppt_yr":896,"ppt_gs":463,"GDD_1":1665,"latitude":44.8947,"elev":null,"GI_area":null,"auv":null,"climate":null,"style":null,"_bbox":[-1.169506555161715,44.32467043600747,0.315066655893507,45.57169754381922]},"geometry":{"type":"Point","coordinates":[-0.22754,44.76247]},"tippecanoe":{"minzoom":4}}
,
{"type":"Feature","properties":{"_area":9168182062,"OBJECTID_1":19,"Name_rgn":"Bordeaux supérieur","official":1,"country":"France","class":"Appellation d'origine protégée","altname":null,"gen":1,"state":null,"color":3,"ppt_yr":896,"ppt_gs":463,"GDD_1":1624,"latitude":44.8947,"elev":null,"GI_area":null,"auv":null,"climate":null,"style":null,"_bbox":[-1.169506555161715,44.32467043600747,0.315066655893507,45.57169754381922]},"geometry":{"type":"Point","coordinates":[-0.22754,44.76247]},"tippecanoe":{"minzoom":4}}
,
{"type":"Feature","properties":{"_area":644258956,"OBJECTID_1":20,"Name_rgn":"Bornholm","official":1,"country":"Denmark","class":"Protected geographical indication","altname":null,"gen":3,"state":null,"color":1,"ppt_yr":580,"ppt_gs":352,"GDD_1":883,"latitude":55.1246,"elev":null,"GI_area":null,"auv":null,"climate":null,"style":null,"_bbox":[14.689974000481293,54.986755499766154,15.157823499512114,55.299010999673364]},"geometry":{"type":"Point","coordinates":[14.815,55.15935]},"tippecanoe":{"minzoom":5}}
,
{"type":"Feature","properties":{"_area":7249260034,"OBJECTID_1":21,"Name_rgn":"Bouches du Rhône","official":1,"country":"France","class":"Indication géographique protégée","altname":"Bouches-Du-Rhône","gen":1,"state":null,"color":4,"ppt_yr":647,"ppt_gs":375,"GDD_1":2095,"latitude":43.5459,"elev":null,"GI_area":null,"auv":null,"climate":null,"style":null,"_bbox":[4.230283393718623,43.1573094118769,5.813248400513778,43.92405947357988]},"geometry":{"type":"Point","coordinates":[5.29205,43.50325]},"tippecanoe":{"minzoom":4}}
,
{"type":"Feature","properties":{"_area":9538123224,"OBJECTID_1":22,"Name_rgn":"Breede River Valley","official":1,"country":"South Africa","class":"Region","altname":"Breërivier Vallei","gen":1,"state":"Western Cape","color":4,"ppt_yr":408,"ppt_gs":149,"GDD_1":2073,"latitude":-33.676,"elev":null,"GI_area":null,"auv":null,"climate":null,"style":null,"_bbox":[19.08622136302825,-34.077732204379856,20.428205490295063,-33.170196533415364]},"geometry":{"type":"Point","coordinates":[19.95875,-33.65188]},"tippecanoe":{"minzoom":4}}
,
{"type":"Feature","properties":{"_area":7498875353,"OBJECTID_1":24,"Name_rgn":"Calvados","official":1,"country":"France","class":"Indication géographique protégée","altname":null,"gen":1,"state":null,"color":0,"ppt_yr":794,"ppt_gs":414,"GDD_1":1153,"latitude":49.1005,"elev":null,"GI_area":null,"auv":null,"climate":null,"style":null,"_bbox":[-1.159570263752906,48.7515535208962,0.446278190332926,49.42986163745947]},"geometry":{"type":"Point","coordinates":[-0.82307,49.07746]},"tippecanoe":{"minzoom":4}}
,
{"type":"Feature","properties":{"_area":7465499502,"OBJECTID_1":25,"Name_rgn":"Cantal","official":1,"country":"France","class":"Indication géographique protégée","altname":null,"gen":1,"state":null,"color":5,"ppt_yr":838,"ppt_gs":519,"GDD_1":1075,"latitude":45.0521,"elev":null,"GI_area":null,"auv":null,"climate":null,"style":null,"_bbox":[2.06291429168015,44.61553167679652,3.371465534251978,45.48324812347068]},"geometry":{"type":"Point","coordinates":[2.58998,45.0477]},"tippecanoe":{"minzoom":4}}
,
{"type":"Feature","properties":{"_area":32183989719,"OBJECTID_1":26,"Name_rgn":"Cape South Coast","official":1,"country":"South Africa","class":"Region","altname":"Kaap-Suidkus","gen":1,"state":"Western Cape","color":5,"ppt_yr":467,"ppt_gs":229,"GDD_1":2058,"latitude":-34.2137,"elev":null,"GI_area":null,"auv":null,"climate":null,"style":null,"_bbox":[18.810508660955293,-34.8336007250347,23.6964548382519,-33.80028878094925]},"geometry":{"type":"Point","coordinates":[19.98863,-34.34066]},"tippecanoe":{"minzoom":4}}
,
{"type":"Feature","properties":{"_area":140597183589,"OBJECTID_1":27,"Name_rgn":"Catamarca","official":1,"country":"Argentina","class":"Indicación Geográfica","altname":null,"gen":3,"state":null,"color":2,"ppt_yr":205,"ppt_gs":188,"GDD_1":1232,"latitude":-27.354,"elev":null,"GI_area":null,"auv":null,"climate":null,"style":null,"_bbox":[-69.09526410594002,-30.11960248500165,-64.78096511770735,-25.168312800723676]},"geometry":{"type":"Point","coordinates":[-67.37155,-27.06452]},"tippecanoe":{"minzoom":3}}
,
{"type":"Feature","properties":{"_area":15342051663,"OBJECTID_1":28,"Name_rgn":"Čechy","official":1,"country":"Czechia","class":"Chráněné označení původu","altname":"Bohemia","gen":3,"state":null,"color":0,"ppt_yr":616,"ppt_gs":433,"GDD_1":1227,"latitude":50.3439,"elev":null,"GI_area":null,"auv":null,"climate":null,"style":null,"_bbox":[13.220280116381266,49.81582097092832,16.02413878906991,50.72193332131734]},"geometry":{"type":"Point","coordinates":[14.04277,50.27109]},"tippecanoe":{"minzoom":4}}
,
{"type":"Feature","properties":{"_area":45552612163,"OBJECTID_1":31,"Name_rgn":"Central Victoria","official":1,"country":"Australia","class":"Zone","altname":null,"gen":1,"state":"Victoria","color":1,"ppt_yr":613,"ppt_gs":300,"GDD_1":1781,"latitude":-36.6921,"elev":null,"GI_area":null,"auv":null,"climate":null,"style":"Shiraz, Cabernet Sauvignon, Durif, Sangiovese, Mataro/Mourvèdre","_bbox":[143.31519999967526,-37.62822899984552,146.64702999958755,-35.80199200055461]},"geometry":{"type":"Point","coordinates":[145.37953,-36.67498]},"tippecanoe":{"minzoom":3}}
,
{"type":"Feature","properties":{"_area":53414439003,"OBJECTID_1":32,"Name_rgn":"Central Western Australia","official":1,"country":"Australia","class":"Zone","altname":null,"gen":1,"state":"Western Australia","color":2,"ppt_yr":469,"ppt_gs":139,"GDD_1":2200,"latitude":-32.5967,"elev":null,"GI_area":null,"auv":null,"climate":null,"style":null,"_bbox":[115.87617900044714,-34.25787499972843,117.98884000009863,-30.162956999985592]},"geometry":{"type":"Point","coordinates":[116.965,-33.16596]},"tippecanoe":{"minzoom":3}}
,
{"type":"Feature","properties":{"_area":7226563507,"OBJECTID_1":33,"Name_rgn":"Charente","official":1,"country":"France","class":"Indication géographique protégée","altname":null,"gen":1,"state":null,"color":1,"ppt_yr":857,"ppt_gs":452,"GDD_1":1581,"latitude":45.72,"elev":null,"GI_area":null,"auv":null,"climate":null,"style":null,"_bbox":[-0.463153521747097,45.19163255568752,0.946994302154846,46.14073066187839]},"geometry":{"type":"Point","coordinates":[0.02344,45.61335]},"tippecanoe":{"minzoom":4}}
,
{"type":"Feature","properties":{"_area":10453677797,"OBJECTID_1":34,"Name_rgn":"Charente Maritime","official":1,"country":"France","class":"Indication géographique protégée","altname":"Charente-Maritime","gen":1,"state":null,"color":2,"ppt_yr":838,"ppt_gs":424,"GDD_1":1633,"latitude":45.7777,"elev":null,"GI_area":null,"auv":null,"climate":null,"style":null,"_bbox":[-1.562927526528971,45.08871976379897,0.006062958922969,46.37152343139055]},"geometry":{"type":"Point","coordinates":[-0.51689,45.70883]},"tippecanoe":{"minzoom":4}}
,
{"type":"Feature","properties":{"_area":9283415448,"OBJECTID_1":35,"Name_rgn":"Cher","official":1,"country":"France","class":"Indication géographique protégée","altname":null,"gen":1,"state":null,"color":3,"ppt_yr":713,"ppt_gs":427,"GDD_1":1440,"latitude":47.0679,"elev":null,"GI_area":null,"auv":null,"climate":null,"style":null,"_bbox":[1.774451450436739,46.42040537371083,3.079388127426792,47.62905507230296]},"geometry":{"type":"Point","coordinates":[2.42304,47.06427]},"tippecanoe":{"minzoom":4}}
,
{"type":"Feature","properties":{"_area":30359397200,"OBJECTID_1":36,"Name_rgn":"Coastal Region","official":1,"country":"South Africa","class":"Region","altname":"Kusstreek","gen":1,"state":"Western Cape","color":0,"ppt_yr":400,"ppt_gs":113,"GDD_1":2253,"latitude":-33.1363,"elev":null,"GI_area":null,"auv":null,"climate":null,"style":null,"_bbox":[17.756802625613904,-34.35898971594794,19.263788223594513,-31.15067697552861]},"geometry":{"type":"Point","coordinates":[18.59786,-33.21035]},"tippecanoe":{"minzoom":4}}
,
{"type":"Feature","properties":{"_area":24501240617,"OBJECTID_1":37,"Name_rgn":"Colinele Dobrogei","official":1,"country":"Romania","class":"Indicație geografică protejată","altname":null,"gen":1,"state":null,"color":4,"ppt_yr":442,"ppt_gs":274,"GDD_1":1828,"latitude":44.6905,"elev":null,"GI_area":null,"auv":null,"climate":null,"style":null,"_bbox":[27.271074000308285,43.733742999981835,29.720060999415836,45.46669800053196]},"geometry":{"type":"Point","coordinates":[28.48533,44.72292]},"tippecanoe":{"minzoom":4}}
,
{"type":"Feature","properties":{"_area":74813942085,"OBJECTID_1":38,"Name_rgn":"Columbia Valley","official":1,"country":"United States","class":"American Viticultural Area","altname":null,"gen":2,"state":"Oregon, Wahington","color":3,"ppt_yr":281,"ppt_gs":110,"GDD_1":1665,"latitude":46.5206,"elev":null,"GI_area":null,"auv":null,"climate":null,"style":null,"_bbox":[-121.30071908679557,45.21837770718131,-117.03973868507187,48.28875070348053]},"geometry":{"type":"Point","coordinates":[-119.30753,46.7888]},"tippecanoe":{"minzoom":3}}
,
{"type":"Feature","properties":{"_area":95094233490,"OBJECTID_1":39,"Name_rgn":"Comté Tolosan","official":1,"country":"France","class":"Indication géographique protégée","altname":null,"gen":1,"state":null,"color":4,"ppt_yr":942,"ppt_gs":522,"GDD_1":1570,"latitude":43.8852,"elev":null,"GI_area":null,"auv":null,"climate":null,"style":null,"_bbox":[-1.792352499801913,42.571975970791925,3.45158439247208,45.48324789925306]},"geometry":{"type":"Point","coordinates":[1.54218,43.88582]},"tippecanoe":{"minzoom":3}}
,
{"type":"Feature","properties":{"_area":57426061312,"OBJECTID_1":40,"Name_rgn":"Comtés Rhodaniens","official":1,"country":"France","class":"Indication géographique protégée","altname":null,"gen":1,"state":null,"color":0,"ppt_yr":1018,"ppt_gs":607,"GDD_1":1055,"latitude":45.4399,"elev":null,"GI_area":null,"auv":null,"climate":null,"style":null,"_bbox":[3.690693886329093,44.115650167524855,7.185628893914568,46.517770831838256]},"geometry":{"type":"Point","coordinates":[5.28175,45.32785]},"tippecanoe":{"minzoom":3}}
,
{"type":"Feature","properties":{"_area":43294343643,"OBJECTID_1":41,"Name_rgn":"Coquimbo","official":1,"country":"Chile","class":"Región","altname":"Región de Coquimbo","gen":1,"state":null,"color":5,"ppt_yr":140,"ppt_gs":24,"GDD_1":725,"latitude":-30.6393,"elev":null,"GI_area":null,"auv":null,"climate":null,"style":null,"_bbox":[-71.71907364745522,-32.28215550224895,-69.80898075640107,-29.3566523073842]},"geometry":{"type":"Point","coordinates":[-70.82465,-30.63041]},"tippecanoe":{"minzoom":3}}
,
{"type":"Feature","properties":{"_area":185508812486,"OBJECTID_1":42,"Name_rgn":"Córdoba Argentina","official":1,"country":"Argentina","class":"Indicación Geográfica","altname":"Córdoba","gen":3,"state":null,"color":3,"ppt_yr":736,"ppt_gs":639,"GDD_1":2331,"latitude":-32.1765,"elev":null,"GI_area":null,"auv":null,"climate":null,"style":null,"_bbox":[-65.7719837965914,-35.000134656059736,-61.77089342664777,-29.500422582265532]},"geometry":{"type":"Point","coordinates":[-63.79098,-31.68282]},"tippecanoe":{"minzoom":3}}
,
{"type":"Feature","properties":{"_area":15484303633,"OBJECTID_1":43,"Name_rgn":"Coteaux Champenois","official":1,"country":"France","class":"Appellation d'origine protégée","altname":null,"gen":1,"state":null,"color":5,"ppt_yr":661,"ppt_gs":392,"GDD_1":1297,"latitude":48.8769,"elev":null,"GI_area":null,"auv":null,"climate":null,"style":null,"_bbox":[3.137044259827889,47.92347405874772,4.899759995425338,49.45542891364428]},"geometry":{"type":"Point","coordinates":[4.17642,48.71376]},"tippecanoe":{"minzoom":4}}
,
{"type":"Feature","properties":{"_area":9168182062,"OBJECTID_1":44,"Name_rgn":"Crémant de Bordeaux","official":1,"country":"France","class":"Appellation d'origine protégée","altname":null,"gen":1,"state":null,"color":1,"ppt_yr":896,"ppt_gs":463,"GDD_1":1624,"latitude":44.8947,"elev":null,"GI_area":null,"auv":null,"climate":null,"style":null,"_bbox":[-1.169506555161715,44.32467043600747,0.315066655893507,45.57169754381922]},"geometry":{"type":"Point","coordinates":[-0.22754,44.76247]},"tippecanoe":{"minzoom":4}}
,
{"type":"Feature","properties":{"_area":16449470557,"OBJECTID_1":45,"Name_rgn":"Crémant de Loire","official":1,"country":"France","class":"Appellation d'origine protégée","altname":null,"gen":1,"state":null,"color":2,"ppt_yr":711,"ppt_gs":385,"GDD_1":1459,"latitude":47.297,"elev":null,"GI_area":null,"auv":null,"climate":null,"style":null,"_bbox":[-1.354202912048386,46.756037760427674,1.728064795564292,47.760971708369055]},"geometry":{"type":"Point","coordinates":[0.85734,47.24035]},"tippecanoe":{"minzoom":4}}
,
{"type":"Feature","properties":{"_area":5126630757,"OBJECTID_1":46,"Name_rgn":"Cumberland Valley","official":1,"country":"United States","class":"American Viticultural Area","altname":null,"gen":2,"state":null,"color":4,"ppt_yr":1061,"ppt_gs":676,"GDD_1":1910,"latitude":39.9227,"elev":null,"GI_area":null,"auv":null,"climate":null,"style":null,"_bbox":[-77.99113313968374,39.38548785654285,-76.85904224704726,40.32572727723548]},"geometry":{"type":"Point","coordinates":[-77.70511,39.76333]},"tippecanoe":{"minzoom":4}}
,
{"type":"Feature","properties":{"_area":15237400856,"OBJECTID_1":47,"Name_rgn":"Dealurile Crişanei","official":1,"country":"Romania","class":"Indicație geografică protejată","altname":null,"gen":1,"state":null,"color":5,"ppt_yr":665,"ppt_gs":440,"GDD_1":1467,"latitude":47.0292,"elev":null,"GI_area":null,"auv":null,"climate":null,"style":null,"_bbox":[21.427059000202753,46.38361899979659,23.841858999595512,47.608488999535]},"geometry":{"type":"Point","coordinates":[22.50061,46.97512]},"tippecanoe":{"minzoom":4}}
,
{"type":"Feature","properties":{"_area":40937292080,"OBJECTID_1":48,"Name_rgn":"Dealurile Moldovei","official":1,"country":"Romania","class":"Indicație geografică protejată","altname":null,"gen":1,"state":null,"color":0,"ppt_yr":532,"ppt_gs":385,"GDD_1":1474,"latitude":46.8198,"elev":null,"GI_area":null,"auv":null,"climate":null,"style":null,"_bbox":[25.65836800048127,45.390198999422935,28.261021999663107,48.26484900019762]},"geometry":{"type":"Point","coordinates":[26.71379,47.07214]},"tippecanoe":{"minzoom":3}}
,
{"type":"Feature","properties":{"_area":28247551698,"OBJECTID_1":49,"Name_rgn":"Dealurile Munteniei","official":1,"country":"Romania","class":"Indicație geografică protejată","altname":null,"gen":1,"state":null,"color":1,"ppt_yr":612,"ppt_gs":437,"GDD_1":1487,"latitude":45.0849,"elev":null,"GI_area":null,"auv":null,"climate":null,"style":null,"_bbox":[24.427533000036973,44.37491700043664,27.441287000430506,45.801674999909274]},"geometry":{"type":"Point","coordinates":[25.18828,45.03535]},"tippecanoe":{"minzoom":4}}
,
{"type":"Feature","properties":{"_area":34806226721,"OBJECTID_1":50,"Name_rgn":"Dealurile Olteniei","official":1,"country":"Romania","class":"Indicație geografică protejată","altname":null,"gen":1,"state":null,"color":0,"ppt_yr":673,"ppt_gs":444,"GDD_1":1705,"latitude":44.6004,"elev":null,"GI_area":null,"auv":null,"climate":null,"style":null,"_bbox":[22.00260999979348,43.68232199932495,24.854220000323473,45.59067200020408]},"geometry":{"type":"Point","coordinates":[23.83315,44.61739]},"tippecanoe":{"minzoom":4}}
,
{"type":"Feature","properties":{"_area":13257600635,"OBJECTID_1":51,"Name_rgn":"Dealurile Sătmarului","official":1,"country":"Romania","class":"Indicație geografică protejată","altname":null,"gen":1,"state":null,"color":3,"ppt_yr":835,"ppt_gs":544,"GDD_1":1244,"latitude":47.6868,"elev":null,"GI_area":null,"auv":null,"climate":null,"style":null,"_bbox":[22.186127000764504,47.32265799979666,25.055368000017232,48.120111000607224]},"geometry":{"type":"Point","coordinates":[23.2285,47.72255]},"tippecanoe":{"minzoom":4}}
,
{"type":"Feature","properties":{"_area":44455692296,"OBJECTID_1":52,"Name_rgn":"Dealurile Transilvaniei","official":1,"country":"Romania","class":"Indicație geografică protejată","altname":null,"gen":1,"state":null,"color":4,"ppt_yr":713,"ppt_gs":513,"GDD_1":1137,"latitude":46.4038,"elev":null,"GI_area":null,"auv":null,"climate":null,"style":null,"_bbox":[22.337472000458067,45.22358800013628,25.310144000139886,47.60952500004136]},"geometry":{"type":"Point","coordinates":[24.14265,46.47539]},"tippecanoe":{"minzoom":3}}
,
{"type":"Feature","properties":{"_area":6162423581,"OBJECTID_1":53,"Name_rgn":"Dealurile Vrancei","official":1,"country":"Romania","class":"Indicație geografică protejată","altname":null,"gen":1,"state":null,"color":5,"ppt_yr":534,"ppt_gs":384,"GDD_1":1483,"latitude":45.7874,"elev":null,"GI_area":null,"auv":null,"climate":null,"style":null,"_bbox":[26.371570999652693,45.36668400001464,27.55270300055429,46.20681800029626]},"geometry":{"type":"Point","coordinates":[27.1473,45.80603]},"tippecanoe":{"minzoom":4}}
,
{"type":"Feature","properties":{"_area":9644305525,"OBJECTID_1":54,"Name_rgn":"Dealurile Zarandului","official":1,"country":"Romania","class":"Indicație geografică protejată","altname":null,"gen":1,"state":null,"color":0,"ppt_yr":636,"ppt_gs":431,"GDD_1":1627,"latitude":46.2727,"elev":null,"GI_area":null,"auv":null,"climate":null,"style":null,"_bbox":[20.70298400016806,45.90661600005641,22.7464360001636,46.68044799977591]},"geometry":{"type":"Point","coordinates":[21.83124,46.29278]},"tippecanoe":{"minzoom":4}}
,
{"type":"Feature","properties":{"_area":10736357845,"OBJECTID_1":55,"Name_rgn":"Dordogne","official":1,"country":"France","class":"Indication géographique protégée","altname":null,"gen":1,"state":null,"color":3,"ppt_yr":921,"ppt_gs":500,"GDD_1":1623,"latitude":45.1066,"elev":null,"GI_area":null,"auv":null,"climate":null,"style":null,"_bbox":[-0.041993294855069,44.57068247089145,1.448261543878175,45.714569990095896]},"geometry":{"type":"Point","coordinates":[0.74722,45.13983]},"tippecanoe":{"minzoom":4}}
,
{"type":"Feature","properties":{"_area":6672957881,"OBJECTID_1":56,"Name_rgn":"Doubs","official":1,"country":"France","class":"Indication géographique protégée","altname":null,"gen":1,"state":null,"color":4,"ppt_yr":1191,"ppt_gs":700,"GDD_1":1064,"latitude":47.1671,"elev":null,"GI_area":null,"auv":null,"climate":null,"style":null,"_bbox":[5.698721223743986,46.55357214288071,7.062207100461379,47.57990572718633]},"geometry":{"type":"Point","coordinates":[6.19134,47.0492]},"tippecanoe":{"minzoom":4}}
,
{"type":"Feature","properties":{"_area":9185825632,"OBJECTID_1":57,"Name_rgn":"Drôme","official":1,"country":"France","class":"Indication géographique protégée","altname":null,"gen":1,"state":null,"color":0,"ppt_yr":950,"ppt_gs":577,"GDD_1":1589,"latitude":44.6874,"elev":null,"GI_area":null,"auv":null,"climate":null,"style":null,"_bbox":[4.6468274595383,44.115380016707405,5.830440979157059,45.344049262011445]},"geometry":{"type":"Point","coordinates":[5.19644,44.665]},"tippecanoe":{"minzoom":4}}
,
{"type":"Feature","properties":{"_area":2704438260877,"OBJECTID_1":58,"Name_rgn":"Eastern Plains - Inland and North of Western Australia","official":1,"country":"Australia","class":"Zone","altname":null,"gen":1,"state":"Western Australia","color":3,"ppt_yr":355,"ppt_gs":283,"GDD_1":3690,"latitude":-25.1386,"elev":null,"GI_area":null,"auv":null,"climate":null,"style":"Shiraz, Chardonnay","_bbox":[112.921125000866,-33.804710000613724,129.00186199978307,-13.689477999962989]},"geometry":{"type":"Point","coordinates":[121.35605,-25.70742]},"tippecanoe":{"minzoom":3}}
,
{"type":"Feature","properties":{"_area":897021140025,"OBJECTID_1":59,"Name_rgn":"Far North","official":1,"country":"Australia","class":"Zone","altname":null,"gen":1,"state":"South Australia","color":4,"ppt_yr":184,"ppt_gs":116,"GDD_1":3184,"latitude":-29.4237,"elev":null,"GI_area":null,"auv":null,"climate":"hot, arid desert","style":null,"_bbox":[129.00184699971445,-33.33328399952375,141.00228500010746,-25.996378000174104]},"geometry":{"type":"Point","coordinates":[135.4409,-29.66528]},"tippecanoe":{"minzoom":3}}
,
{"type":"Feature","properties":{"_area":9834499222,"OBJECTID_1":60,"Name_rgn":"Finger Lakes","official":1,"country":"United States","class":"American Viticultural Area","altname":null,"gen":2,"state":"New York","color":5,"ppt_yr":959,"ppt_gs":637,"GDD_1":1397,"latitude":42.7061,"elev":null,"GI_area":null,"auv":null,"climate":null,"style":null,"_bbox":[-77.83582181390607,42.2720284364602,-76.1095322717012,43.11770162693253]},"geometry":{"type":"Point","coordinates":[-77.06035,42.68413]},"tippecanoe":{"minzoom":4}}
,
{"type":"Feature","properties":{"_area":5060352546,"OBJECTID_1":63,"Name_rgn":"Funen","official":1,"country":"Denmark","class":"Protected geographical indication","altname":"Fyn","gen":3,"state":null,"color":2,"ppt_yr":643,"ppt_gs":398,"GDD_1":904,"latitude":55.2726,"elev":null,"GI_area":null,"auv":null,"climate":null,"style":null,"_bbox":[9.677311000286165,54.722400499172764,10.955949999491864,55.623061500174494]},"geometry":{"type":"Point","coordinates":[10.45176,55.24178]},"tippecanoe":{"minzoom":4}}
,
{"type":"Feature","properties":{"_area":840133598411,"OBJECTID_1":64,"Name_rgn":"Gansu","official":6,"country":"China","class":"Region","altname":"甘肃","gen":4,"state":null,"color":4,"ppt_yr":308,"ppt_gs":286,"GDD_1":1051,"latitude":37.9632,"elev":null,"GI_area":null,"auv":null,"climate":null,"style":null,"_bbox":[92.76449832560665,32.59434153894561,108.70533409977833,42.787061492682376]},"geometry":{"type":"Point","coordinates":[103.08226,36.19701]},"tippecanoe":{"minzoom":3}}
,
{"type":"Feature","properties":{"_area":8796034782,"OBJECTID_1":65,"Name_rgn":"Gard","official":1,"country":"France","class":"Indication géographique protégée","altname":null,"gen":1,"state":null,"color":5,"ppt_yr":760,"ppt_gs":447,"GDD_1":1908,"latitude":43.9945,"elev":null,"GI_area":null,"auv":null,"climate":null,"style":null,"_bbox":[3.262454333126947,43.460185432325176,4.845553900365057,44.45979755528358]},"geometry":{"type":"Point","coordinates":[4.20105,43.9556]},"tippecanoe":{"minzoom":4}}
,
{"type":"Feature","properties":{"_area":35420180057,"OBJECTID_1":67,"Name_rgn":"German Switzerland","official":6,"country":"Switzerland","class":"Region","altname":"Deutschschweiz","gen":1,"state":null,"color":1,"ppt_yr":1274,"ppt_gs":828,"GDD_1":553,"latitude":46.9895,"elev":null,"GI_area":null,"auv":null,"climate":null,"style":null,"_bbox":[7.025030888687056,46.216962537526655,10.49261517827779,47.80851201340821]},"geometry":{"type":"Point","coordinates":[8.58355,47.03411]},"tippecanoe":{"minzoom":4}}
,
{"type":"Feature","properties":{"_area":7563800987,"OBJECTID_1":68,"Name_rgn":"Gers","official":1,"country":"France","class":"Indication géographique protégée","altname":null,"gen":1,"state":null,"color":1,"ppt_yr":1044,"ppt_gs":573,"GDD_1":1717,"latitude":43.6937,"elev":null,"GI_area":null,"auv":null,"climate":null,"style":null,"_bbox":[-0.282111074854941,43.31088326509755,1.20272015480773,44.080116247835285]},"geometry":{"type":"Point","coordinates":[0.60807,43.69475]},"tippecanoe":{"minzoom":4}}
,
{"type":"Feature","properties":{"_area":60031787876,"OBJECTID_1":69,"Name_rgn":"Gippsland","official":1,"country":"Australia","class":"Zone","altname":null,"gen":1,"state":"Victoria","color":0,"ppt_yr":828,"ppt_gs":468,"GDD_1":1359,"latitude":-37.7281,"elev":null,"GI_area":null,"auv":null,"climate":"fully humid, warm summer, warm temperate","style":null,"_bbox":[145.1170699998937,-39.13665900015891,149.97650399968242,-36.60863800066858]},"geometry":{"type":"Point","coordinates":[147.62596,-37.60047]},"tippecanoe":{"minzoom":3}}
,
{"type":"Feature","properties":{"_area":27175531308,"OBJECTID_1":70,"Name_rgn":"Greater Perth","official":1,"country":"Australia","class":"Zone","altname":null,"gen":1,"state":"Western Australia","color":4,"ppt_yr":669,"ppt_gs":155,"GDD_1":2435,"latitude":-31.4341,"elev":null,"GI_area":null,"auv":null,"climate":"hot summer, warm temperate","style":null,"_bbox":[114.99190200008978,-32.94288299970101,116.41515399999523,-30.074509999621192]},"geometry":{"type":"Point","coordinates":[115.75704,-31.26181]},"tippecanoe":{"minzoom":4}}
,
{"type":"Feature","properties":{"_area":7695661715,"OBJECTID_1":71,"Name_rgn":"Haute-Marne","official":1,"country":"France","class":"Indication géographique protégée","altname":null,"gen":1,"state":null,"color":2,"ppt_yr":802,"ppt_gs":466,"GDD_1":1249,"latitude":48.1124,"elev":null,"GI_area":null,"auv":null,"climate":null,"style":null,"_bbox":[4.626829629112237,47.57655070883748,5.890864474198895,48.68930286353567]},"geometry":{"type":"Point","coordinates":[5.23482,48.05088]},"tippecanoe":{"minzoom":4}}
,
{"type":"Feature","properties":{"_area":7088489586,"OBJECTID_1":72,"Name_rgn":"Haute-Vienne","official":1,"country":"France","class":"Indication géographique protégée","altname":null,"gen":1,"state":null,"color":3,"ppt_yr":958,"ppt_gs":536,"GDD_1":1438,"latitude":45.8937,"elev":null,"GI_area":null,"auv":null,"climate":null,"style":null,"_bbox":[0.62974246378995,45.43642705735662,1.911258568323031,46.401598383754774]},"geometry":{"type":"Point","coordinates":[1.19197,45.92797]},"tippecanoe":{"minzoom":4}}
,
{"type":"Feature","properties":{"_area":9849980635,"OBJECTID_1":73,"Name_rgn":"Haute Garonne","official":1,"country":"France","class":"Indication géographique protégée","altname":"Haute-Garonne","gen":1,"state":null,"color":4,"ppt_yr":851,"ppt_gs":490,"GDD_1":1622,"latitude":43.3607,"elev":null,"GI_area":null,"auv":null,"climate":null,"style":null,"_bbox":[0.441704831288809,42.6894536650312,2.048289974874524,43.921354787655694]},"geometry":{"type":"Point","coordinates":[1.18999,43.42811]},"tippecanoe":{"minzoom":4}}
,
{"type":"Feature","properties":{"_area":6421864166,"OBJECTID_1":74,"Name_rgn":"Haute Saône","official":1,"country":"France","class":"Indication géographique protégée","altname":"Haute-Saône","gen":1,"state":null,"color":0,"ppt_yr":1001,"ppt_gs":581,"GDD_1":1328,"latitude":47.6421,"elev":null,"GI_area":null,"auv":null,"climate":null,"style":null,"_bbox":[5.367060176456563,47.25252846659752,6.824938332774962,48.02408441758925]},"geometry":{"type":"Point","coordinates":[6.08889,47.68502]},"tippecanoe":{"minzoom":4}}
,
{"type":"Feature","properties":{"_area":8056682536,"OBJECTID_1":75,"Name_rgn":"Hautes-Alpes","official":1,"country":"France","class":"Indication géographique protégée","altname":null,"gen":1,"state":null,"color":5,"ppt_yr":1081,"ppt_gs":586,"GDD_1":573,"latitude":44.6648,"elev":null,"GI_area":null,"auv":null,"climate":null,"style":null,"_bbox":[5.418397418113664,44.18648337198115,7.077144619382351,45.12684791419131]},"geometry":{"type":"Point","coordinates":[6.37942,44.75263]},"tippecanoe":{"minzoom":4}}
,
{"type":"Feature","properties":{"_area":271238650434,"OBJECTID_1":76,"Name_rgn":"Hebei","official":6,"country":"China","class":"Region","altname":"河北省","gen":4,"state":null,"color":0,"ppt_yr":469,"ppt_gs":437,"GDD_1":1985,"latitude":39.608,"elev":null,"GI_area":null,"auv":null,"climate":null,"style":null,"_bbox":[113.43837853382493,36.05655915032751,119.85018964896466,42.62145559293054]},"geometry":{"type":"Point","coordinates":[116.14571,39.92697]},"tippecanoe":{"minzoom":3}}
,
{"type":"Feature","properties":{"_area":7971099963,"OBJECTID_1":79,"Name_rgn":"Indre","official":1,"country":"France","class":"Indication géographique protégée","altname":null,"gen":1,"state":null,"color":1,"ppt_yr":742,"ppt_gs":433,"GDD_1":1489,"latitude":46.7796,"elev":null,"GI_area":null,"auv":null,"climate":null,"style":null,"_bbox":[0.867468879994526,46.34713752805591,2.20463473602979,47.27729983748657]},"geometry":{"type":"Point","coordinates":[1.62641,46.81903]},"tippecanoe":{"minzoom":4}}
,
{"type":"Feature","properties":{"_area":7381611341,"OBJECTID_1":80,"Name_rgn":"Indre et Loire","official":1,"country":"France","class":"Indication géographique protégée","altname":"Indre-Et-Loire","gen":1,"state":null,"color":2,"ppt_yr":692,"ppt_gs":381,"GDD_1":1464,"latitude":47.2597,"elev":null,"GI_area":null,"auv":null,"climate":null,"style":null,"_bbox":[0.052969733853256,46.73662104218572,1.365886936029595,47.70970720918567]},"geometry":{"type":"Point","coordinates":[0.74572,47.25642]},"tippecanoe":{"minzoom":4}}
,
{"type":"Feature","properties":{"_area":10376142310,"OBJECTID_1":81,"Name_rgn":"Isère","official":1,"country":"France","class":"Indication géographique protégée","altname":null,"gen":1,"state":null,"color":3,"ppt_yr":1059,"ppt_gs":621,"GDD_1":1138,"latitude":45.2658,"elev":null,"GI_area":null,"auv":null,"climate":null,"style":null,"_bbox":[4.742106985382457,44.6958960833342,6.359304565223354,45.88370951793699]},"geometry":{"type":"Point","coordinates":[5.67995,45.18483]},"tippecanoe":{"minzoom":4}}
,
{"type":"Feature","properties":{"_area":265617715358,"OBJECTID_1":82,"Name_rgn":"Jilin","official":6,"country":"China","class":"Region","altname":"吉林省","gen":4,"state":null,"color":5,"ppt_yr":613,"ppt_gs":564,"GDD_1":1448,"latitude":43.7111,"elev":null,"GI_area":null,"auv":null,"climate":null,"style":null,"_bbox":[121.64950524296025,40.85919462496381,131.28183638604153,46.29345368129109]},"geometry":{"type":"Point","coordinates":[126.35208,43.17234]},"tippecanoe":{"minzoom":3}}
,
{"type":"Feature","properties":{"_area":70038167164,"OBJECTID_1":83,"Name_rgn":"Jujuy","official":1,"country":"Argentina","class":"Indicación Geográfica","altname":null,"gen":3,"state":null,"color":4,"ppt_yr":316,"ppt_gs":303,"GDD_1":1258,"latitude":-23.3249,"elev":null,"GI_area":null,"auv":null,"climate":null,"style":null,"_bbox":[-67.21304744103361,-24.613357167401333,-64.1507696407061,-21.78085676382324]},"geometry":{"type":"Point","coordinates":[-65.92127,-23.12242]},"tippecanoe":{"minzoom":3}}
,
{"type":"Feature","properties":{"_area":49410991543,"OBJECTID_1":84,"Name_rgn":"Jutland","official":1,"country":"Denmark","class":"Protected geographical indication","altname":"Jylland","gen":3,"state":null,"color":3,"ppt_yr":793,"ppt_gs":485,"GDD_1":824,"latitude":56.2407,"elev":null,"GI_area":null,"auv":null,"climate":null,"style":null,"_bbox":[8.07480049984487,54.80014799998972,11.660579999512876,57.75176299918239]},"geometry":{"type":"Point","coordinates":[9.43423,56.07455]},"tippecanoe":{"minzoom":3}}
,
{"type":"Feature","properties":{"_area":20439171369,"OBJECTID_1":85,"Name_rgn":"Klein Karoo","official":1,"country":"South Africa","class":"Region","altname":null,"gen":1,"state":"Western Cape","color":1,"ppt_yr":327,"ppt_gs":197,"GDD_1":2030,"latitude":-33.6552,"elev":null,"GI_area":null,"auv":null,"climate":null,"style":null,"_bbox":[19.603345870962823,-33.98039966675199,23.61771202028231,-33.3152580260425]},"geometry":{"type":"Point","coordinates":[22.2126,-33.63029]},"tippecanoe":{"minzoom":4}}
,
{"type":"Feature","properties":{"_area":114927990123,"OBJECTID_1":86,"Name_rgn":"La Rioja Argentina","official":1,"country":"Argentina","class":"Indicación Geográfica","altname":"La Rioja","gen":3,"state":null,"color":5,"ppt_yr":280,"ppt_gs":254,"GDD_1":2067,"latitude":-29.7012,"elev":null,"GI_area":null,"auv":null,"climate":null,"style":null,"_bbox":[-69.63497275598742,-31.997690049763005,-65.42298521581145,-27.709777832178077]},"geometry":{"type":"Point","coordinates":[-67.32486,-29.44592]},"tippecanoe":{"minzoom":3}}
,
{"type":"Feature","properties":{"_area":30801573414,"OBJECTID_1":87,"Name_rgn":"Lake Erie","official":1,"country":"United States","class":"American Viticultural Area","altname":null,"gen":2,"state":"Ohio, Pennsylvania, New York","color":0,"ppt_yr":997,"ppt_gs":642,"GDD_1":1626,"latitude":41.7076,"elev":null,"GI_area":null,"auv":null,"climate":null,"style":null,"_bbox":[-83.74923377356421,41.17793850546681,-78.64497412818744,42.8783365528883]},"geometry":{"type":"Point","coordinates":[-81.76737,41.73173]},"tippecanoe":{"minzoom":4}}
,
{"type":"Feature","properties":{"_area":6284757676,"OBJECTID_1":88,"Name_rgn":"Lake Michigan Shore","official":1,"country":"United States","class":"American Viticultural Area","altname":null,"gen":2,"state":"Michigan","color":1,"ppt_yr":996,"ppt_gs":666,"GDD_1":1612,"latitude":42.1641,"elev":null,"GI_area":null,"auv":null,"climate":null,"style":null,"_bbox":[-86.82489305802702,41.75949488984466,-85.5734841761925,42.67697830281115]},"geometry":{"type":"Point","coordinates":[-86.06376,42.24556]},"tippecanoe":{"minzoom":4}}
,
{"type":"Feature","properties":{"_area":10956567302,"OBJECTID_1":89,"Name_rgn":"Landes","official":1,"country":"France","class":"Indication géographique protégée","altname":null,"gen":1,"state":null,"color":4,"ppt_yr":1075,"ppt_gs":539,"GDD_1":1683,"latitude":43.9673,"elev":null,"GI_area":null,"auv":null,"climate":null,"style":null,"_bbox":[-1.524866548439658,43.48758733992884,0.136731216533004,44.53219457200933]},"geometry":{"type":"Point","coordinates":[-0.88066,43.99816]},"tippecanoe":{"minzoom":4}}
,
{"type":"Feature","properties":{"_area":19116353202,"OBJECTID_1":90,"Name_rgn":"Languedoc","official":1,"country":"France","class":"Appellation d'origine protégée","altname":null,"gen":1,"state":null,"color":0,"ppt_yr":633,"ppt_gs":348,"GDD_1":1945,"latitude":43.2287,"elev":null,"GI_area":null,"auv":null,"climate":null,"style":null,"_bbox":[2.064153611039385,42.40470426795288,4.449629160807594,43.99459856072322]},"geometry":{"type":"Point","coordinates":[2.89908,43.00984]},"tippecanoe":{"minzoom":4}}
,
{"type":"Feature","properties":{"_area":201674853963,"OBJECTID_1":91,"Name_rgn":"Liaoning","official":6,"country":"China","class":"Region","altname":"辽宁省","gen":4,"state":null,"color":1,"ppt_yr":649,"ppt_gs":600,"GDD_1":1800,"latitude":41.3218,"elev":null,"GI_area":null,"auv":null,"climate":null,"style":null,"_bbox":[118.8475574081536,38.72093333497935,125.76889204245248,43.47228221306738]},"geometry":{"type":"Point","coordinates":[121.62459,40.92725]},"tippecanoe":{"minzoom":3}}
,
{"type":"Feature","properties":{"_area":2598885450,"OBJECTID_1":93,"Name_rgn":"Lodi","official":1,"country":"United States","class":"American Viticultural Area","altname":null,"gen":2,"state":"California","color":2,"ppt_yr":463,"ppt_gs":78,"GDD_1":2381,"latitude":38.2335,"elev":null,"GI_area":null,"auv":null,"climate":null,"style":null,"_bbox":[-121.499033115567,37.92967105816696,-120.92626201011514,38.573175785419345]},"geometry":{"type":"Point","coordinates":[-121.22495,38.2485]},"tippecanoe":{"minzoom":5}}
,
{"type":"Feature","properties":{"_area":8826115992,"OBJECTID_1":94,"Name_rgn":"Loir-Et-Cher","official":1,"country":"France","class":"Indication géographique protégée","altname":null,"gen":1,"state":null,"color":5,"ppt_yr":672,"ppt_gs":382,"GDD_1":1421,"latitude":47.6182,"elev":null,"GI_area":null,"auv":null,"climate":null,"style":null,"_bbox":[0.580315474313197,47.186225424621725,2.24789448834884,48.13308221635196]},"geometry":{"type":"Point","coordinates":[1.41806,47.60232]},"tippecanoe":{"minzoom":4}}
,
{"type":"Feature","properties":{"_area":8721403394,"OBJECTID_1":95,"Name_rgn":"Loire-Atlantique","official":1,"country":"France","class":"Indication géographique protégée","altname":null,"gen":1,"state":null,"color":1,"ppt_yr":806,"ppt_gs":409,"GDD_1":1413,"latitude":47.3643,"elev":null,"GI_area":null,"auv":null,"climate":null,"style":null,"_bbox":[-2.624485244390418,46.86007983428277,-0.94580723150739,47.83590554135461]},"geometry":{"type":"Point","coordinates":[-1.60339,47.32846]},"tippecanoe":{"minzoom":4}}
,
{"type":"Feature","properties":{"_area":8422377075,"OBJECTID_1":96,"Name_rgn":"Loiret","official":1,"country":"France","class":"Indication géographique protégée","altname":null,"gen":1,"state":null,"color":2,"ppt_yr":648,"ppt_gs":380,"GDD_1":1386,"latitude":47.9128,"elev":null,"GI_area":null,"auv":null,"climate":null,"style":null,"_bbox":[1.512549540068286,47.48296754847953,3.128573998301524,48.344944155786195]},"geometry":{"type":"Point","coordinates":[2.30971,47.94173]},"tippecanoe":{"minzoom":4}}
,
{"type":"Feature","properties":{"_area":7584635280,"OBJECTID_1":97,"Name_rgn":"Long Island","official":1,"country":"United States","class":"American Viticultural Area","altname":null,"gen":2,"state":"New York","color":3,"ppt_yr":1151,"ppt_gs":432,"GDD_1":1793,"latitude":40.9078,"elev":null,"GI_area":null,"auv":null,"climate":null,"style":null,"_bbox":[-73.78019438260202,40.52051323687474,-71.77749175154153,41.310395443324985]},"geometry":{"type":"Point","coordinates":[-73.31969,40.77892]},"tippecanoe":{"minzoom":4}}
,
{"type":"Feature","properties":{"_area":6312040406,"OBJECTID_1":98,"Name_rgn":"Lot","official":1,"country":"France","class":"Indication géographique protégée","altname":null,"gen":1,"state":null,"color":3,"ppt_yr":808,"ppt_gs":476,"GDD_1":1598,"latitude":44.6256,"elev":null,"GI_area":null,"auv":null,"climate":null,"style":null,"_bbox":[0.981519643338191,44.20333536433381,2.211213407875872,45.04670634158193]},"geometry":{"type":"Point","coordinates":[1.60375,44.65096]},"tippecanoe":{"minzoom":4}}
,
{"type":"Feature","properties":{"_area":47586109492,"OBJECTID_1":99,"Name_rgn":"Lower Murray","official":1,"country":"Australia","class":"Zone","altname":null,"gen":1,"state":"South Australia","color":1,"ppt_yr":294,"ppt_gs":147,"GDD_1":2231,"latitude":-34.6138,"elev":null,"GI_area":null,"auv":null,"climate":"cold, arid steppe","style":"Shiraz, Chardonnay, Cabernet Sauvignon, Sauvignon Blanc, Merlot","_bbox":[138.8801260006677,-35.81575800060742,141.00278100040006,-33.32226999985365]},"geometry":{"type":"Point","coordinates":[140.01867,-34.84616]},"tippecanoe":{"minzoom":3}}
,
{"type":"Feature","properties":{"_area":8926039825,"OBJECTID_1":100,"Name_rgn":"Maine-Et-Loire","official":1,"country":"France","class":"Indication géographique protégée","altname":null,"gen":1,"state":null,"color":4,"ppt_yr":751,"ppt_gs":393,"GDD_1":1425,"latitude":47.391,"elev":null,"GI_area":null,"auv":null,"climate":null,"style":null,"_bbox":[-1.354202912048386,46.96868197199743,0.234568578367768,47.81005458737974]},"geometry":{"type":"Point","coordinates":[-0.84272,47.38485]},"tippecanoe":{"minzoom":4}}
,
{"type":"Feature","properties":{"_area":93379020641,"OBJECTID_1":101,"Name_rgn":"Méditerranée","official":1,"country":"France","class":"Indication géographique protégée","altname":null,"gen":1,"state":null,"color":0,"ppt_yr":816,"ppt_gs":432,"GDD_1":1837,"latitude":43.5953,"elev":null,"GI_area":null,"auv":null,"climate":null,"style":null,"_bbox":[4.230283705434049,41.36317457183187,9.55972081004441,45.126848000387646]},"geometry":{"type":"Point","coordinates":[6.35057,43.84825]},"tippecanoe":{"minzoom":3}}
,
{"type":"Feature","properties":{"_area":179406040309,"OBJECTID_1":102,"Name_rgn":"Mendoza","official":1,"country":"Argentina","class":"Indicación Geográfica","altname":null,"gen":3,"state":null,"color":0,"ppt_yr":325,"ppt_gs":196,"GDD_1":1561,"latitude":-34.6621,"elev":null,"GI_area":null,"auv":null,"climate":null,"style":null,"_bbox":[-70.58368569428252,-37.575250557891785,-66.47857720031146,-31.999384766817307]},"geometry":{"type":"Point","coordinates":[-68.52211,-35.04063]},"tippecanoe":{"minzoom":3}}
,
{"type":"Feature","properties":{"_area":7289800725,"OBJECTID_1":104,"Name_rgn":"Morava","official":1,"country":"Czechia","class":"Chráněné označení původu","altname":"Moravia","gen":3,"state":null,"color":5,"ppt_yr":595,"ppt_gs":439,"GDD_1":1421,"latitude":48.9471,"elev":null,"GI_area":null,"auv":null,"climate":null,"style":null,"_bbox":[15.800285946028419,48.616673661022176,17.682727991053138,49.277169789737094]},"geometry":{"type":"Point","coordinates":[16.90133,48.93596]},"tippecanoe":{"minzoom":4}}
,
{"type":"Feature","properties":{"_area":117327584745,"OBJECTID_1":107,"Name_rgn":"Neuquén","official":1,"country":"Argentina","class":"Indicación Geográfica","altname":null,"gen":3,"state":null,"color":1,"ppt_yr":454,"ppt_gs":159,"GDD_1":1323,"latitude":-38.6684,"elev":null,"GI_area":null,"auv":null,"climate":null,"style":null,"_bbox":[-71.96568587505674,-41.10058593809808,-67.99808848530398,-36.109908331770995]},"geometry":{"type":"Point","coordinates":[-69.88744,-38.37432]},"tippecanoe":{"minzoom":3}}
,
{"type":"Feature","properties":{"_area":8353168329,"OBJECTID_1":108,"Name_rgn":"Nièvre","official":1,"country":"France","class":"Indication géographique protégée","altname":null,"gen":1,"state":null,"color":5,"ppt_yr":775,"ppt_gs":464,"GDD_1":1328,"latitude":47.1171,"elev":null,"GI_area":null,"auv":null,"climate":null,"style":null,"_bbox":[2.845187160334535,46.65066633342037,4.232005889021433,47.58814656988594]},"geometry":{"type":"Point","coordinates":[3.41143,47.11254]},"tippecanoe":{"minzoom":4}}
,
{"type":"Feature","properties":{"_area":79473174962,"OBJECTID_1":109,"Name_rgn":"Ningxia Hui","official":6,"country":"China","class":"Region","altname":"宁夏回族","gen":4,"state":null,"color":2,"ppt_yr":302,"ppt_gs":279,"GDD_1":1508,"latitude":37.2854,"elev":null,"GI_area":null,"auv":null,"climate":null,"style":null,"_bbox":[104.35851932231407,35.25531606654994,107.6616768734284,39.37299754502826]},"geometry":{"type":"Point","coordinates":[106.04155,37.22544]},"tippecanoe":{"minzoom":3}}
,
{"type":"Feature","properties":{"_area":14966320517,"OBJECTID_1":110,"Name_rgn":"North Coast","official":1,"country":"United States","class":"American Viticultural Area","altname":null,"gen":2,"state":"California","color":4,"ppt_yr":1018,"ppt_gs":171,"GDD_1":1665,"latitude":38.7869,"elev":null,"GI_area":null,"auv":null,"climate":null,"style":null,"_bbox":[-123.8278180008789,37.92413868225453,-122.04435721350717,39.59514924996662]},"geometry":{"type":"Point","coordinates":[-123.29992,39.11294]},"tippecanoe":{"minzoom":4}}
,
{"type":"Feature","properties":{"_area":25480810999,"OBJECTID_1":111,"Name_rgn":"North East Victoria","official":1,"country":"Australia","class":"Zone","altname":null,"gen":1,"state":"Victoria","color":2,"ppt_yr":914,"ppt_gs":444,"GDD_1":1573,"latitude":-36.5183,"elev":null,"GI_area":null,"auv":null,"climate":null,"style":"Malbec","_bbox":[145.7754910003644,-37.28367099981096,148.220674999683,-35.928531999837766]},"geometry":{"type":"Point","coordinates":[147.17893,-36.5975]},"tippecanoe":{"minzoom":4}}
,
{"type":"Feature","properties":{"_area":69394855471,"OBJECTID_1":112,"Name_rgn":"North West Victoria","official":1,"country":"Australia","class":"Zone","altname":null,"gen":1,"state":"Victoria","color":3,"ppt_yr":324,"ppt_gs":164,"GDD_1":2158,"latitude":-35.5321,"elev":null,"GI_area":null,"auv":null,"climate":"cold, arid steppe","style":"Sauvignon Blanc","_bbox":[140.9616890005409,-36.7627639997872,144.41813900007006,-33.98063400062251]},"geometry":{"type":"Point","coordinates":[142.18091,-35.5449]},"tippecanoe":{"minzoom":3}}
,
{"type":"Feature","properties":{"_area":104093655832,"OBJECTID_1":115,"Name_rgn":"Ohio River Valley","official":1,"country":"United States","class":"American Viticultural Area","altname":null,"gen":2,"state":null,"color":0,"ppt_yr":1170,"ppt_gs":711,"GDD_1":2032,"latitude":38.8,"elev":null,"GI_area":null,"auv":null,"climate":null,"style":null,"_bbox":[-88.09789753541146,37.60922383269612,-80.48737620295864,40.08770031877872]},"geometry":{"type":"Point","coordinates":[-82.46445,38.92228]},"tippecanoe":{"minzoom":3}}
,
{"type":"Feature","properties":{"_area":8320224632,"OBJECTID_1":116,"Name_rgn":"Olifants River","official":1,"country":"South Africa","class":"Region","altname":"Olifantsrivier","gen":1,"state":"Western Cape","color":2,"ppt_yr":240,"ppt_gs":70,"GDD_1":2365,"latitude":-32.0588,"elev":null,"GI_area":null,"auv":null,"climate":null,"style":null,"_bbox":[18.094723312565797,-32.984024047930674,19.223615645835356,-31.351961135880956]},"geometry":{"type":"Point","coordinates":[18.77658,-32.09271]},"tippecanoe":{"minzoom":4}}
,
{"type":"Feature","properties":{"_area":11243994058,"OBJECTID_1":117,"Name_rgn":"Outer Coastal Plain","official":1,"country":"United States","class":"American Viticultural Area","altname":null,"gen":2,"state":"New Jersey","color":5,"ppt_yr":1186,"ppt_gs":715,"GDD_1":2031,"latitude":39.6554,"elev":null,"GI_area":null,"auv":null,"climate":null,"style":null,"_bbox":[-75.54773528939069,38.92423414782162,-73.97558058896179,40.399458134666816]},"geometry":{"type":"Point","coordinates":[-74.91025,39.4724]},"tippecanoe":{"minzoom":4}}
,
{"type":"Feature","properties":{"_area":155087862893,"OBJECTID_1":118,"Name_rgn":"Ozark Mountain","official":1,"country":"United States","class":"American Viticultural Area","altname":null,"gen":2,"state":null,"color":1,"ppt_yr":1166,"ppt_gs":742,"GDD_1":2352,"latitude":36.8477,"elev":null,"GI_area":null,"auv":null,"climate":null,"style":null,"_bbox":[-95.31177156032327,35.05222776545705,-89.4217757758688,38.89182558892837]},"geometry":{"type":"Point","coordinates":[-92.49113,36.75924]},"tippecanoe":{"minzoom":3}}
,
{"type":"Feature","properties":{"_area":7503962924,"OBJECTID_1":119,"Name_rgn":"Pays d'Hérault","official":1,"country":"France","class":"Indication géographique protégée","altname":"Hérault","gen":1,"state":null,"color":1,"ppt_yr":660,"ppt_gs":363,"GDD_1":1750,"latitude":43.5802,"elev":null,"GI_area":null,"auv":null,"climate":null,"style":null,"_bbox":[2.539718402278954,43.212808633191884,4.194559495130337,43.972752225165465]},"geometry":{"type":"Point","coordinates":[3.39614,43.58239]},"tippecanoe":{"minzoom":4}}
,
{"type":"Feature","properties":{"_area":34973170689,"OBJECTID_1":120,"Name_rgn":"Pays d'Oc","official":1,"country":"France","class":"Indication géographique protégée","altname":null,"gen":1,"state":null,"color":2,"ppt_yr":737,"ppt_gs":413,"GDD_1":740,"latitude":43.3845,"elev":null,"GI_area":null,"auv":null,"climate":null,"style":null,"_bbox":[1.688420323885973,42.33305534000222,4.845553749448145,44.459797882919105]},"geometry":{"type":"Point","coordinates":[2.84837,43.11501]},"tippecanoe":{"minzoom":4}}
,
{"type":"Feature","properties":{"_area":12962977268,"OBJECTID_1":121,"Name_rgn":"Pineau des Charentes","official":1,"country":"France","class":"Appellation d'origine protégée","altname":null,"gen":1,"state":null,"color":3,"ppt_yr":849,"ppt_gs":437,"GDD_1":1568,"latitude":45.7062,"elev":null,"GI_area":null,"auv":null,"climate":null,"style":null,"_bbox":[-1.243792522884606,45.074691114503445,0.51632368680824,46.32747005543303]},"geometry":{"type":"Point","coordinates":[-0.19716,45.62095]},"tippecanoe":{"minzoom":4}}
,
{"type":"Feature","properties":{"_area":28962974396,"OBJECTID_1":122,"Name_rgn":"Port Phillip","official":1,"country":"Australia","class":"Zone","altname":null,"gen":1,"state":"Victoria","color":4,"ppt_yr":761,"ppt_gs":397,"GDD_1":1431,"latitude":-37.8389,"elev":null,"GI_area":null,"auv":null,"climate":null,"style":null,"_bbox":[143.6086380002196,-38.72589900006577,146.27153899974437,-37.09915099962063]},"geometry":{"type":"Point","coordinates":[144.51495,-37.83865]},"tippecanoe":{"minzoom":4}}
,
{"type":"Feature","properties":{"_area":19064566455,"OBJECTID_1":123,"Name_rgn":"Prosecco","official":1,"country":"Italy","class":"Denominazione di origine controllata","altname":null,"gen":5,"state":"Veneto","color":2,"ppt_yr":930,"ppt_gs":629,"GDD_1":1558,"latitude":45.7946,"elev":null,"GI_area":null,"auv":null,"climate":null,"style":null,"_bbox":[11.136148112661914,45.05568299393817,13.10158388263245,46.68062753935928]},"geometry":{"type":"Point","coordinates":[12.24259,45.92965]},"tippecanoe":{"minzoom":4}}
,
{"type":"Feature","properties":{"_area":25882663484,"OBJECTID_1":124,"Name_rgn":"Puget Sound","official":1,"country":"United States","class":"American Viticultural Area","altname":null,"gen":2,"state":"Wahington","color":2,"ppt_yr":1092,"ppt_gs":339,"GDD_1":1063,"latitude":47.9403,"elev":null,"GI_area":null,"auv":null,"climate":null,"style":null,"_bbox":[-123.57816015388417,46.752802590066274,-121.88359579812094,49.00243769990397]},"geometry":{"type":"Point","coordinates":[-122.73874,48.15487]},"tippecanoe":{"minzoom":4}}
,
{"type":"Feature","properties":{"_area":9544853307,"OBJECTID_1":125,"Name_rgn":"Puy de Dôme","official":1,"country":"France","class":"Indication géographique protégée","altname":"Puy-de-Dôme","gen":1,"state":null,"color":4,"ppt_yr":747,"ppt_gs":501,"GDD_1":1141,"latitude":45.7271,"elev":null,"GI_area":null,"auv":null,"climate":null,"style":null,"_bbox":[2.387885338010041,45.28706640229163,3.985629294010457,46.25658975761277]},"geometry":{"type":"Point","coordinates":[2.8788,45.79597]},"tippecanoe":{"minzoom":4}}
,
{"type":"Feature","properties":{"_area":9314240058,"OBJECTID_1":126,"Name_rgn":"Pyrénées-Atlantiques","official":1,"country":"France","class":"Indication géographique protégée","altname":null,"gen":1,"state":null,"color":5,"ppt_yr":1222,"ppt_gs":626,"GDD_1":1457,"latitude":43.2571,"elev":null,"GI_area":null,"auv":null,"climate":null,"style":null,"_bbox":[-1.792352032677955,42.777501781019424,0.029699701071608,43.596831918690796]},"geometry":{"type":"Point","coordinates":[-0.55336,43.19237]},"tippecanoe":{"minzoom":4}}
,
{"type":"Feature","properties":{"_area":5404198865,"OBJECTID_1":127,"Name_rgn":"Pyrénées-Orientales","official":1,"country":"France","class":"Indication géographique protégée","altname":null,"gen":1,"state":null,"color":0,"ppt_yr":844,"ppt_gs":467,"GDD_1":1222,"latitude":42.6001,"elev":null,"GI_area":null,"auv":null,"climate":null,"style":null,"_bbox":[1.721808061051432,42.33305482999417,3.177832789021144,42.91834143743955]},"geometry":{"type":"Point","coordinates":[2.64032,42.61141]},"tippecanoe":{"minzoom":4}}
,
{"type":"Feature","properties":{"_area":260215821205,"OBJECTID_1":129,"Name_rgn":"Río Negro","official":1,"country":"Argentina","class":"Indicación Geográfica","altname":null,"gen":3,"state":null,"color":2,"ppt_yr":286,"ppt_gs":155,"GDD_1":1606,"latitude":-40.4269,"elev":null,"GI_area":null,"auv":null,"climate":null,"style":null,"_bbox":[-71.91208008457504,-42.00030517570511,-62.789666574025965,-37.57637433180754]},"geometry":{"type":"Point","coordinates":[-67.65934,-39.90877]},"tippecanoe":{"minzoom":3}}
,
{"type":"Feature","properties":{"_area":217228052483,"OBJECTID_1":131,"Name_rgn":"Salta","official":1,"country":"Argentina","class":"Indicación Geográfica","altname":null,"gen":3,"state":null,"color":3,"ppt_yr":545,"ppt_gs":513,"GDD_1":2141,"latitude":-24.3132,"elev":null,"GI_area":null,"auv":null,"climate":null,"style":null,"_bbox":[-68.56875908168652,-26.416799343915617,-62.341732866777875,-21.9987678702312]},"geometry":{"type":"Point","coordinates":[-64.69273,-24.14468]},"tippecanoe":{"minzoom":3}}
,
{"type":"Feature","properties":{"_area":110590689095,"OBJECTID_1":132,"Name_rgn":"San Juan","official":1,"country":"Argentina","class":"Indicación Geográfica","altname":null,"gen":3,"state":null,"color":1,"ppt_yr":204,"ppt_gs":148,"GDD_1":1128,"latitude":-30.8784,"elev":null,"GI_area":null,"auv":null,"climate":null,"style":null,"_bbox":[-70.56929168036292,-32.62636049978622,-66.66178829708046,-28.388751887858085]},"geometry":{"type":"Point","coordinates":[-68.93846,-31.03178]},"tippecanoe":{"minzoom":3}}
,
{"type":"Feature","properties":{"_area":11700538001,"OBJECTID_1":134,"Name_rgn":"Saône-et-Loire","official":1,"country":"France","class":"Indication géographique protégée","altname":"Saône-Et-Loire","gen":1,"state":null,"color":1,"ppt_yr":826,"ppt_gs":510,"GDD_1":1410,"latitude":46.6461,"elev":null,"GI_area":null,"auv":null,"climate":null,"style":null,"_bbox":[3.622596442242858,46.15593762839471,5.465138604791051,47.15552311183478]},"geometry":{"type":"Point","coordinates":[4.26442,46.64841]},"tippecanoe":{"minzoom":4}}
,
{"type":"Feature","properties":{"_area":7119113510,"OBJECTID_1":135,"Name_rgn":"Sarthe","official":1,"country":"France","class":"Indication géographique protégée","altname":null,"gen":1,"state":null,"color":2,"ppt_yr":702,"ppt_gs":377,"GDD_1":1371,"latitude":47.9962,"elev":null,"GI_area":null,"auv":null,"climate":null,"style":null,"_bbox":[-0.447914016177041,47.56852593303156,0.916650480278423,48.4848817420777]},"geometry":{"type":"Point","coordinates":[0.23264,48.01999]},"tippecanoe":{"minzoom":4}}
,
{"type":"Feature","properties":{"_area":304098625728,"OBJECTID_1":136,"Name_rgn":"Shaanxi","official":6,"country":"China","class":"Region","altname":"陕西省","gen":4,"state":null,"color":3,"ppt_yr":631,"ppt_gs":567,"GDD_1":1749,"latitude":35.2545,"elev":null,"GI_area":null,"auv":null,"climate":null,"style":null,"_bbox":[105.49855309443836,31.705248521043508,111.22673058479498,39.58078847936174]},"geometry":{"type":"Point","coordinates":[108.64583,34.37425]},"tippecanoe":{"minzoom":3}}
,
{"type":"Feature","properties":{"_area":195931485021,"OBJECTID_1":137,"Name_rgn":"Shandong","official":6,"country":"China","class":"Region","altname":"山东省","gen":4,"state":null,"color":4,"ppt_yr":680,"ppt_gs":607,"GDD_1":2415,"latitude":36.3686,"elev":null,"GI_area":null,"auv":null,"climate":null,"style":null,"_bbox":[114.83421064635722,34.39722890878763,122.68873131627063,38.270907581692846]},"geometry":{"type":"Point","coordinates":[117.83499,36.26692]},"tippecanoe":{"minzoom":3}}
,
{"type":"Feature","properties":{"_area":181520272891,"OBJECTID_1":138,"Name_rgn":"Shanxi","official":6,"country":"China","class":"Region","altname":"山西省","gen":4,"state":null,"color":2,"ppt_yr":486,"ppt_gs":446,"GDD_1":1637,"latitude":37.6171,"elev":null,"GI_area":null,"auv":null,"climate":null,"style":null,"_bbox":[110.23743696500549,34.58367747717468,114.54094689292681,40.74257803053045]},"geometry":{"type":"Point","coordinates":[112.25628,37.66159]},"tippecanoe":{"minzoom":3}}
,
{"type":"Feature","properties":{"_area":12447768893,"OBJECTID_1":139,"Name_rgn":"Shenandoah Valley","official":1,"country":"United States","class":"American Viticultural Area","altname":null,"gen":2,"state":null,"color":2,"ppt_yr":1044,"ppt_gs":649,"GDD_1":1923,"latitude":38.5321,"elev":null,"GI_area":null,"auv":null,"climate":null,"style":null,"_bbox":[-79.81289379233174,37.51917145461129,-77.71952167088759,39.61920256658102]},"geometry":{"type":"Point","coordinates":[-78.75752,38.49073]},"tippecanoe":{"minzoom":4}}
,
{"type":"Feature","properties":{"_area":16123393641,"OBJECTID_1":140,"Name_rgn":"Sierra Foothills","official":1,"country":"United States","class":"American Viticultural Area","altname":null,"gen":2,"state":"California","color":4,"ppt_yr":863,"ppt_gs":173,"GDD_1":2271,"latitude":38.3541,"elev":null,"GI_area":null,"auv":null,"climate":null,"style":null,"_bbox":[-121.35242210267336,37.183113061018254,-119.72308070695296,39.46875520474742]},"geometry":{"type":"Point","coordinates":[-120.60736,38.31243]},"tippecanoe":{"minzoom":4}}
,
{"type":"Feature","properties":{"_area":49437449040,"OBJECTID_1":141,"Name_rgn":"Snake River Valley","official":1,"country":"United States","class":"American Viticultural Area","altname":null,"gen":2,"state":null,"color":5,"ppt_yr":291,"ppt_gs":122,"GDD_1":1860,"latitude":43.686,"elev":null,"GI_area":null,"auv":null,"climate":null,"style":null,"_bbox":[-118.01453201395543,42.50024419215986,-114.35598315788563,45.00002486894929]},"geometry":{"type":"Point","coordinates":[-116.93614,43.88257]},"tippecanoe":{"minzoom":3}}
,
{"type":"Feature","properties":{"_area":12202098949,"OBJECTID_1":143,"Name_rgn":"South Coast","official":1,"country":"United States","class":"American Viticultural Area","altname":null,"gen":2,"state":"California","color":0,"ppt_yr":335,"ppt_gs":56,"GDD_1":2180,"latitude":33.2281,"elev":null,"GI_area":null,"auv":null,"climate":null,"style":null,"_bbox":[-118.11594945504817,32.534179741155775,-116.61531386185968,33.94767286240872]},"geometry":{"type":"Point","coordinates":[-117.19456,33.26094]},"tippecanoe":{"minzoom":4}}
,
{"type":"Feature","properties":{"_area":1946730098580,"OBJECTID_1":144,"Name_rgn":"South Eastern Australia","official":1,"country":"Australia","class":"Zone","altname":null,"gen":1,"state":null,"color":0,"ppt_yr":516,"ppt_gs":306,"GDD_1":2401,"latitude":-33.3626,"elev":null,"GI_area":null,"auv":null,"climate":null,"style":null,"_bbox":[133.60659999981507,-43.64304999844744,153.63856999993973,-26.569379999293197]},"geometry":{"type":"Point","coordinates":[144.89092,-34.57006]},"tippecanoe":{"minzoom":3}}
,
{"type":"Feature","properties":{"_area":54247548413,"OBJECTID_1":145,"Name_rgn":"South Western Australia","official":1,"country":"Australia","class":"Zone","altname":null,"gen":1,"state":"Western Australia","color":5,"ppt_yr":765,"ppt_gs":224,"GDD_1":1746,"latitude":-34.2547,"elev":null,"GI_area":null,"auv":null,"climate":"warm summer, warm temperate","style":null,"_bbox":[114.97467800017432,-35.13482899963372,118.78171899973313,-32.921922999632436]},"geometry":{"type":"Point","coordinates":[115.9801,-33.84307]},"tippecanoe":{"minzoom":3}}
,
{"type":"Feature","properties":{"_area":23755833096,"OBJECTID_1":146,"Name_rgn":"Southeastern New England","official":1,"country":"United States","class":"American Viticultural Area","altname":null,"gen":2,"state":null,"color":1,"ppt_yr":1242,"ppt_gs":433,"GDD_1":1579,"latitude":41.6213,"elev":null,"GI_area":null,"auv":null,"climate":null,"style":null,"_bbox":[-72.9190389109333,41.09584241252994,-69.85886116153435,42.375106688799434]},"geometry":{"type":"Point","coordinates":[-70.77465,41.75484]},"tippecanoe":{"minzoom":4}}
,
{"type":"Feature","properties":{"_area":16314589783,"OBJECTID_1":148,"Name_rgn":"Southern Oregon","official":1,"country":"United States","class":"American Viticultural Area","altname":null,"gen":2,"state":"Oregon","color":2,"ppt_yr":1042,"ppt_gs":284,"GDD_1":1550,"latitude":42.7689,"elev":null,"GI_area":null,"auv":null,"climate":null,"style":null,"_bbox":[-123.83302125590527,41.99984101501622,-122.52223284625495,43.77960207552957]},"geometry":{"type":"Point","coordinates":[-123.22435,42.61619]},"tippecanoe":{"minzoom":4}}
,
{"type":"Feature","properties":{"_area":8107963672,"OBJECTID_1":149,"Name_rgn":"Steiermark","official":1,"country":"Austria","class":"Weinbaugebiet","altname":"Styria","gen":4,"state":null,"color":4,"ppt_yr":991,"ppt_gs":738,"GDD_1":1208,"latitude":47.0608,"elev":null,"GI_area":null,"auv":null,"climate":null,"style":null,"_bbox":[14.840802409597716,46.61198847298162,16.171080893129403,47.57502609336781]},"geometry":{"type":"Point","coordinates":[15.71967,47.06953]},"tippecanoe":{"minzoom":4}}
,
{"type":"Feature","properties":{"_area":32481970243,"OBJECTID_1":150,"Name_rgn":"Sur","official":1,"country":"Chile","class":"Región","altname":"Región del Sur","gen":1,"state":null,"color":1,"ppt_yr":1225,"ppt_gs":299,"GDD_1":1285,"latitude":-37.4449,"elev":null,"GI_area":null,"auv":null,"climate":null,"style":null,"_bbox":[-73.34113032426232,-38.481061825542376,-71.61277379362299,-36.064601302628574]},"geometry":{"type":"Point","coordinates":[-72.38834,-37.68862]},"tippecanoe":{"minzoom":4}}
,
{"type":"Feature","properties":{"_area":5080789845,"OBJECTID_1":151,"Name_rgn":"Tarn-et-Garonne","official":1,"country":"France","class":"Indication géographique protégée","altname":"Tarn-Et-Garonne","gen":1,"state":null,"color":3,"ppt_yr":768,"ppt_gs":440,"GDD_1":1742,"latitude":44.0863,"elev":null,"GI_area":null,"auv":null,"climate":null,"style":null,"_bbox":[0.737799559760158,43.76768213799678,2.000617104093504,44.3938674966914]},"geometry":{"type":"Point","coordinates":[1.13222,44.08261]},"tippecanoe":{"minzoom":4}}
,
{"type":"Feature","properties":{"_area":33138082707,"OBJECTID_1":152,"Name_rgn":"Terasele Dunării","official":1,"country":"Romania","class":"Indicație geografică protejată","altname":null,"gen":1,"state":null,"color":3,"ppt_yr":532,"ppt_gs":353,"GDD_1":1983,"latitude":44.4745,"elev":null,"GI_area":null,"auv":null,"climate":null,"style":null,"_bbox":[24.585843999974323,43.61925800005784,28.197329000804867,45.492545999515684]},"geometry":{"type":"Point","coordinates":[27.54853,44.83488]},"tippecanoe":{"minzoom":4}}
,
{"type":"Feature","properties":{"_area":11261661143,"OBJECTID_1":153,"Name_rgn":"Texoma","official":1,"country":"United States","class":"American Viticultural Area","altname":null,"gen":2,"state":"Texas","color":3,"ppt_yr":977,"ppt_gs":657,"GDD_1":2950,"latitude":33.6531,"elev":null,"GI_area":null,"auv":null,"climate":null,"style":null,"_bbox":[-97.97902687459158,33.37988387466301,-95.84654334804688,33.991558922740175]},"geometry":{"type":"Point","coordinates":[-96.93428,33.68512]},"tippecanoe":{"minzoom":4}}
,
{"type":"Feature","properties":{"_area":6548751364,"OBJECTID_1":155,"Name_rgn":"Three Lakes","official":6,"country":"Switzerland","class":"Region","altname":"Drei-Seen","gen":1,"state":null,"color":2,"ppt_yr":1184,"ppt_gs":726,"GDD_1":882,"latitude":46.9911,"elev":null,"GI_area":null,"auv":null,"climate":null,"style":null,"_bbox":[6.432519359663907,46.43778144013939,7.572164030115944,47.50449523937784]},"geometry":{"type":"Point","coordinates":[7.01119,46.91541]},"tippecanoe":{"minzoom":4}}
,
{"type":"Feature","properties":{"_area":4276388855,"OBJECTID_1":156,"Name_rgn":"Ticino","official":1,"country":"Switzerland","class":"Appellation d'origine contrôlée","altname":"Tessin","gen":1,"state":null,"color":3,"ppt_yr":1398,"ppt_gs":973,"GDD_1":537,"latitude":46.3067,"elev":null,"GI_area":null,"auv":null,"climate":null,"style":null,"_bbox":[8.382309859542053,45.817723017762404,9.300123710215678,46.63236696500466]},"geometry":{"type":"Point","coordinates":[8.90538,46.28829]},"tippecanoe":{"minzoom":4}}
,
{"type":"Feature","properties":{"_area":27799711148,"OBJECTID_1":157,"Name_rgn":"Tucumán","official":1,"country":"Argentina","class":"Indicación Geográfica","altname":null,"gen":3,"state":null,"color":0,"ppt_yr":648,"ppt_gs":584,"GDD_1":2478,"latitude":-26.9512,"elev":null,"GI_area":null,"auv":null,"climate":null,"style":null,"_bbox":[-66.17802132315484,-28.01391713735376,-64.48198842222631,-26.058287946096247]},"geometry":{"type":"Point","coordinates":[-65.40247,-26.8334]},"tippecanoe":{"minzoom":4}}
,
{"type":"Feature","properties":{"_area":85820517043,"OBJECTID_1":158,"Name_rgn":"Upper Mississippi River Valley","official":1,"country":"United States","class":"American Viticultural Area","altname":null,"gen":2,"state":null,"color":4,"ppt_yr":902,"ppt_gs":704,"GDD_1":1574,"latitude":43.2265,"elev":null,"GI_area":null,"auv":null,"climate":null,"style":null,"_bbox":[-93.06085267887309,41.53371364148895,-88.91750716486477,44.965014033686735]},"geometry":{"type":"Point","coordinates":[-91.01388,42.97166]},"tippecanoe":{"minzoom":3}}
,
{"type":"Feature","properties":{"_area":106432171971,"OBJECTID_1":159,"Name_rgn":"Val de Loire","official":1,"country":"France","class":"Indication géographique protégée","altname":"Val De Loire","gen":1,"state":null,"color":4,"ppt_yr":736,"ppt_gs":408,"GDD_1":1436,"latitude":47.2549,"elev":null,"GI_area":null,"auv":null,"climate":null,"style":null,"_bbox":[-2.558940529372325,45.969660571235686,4.340297479416733,48.48295556599564]},"geometry":{"type":"Point","coordinates":[0.39921,47.26742]},"tippecanoe":{"minzoom":3}}
,
{"type":"Feature","properties":{"_area":7431678279,"OBJECTID_1":160,"Name_rgn":"Valais","official":1,"country":"Switzerland","class":"Appellation d'origine contrôlée","altname":"Wallis","gen":1,"state":null,"color":4,"ppt_yr":1026,"ppt_gs":587,"GDD_1":175,"latitude":46.2096,"elev":null,"GI_area":null,"auv":null,"climate":null,"style":null,"_bbox":[6.770451954683129,45.857972578110584,8.47865446212304,46.653938798578764]},"geometry":{"type":"Point","coordinates":[7.76152,46.2272]},"tippecanoe":{"minzoom":4}}
,
{"type":"Feature","properties":{"_area":7891678636,"OBJECTID_1":161,"Name_rgn":"Valençay","official":1,"country":"France","class":"Appellation d'origine protégée","altname":null,"gen":1,"state":null,"color":5,"ppt_yr":725,"ppt_gs":423,"GDD_1":1492,"latitude":46.9028,"elev":null,"GI_area":null,"auv":null,"climate":null,"style":null,"_bbox":[0.916554674055016,46.4333109963824,2.276981575227567,47.34530829060798]},"geometry":{"type":"Point","coordinates":[1.54311,46.90311]},"tippecanoe":{"minzoom":4}}
,
{"type":"Feature","properties":{"_area":67176745909,"OBJECTID_1":162,"Name_rgn":"Valle Central","official":1,"country":"Chile","class":"Región","altname":"Región del Valle Central","gen":1,"state":null,"color":2,"ppt_yr":651,"ppt_gs":118,"GDD_1":1374,"latitude":-34.9317,"elev":null,"GI_area":null,"auv":null,"climate":null,"style":null,"_bbox":[-72.6482375213008,-36.543564656371615,-70.00915974070296,-32.92247903243695]},"geometry":{"type":"Point","coordinates":[-71.35125,-35.39734]},"tippecanoe":{"minzoom":3}}
,
{"type":"Feature","properties":{"_area":7552188703,"OBJECTID_1":163,"Name_rgn":"Var","official":1,"country":"France","class":"Indication géographique protégée","altname":null,"gen":1,"state":null,"color":0,"ppt_yr":724,"ppt_gs":374,"GDD_1":2134,"latitude":43.4424,"elev":null,"GI_area":null,"auv":null,"climate":null,"style":null,"_bbox":[5.655965225975054,42.981813578493465,6.933726236974887,43.80876046610183]},"geometry":{"type":"Point","coordinates":[6.28425,43.39367]},"tippecanoe":{"minzoom":4}}
,
{"type":"Feature","properties":{"_area":4484207180,"OBJECTID_1":164,"Name_rgn":"Vaucluse","official":1,"country":"France","class":"Indication géographique protégée","altname":null,"gen":1,"state":null,"color":1,"ppt_yr":783,"ppt_gs":468,"GDD_1":1887,"latitude":44.0079,"elev":null,"GI_area":null,"auv":null,"climate":null,"style":null,"_bbox":[4.649038027501199,43.658685905356094,5.75733297765614,44.43155559210811]},"geometry":{"type":"Point","coordinates":[4.97245,44.12324]},"tippecanoe":{"minzoom":4}}
,
{"type":"Feature","properties":{"_area":5417854380,"OBJECTID_1":165,"Name_rgn":"Vaud","official":1,"country":"Switzerland","class":"Appellation d'origine contrôlée","altname":"Waadt","gen":1,"state":null,"color":0,"ppt_yr":1255,"ppt_gs":746,"GDD_1":965,"latitude":46.5694,"elev":null,"GI_area":null,"auv":null,"climate":null,"style":null,"_bbox":[6.063622903101207,46.18690748367347,7.249133223527245,46.936036551635794]},"geometry":{"type":"Point","coordinates":[6.75349,46.57537]},"tippecanoe":{"minzoom":4}}
,
{"type":"Feature","properties":{"_area":9315621893,"OBJECTID_1":166,"Name_rgn":"Vendée","official":1,"country":"France","class":"Indication géographique protégée","altname":null,"gen":1,"state":null,"color":2,"ppt_yr":785,"ppt_gs":393,"GDD_1":1474,"latitude":46.6759,"elev":null,"GI_area":null,"auv":null,"climate":null,"style":null,"_bbox":[-2.400484963556282,46.266371389327674,-0.5378004981282,47.08500321596134]},"geometry":{"type":"Point","coordinates":[-1.17334,46.6621]},"tippecanoe":{"minzoom":4}}
,
{"type":"Feature","properties":{"_area":7316012559,"OBJECTID_1":167,"Name_rgn":"Venezia","official":1,"country":"Italy","class":"Denominazione di origine controllata","altname":null,"gen":5,"state":"Veneto","color":3,"ppt_yr":906,"ppt_gs":592,"GDD_1":2002,"latitude":45.6522,"elev":null,"GI_area":null,"auv":null,"climate":null,"style":null,"_bbox":[11.743029216937353,45.05568299393817,13.10158388263245,46.082973429687485]},"geometry":{"type":"Point","coordinates":[12.26219,45.61196]},"tippecanoe":{"minzoom":4}}
,
{"type":"Feature","properties":{"_area":8365681216,"OBJECTID_1":168,"Name_rgn":"Vienne","official":1,"country":"France","class":"Indication géographique protégée","altname":null,"gen":1,"state":null,"color":3,"ppt_yr":745,"ppt_gs":408,"GDD_1":1505,"latitude":46.5668,"elev":null,"GI_area":null,"auv":null,"climate":null,"style":null,"_bbox":[-0.105161927319089,46.04826633068441,1.213066157936119,47.17575784976718]},"geometry":{"type":"Point","coordinates":[0.44922,46.53769]},"tippecanoe":{"minzoom":4}}
,
{"type":"Feature","properties":{"_area":9940890164,"OBJECTID_1":169,"Name_rgn":"Viile Caraşului","official":1,"country":"Romania","class":"Indicație geografică protejată","altname":null,"gen":1,"state":null,"color":2,"ppt_yr":780,"ppt_gs":528,"GDD_1":1305,"latitude":45.1511,"elev":null,"GI_area":null,"auv":null,"climate":null,"style":null,"_bbox":[21.3527420001784,44.5856130001159,22.708639000105382,45.66969599993485]},"geometry":{"type":"Point","coordinates":[22.00806,45.11601]},"tippecanoe":{"minzoom":4}}
,
{"type":"Feature","properties":{"_area":11663839847,"OBJECTID_1":170,"Name_rgn":"Viile Timişului","official":1,"country":"Romania","class":"Indicație geografică protejată","altname":null,"gen":1,"state":null,"color":3,"ppt_yr":638,"ppt_gs":433,"GDD_1":1733,"latitude":45.744,"elev":null,"GI_area":null,"auv":null,"climate":null,"style":null,"_bbox":[20.262419999645676,45.19011199958044,22.546642999481474,46.19011300049673]},"geometry":{"type":"Point","coordinates":[21.42795,45.64275]},"tippecanoe":{"minzoom":4}}
,
{"type":"Feature","properties":{"_area":105097417095,"OBJECTID_1":171,"Name_rgn":"West Australia South East Coastal","official":1,"country":"Australia","class":"Zone","altname":null,"gen":1,"state":"Western Australia","color":1,"ppt_yr":403,"ppt_gs":200,"GDD_1":1949,"latitude":-33.4235,"elev":null,"GI_area":null,"auv":null,"climate":null,"style":null,"_bbox":[117.8543130004395,-34.54165700021567,124.24429599920269,-32.565085999875954]},"geometry":{"type":"Point","coordinates":[120.86839,-33.54276]},"tippecanoe":{"minzoom":3}}
,
{"type":"Feature","properties":{"_area":58587051946,"OBJECTID_1":173,"Name_rgn":"Western Victoria","official":1,"country":"Australia","class":"Zone","altname":null,"gen":1,"state":"Victoria","color":5,"ppt_yr":636,"ppt_gs":288,"GDD_1":1467,"latitude":-37.5865,"elev":null,"GI_area":null,"auv":null,"climate":null,"style":"Cabernet Sauvignon, Shiraz, Pinot Gris/Grigio, Pinot Noir, Chardonnay","_bbox":[140.96579699992844,-38.85768000031023,144.15285199965757,-36.4053490004733]},"geometry":{"type":"Point","coordinates":[142.84217,-37.57524]},"tippecanoe":{"minzoom":3}}
,
{"type":"Feature","properties":{"_area":22222038668,"OBJECTID_1":174,"Name_rgn":"Willamette Valley","official":1,"country":"United States","class":"American Viticultural Area","altname":null,"gen":2,"state":"Oregon","color":4,"ppt_yr":1346,"ppt_gs":411,"GDD_1":1348,"latitude":44.8728,"elev":null,"GI_area":null,"auv":null,"climate":null,"style":null,"_bbox":[-123.72972249197764,43.593989844569656,-122.12711277440984,45.76529240516832]},"geometry":{"type":"Point","coordinates":[-122.95894,44.94228]},"tippecanoe":{"minzoom":4}}
,
{"type":"Feature","properties":{"_area":1984008855395,"OBJECTID_1":175,"Name_rgn":"Xinjiang Uygur","official":6,"country":"China","class":"Region","altname":"新疆维吾尔族","gen":4,"state":null,"color":5,"ppt_yr":117,"ppt_gs":99,"GDD_1":1363,"latitude":41.3527,"elev":null,"GI_area":null,"auv":null,"climate":null,"style":null,"_bbox":[73.6022563067193,34.339960905850035,96.36633990108228,49.16583730076968]},"geometry":{"type":"Point","coordinates":[87.14725,42.01668]},"tippecanoe":{"minzoom":3}}
,
{"type":"Feature","properties":{"_area":9301582559,"OBJECTID_1":176,"Name_rgn":"Yonne","official":1,"country":"France","class":"Indication géographique protégée","altname":null,"gen":1,"state":null,"color":4,"ppt_yr":712,"ppt_gs":419,"GDD_1":1329,"latitude":47.8423,"elev":null,"GI_area":null,"auv":null,"climate":null,"style":null,"_bbox":[2.848650160364967,47.31054934007948,4.340296871257299,48.40006417802006]},"geometry":{"type":"Point","coordinates":[3.35032,47.93032]},"tippecanoe":{"minzoom":4}}
,
{"type":"Feature","properties":{"_area":16270932331,"OBJECTID_1":177,"Name_rgn":"Zealand","official":1,"country":"Denmark","class":"Protected geographical indication","altname":"Sjælland","gen":3,"state":null,"color":4,"ppt_yr":625,"ppt_gs":394,"GDD_1":941,"latitude":55.411,"elev":null,"GI_area":null,"auv":null,"climate":null,"style":null,"_bbox":[10.875164499702782,54.55922699989457,12.682477999488897,56.12967249989545]},"geometry":{"type":"Point","coordinates":[11.76813,55.31876]},"tippecanoe":{"minzoom":4}}
,
{"type":"Feature","properties":{"_area":55086200546,"OBJECTID_1":178,"Name_rgn":"Canterbury","official":1,"country":"New Zealand","class":"Region","altname":null,"gen":1,"state":null,"color":0,"ppt_yr":1458,"ppt_gs":832,"GDD_1":745,"latitude":-43.6006,"elev":null,"GI_area":null,"auv":null,"climate":null,"style":null,"_bbox":[169.54249755012734,-44.937596740748326,173.46528728791858,-42.08785008731114]},"geometry":{"type":"Point","coordinates":[172.37346,-43.25878]},"tippecanoe":{"minzoom":3}}
,
{"type":"Feature","properties":{"_area":17239626111,"OBJECTID_1":179,"Name_rgn":"Vlaamse landwijn","official":1,"country":"Belgium","class":"Beschermde oorsprongsbenaming","altname":null,"gen":7,"state":"Flanders","color":2,"ppt_yr":807,"ppt_gs":471,"GDD_1":1182,"latitude":51.0392,"elev":null,"GI_area":null,"auv":null,"climate":null,"style":null,"_bbox":[2.54570604400005,50.687492322,5.911109406000022,51.5051130770001]},"geometry":{"type":"Point","coordinates":[4.777,51.0983]},"tippecanoe":{"minzoom":4}}
,
{"type":"Feature","properties":{"_area":17239626111,"OBJECTID_1":180,"Name_rgn":"Vlaamse mousserende kwaliteitswijn","official":1,"country":"Belgium","class":"Beschermde oorsprongsbenaming","altname":null,"gen":7,"state":"Flanders","color":3,"ppt_yr":807,"ppt_gs":471,"GDD_1":1181,"latitude":51.0392,"elev":null,"GI_area":null,"auv":null,"climate":null,"style":null,"_bbox":[2.54570604400005,50.687492322,5.911109406000022,51.5051130770001]},"geometry":{"type":"Point","coordinates":[4.777,51.0983]},"tippecanoe":{"minzoom":4}}
,
{"type":"Feature","properties":{"_area":23189221724,"OBJECTID_1":181,"Name_rgn":"Vin de pays des Jardins de Wallonie","official":1,"country":"Belgium","class":"Indication géographique protégée","altname":null,"gen":7,"state":"Wallonia","color":4,"ppt_yr":908,"ppt_gs":514,"GDD_1":1056,"latitude":50.3177,"elev":null,"GI_area":null,"auv":null,"climate":null,"style":null,"_bbox":[2.842119321000056,49.496959396000086,6.408100109000018,50.812119394000064]},"geometry":{"type":"Point","coordinates":[5.50455,50.16867]},"tippecanoe":{"minzoom":4}}
,
{"type":"Feature","properties":{"_area":23189221724,"OBJECTID_1":182,"Name_rgn":"Crémant de Wallonie","official":1,"country":"Belgium","class":"Appellation d'origine protégée","altname":null,"gen":7,"state":"Wallonia","color":0,"ppt_yr":908,"ppt_gs":514,"GDD_1":1058,"latitude":50.3177,"elev":null,"GI_area":null,"auv":null,"climate":null,"style":null,"_bbox":[2.842119321000056,49.496959396000086,6.408100109000018,50.812119394000064]},"geometry":{"type":"Point","coordinates":[5.50455,50.16867]},"tippecanoe":{"minzoom":4}}
,
{"type":"Feature","properties":{"_area":23189221724,"OBJECTID_1":183,"Name_rgn":"Vin mousseux de qualité de Wallonie","official":1,"country":"Belgium","class":"Appellation d'origine protégée","altname":null,"gen":7,"state":"Wallonia","color":3,"ppt_yr":908,"ppt_gs":514,"GDD_1":1056,"latitude":50.3177,"elev":null,"GI_area":null,"auv":null,"climate":null,"style":null,"_bbox":[2.842119321000056,49.496959396000086,6.408100109000018,50.812119394000064]},"geometry":{"type":"Point","coordinates":[5.50455,50.16867]},"tippecanoe":{"minzoom":4}}
,
{"type":"Feature","properties":{"_area":26169230560,"OBJECTID_1":196,"Name_rgn":"Dolny Śląsk","official":6,"country":"Poland","class":"Regiony","altname":"Lower Silesia","gen":7,"state":null,"color":4,"ppt_yr":582,"ppt_gs":417,"GDD_1":1099,"latitude":51.0936,"elev":null,"GI_area":null,"auv":null,"climate":null,"style":null,"_bbox":[14.817373294593374,50.09738039373125,17.795269321724902,51.80475346129974]},"geometry":{"type":"Point","coordinates":[16.61312,50.97274]},"tippecanoe":{"minzoom":4}}
,
{"type":"Feature","properties":{"_area":34619881716,"OBJECTID_1":197,"Name_rgn":"Region Małopolskiego","official":6,"country":"Poland","class":"Regiony","altname":"Lesser Poland Region","gen":7,"state":null,"color":5,"ppt_yr":746,"ppt_gs":538,"GDD_1":1131,"latitude":50.1914,"elev":null,"GI_area":null,"auv":null,"climate":null,"style":null,"_bbox":[18.514653996847045,49.29631435854332,21.869030467416735,51.07801563270608]},"geometry":{"type":"Point","coordinates":[20.72699,50.18803]},"tippecanoe":{"minzoom":4}}
,
{"type":"Feature","properties":{"_area":109570257205,"OBJECTID_1":198,"Name_rgn":"Polska centralna i północna","official":6,"country":"Poland","class":"Regiony","altname":"Central and North Poland","gen":7,"state":null,"color":0,"ppt_yr":576,"ppt_gs":395,"GDD_1":1103,"latitude":53.1617,"elev":null,"GI_area":null,"auv":null,"climate":null,"style":null,"_bbox":[15.720099681579324,51.08028592693705,21.979915817207857,54.78323146448986]},"geometry":{"type":"Point","coordinates":[20.28053,52.85627]},"tippecanoe":{"minzoom":3}}
,
{"type":"Feature","properties":{"_area":19364123804,"OBJECTID_1":199,"Name_rgn":"Region Zielonogórski","official":6,"country":"Poland","class":"Regiony","altname":"Zielona Góra Region","gen":7,"state":null,"color":1,"ppt_yr":560,"ppt_gs":378,"GDD_1":1229,"latitude":52.3598,"elev":null,"GI_area":null,"auv":null,"climate":null,"style":null,"_bbox":[15.07735808341544,51.64500149350564,17.326476464519573,53.3433318521065]},"geometry":{"type":"Point","coordinates":[15.86267,52.39383]},"tippecanoe":{"minzoom":4}}
,
{"type":"Feature","properties":{"_area":16338982084,"OBJECTID_1":200,"Name_rgn":"Małopolski Przełom Wisły","official":6,"country":"Poland","class":"Regiony","altname":"Lesser Poland Vistula Gorge","gen":7,"state":null,"color":2,"ppt_yr":526,"ppt_gs":372,"GDD_1":1187,"latitude":51.3597,"elev":null,"GI_area":null,"auv":null,"climate":null,"style":null,"_bbox":[21.1179208611521,50.838380979775216,23.94397235734782,52.04108643448029]},"geometry":{"type":"Point","coordinates":[21.73983,51.492]},"tippecanoe":{"minzoom":4}}
,
{"type":"Feature","properties":{"_area":14501943814,"OBJECTID_1":201,"Name_rgn":"Region Podkarpacki","official":6,"country":"Poland","class":"Regiony","altname":"Subcarpathia","gen":7,"state":null,"color":3,"ppt_yr":684,"ppt_gs":502,"GDD_1":1137,"latitude":49.9221,"elev":null,"GI_area":null,"auv":null,"climate":null,"style":null,"_bbox":[21.142112331054886,49.17583667095673,23.154274173072135,50.49643745960397]},"geometry":{"type":"Point","coordinates":[22.06808,49.84387]},"tippecanoe":{"minzoom":4}}
,
{"type":"Feature","properties":{"_area":1416619618,"OBJECTID_1":202,"Name_rgn":"Derbent","official":6,"country":"Russian Federation","class":"Терруары","altname":"Дербент","gen":8,"state":"Dagestan","color":4,"ppt_yr":440,"ppt_gs":291,"GDD_1":1775,"latitude":42.0942,"elev":null,"GI_area":null,"auv":null,"climate":null,"style":null,"_bbox":[47.5861943850749,41.94270337607344,48.317816759502676,42.31677099379028]},"geometry":{"type":"Point","coordinates":[48.03771,42.11074]},"tippecanoe":{"minzoom":5}}
,
{"type":"Feature","properties":{"_area":10225140042,"OBJECTID_1":203,"Name_rgn":"Kuma Valley","official":6,"country":"Russian Federation","class":"Терруары","altname":"Долина Кумы","gen":8,"state":"Stavropol","color":5,"ppt_yr":362,"ppt_gs":246,"GDD_1":1990,"latitude":44.8471,"elev":null,"GI_area":null,"auv":null,"climate":null,"style":null,"_bbox":[43.854511022178194,44.36059180112864,45.70946148935989,45.35324089568142]},"geometry":{"type":"Point","coordinates":[44.51805,44.79245]},"tippecanoe":{"minzoom":4}}
,
{"type":"Feature","properties":{"_area":40591211358,"OBJECTID_1":204,"Name_rgn":"Terek Valley","official":6,"country":"Russian Federation","class":"Терруары","altname":"Долина Терека","gen":8,"state":null,"color":0,"ppt_yr":448,"ppt_gs":312,"GDD_1":1924,"latitude":43.681,"elev":null,"GI_area":null,"auv":null,"climate":null,"style":null,"_bbox":[43.78032312529197,42.712043997219574,47.75732423231829,44.44745282502287]},"geometry":{"type":"Point","coordinates":[45.29965,43.57382]},"tippecanoe":{"minzoom":3}}
,
{"type":"Feature","properties":{"_area":19675578884,"OBJECTID_1":205,"Name_rgn":"Don Valley","official":6,"country":"Russian Federation","class":"Терруары","altname":"Донская долина","gen":8,"state":"Rostov","color":1,"ppt_yr":500,"ppt_gs":288,"GDD_1":1781,"latitude":47.4961,"elev":null,"GI_area":null,"auv":null,"climate":null,"style":null,"_bbox":[39.64144510186523,46.96286774839011,42.75569532262243,48.053531717072296]},"geometry":{"type":"Point","coordinates":[41.04259,47.47678]},"tippecanoe":{"minzoom":4}}
,
{"type":"Feature","properties":{"_area":10262079047,"OBJECTID_1":206,"Name_rgn":"Kalaus Valley","official":6,"country":"Russian Federation","class":"Терруары","altname":"Калаус","gen":8,"state":"Stavropol","color":2,"ppt_yr":440,"ppt_gs":302,"GDD_1":1814,"latitude":45.5414,"elev":null,"GI_area":null,"auv":null,"climate":null,"style":null,"_bbox":[41.92824198805656,44.867019654243904,43.4381064808224,46.138500487964876]},"geometry":{"type":"Point","coordinates":[42.95263,45.4891]},"tippecanoe":{"minzoom":4}}
,
{"type":"Feature","properties":{"_area":106222020940,"OBJECTID_1":207,"Name_rgn":"Kuban","official":6,"country":"Russian Federation","class":"Терруары","altname":"Кубань","gen":8,"state":"Krasnodar","color":3,"ppt_yr":788,"ppt_gs":437,"GDD_1":1742,"latitude":45.2138,"elev":null,"GI_area":null,"auv":null,"climate":null,"style":null,"_bbox":[36.59736251831064,43.38486099243179,41.869800567626996,46.87985992431639]},"geometry":{"type":"Point","coordinates":[39.95328,45.1025]},"tippecanoe":{"minzoom":3}}
,
{"type":"Feature","properties":{"_area":4817158174,"OBJECTID_1":208,"Name_rgn":"Pyatigorye","official":6,"country":"Russian Federation","class":"Терруары","altname":"Пятигорье","gen":8,"state":"Stavropol","color":4,"ppt_yr":556,"ppt_gs":424,"GDD_1":1431,"latitude":44.094,"elev":null,"GI_area":null,"auv":null,"climate":null,"style":null,"_bbox":[42.457252680870674,43.749851226831936,43.53088761346583,44.525955213195665]},"geometry":{"type":"Point","coordinates":[43.04312,44.1326]},"tippecanoe":{"minzoom":4}}
,
{"type":"Feature","properties":{"_area":22826015778,"OBJECTID_1":209,"Name_rgn":"Brandenburger Landwein","official":1,"country":"Germany","class":"Geschützte geographifische Angabe","altname":null,"gen":8,"state":"Brandenburg","color":2,"ppt_yr":580,"ppt_gs":376,"GDD_1":1241,"latitude":52.0216,"elev":null,"GI_area":null,"auv":null,"climate":null,"style":null,"_bbox":[12.769780977950868,51.359020406549064,14.765708283526687,53.40158100130044]},"geometry":{"type":"Point","coordinates":[13.66931,52.23711]},"tippecanoe":{"minzoom":4}}
,
{"type":"Feature","properties":{"_area":9893366255,"OBJECTID_1":210,"Name_rgn":"Landwein Main","official":1,"country":"Germany","class":"Geschützte geographifische Angabe","altname":null,"gen":8,"state":"Bavaria","color":2,"ppt_yr":694,"ppt_gs":412,"GDD_1":1202,"latitude":49.8395,"elev":null,"GI_area":null,"auv":null,"climate":null,"style":null,"_bbox":[9.019035339355481,49.32490158174315,10.959998130798398,50.201145173046896]},"geometry":{"type":"Point","coordinates":[10.13873,49.76687]},"tippecanoe":{"minzoom":4}}
,
{"type":"Feature","properties":{"_area":17412364182,"OBJECTID_1":220,"Name_rgn":"Crete","official":1,"country":"Greece","class":"Προστατευόμενη γεωγραφική","altname":"Κρήτη","gen":9,"state":null,"color":3,"ppt_yr":744,"ppt_gs":166,"GDD_1":2375,"latitude":35.2296,"elev":null,"GI_area":null,"auv":null,"climate":null,"style":null,"_bbox":[23.514061258591944,34.80139099253132,26.318487216412013,35.69564442956272]},"geometry":{"type":"Point","coordinates":[24.23671,35.21228]},"tippecanoe":{"minzoom":4}}
,
{"type":"Feature","properties":{"_area":11895641975,"OBJECTID_1":221,"Name_rgn":"Epirus","official":1,"country":"Greece","class":"Προστατευόμενη γεωγραφική","altname":"Ήπειρος","gen":9,"state":null,"color":4,"ppt_yr":1014,"ppt_gs":415,"GDD_1":1796,"latitude":39.6028,"elev":null,"GI_area":null,"auv":null,"climate":null,"style":null,"_bbox":[20.0088122735383,38.944744141992956,21.428506227237822,40.37674590676015]},"geometry":{"type":"Point","coordinates":[20.76095,39.64281]},"tippecanoe":{"minzoom":4}}
,
{"type":"Feature","properties":{"_area":49331851105,"OBJECTID_1":222,"Name_rgn":"Macedonia","official":1,"country":"Greece","class":"Προστατευόμενη γεωγραφική","altname":"Μακεδόνια","gen":9,"state":null,"color":0,"ppt_yr":573,"ppt_gs":309,"GDD_1":1912,"latitude":40.7038,"elev":null,"GI_area":null,"auv":null,"climate":null,"style":null,"_bbox":[20.775086752408242,39.83111220058692,24.81349023518882,41.57268520964798]},"geometry":{"type":"Point","coordinates":[23.75056,40.70105]},"tippecanoe":{"minzoom":3}}
,
{"type":"Feature","properties":{"_area":32422562616,"OBJECTID_1":223,"Name_rgn":"Pelopennese","official":1,"country":"Greece","class":"Προστατευόμενη γεωγραφική","altname":"Πελοπόννησος","gen":9,"state":null,"color":5,"ppt_yr":749,"ppt_gs":238,"GDD_1":2108,"latitude":37.505,"elev":null,"GI_area":null,"auv":null,"climate":null,"style":null,"_bbox":[21.104772658655094,36.38543298179418,23.454431502559178,38.34099958055606]},"geometry":{"type":"Point","coordinates":[22.52705,37.31022]},"tippecanoe":{"minzoom":4}}
,
{"type":"Feature","properties":{"_area":24314637161,"OBJECTID_1":224,"Name_rgn":"Thessaly","official":1,"country":"Greece","class":"Προστατευόμενη γεωγραφική","altname":"Θεσσαλία","gen":9,"state":null,"color":1,"ppt_yr":627,"ppt_gs":298,"GDD_1":2098,"latitude":39.5349,"elev":null,"GI_area":null,"auv":null,"climate":null,"style":null,"_bbox":[21.120107797025863,38.969972261966824,24.187322489267,40.197008612006286]},"geometry":{"type":"Point","coordinates":[22.20695,39.59667]},"tippecanoe":{"minzoom":4}}
,
{"type":"Feature","properties":{"_area":24495705253,"OBJECTID_1":225,"Name_rgn":"Balatonmelléki","official":1,"country":"Hungary","class":"Oltalom alatt álló földrajzi jelzés","altname":null,"gen":9,"state":null,"color":3,"ppt_yr":660,"ppt_gs":460,"GDD_1":1642,"latitude":46.8236,"elev":null,"GI_area":null,"auv":null,"climate":null,"style":null,"_bbox":[16.36184792055119,45.84783537137077,18.967478837915312,47.577067451451]},"geometry":{"type":"Point","coordinates":[17.56209,46.72723]},"tippecanoe":{"minzoom":4}}
,
{"type":"Feature","properties":{"_area":33824583314,"OBJECTID_1":226,"Name_rgn":"Duna-Tisza-közi","official":1,"country":"Hungary","class":"Oltalom alatt álló földrajzi jelzés","altname":null,"gen":9,"state":null,"color":4,"ppt_yr":559,"ppt_gs":380,"GDD_1":1756,"latitude":46.9142,"elev":null,"GI_area":null,"auv":null,"climate":null,"style":null,"_bbox":[18.73278589062569,45.904853463891826,21.030259933450274,48.056981550990784]},"geometry":{"type":"Point","coordinates":[19.68012,46.95097]},"tippecanoe":{"minzoom":4}}
,
{"type":"Feature","properties":{"_area":42452590407,"OBJECTID_1":227,"Name_rgn":"Dunántúli","official":1,"country":"Hungary","class":"Oltalom alatt álló földrajzi jelzés","altname":"Dunántúl","gen":9,"state":null,"color":5,"ppt_yr":628,"ppt_gs":437,"GDD_1":1644,"latitude":46.9703,"elev":null,"GI_area":null,"auv":null,"climate":null,"style":null,"_bbox":[16.11384899736833,45.73715660919518,19.095483617214736,48.02246542168447]},"geometry":{"type":"Point","coordinates":[17.97568,46.88148]},"tippecanoe":{"minzoom":3}}
,
{"type":"Feature","properties":{"_area":24121167965,"OBJECTID_1":229,"Name_rgn":"Megyehatár","official":6,"country":"Hungary","class":"Region","altname":null,"gen":9,"state":null,"color":2,"ppt_yr":578,"ppt_gs":389,"GDD_1":1670,"latitude":47.4247,"elev":null,"GI_area":null,"auv":null,"climate":null,"style":null,"_bbox":[20.40756740248107,46.242756802730696,22.896570080028223,48.42568911608557]},"geometry":{"type":"Point","coordinates":[21.51555,47.51169]},"tippecanoe":{"minzoom":4}}
,
{"type":"Feature","properties":{"_area":89167937083,"OBJECTID_1":230,"Name_rgn":"Aegean","official":9,"country":"Turkey","class":"Region","altname":null,"gen":1,"state":null,"color":1,"ppt_yr":697,"ppt_gs":218,"GDD_1":2200,"latitude":38.7181,"elev":null,"GI_area":null,"auv":null,"climate":null,"style":null,"_bbox":[25.668508999078682,36.851353871809394,30.115848757570635,40.738414620815114]},"geometry":{"type":"Point","coordinates":[27.18547,39.10093]},"tippecanoe":{"minzoom":3}}
,
{"type":"Feature","properties":{"_area":56880978219,"OBJECTID_1":231,"Name_rgn":"Marmara","official":9,"country":"Turkey","class":"Region","altname":null,"gen":1,"state":null,"color":3,"ppt_yr":671,"ppt_gs":305,"GDD_1":1988,"latitude":41.226,"elev":null,"GI_area":null,"auv":null,"climate":null,"style":null,"_bbox":[26.03523679947633,40.292406961625986,31.010803922115972,42.104785694061036]},"geometry":{"type":"Point","coordinates":[27.22284,41.3101]},"tippecanoe":{"minzoom":3}}
,
{"type":"Feature","properties":{"_area":4470374954,"OBJECTID_1":232,"Name_rgn":"Mediterranean","official":9,"country":"Turkey","class":"Region","altname":null,"gen":1,"state":null,"color":3,"ppt_yr":574,"ppt_gs":215,"GDD_1":1669,"latitude":36.94,"elev":null,"GI_area":null,"auv":null,"climate":null,"style":null,"_bbox":[29.674684887254323,36.49848891483551,30.506285785177145,37.34736771899178]},"geometry":{"type":"Point","coordinates":[30.05597,36.93906]},"tippecanoe":{"minzoom":4}}
,
{"type":"Feature","properties":{"_area":78146626914,"OBJECTID_1":233,"Name_rgn":"Mid-Eastern Anatolia","official":9,"country":"Turkey","class":"Region","altname":null,"gen":1,"state":null,"color":4,"ppt_yr":578,"ppt_gs":238,"GDD_1":1793,"latitude":39.1723,"elev":null,"GI_area":null,"auv":null,"climate":null,"style":null,"_bbox":[35.4483630169322,37.89124514495707,40.33958761039661,40.909579602830796]},"geometry":{"type":"Point","coordinates":[38.11041,39.02938]},"tippecanoe":{"minzoom":3}}
,
{"type":"Feature","properties":{"_area":79067942708,"OBJECTID_1":234,"Name_rgn":"Mid-Northern Anatolia","official":9,"country":"Turkey","class":"Region","altname":null,"gen":1,"state":null,"color":0,"ppt_yr":484,"ppt_gs":217,"GDD_1":1732,"latitude":39.5952,"elev":null,"GI_area":null,"auv":null,"climate":null,"style":null,"_bbox":[28.775980100814163,38.161954400655354,33.89513772306974,40.752335701552425]},"geometry":{"type":"Point","coordinates":[32.54645,39.62537]},"tippecanoe":{"minzoom":3}}
,
{"type":"Feature","properties":{"_area":6735965823,"OBJECTID_1":235,"Name_rgn":"Mid-Southern Anatolia","official":9,"country":"Turkey","class":"Region","altname":null,"gen":1,"state":null,"color":5,"ppt_yr":403,"ppt_gs":191,"GDD_1":1636,"latitude":38.7931,"elev":null,"GI_area":null,"auv":null,"climate":null,"style":null,"_bbox":[34.24162937808124,38.31007557486026,35.10939797647871,39.414154097246175]},"geometry":{"type":"Point","coordinates":[34.67043,38.7626]},"tippecanoe":{"minzoom":4}}
,
{"type":"Feature","properties":{"_area":18355532730,"OBJECTID_1":236,"Name_rgn":"South-East Anatolia","official":9,"country":"Turkey","class":"Region","altname":null,"gen":1,"state":null,"color":1,"ppt_yr":648,"ppt_gs":197,"GDD_1":2754,"latitude":38.1069,"elev":null,"GI_area":null,"auv":null,"climate":null,"style":null,"_bbox":[39.10734304008381,37.50713354348691,41.372080498038784,38.71077872701387]},"geometry":{"type":"Point","coordinates":[40.53902,38.11131]},"tippecanoe":{"minzoom":4}}
,
{"type":"Feature","properties":{"_area":482188873,"OBJECTID_1":237,"Name_rgn":"Genève","official":1,"country":"Switzerland","class":"Appellation d'origine contrôlée","altname":"Genf","gen":3,"state":null,"color":5,"ppt_yr":971,"ppt_gs":579,"GDD_1":1439,"latitude":46.2148,"elev":null,"GI_area":null,"auv":null,"climate":null,"style":null,"_bbox":[5.954936143812404,46.0839911278806,6.309313879632853,46.36316724854175]},"geometry":{"type":"Point","coordinates":[6.19431,46.26775]},"tippecanoe":{"minzoom":5}}
,
{"type":"Feature","properties":{"_area":2005815578,"OBJECTID_1":238,"Name_rgn":"Barossa","official":1,"country":"Australia","class":"Zone","altname":null,"gen":1,"state":"South Australia","color":3,"ppt_yr":502,"ppt_gs":202,"GDD_1":1877,"latitude":-34.5473,"elev":null,"GI_area":null,"auv":null,"climate":null,"style":"Shiraz, Cabernet Sauvignon, Vermentino","_bbox":[138.743409,-34.80786,139.263314,-34.306639]},"geometry":{"type":"Point","coordinates":[139.04101,-34.54159]},"tippecanoe":{"minzoom":5}}
,
{"type":"Feature","properties":{"_area":15673959836,"OBJECTID_1":239,"Name_rgn":"Fleurieu","official":1,"country":"Australia","class":"Zone","altname":null,"gen":1,"state":"South Australia","color":4,"ppt_yr":586,"ppt_gs":201,"GDD_1":1622,"latitude":-35.6273,"elev":null,"GI_area":null,"auv":null,"climate":"warm summer, warm temperate","style":"Chardonnay, Shiraz, Pinot Gris/Grigio, Sauvignon Blanc, Riesling","_bbox":[136.532348,-36.075692,139.164527,-34.966517]},"geometry":{"type":"Point","coordinates":[138.5866,-35.32342]},"tippecanoe":{"minzoom":4}}
,
{"type":"Feature","properties":{"_area":27130829520,"OBJECTID_1":240,"Name_rgn":"Limestone Coast","official":1,"country":"Australia","class":"Zone","altname":null,"gen":1,"state":"South Australia","color":0,"ppt_yr":549,"ppt_gs":208,"GDD_1":1535,"latitude":-36.7812,"elev":null,"GI_area":null,"auv":null,"climate":"warm summer, warm temperate","style":"Shiraz, Merlot, Cabernet Sauvignon, Chardonnay, Mataro/Mourvèdre","_bbox":[139.288624,-38.062681,140.973362,-35.808128]},"geometry":{"type":"Point","coordinates":[140.26302,-36.5182]},"tippecanoe":{"minzoom":4}}
,
{"type":"Feature","properties":{"_area":20475444887,"OBJECTID_1":241,"Name_rgn":"Mount Lofty Ranges","official":1,"country":"Australia","class":"Zone","altname":null,"gen":1,"state":"South Australia","color":5,"ppt_yr":436,"ppt_gs":187,"GDD_1":2031,"latitude":-34.1169,"elev":null,"GI_area":null,"auv":null,"climate":null,"style":"Shiraz, Cabernet Sauvignon, Sangiovese, Mataro/Mourvèdre, Nebbiolo","_bbox":[138.141099,-35.349529,139.358154,-33.325429]},"geometry":{"type":"Point","coordinates":[138.75022,-34.13663]},"tippecanoe":{"minzoom":4}}
,
{"type":"Feature","properties":{"_area":60994670055,"OBJECTID_1":242,"Name_rgn":"The Peninsulas","official":1,"country":"Australia","class":"Zone","altname":null,"gen":1,"state":"South Australia","color":1,"ppt_yr":376,"ppt_gs":145,"GDD_1":2014,"latitude":-33.9943,"elev":null,"GI_area":null,"auv":null,"climate":null,"style":null,"_bbox":[134.59844530978674,-35.300223218184684,138.25917890978693,-33.13949272048808]},"geometry":{"type":"Point","coordinates":[136.93959,-34.26311]},"tippecanoe":{"minzoom":3}}
,
{"type":"Feature","properties":{"_area":242104382390,"OBJECTID_1":243,"Name_rgn":"Big Rivers","official":1,"country":"Australia","class":"Zone","altname":null,"gen":1,"state":"New South Wales","color":4,"ppt_yr":335,"ppt_gs":193,"GDD_1":2569,"latitude":-33.9876,"elev":null,"GI_area":null,"auv":null,"climate":null,"style":"Shiraz, Cabernet Sauvignon, Chardonnay","_bbox":[141.00142600000012,-36.129906,148.275248,-31.532449]},"geometry":{"type":"Point","coordinates":[145.19144,-34.26107]},"tippecanoe":{"minzoom":3}}
,
{"type":"Feature","properties":{"_area":47786365131,"OBJECTID_1":244,"Name_rgn":"Central Ranges","official":1,"country":"Australia","class":"Zone","altname":null,"gen":19,"state":"New South Wales","color":3,"ppt_yr":703,"ppt_gs":433,"GDD_1":1934,"latitude":-33.2238,"elev":null,"GI_area":null,"auv":null,"climate":null,"style":"Shiraz, Cabernet Sauvignon, Merlot, Pinot Gris/Grigio, Sauvignon Blanc","_bbox":[147.73109,-34.205849,150.619786,-32.073212]},"geometry":{"type":"Point","coordinates":[149.42116,-33.13224]},"tippecanoe":{"minzoom":3}}
,
{"type":"Feature","properties":{"_area":24905544411,"OBJECTID_1":245,"Name_rgn":"Hunter Valley","official":1,"country":"Australia","class":"Zone","altname":null,"gen":19,"state":"New South Wales","color":4,"ppt_yr":801,"ppt_gs":543,"GDD_1":2209,"latitude":-32.3303,"elev":null,"GI_area":null,"auv":null,"climate":null,"style":null,"_bbox":[149.67324,-33.139033,151.918701,-31.59473]},"geometry":{"type":"Point","coordinates":[150.96908,-32.31523]},"tippecanoe":{"minzoom":4}}
,
{"type":"Feature","properties":{"_area":65747010638,"OBJECTID_1":246,"Name_rgn":"Northern Rivers","official":1,"country":"Australia","class":"Zone","altname":null,"gen":19,"state":"New South Wales","color":0,"ppt_yr":1213,"ppt_gs":889,"GDD_1":2365,"latitude":-30.4309,"elev":null,"GI_area":null,"auv":null,"climate":null,"style":null,"_bbox":[151.23525,-32.835869,153.638602,-28.157007]},"geometry":{"type":"Point","coordinates":[152.21748,-31.22229]},"tippecanoe":{"minzoom":3}}
,
{"type":"Feature","properties":{"_area":112949121445,"OBJECTID_1":247,"Name_rgn":"Northern Slopes","official":1,"country":"Australia","class":"Zone","altname":null,"gen":19,"state":"New South Wales","color":5,"ppt_yr":745,"ppt_gs":523,"GDD_1":2177,"latitude":-30.3896,"elev":null,"GI_area":null,"auv":null,"climate":null,"style":null,"_bbox":[148.625642,-32.304495,152.631258,-28.249234]},"geometry":{"type":"Point","coordinates":[150.98491,-30.35401]},"tippecanoe":{"minzoom":3}}
,
{"type":"Feature","properties":{"_area":52823285090,"OBJECTID_1":248,"Name_rgn":"South Coast","official":1,"country":"Australia","class":"Zone","altname":null,"gen":19,"state":"New South Wales","color":1,"ppt_yr":913,"ppt_gs":601,"GDD_1":2165,"latitude":-34.7946,"elev":null,"GI_area":null,"auv":null,"climate":null,"style":"Merlot, Semillon, Shiraz, Petit Verdot","_bbox":[149.356232,-37.505267,151.737744,-32.697506]},"geometry":{"type":"Point","coordinates":[150.8784,-33.39227]},"tippecanoe":{"minzoom":3}}
,
{"type":"Feature","properties":{"_area":67645640887,"OBJECTID_1":249,"Name_rgn":"Southern New South Wales","official":1,"country":"Australia","class":"Zone","altname":null,"gen":19,"state":"New South Wales","color":2,"ppt_yr":756,"ppt_gs":432,"GDD_1":1508,"latitude":-35.4113,"elev":null,"GI_area":null,"auv":null,"climate":null,"style":"Chardonnay, Pinot Noir","_bbox":[147.68587000000014,-37.262771,150.333536,-33.888312]},"geometry":{"type":"Point","coordinates":[148.91145,-35.14774]},"tippecanoe":{"minzoom":3}}
,
{"type":"Feature","properties":{"_area":374641833739,"OBJECTID_1":250,"Name_rgn":"Western Plains","official":1,"country":"Australia","class":"Zone","altname":null,"gen":1,"state":"New South Wales","color":3,"ppt_yr":335,"ppt_gs":218,"GDD_1":3105,"latitude":-30.7754,"elev":null,"GI_area":null,"auv":null,"climate":null,"style":null,"_bbox":[140.999286,-33.41014,150.360441,-28.537144]},"geometry":{"type":"Point","coordinates":[147.00904,-30.99089]},"tippecanoe":{"minzoom":3}}
,
{"type":"Feature","properties":{"_area":31262092118,"OBJECTID_1":257,"Name_rgn":"Cataluña","official":1,"country":"Spain","class":"Denominación de Origen","altname":"Catalunya","gen":1,"state":null,"color":3,"ppt_yr":571,"ppt_gs":349,"GDD_1":1998,"latitude":41.5411,"elev":null,"GI_area":null,"auv":null,"climate":null,"style":null,"_bbox":[0.20090921221997,40.8157677028725,3.332553812062671,42.482119321323836]},"geometry":{"type":"Point","coordinates":[1.16549,41.70468]},"tippecanoe":{"minzoom":4}}
,
{"type":"Feature","properties":{"_area":34633817983,"OBJECTID_1":258,"Name_rgn":"La Mancha","official":1,"country":"Spain","class":"Denominación de Origen","altname":null,"gen":1,"state":null,"color":4,"ppt_yr":421,"ppt_gs":207,"GDD_1":2234,"latitude":39.2684,"elev":null,"GI_area":null,"auv":null,"climate":null,"style":null,"_bbox":[-4.86818159819272,38.40825807417855,-1.824381108400386,40.20912662277881]},"geometry":{"type":"Point","coordinates":[-3.16492,39.26385]},"tippecanoe":{"minzoom":4}}
,
{"type":"Feature","properties":{"_area":23758626754,"OBJECTID_1":259,"Name_rgn":"Ribera del Guadiana","official":1,"country":"Spain","class":"Denominación de Origen","altname":null,"gen":1,"state":null,"color":5,"ppt_yr":566,"ppt_gs":234,"GDD_1":2395,"latitude":38.8639,"elev":null,"GI_area":null,"auv":null,"climate":null,"style":null,"_bbox":[-7.269769938157982,38.081046913299346,-4.952512858002694,39.66723959230606]},"geometry":{"type":"Point","coordinates":[-6.01003,38.86911]},"tippecanoe":{"minzoom":4}}
,
{"type":"Feature","properties":{"_area":14536312832,"OBJECTID_1":260,"Name_rgn":"Valencia","official":1,"country":"Spain","class":"Denominación de Origen","altname":null,"gen":1,"state":null,"color":0,"ppt_yr":369,"ppt_gs":224,"GDD_1":2162,"latitude":39.2365,"elev":null,"GI_area":null,"auv":null,"climate":null,"style":null,"_bbox":[-1.528915618344539,38.25390112420382,-0.287522168597019,39.981829093309074]},"geometry":{"type":"Point","coordinates":[-0.87124,39.33467]},"tippecanoe":{"minzoom":4}}
,
{"type":"Feature","properties":{"_area":852430959,"OBJECTID_1":261,"Name_rgn":"Colli Martani","official":1,"country":"Italy","class":"Denominazione di origine controllata","altname":null,"gen":11,"state":"Umbria","color":4,"ppt_yr":604,"ppt_gs":340,"GDD_1":1974,"latitude":42.8476,"elev":null,"GI_area":null,"auv":null,"climate":null,"style":null,"_bbox":[12.33896301320477,42.69901413560161,12.730828537759567,43.02208465183158]},"geometry":{"type":"Point","coordinates":[12.51249,42.85487]},"tippecanoe":{"minzoom":5}}
,
{"type":"Feature","properties":{"_area":909494860,"OBJECTID_1":262,"Name_rgn":"Colli Altotiberini","official":1,"country":"Italy","class":"Denominazione di origine controllata","altname":null,"gen":11,"state":"Umbria","color":0,"ppt_yr":808,"ppt_gs":443,"GDD_1":1951,"latitude":43.3075,"elev":null,"GI_area":null,"auv":null,"climate":null,"style":null,"_bbox":[12.090920612272884,43.08832232438644,12.534585508384495,43.56456432713191]},"geometry":{"type":"Point","coordinates":[12.23347,43.38424]},"tippecanoe":{"minzoom":5}}
,
{"type":"Feature","properties":{"_area":1240956604,"OBJECTID_1":263,"Name_rgn":"Rosso Orvietano","official":1,"country":"Italy","class":"Denominazione di origine controllata","altname":"Orvietano Rosso","gen":11,"state":"Umbria","color":5,"ppt_yr":485,"ppt_gs":262,"GDD_1":1951,"latitude":42.7728,"elev":null,"GI_area":null,"auv":null,"climate":null,"style":null,"_bbox":[11.891932709849666,42.559197870056956,12.384131059300666,42.94310646725064]},"geometry":{"type":"Point","coordinates":[12.18361,42.7684]},"tippecanoe":{"minzoom":5}}
,
{"type":"Feature","properties":{"_area":19408035961,"OBJECTID_1":264,"Name_rgn":"Felső-Magyarország","official":1,"country":"Hungary","class":"Oltalom alatt álló földrajzi jelzés","altname":"Felső-Magyarországi","gen":9,"state":null,"color":1,"ppt_yr":578,"ppt_gs":412,"GDD_1":1542,"latitude":48.0405,"elev":null,"GI_area":null,"auv":null,"climate":null,"style":null,"_bbox":[18.928421557097177,47.42002693997967,22.131386217987476,48.58561094548699]},"geometry":{"type":"Point","coordinates":[20.30231,47.93566]},"tippecanoe":{"minzoom":4}}
,
{"type":"Feature","properties":{"_area":26240508713,"OBJECTID_1":265,"Name_rgn":"Costa Toscana","official":1,"country":"Italy","class":"Indicazione geografica tipica","altname":null,"gen":12,"state":"Tuscany","color":1,"ppt_yr":784,"ppt_gs":392,"GDD_1":2027,"latitude":43.2839,"elev":null,"GI_area":null,"auv":null,"climate":null,"style":null,"_bbox":[9.752914170463036,42.237615413499135,11.820158231386898,44.472541865021526]},"geometry":{"type":"Point","coordinates":[10.63967,43.02343]},"tippecanoe":{"minzoom":4}}
,
{"type":"Feature","properties":{"_area":8673691747,"OBJECTID_1":266,"Name_rgn":"Colli della Toscana Centrale","official":1,"country":"Italy","class":"Indicazione geografica tipica","altname":null,"gen":12,"state":"Tuscany","color":2,"ppt_yr":820,"ppt_gs":421,"GDD_1":1980,"latitude":43.4634,"elev":null,"GI_area":null,"auv":null,"climate":null,"style":null,"_bbox":[10.711164787790816,42.87020170249277,12.050841118541785,43.98756855603958]},"geometry":{"type":"Point","coordinates":[11.53446,43.35414]},"tippecanoe":{"minzoom":4}}
,
{"type":"Feature","properties":{"_area":9910711255,"OBJECTID_1":267,"Name_rgn":"Colli dell'Etruria Centrale","official":1,"country":"Italy","class":"Denominazione di origine controllata","altname":null,"gen":12,"state":"Tuscany","color":3,"ppt_yr":820,"ppt_gs":422,"GDD_1":2004,"latitude":43.4843,"elev":null,"GI_area":null,"auv":null,"climate":null,"style":null,"_bbox":[10.474322468815753,42.87571084057379,11.962739694033383,43.98756855603958]},"geometry":{"type":"Point","coordinates":[11.34785,43.49082]},"tippecanoe":{"minzoom":4}}
,
{"type":"Feature","properties":{"_area":9565988219,"OBJECTID_1":268,"Name_rgn":"Montepulciano d'Abruzzo","official":1,"country":"Italy","class":"Denominazione di origine controllata","altname":null,"gen":12,"state":"Abruzzo","color":3,"ppt_yr":703,"ppt_gs":406,"GDD_1":1928,"latitude":42.3271,"elev":null,"GI_area":null,"auv":null,"climate":null,"style":null,"_bbox":[13.357016664826125,41.79901501429667,14.783568802140241,42.895678193651]},"geometry":{"type":"Point","coordinates":[13.9182,42.27452]},"tippecanoe":{"minzoom":4}}
,
{"type":"Feature","properties":{"_area":2973255959,"OBJECTID_1":270,"Name_rgn":"Marca Trevigiana","official":1,"country":"Italy","class":"Indicazione geografica tipica","altname":null,"gen":12,"state":"Veneto","color":5,"ppt_yr":958,"ppt_gs":638,"GDD_1":1558,"latitude":45.7949,"elev":null,"GI_area":null,"auv":null,"climate":null,"style":null,"_bbox":[11.743029217006423,45.530482162773005,12.685364256331463,46.08297342963776]},"geometry":{"type":"Point","coordinates":[12.2966,45.79917]},"tippecanoe":{"minzoom":5}}
,
{"type":"Feature","properties":{"_area":3659519426,"OBJECTID_1":271,"Name_rgn":"Provincia di Verona","official":1,"country":"Italy","class":"Indicazione geografica tipica","altname":"Veronese","gen":12,"state":"Veneto","color":0,"ppt_yr":762,"ppt_gs":508,"GDD_1":1899,"latitude":45.4177,"elev":null,"GI_area":null,"auv":null,"climate":null,"style":null,"_bbox":[10.623103238718006,45.05305134996399,11.49135702625175,45.83182477574296]},"geometry":{"type":"Point","coordinates":[10.98245,45.46487]},"tippecanoe":{"minzoom":5}}
,
{"type":"Feature","properties":{"_area":1828465617,"OBJECTID_1":272,"Name_rgn":"Veneto Orientale","official":1,"country":"Italy","class":"Indicazione geografica tipica","altname":null,"gen":12,"state":"Veneto","color":1,"ppt_yr":961,"ppt_gs":629,"GDD_1":1558,"latitude":45.6639,"elev":null,"GI_area":null,"auv":null,"climate":null,"style":null,"_bbox":[12.263353543609389,45.42222166339149,13.101583882529681,45.85473575847727]},"geometry":{"type":"Point","coordinates":[12.67095,45.67523]},"tippecanoe":{"minzoom":5}}
,
{"type":"Feature","properties":{"_area":28117156790,"OBJECTID_1":273,"Name_rgn":"Alger","official":6,"country":"Algeria","class":"Région","altname":"الجزائر","gen":12,"state":null,"color":0,"ppt_yr":547,"ppt_gs":179,"GDD_1":2520,"latitude":36.1801,"elev":null,"GI_area":null,"auv":null,"climate":null,"style":null,"_bbox":[0.691851970646656,35.44528959211883,3.629967924405061,36.82041547889889]},"geometry":{"type":"Point","coordinates":[2.58466,36.09727]},"tippecanoe":{"minzoom":4}}
,
{"type":"Feature","properties":{"_area":79623113598,"OBJECTID_1":274,"Name_rgn":"Oran","official":6,"country":"Algeria","class":"Région","altname":"وهران","gen":12,"state":null,"color":1,"ppt_yr":375,"ppt_gs":146,"GDD_1":2469,"latitude":35.0513,"elev":null,"GI_area":null,"auv":null,"climate":null,"style":null,"_bbox":[-2.215342047012582,33.908119180107064,2.671771046274588,36.33319471414871]},"geometry":{"type":"Point","coordinates":[0.60049,35.12776]},"tippecanoe":{"minzoom":3}}
,
{"type":"Feature","properties":{"_area":20056814845,"OBJECTID_1":275,"Name_rgn":"Codru","official":1,"country":"Moldova","class":"Indicație geografică protejată","altname":null,"gen":19,"state":null,"color":1,"ppt_yr":532,"ppt_gs":348,"GDD_1":1527,"latitude":47.2886,"elev":null,"GI_area":null,"auv":null,"climate":null,"style":null,"_bbox":[27.40112749999977,46.6044649990582,29.905067499999863,48.182176499062635]},"geometry":{"type":"Point","coordinates":[28.564,47.36058]},"tippecanoe":{"minzoom":4}}
,
{"type":"Feature","properties":{"_area":5577884310,"OBJECTID_1":276,"Name_rgn":"Ștefan Vodă","official":1,"country":"Moldova","class":"Indicație geografică protejată","altname":"Stefan Voda","gen":19,"state":null,"color":2,"ppt_yr":517,"ppt_gs":319,"GDD_1":1599,"latitude":46.5736,"elev":null,"GI_area":null,"auv":null,"climate":null,"style":null,"_bbox":[28.5494479999998,46.25954449905765,30.16313849999984,46.83430299905859]},"geometry":{"type":"Point","coordinates":[29.00241,46.5284]},"tippecanoe":{"minzoom":4}}
,
{"type":"Feature","properties":{"_area":7064172860,"OBJECTID_1":277,"Name_rgn":"Valul lui Traian","official":1,"country":"Moldova","class":"Indicație geografică protejată","altname":"Trajan's Wall","gen":19,"state":null,"color":3,"ppt_yr":512,"ppt_gs":323,"GDD_1":1728,"latitude":46.0915,"elev":null,"GI_area":null,"auv":null,"climate":null,"style":null,"_bbox":[28.087197499999792,45.467279999056814,29.067093499999785,46.706819999058425]},"geometry":{"type":"Point","coordinates":[28.52117,46.12995]},"tippecanoe":{"minzoom":4}}
,
{"type":"Feature","properties":{"_area":82547615542,"OBJECTID_1":290,"Name_rgn":"Aegean Sea","official":1,"country":"Greece","class":"Προστατευόμενη γεωγραφική","altname":"Αιγαίο Πέλαγος","gen":9,"state":null,"color":2,"ppt_yr":624,"ppt_gs":138,"GDD_1":2603,"latitude":37.0868,"elev":null,"GI_area":null,"auv":null,"climate":null,"style":null,"_bbox":[23.896876492546255,35.33972198919291,28.246591991148417,38.61038148390991]},"geometry":{"type":"Point","coordinates":[25.77056,37.29485]},"tippecanoe":{"minzoom":3}}
,
{"type":"Feature","properties":{"_area":10040589544,"OBJECTID_1":294,"Name_rgn":"Negroamaro di Terra d'Otranto","official":1,"country":"Italy","class":"Denominazione di origine controllata","altname":null,"gen":14,"state":"Puglia","color":2,"ppt_yr":562,"ppt_gs":248,"GDD_1":2402,"latitude":40.4167,"elev":null,"GI_area":null,"auv":null,"climate":null,"style":null,"_bbox":[16.696566,39.789631,18.520451,40.892241]},"geometry":{"type":"Point","coordinates":[17.83202,40.36086]},"tippecanoe":{"minzoom":4}}
,
{"type":"Feature","properties":{"_area":32835401417,"OBJECTID_1":295,"Name_rgn":"Sardegna Semidano","official":1,"country":"Italy","class":"Denominazione di origine controllata","altname":null,"gen":14,"state":"Sardegna","color":3,"ppt_yr":622,"ppt_gs":237,"GDD_1":2197,"latitude":40.0956,"elev":null,"GI_area":null,"auv":null,"climate":null,"style":null,"_bbox":[8.130814,38.859202,9.827047,41.313255]},"geometry":{"type":"Point","coordinates":[8.97479,40.40221]},"tippecanoe":{"minzoom":4}}
,
{"type":"Feature","properties":{"_area":31463699812,"OBJECTID_1":296,"Name_rgn":"Aleatico di Puglia","official":1,"country":"Italy","class":"Denominazione di origine controllata","altname":null,"gen":14,"state":"Puglia","color":5,"ppt_yr":505,"ppt_gs":243,"GDD_1":2170,"latitude":40.975,"elev":null,"GI_area":null,"auv":null,"climate":null,"style":null,"_bbox":[14.9341,39.789631,18.520451,42.226546]},"geometry":{"type":"Point","coordinates":[15.68017,41.56139]},"tippecanoe":{"minzoom":4}}
,
{"type":"Feature","properties":{"_area":43112530301,"OBJECTID_1":297,"Name_rgn":"delle Venezie","official":1,"country":"Italy","class":"Denominazione di origine controllata","altname":"Beneških okolišev","gen":14,"state":null,"color":5,"ppt_yr":957,"ppt_gs":649,"GDD_1":1186,"latitude":45.8708,"elev":null,"GI_area":null,"auv":null,"climate":null,"style":null,"_bbox":[10.452155,44.794429,13.918855,46.680475]},"geometry":{"type":"Point","coordinates":[12.21756,45.74942]},"tippecanoe":{"minzoom":3}}
,
{"type":"Feature","properties":{"_area":32835401417,"OBJECTID_1":298,"Name_rgn":"Monica di Sardegna","official":1,"country":"Italy","class":"Denominazione di origine controllata","altname":null,"gen":14,"state":"Sardegna","color":0,"ppt_yr":622,"ppt_gs":237,"GDD_1":2197,"latitude":40.0956,"elev":null,"GI_area":null,"auv":null,"climate":null,"style":null,"_bbox":[8.130814,38.859202,9.827047,41.313255]},"geometry":{"type":"Point","coordinates":[8.97479,40.40221]},"tippecanoe":{"minzoom":4}}
,
{"type":"Feature","properties":{"_area":86745820525,"OBJECTID_1":299,"Name_rgn":"Sicilia","official":1,"country":"Italy","class":"Denominazione di origine controllata","altname":null,"gen":14,"state":"Sicilia","color":1,"ppt_yr":531,"ppt_gs":208,"GDD_1":2307,"latitude":37.5913,"elev":null,"GI_area":null,"auv":null,"climate":null,"style":null,"_bbox":[11.925725,35.492945,15.652966,38.812145]},"geometry":{"type":"Point","coordinates":[13.58492,37.40821]},"tippecanoe":{"minzoom":3}}
,
{"type":"Feature","properties":{"_area":33291747833,"OBJECTID_1":309,"Name_rgn":"Weinland","official":1,"country":"Austria","class":"Weinbauregion","altname":null,"gen":14,"state":null,"color":0,"ppt_yr":743,"ppt_gs":535,"GDD_1":1259,"latitude":48.1554,"elev":null,"GI_area":null,"auv":null,"climate":null,"style":null,"_bbox":[14.452636371522441,46.83063325923286,17.16077331128594,49.02052546412412]},"geometry":{"type":"Point","coordinates":[16.06886,47.93681]},"tippecanoe":{"minzoom":4}}
,
{"type":"Feature","properties":{"_area":21195969088,"OBJECTID_1":310,"Name_rgn":"Steirerland","official":1,"country":"Austria","class":"Weinbauregion","altname":null,"gen":14,"state":null,"color":5,"ppt_yr":1199,"ppt_gs":861,"GDD_1":620,"latitude":47.2712,"elev":null,"GI_area":null,"auv":null,"climate":null,"style":null,"_bbox":[13.563343846880779,46.611984609857664,16.171769302208187,47.827893126284565]},"geometry":{"type":"Point","coordinates":[15.29043,47.22647]},"tippecanoe":{"minzoom":4}}
,
{"type":"Feature","properties":{"_area":74357140480,"OBJECTID_1":311,"Name_rgn":"Bergland","official":1,"country":"Austria","class":"Weinbauregion","altname":null,"gen":14,"state":null,"color":2,"ppt_yr":1282,"ppt_gs":880,"GDD_1":644,"latitude":47.4079,"elev":null,"GI_area":null,"auv":null,"climate":null,"style":null,"_bbox":[9.53074901220334,46.372305011535495,15.065151945674563,48.772566472187115]},"geometry":{"type":"Point","coordinates":[13.87829,47.59295]},"tippecanoe":{"minzoom":3}}
,
{"type":"Feature","properties":{"_area":10040589544,"OBJECTID_1":315,"Name_rgn":"Salento","official":1,"country":"Italy","class":"Indicazione geografica tipica","altname":null,"gen":15,"state":null,"color":2,"ppt_yr":562,"ppt_gs":248,"GDD_1":2399,"latitude":40.4167,"elev":null,"GI_area":null,"auv":null,"climate":null,"style":null,"_bbox":[16.696566,39.789631,18.520451,40.892241]},"geometry":{"type":"Point","coordinates":[17.83202,40.36086]},"tippecanoe":{"minzoom":4}}
,
{"type":"Feature","properties":{"_area":3499981394,"OBJECTID_1":316,"Name_rgn":"Tarantino","official":1,"country":"Italy","class":"Indicazione geografica tipica","altname":null,"gen":15,"state":null,"color":3,"ppt_yr":581,"ppt_gs":268,"GDD_1":2402,"latitude":40.5421,"elev":null,"GI_area":null,"auv":null,"climate":null,"style":null,"_bbox":[16.696566,40.294573,17.800256,40.803384]},"geometry":{"type":"Point","coordinates":[17.22674,40.56935]},"tippecanoe":{"minzoom":5}}
,
{"type":"Feature","properties":{"_area":2593429276,"OBJECTID_1":317,"Name_rgn":"Benevento","official":1,"country":"Italy","class":"Indicazione geografica tipica","altname":"Beneventano","gen":15,"state":null,"color":4,"ppt_yr":700,"ppt_gs":333,"GDD_1":1931,"latitude":41.2402,"elev":null,"GI_area":null,"auv":null,"climate":null,"style":null,"_bbox":[14.352032,40.974991,15.149197,41.486358]},"geometry":{"type":"Point","coordinates":[14.67613,41.20321]},"tippecanoe":{"minzoom":5}}
,
{"type":"Feature","properties":{"_area":3025604043,"OBJECTID_1":318,"Name_rgn":"Terre di Chieti","official":1,"country":"Italy","class":"Indicazione geografica tipica","altname":null,"gen":15,"state":null,"color":5,"ppt_yr":622,"ppt_gs":346,"GDD_1":1458,"latitude":42.1008,"elev":null,"GI_area":null,"auv":null,"climate":null,"style":null,"_bbox":[14.075688,41.759624,14.783039,42.444879]},"geometry":{"type":"Point","coordinates":[14.34604,42.08887]},"tippecanoe":{"minzoom":5}}
,
{"type":"Feature","properties":{"_area":32835401417,"OBJECTID_1":319,"Name_rgn":"Isola dei Nuraghi","official":1,"country":"Italy","class":"Indicazione geografica tipica","altname":null,"gen":15,"state":null,"color":0,"ppt_yr":622,"ppt_gs":237,"GDD_1":2197,"latitude":40.0956,"elev":null,"GI_area":null,"auv":null,"climate":null,"style":null,"_bbox":[8.130814,38.859202,9.827047,41.313255]},"geometry":{"type":"Point","coordinates":[8.97479,40.40221]},"tippecanoe":{"minzoom":4}}
,
{"type":"Feature","properties":{"_area":6489692138,"OBJECTID_1":320,"Name_rgn":"Terre Aquilane","official":1,"country":"Italy","class":"Indicazione geografica tipica","altname":"Terre de L'Aquila","gen":15,"state":null,"color":1,"ppt_yr":798,"ppt_gs":487,"GDD_1":1122,"latitude":42.1053,"elev":null,"GI_area":null,"auv":null,"climate":null,"style":null,"_bbox":[13.018507,41.682073,14.229757,42.591234]},"geometry":{"type":"Point","coordinates":[13.53257,42.14109]},"tippecanoe":{"minzoom":4}}
,
{"type":"Feature","properties":{"_area":11446963985,"OBJECTID_1":321,"Name_rgn":"Marche","official":1,"country":"Italy","class":"Indicazione geografica tipica","altname":null,"gen":15,"state":null,"color":2,"ppt_yr":800,"ppt_gs":469,"GDD_1":1837,"latitude":43.3506,"elev":null,"GI_area":null,"auv":null,"climate":null,"style":null,"_bbox":[12.185469,42.687132,13.916747,43.969546]},"geometry":{"type":"Point","coordinates":[13.26437,43.23504]},"tippecanoe":{"minzoom":4}}
,
{"type":"Feature","properties":{"_area":86745820525,"OBJECTID_1":322,"Name_rgn":"Terre Siciliane","official":1,"country":"Italy","class":"Indicazione geografica tipica","altname":null,"gen":15,"state":null,"color":3,"ppt_yr":531,"ppt_gs":208,"GDD_1":2310,"latitude":37.5913,"elev":null,"GI_area":null,"auv":null,"climate":null,"style":null,"_bbox":[11.925725,35.492945,15.652966,38.812145]},"geometry":{"type":"Point","coordinates":[13.58492,37.40821]},"tippecanoe":{"minzoom":3}}
,
{"type":"Feature","properties":{"_area":3965168296,"OBJECTID_1":323,"Name_rgn":"Frusinate","official":1,"country":"Italy","class":"Indicazione geografica tipica","altname":"del Frusinate","gen":15,"state":null,"color":4,"ppt_yr":925,"ppt_gs":464,"GDD_1":1901,"latitude":41.6155,"elev":null,"GI_area":null,"auv":null,"climate":null,"style":null,"_bbox":[12.991895,41.301316,14.027669,41.955106]},"geometry":{"type":"Point","coordinates":[13.42158,41.63779]},"tippecanoe":{"minzoom":4}}
,
{"type":"Feature","properties":{"_area":21599151963,"OBJECTID_1":324,"Name_rgn":"dell'Emilia","official":1,"country":"Italy","class":"Indicazione geografica tipica","altname":"Emilia","gen":15,"state":null,"color":5,"ppt_yr":867,"ppt_gs":501,"GDD_1":1790,"latitude":44.639,"elev":null,"GI_area":null,"auv":null,"climate":null,"style":null,"_bbox":[9.197936,44.06224,12.398132,45.13913]},"geometry":{"type":"Point","coordinates":[10.92738,44.5644]},"tippecanoe":{"minzoom":4}}
,
{"type":"Feature","properties":{"_area":31463699812,"OBJECTID_1":325,"Name_rgn":"Puglia","official":1,"country":"Italy","class":"Indicazione geografica tipica","altname":null,"gen":15,"state":null,"color":0,"ppt_yr":501,"ppt_gs":242,"GDD_1":2205,"latitude":40.9907,"elev":null,"GI_area":null,"auv":null,"climate":null,"style":null,"_bbox":[14.9341,39.789631,18.520451,42.226546]},"geometry":{"type":"Point","coordinates":[15.68017,41.56139]},"tippecanoe":{"minzoom":4}}
,
{"type":"Feature","properties":{"_area":40125230236,"OBJECTID_1":326,"Name_rgn":"Toscano","official":1,"country":"Italy","class":"Indicazione geografica tipica","altname":"Tuscany","gen":15,"state":null,"color":4,"ppt_yr":881,"ppt_gs":445,"GDD_1":1670,"latitude":43.4565,"elev":null,"GI_area":null,"auv":null,"climate":null,"style":null,"_bbox":[9.686725,42.23767,12.371369,44.472691]},"geometry":{"type":"Point","coordinates":[10.80151,43.29789]},"tippecanoe":{"minzoom":4}}
,
{"type":"Feature","properties":{"_area":3433840801,"OBJECTID_1":327,"Name_rgn":"Osco","official":1,"country":"Italy","class":"Indicazione geografica tipica","altname":"Terre degli Osci","gen":15,"state":null,"color":3,"ppt_yr":526,"ppt_gs":274,"GDD_1":1926,"latitude":41.7032,"elev":null,"GI_area":null,"auv":null,"climate":null,"style":null,"_bbox":[14.377718,41.363929,15.161591,42.069991]},"geometry":{"type":"Point","coordinates":[14.82108,41.708]},"tippecanoe":{"minzoom":5}}
,
{"type":"Feature","properties":{"_area":12370590573,"OBJECTID_1":328,"Name_rgn":"Basilicata","official":1,"country":"Italy","class":"Indicazione geografica tipica","altname":null,"gen":15,"state":null,"color":0,"ppt_yr":664,"ppt_gs":311,"GDD_1":1837,"latitude":40.5017,"elev":null,"GI_area":null,"auv":null,"climate":null,"style":null,"_bbox":[15.335023,39.89477,16.866975,41.139901]},"geometry":{"type":"Point","coordinates":[16.07371,40.43891]},"tippecanoe":{"minzoom":4}}
,
{"type":"Feature","properties":{"_area":10439332050,"OBJECTID_1":329,"Name_rgn":"Umbria","official":1,"country":"Italy","class":"Indicazione geografica tipica","altname":null,"gen":15,"state":null,"color":1,"ppt_yr":692,"ppt_gs":391,"GDD_1":1801,"latitude":42.9679,"elev":null,"GI_area":null,"auv":null,"climate":null,"style":null,"_bbox":[11.891908,42.364429,13.264207,43.617326]},"geometry":{"type":"Point","coordinates":[12.44127,43.01412]},"tippecanoe":{"minzoom":4}}
,
{"type":"Feature","properties":{"_area":2055814920,"OBJECTID_1":330,"Name_rgn":"Colline Savonesi","official":1,"country":"Italy","class":"Indicazione geografica tipica","altname":null,"gen":15,"state":null,"color":2,"ppt_yr":817,"ppt_gs":460,"GDD_1":1715,"latitude":44.282,"elev":null,"GI_area":null,"auv":null,"climate":null,"style":null,"_bbox":[7.97747,43.938951,8.670922,44.52874]},"geometry":{"type":"Point","coordinates":[8.3242,44.34328]},"tippecanoe":{"minzoom":5}}
,
{"type":"Feature","properties":{"_area":9907976566,"OBJECTID_1":331,"Name_rgn":"Mitterberg","official":1,"country":"Italy","class":"Indicazione geografica tipica","altname":null,"gen":15,"state":null,"color":3,"ppt_yr":862,"ppt_gs":620,"GDD_1":425,"latitude":46.697,"elev":null,"GI_area":null,"auv":null,"climate":null,"style":null,"_bbox":[10.381808,46.21978,12.47763,47.091824]},"geometry":{"type":"Point","coordinates":[11.22916,46.60385]},"tippecanoe":{"minzoom":4}}
,
{"type":"Feature","properties":{"_area":2013645855,"OBJECTID_1":332,"Name_rgn":"Rotae","official":1,"country":"Italy","class":"Indicazione geografica tipica","altname":null,"gen":15,"state":null,"color":4,"ppt_yr":706,"ppt_gs":371,"GDD_1":1577,"latitude":41.6497,"elev":null,"GI_area":null,"auv":null,"climate":null,"style":null,"_bbox":[13.94104,41.386399,14.522281,41.910749]},"geometry":{"type":"Point","coordinates":[14.26671,41.64653]},"tippecanoe":{"minzoom":5}}
,
{"type":"Feature","properties":{"_area":1582121759,"OBJECTID_1":333,"Name_rgn":"Colline Pescaresi","official":1,"country":"Italy","class":"Indicazione geografica tipica","altname":null,"gen":15,"state":null,"color":5,"ppt_yr":742,"ppt_gs":431,"GDD_1":1230,"latitude":42.3324,"elev":null,"GI_area":null,"auv":null,"climate":null,"style":null,"_bbox":[13.765287,42.073044,14.254484,42.544503]},"geometry":{"type":"Point","coordinates":[13.98168,42.32627]},"tippecanoe":{"minzoom":5}}
,
{"type":"Feature","properties":{"_area":23636518176,"OBJECTID_1":334,"Name_rgn":"Calabria","official":1,"country":"Italy","class":"Indicazione geografica tipica","altname":null,"gen":15,"state":null,"color":0,"ppt_yr":849,"ppt_gs":342,"GDD_1":2014,"latitude":39.0743,"elev":null,"GI_area":null,"auv":null,"climate":null,"style":null,"_bbox":[15.629857,37.915722,17.206655,40.143906]},"geometry":{"type":"Point","coordinates":[16.41441,39.22074]},"tippecanoe":{"minzoom":4}}
,
{"type":"Feature","properties":{"_area":1355928181,"OBJECTID_1":335,"Name_rgn":"Terrazze dell'Imperiese","official":1,"country":"Italy","class":"Indicazione geografica tipica","altname":null,"gen":15,"state":null,"color":1,"ppt_yr":790,"ppt_gs":429,"GDD_1":1703,"latitude":43.9465,"elev":null,"GI_area":null,"auv":null,"climate":null,"style":null,"_bbox":[7.494819,43.77564,8.135434,44.140857]},"geometry":{"type":"Point","coordinates":[7.80618,43.97501]},"tippecanoe":{"minzoom":5}}
,
{"type":"Feature","properties":{"_area":10805006419,"OBJECTID_1":336,"Name_rgn":"Venezia Giulia","official":1,"country":"Italy","class":"Indicazione geografica tipica","altname":null,"gen":15,"state":null,"color":2,"ppt_yr":1436,"ppt_gs":955,"GDD_1":1436,"latitude":46.1532,"elev":null,"GI_area":null,"auv":null,"climate":null,"style":null,"_bbox":[12.320966,45.580931,13.918855,46.647821]},"geometry":{"type":"Point","coordinates":[13.20709,46.11594]},"tippecanoe":{"minzoom":4}}
,
{"type":"Feature","properties":{"_area":7066989702,"OBJECTID_1":337,"Name_rgn":"Colli di Salerno","official":1,"country":"Italy","class":"Indicazione geografica tipica","altname":null,"gen":15,"state":null,"color":3,"ppt_yr":813,"ppt_gs":365,"GDD_1":1946,"latitude":40.4422,"elev":null,"GI_area":null,"auv":null,"climate":null,"style":null,"_bbox":[14.428696,39.990513,15.806534,40.848705]},"geometry":{"type":"Point","coordinates":[15.19009,40.48624]},"tippecanoe":{"minzoom":4}}
,
{"type":"Feature","properties":{"_area":26977378481,"OBJECTID_1":338,"Name_rgn":"Veneto","official":1,"country":"Italy","class":"Indicazione geografica tipica","altname":null,"gen":15,"state":null,"color":4,"ppt_yr":875,"ppt_gs":587,"GDD_1":1547,"latitude":45.6563,"elev":null,"GI_area":null,"auv":null,"climate":null,"style":null,"_bbox":[10.622964,44.794429,13.102242,46.680475]},"geometry":{"type":"Point","coordinates":[12.06374,45.66792]},"tippecanoe":{"minzoom":4}}
,
{"type":"Feature","properties":{"_area":1130156487,"OBJECTID_1":339,"Name_rgn":"Liguria di Levante","official":1,"country":"Italy","class":"Indicazione geografica tipica","altname":null,"gen":15,"state":null,"color":0,"ppt_yr":1251,"ppt_gs":616,"GDD_1":1783,"latitude":44.2272,"elev":null,"GI_area":null,"auv":null,"climate":null,"style":null,"_bbox":[9.465763,44.023334,10.071047,44.43981]},"geometry":{"type":"Point","coordinates":[9.62031,44.28851]},"tippecanoe":{"minzoom":5}}
,
{"type":"Feature","properties":{"_area":7441587423,"OBJECTID_1":340,"Name_rgn":"Rubicone","official":1,"country":"Italy","class":"Indicazione geografica tipica","altname":null,"gen":15,"state":"Bologna, Forlì-Cesena, Ravenna, Rimini","color":0,"ppt_yr":816,"ppt_gs":458,"GDD_1":1910,"latitude":44.1779,"elev":null,"GI_area":null,"auv":null,"climate":null,"style":null,"_bbox":[11.402216,43.731881,12.755649,44.629222]},"geometry":{"type":"Point","coordinates":[12.0669,44.18362]},"tippecanoe":{"minzoom":4}}
,
{"type":"Feature","properties":{"_area":14886546865,"OBJECTID_1":341,"Name_rgn":"Kakheti","official":1,"country":"Georgia","class":"Region","altname":null,"gen":15,"state":null,"color":5,"ppt_yr":728,"ppt_gs":535,"GDD_1":1629,"latitude":41.7695,"elev":null,"GI_area":null,"auv":null,"climate":null,"style":null,"_bbox":[45.0449183568509,41.054552958383354,46.726724403181294,42.57392290104341]},"geometry":{"type":"Point","coordinates":[45.60392,41.90883]},"tippecanoe":{"minzoom":4}}
,
{"type":"Feature","properties":{"_area":12994391893,"OBJECTID_1":342,"Name_rgn":"Pelagonija-Polog","official":1,"country":"North Macedonia","class":"Region","altname":"Пелагонија-Полог","gen":15,"state":null,"color":1,"ppt_yr":776,"ppt_gs":412,"GDD_1":1271,"latitude":41.4233,"elev":null,"GI_area":null,"auv":null,"climate":null,"style":null,"_bbox":[20.453139000282167,40.85468300021009,21.932148499976616,42.20638200026441]},"geometry":{"type":"Point","coordinates":[21.05771,41.44341]},"tippecanoe":{"minzoom":4}}
,
{"type":"Feature","properties":{"_area":13685246974,"OBJECTID_1":343,"Name_rgn":"Povardarie","official":1,"country":"North Macedonia","class":"Region","altname":"Повардарие","gen":15,"state":null,"color":2,"ppt_yr":520,"ppt_gs":318,"GDD_1":1764,"latitude":41.6508,"elev":null,"GI_area":null,"auv":null,"climate":null,"style":null,"_bbox":[21.14987350028065,41.10024350011869,22.979477500293743,42.24919050032054]},"geometry":{"type":"Point","coordinates":[22.12491,41.6332]},"tippecanoe":{"minzoom":4}}
,
{"type":"Feature","properties":{"_area":6629102671,"OBJECTID_1":344,"Name_rgn":"Pcinja-Osogovo","official":1,"country":"North Macedonia","class":"Region","altname":"Пчиња-Осогово","gen":15,"state":null,"color":3,"ppt_yr":583,"ppt_gs":367,"GDD_1":1388,"latitude":42.0352,"elev":null,"GI_area":null,"auv":null,"climate":null,"style":null,"_bbox":[21.432902500325,41.51796049993863,23.032498000192014,42.37378899993128]},"geometry":{"type":"Point","coordinates":[22.22647,42.08085]},"tippecanoe":{"minzoom":4}}
,
{"type":"Feature","properties":{"_area":2662048932,"OBJECTID_1":345,"Name_rgn":"Lake Skadar","official":1,"country":"Montenegro","class":"Rejon","altname":"Skadarski rejon","gen":15,"state":null,"color":4,"ppt_yr":1544,"ppt_gs":693,"GDD_1":2200,"latitude":42.4105,"elev":null,"GI_area":null,"auv":null,"climate":null,"style":null,"_bbox":[18.94749346829975,42.062987179292215,19.498084722025666,42.7350382826671]},"geometry":{"type":"Point","coordinates":[19.21849,42.42001]},"tippecanoe":{"minzoom":5}}
,
{"type":"Feature","properties":{"_area":1985285114,"OBJECTID_1":346,"Name_rgn":"Montenegrin Coast","official":1,"country":"Montenegro","class":"Rejon","altname":"Crnogorsko primorje","gen":15,"state":null,"color":5,"ppt_yr":1462,"ppt_gs":637,"GDD_1":2377,"latitude":42.2054,"elev":null,"GI_area":null,"auv":null,"climate":null,"style":null,"_bbox":[18.433681328193785,41.875946142729745,19.38456182401428,42.54484622363446]},"geometry":{"type":"Point","coordinates":[19.21298,42.04382]},"tippecanoe":{"minzoom":5}}
,
{"type":"Feature","properties":{"_area":74447941219,"OBJECTID_1":347,"Name_rgn":"Georgian Viticulture Zone","official":6,"country":"Georgia","class":"Zone","altname":null,"gen":16,"state":null,"color":0,"ppt_yr":1124,"ppt_gs":679,"GDD_1":1751,"latitude":42.0668,"elev":null,"GI_area":null,"auv":null,"climate":null,"style":null,"_bbox":[40.008340661568106,41.05572151358243,46.736414193897225,43.58443746246052]},"geometry":{"type":"Point","coordinates":[42.016,42.28798]},"tippecanoe":{"minzoom":3}}
,
{"type":"Feature","properties":{"_area":71246801533,"OBJECTID_1":350,"Name_rgn":"Central Serbia","official":1,"country":"Serbia","class":"Vinogradarski region","altname":"Централна Србија","gen":15,"state":null,"color":5,"ppt_yr":755,"ppt_gs":483,"GDD_1":1420,"latitude":43.759,"elev":null,"GI_area":null,"auv":null,"climate":null,"style":null,"_bbox":[19.10259230232369,42.23144655647946,23.006374642127692,44.941689225578536]},"geometry":{"type":"Point","coordinates":[21.69704,43.55944]},"tippecanoe":{"minzoom":3}}
,
{"type":"Feature","properties":{"_area":14140534542,"OBJECTID_1":351,"Name_rgn":"Kosovo","official":1,"country":"Kosovo","class":"Rejon","altname":"Kosovo i Metohija","gen":15,"state":null,"color":0,"ppt_yr":817,"ppt_gs":472,"GDD_1":1344,"latitude":42.5832,"elev":null,"GI_area":null,"auv":null,"climate":null,"style":null,"_bbox":[20.01427642258903,41.85244549692623,21.78993661310989,43.26766468987066]},"geometry":{"type":"Point","coordinates":[20.83314,42.57457]},"tippecanoe":{"minzoom":4}}
,
{"type":"Feature","properties":{"_area":27336256846,"OBJECTID_1":352,"Name_rgn":"Vojvodina","official":1,"country":"Serbia","class":"Vinogradarski region","altname":"Војводина","gen":15,"state":null,"color":0,"ppt_yr":628,"ppt_gs":416,"GDD_1":1817,"latitude":45.3837,"elev":null,"GI_area":null,"auv":null,"climate":null,"style":null,"_bbox":[18.81499445982207,44.62972521312402,21.560130755983376,46.19005677333861]},"geometry":{"type":"Point","coordinates":[19.9601,45.41522]},"tippecanoe":{"minzoom":4}}
,
{"type":"Feature","properties":{"_area":31283574832,"OBJECTID_1":354,"Name_rgn":"Alentejano","official":1,"country":"Portugal","class":"Indicação Geográfica Protegida","altname":null,"gen":16,"state":null,"color":4,"ppt_yr":614,"ppt_gs":232,"GDD_1":2247,"latitude":38.4312,"elev":null,"GI_area":null,"auv":null,"climate":null,"style":null,"_bbox":[-8.819534063380717,37.31893672996513,-6.931499459990635,39.66367957918544]},"geometry":{"type":"Point","coordinates":[-7.77503,38.43904]},"tippecanoe":{"minzoom":4}}
,
{"type":"Feature","properties":{"_area":7114876226,"OBJECTID_1":355,"Name_rgn":"Algarve","official":1,"country":"Portugal","class":"Indicação Geográfica Protegida","altname":null,"gen":16,"state":null,"color":5,"ppt_yr":548,"ppt_gs":187,"GDD_1":2253,"latitude":37.2439,"elev":null,"GI_area":null,"auv":null,"climate":null,"style":null,"_bbox":[-8.997545018487857,36.961710466176676,-7.393304846134326,37.529130664647596]},"geometry":{"type":"Point","coordinates":[-7.92587,37.23323]},"tippecanoe":{"minzoom":4}}
,
{"type":"Feature","properties":{"_area":8698581733,"OBJECTID_1":356,"Name_rgn":"Beira Atlântico","official":3,"country":"Portugal","class":"Indicação Geográfica Protegida","altname":null,"gen":16,"state":null,"color":0,"ppt_yr":1046,"ppt_gs":408,"GDD_1":1801,"latitude":40.319,"elev":null,"GI_area":null,"auv":null,"climate":null,"style":null,"_bbox":[-8.909243699109204,39.730890582888534,-7.731755498350995,41.05346116026975]},"geometry":{"type":"Point","coordinates":[-8.40617,40.25812]},"tippecanoe":{"minzoom":4}}
,
{"type":"Feature","properties":{"_area":4316986420,"OBJECTID_1":357,"Name_rgn":"Duriense","official":1,"country":"Portugal","class":"Indicação Geográfica Protegida","altname":null,"gen":16,"state":null,"color":1,"ppt_yr":1169,"ppt_gs":462,"GDD_1":1807,"latitude":41.1583,"elev":null,"GI_area":null,"auv":null,"climate":null,"style":null,"_bbox":[-7.914448681520124,40.922857781391215,-6.749461465743121,41.53060653717485]},"geometry":{"type":"Point","coordinates":[-7.18147,41.20952]},"tippecanoe":{"minzoom":4}}
,
{"type":"Feature","properties":{"_area":9029215015,"OBJECTID_1":358,"Name_rgn":"Lisboa","official":1,"country":"Portugal","class":"Indicação Geográfica Protegida","altname":null,"gen":16,"state":null,"color":2,"ppt_yr":773,"ppt_gs":305,"GDD_1":1873,"latitude":39.3559,"elev":null,"GI_area":null,"auv":null,"climate":null,"style":null,"_bbox":[-9.517029080453954,38.67314690525013,-8.423082007200065,40.04550292681384]},"geometry":{"type":"Point","coordinates":[-9.12443,39.25911]},"tippecanoe":{"minzoom":4}}
,
{"type":"Feature","properties":{"_area":10489157987,"OBJECTID_1":359,"Name_rgn":"Minho","official":1,"country":"Portugal","class":"Indicação Geográfica Protegida","altname":null,"gen":16,"state":null,"color":3,"ppt_yr":1399,"ppt_gs":557,"GDD_1":1603,"latitude":41.4816,"elev":null,"GI_area":null,"auv":null,"climate":null,"style":null,"_bbox":[-8.88105831699495,40.76317341493938,-7.704066800094965,42.15431112740956]},"geometry":{"type":"Point","coordinates":[-8.2667,41.48443]},"tippecanoe":{"minzoom":4}}
,
{"type":"Feature","properties":{"_area":8035812963,"OBJECTID_1":360,"Name_rgn":"Península de Setúbal","official":1,"country":"Portugal","class":"Indicação Geográfica Protegida","altname":null,"gen":16,"state":null,"color":4,"ppt_yr":653,"ppt_gs":236,"GDD_1":2182,"latitude":38.32,"elev":null,"GI_area":null,"auv":null,"climate":null,"style":null,"_bbox":[-9.262975324253263,37.74939326235312,-8.129696303784021,38.84542309636842]},"geometry":{"type":"Point","coordinates":[-8.59187,38.22141]},"tippecanoe":{"minzoom":4}}
,
{"type":"Feature","properties":{"_area":9061636535,"OBJECTID_1":361,"Name_rgn":"Tejo","official":1,"country":"Portugal","class":"Indicação Geográfica Protegida","altname":null,"gen":16,"state":null,"color":5,"ppt_yr":754,"ppt_gs":293,"GDD_1":2143,"latitude":39.2631,"elev":null,"GI_area":null,"auv":null,"climate":null,"style":null,"_bbox":[-9.004746369676873,38.7314903865106,-7.808988144142546,39.80349302389618]},"geometry":{"type":"Point","coordinates":[-8.44833,39.20939]},"tippecanoe":{"minzoom":4}}
,
{"type":"Feature","properties":{"_area":1292262606,"OBJECTID_1":362,"Name_rgn":"Terras de Cister","official":3,"country":"Portugal","class":"Indicação Geográfica Protegida","altname":null,"gen":16,"state":null,"color":0,"ppt_yr":1311,"ppt_gs":507,"GDD_1":1523,"latitude":40.9854,"elev":null,"GI_area":null,"auv":null,"climate":null,"style":null,"_bbox":[-7.91568120045838,40.81245100196036,-7.325272217607673,41.13034672459764]},"geometry":{"type":"Point","coordinates":[-7.52328,40.96643]},"tippecanoe":{"minzoom":5}}
,
{"type":"Feature","properties":{"_area":14028830441,"OBJECTID_1":363,"Name_rgn":"Terras da Beira","official":3,"country":"Portugal","class":"Indicação Geográfica Protegida","altname":null,"gen":16,"state":null,"color":1,"ppt_yr":974,"ppt_gs":377,"GDD_1":1881,"latitude":40.1989,"elev":null,"GI_area":null,"auv":null,"climate":null,"style":null,"_bbox":[-8.293123449994313,39.537364901886185,-6.780960712536389,41.0234492897475]},"geometry":{"type":"Point","coordinates":[-7.37666,40.14471]},"tippecanoe":{"minzoom":4}}
,
{"type":"Feature","properties":{"_area":6016348081,"OBJECTID_1":364,"Name_rgn":"Terras do Dão","official":3,"country":"Portugal","class":"Indicação Geográfica Protegida","altname":null,"gen":16,"state":null,"color":2,"ppt_yr":1452,"ppt_gs":558,"GDD_1":1670,"latitude":40.5889,"elev":null,"GI_area":null,"auv":null,"climate":null,"style":null,"_bbox":[-8.379209676238615,40.136312532473916,-7.419851062989673,41.02662059386347]},"geometry":{"type":"Point","coordinates":[-7.92406,40.5932]},"tippecanoe":{"minzoom":4}}
,
{"type":"Feature","properties":{"_area":12125261699,"OBJECTID_1":365,"Name_rgn":"Transmontano","official":1,"country":"Portugal","class":"Indicação Geográfica Protegida","altname":null,"gen":16,"state":null,"color":3,"ppt_yr":1137,"ppt_gs":465,"GDD_1":1615,"latitude":41.5805,"elev":null,"GI_area":null,"auv":null,"climate":null,"style":null,"_bbox":[-8.119465073377102,41.1017320593672,-6.189159307483394,41.992521282727154]},"geometry":{"type":"Point","coordinates":[-6.96031,41.54756]},"tippecanoe":{"minzoom":4}}
,
{"type":"Feature","properties":{"_area":67568088373,"OBJECTID_1":366,"Name_rgn":"Danubian Plain","official":1,"country":"Bulgaria","class":"Pегионално вино","altname":"Дунавска равнина","gen":16,"state":null,"color":1,"ppt_yr":597,"ppt_gs":377,"GDD_1":1824,"latitude":43.4595,"elev":null,"GI_area":null,"auv":null,"climate":null,"style":null,"_bbox":[22.35717868053202,42.77318406528566,28.60746370669889,44.2154208947298]},"geometry":{"type":"Point","coordinates":[24.67617,43.47811]},"tippecanoe":{"minzoom":3}}
,
{"type":"Feature","properties":{"_area":64362748936,"OBJECTID_1":367,"Name_rgn":"Thracian Valley","official":1,"country":"Bulgaria","class":"Pегионално вино","altname":"Тракийска низина","gen":16,"state":null,"color":2,"ppt_yr":619,"ppt_gs":359,"GDD_1":1780,"latitude":42.1655,"elev":null,"GI_area":null,"auv":null,"climate":null,"style":null,"_bbox":[22.863351082317067,41.23536628900236,28.0354003716137,43.038719910507275]},"geometry":{"type":"Point","coordinates":[25.82022,42.11767]},"tippecanoe":{"minzoom":3}}
,
{"type":"Feature","properties":{"_area":36871048500,"OBJECTID_1":371,"Name_rgn":"Dalmatia","official":3,"country":"Croatia","class":"Zaštićena oznaka izvornosti","altname":"Dalmacija","gen":17,"state":null,"color":1,"ppt_yr":931,"ppt_gs":482,"GDD_1":2058,"latitude":43.6365,"elev":null,"GI_area":null,"auv":null,"climate":null,"style":null,"_bbox":[14.567525663426895,42.37765987355474,18.53374514437184,44.433692040730975]},"geometry":{"type":"Point","coordinates":[16.54174,43.10601]},"tippecanoe":{"minzoom":4}}
,
{"type":"Feature","properties":{"_area":12572320636,"OBJECTID_1":372,"Name_rgn":"Croatian Istria and Kvarner","official":3,"country":"Croatia","class":"Zaštićena oznaka izvornosti","altname":"Hrvatska Istra i Kvarner","gen":17,"state":null,"color":2,"ppt_yr":1216,"ppt_gs":691,"GDD_1":1730,"latitude":45.0606,"elev":null,"GI_area":null,"auv":null,"climate":null,"style":null,"_bbox":[13.489720944235987,44.28033958976276,15.343250707665142,45.5199814605937]},"geometry":{"type":"Point","coordinates":[14.49996,44.94314]},"tippecanoe":{"minzoom":4}}
,
{"type":"Feature","properties":{"_area":18270920044,"OBJECTID_1":373,"Name_rgn":"Slavonia and Croatian Danube","official":3,"country":"Croatia","class":"Zaštićena oznaka izvornosti","altname":"Slavonija i Hrvatsko Podunavlje","gen":17,"state":null,"color":1,"ppt_yr":782,"ppt_gs":512,"GDD_1":1741,"latitude":45.4404,"elev":null,"GI_area":null,"auv":null,"climate":null,"style":null,"_bbox":[16.928278091595175,44.84972128893669,19.4473555342609,45.996117073226]},"geometry":{"type":"Point","coordinates":[18.63388,45.41676]},"tippecanoe":{"minzoom":4}}
,
{"type":"Feature","properties":{"_area":23033761293,"OBJECTID_1":374,"Name_rgn":"Croatian Uplands","official":3,"country":"Croatia","class":"Zaštićena oznaka izvornosti","altname":"Središnja bregovita Hrvatska","gen":17,"state":null,"color":4,"ppt_yr":1009,"ppt_gs":655,"GDD_1":1587,"latitude":45.7089,"elev":null,"GI_area":null,"auv":null,"climate":null,"style":null,"_bbox":[14.959595239114424,44.99568967304797,17.385509922054073,46.55502543197206]},"geometry":{"type":"Point","coordinates":[16.40472,45.7647]},"tippecanoe":{"minzoom":4}}
,
{"type":"Feature","properties":{"_area":13099352654,"OBJECTID_1":375,"Name_rgn":"Abruzzo","official":1,"country":"Italy","class":"Denominazione di origine controllata","altname":null,"gen":18,"state":"Abruzzo","color":1,"ppt_yr":743,"ppt_gs":444,"GDD_1":1060,"latitude":42.2293,"elev":null,"GI_area":null,"auv":null,"climate":null,"style":null,"_bbox":[13.018453520935134,41.68210774917987,14.782844835292812,42.894630513377614]},"geometry":{"type":"Point","coordinates":[13.75437,42.29015]},"tippecanoe":{"minzoom":4}}
,
{"type":"Feature","properties":{"_area":3017051600,"OBJECTID_1":376,"Name_rgn":"Alta Langa","official":1,"country":"Italy","class":"Denominazione di origine controllata e garantita","altname":null,"gen":18,"state":"Piemonte","color":2,"ppt_yr":713,"ppt_gs":419,"GDD_1":1798,"latitude":44.5943,"elev":null,"GI_area":null,"auv":null,"climate":null,"style":null,"_bbox":[7.790537496513487,44.327674390184285,8.829038798592222,44.80724587161]},"geometry":{"type":"Point","coordinates":[8.27807,44.57917]},"tippecanoe":{"minzoom":5}}
,
{"type":"Feature","properties":{"_area":3963832068,"OBJECTID_1":377,"Name_rgn":"Atina","official":1,"country":"Italy","class":"Denominazione di origine controllata","altname":null,"gen":18,"state":"Lazio","color":2,"ppt_yr":925,"ppt_gs":464,"GDD_1":1911,"latitude":41.6155,"elev":null,"GI_area":null,"auv":null,"climate":null,"style":null,"_bbox":[12.992347842732723,41.30136252650165,14.027442621220118,41.9548057931531]},"geometry":{"type":"Point","coordinates":[13.42308,41.63766]},"tippecanoe":{"minzoom":4}}
,
{"type":"Feature","properties":{"_area":2856402137,"OBJECTID_1":378,"Name_rgn":"Barbera d'Asti","official":1,"country":"Italy","class":"Denominazione di origine controllata e garantita","altname":null,"gen":18,"state":"Piemonte","color":4,"ppt_yr":633,"ppt_gs":400,"GDD_1":1940,"latitude":44.9105,"elev":null,"GI_area":null,"auv":null,"climate":null,"style":null,"_bbox":[7.891644991303942,44.51897280187679,8.599778249234971,45.181093466992884]},"geometry":{"type":"Point","coordinates":[8.29965,44.88818]},"tippecanoe":{"minzoom":5}}
,
{"type":"Feature","properties":{"_area":4207969072,"OBJECTID_1":379,"Name_rgn":"Barbera del Monferrato Superiore","official":1,"country":"Italy","class":"Denominazione di origine controllata e garantita","altname":null,"gen":18,"state":"Piemonte","color":5,"ppt_yr":676,"ppt_gs":416,"GDD_1":1976,"latitude":44.8497,"elev":null,"GI_area":null,"auv":null,"climate":null,"style":null,"_bbox":[7.8925032849026,44.46491510709425,8.817582850057049,45.18106619142114]},"geometry":{"type":"Point","coordinates":[8.43311,44.8083]},"tippecanoe":{"minzoom":4}}
,
{"type":"Feature","properties":{"_area":4207969072,"OBJECTID_1":380,"Name_rgn":"Barbera del Monferrato","official":1,"country":"Italy","class":"Denominazione di origine controllata","altname":null,"gen":18,"state":"Piemonte","color":0,"ppt_yr":676,"ppt_gs":416,"GDD_1":1913,"latitude":44.8497,"elev":null,"GI_area":null,"auv":null,"climate":null,"style":null,"_bbox":[7.8925032849026,44.46491510709425,8.817582850057049,45.18106619142114]},"geometry":{"type":"Point","coordinates":[8.43311,44.8083]},"tippecanoe":{"minzoom":4}}
,
{"type":"Feature","properties":{"_area":19499540936,"OBJECTID_1":381,"Name_rgn":"Campania","official":1,"country":"Italy","class":"Indicazione geografica tipica","altname":null,"gen":18,"state":"Campania","color":1,"ppt_yr":784,"ppt_gs":360,"GDD_1":1990,"latitude":40.8628,"elev":null,"GI_area":null,"auv":null,"climate":null,"style":null,"_bbox":[13.762065451886816,39.99091985980622,15.80632960946853,41.50734568360918]},"geometry":{"type":"Point","coordinates":[14.81423,40.89796]},"tippecanoe":{"minzoom":4}}
,
{"type":"Feature","properties":{"_area":32779911172,"OBJECTID_1":382,"Name_rgn":"Cannonau di Sardegna","official":1,"country":"Italy","class":"Denominazione di origine controllata","altname":null,"gen":18,"state":"Sardegna","color":2,"ppt_yr":622,"ppt_gs":237,"GDD_1":2530,"latitude":40.0958,"elev":null,"GI_area":null,"auv":null,"climate":null,"style":null,"_bbox":[8.131272787592385,38.859130303818596,9.827053943699982,41.31212209395122]},"geometry":{"type":"Point","coordinates":[8.97461,40.40297]},"tippecanoe":{"minzoom":4}}
,
{"type":"Feature","properties":{"_area":5473859100,"OBJECTID_1":383,"Name_rgn":"Castelli di Jesi Verdicchio Riserva","official":1,"country":"Italy","class":"Denominazione di origine controllata e garantita","altname":null,"gen":18,"state":"Marche","color":3,"ppt_yr":783,"ppt_gs":463,"GDD_1":2056,"latitude":43.321,"elev":null,"GI_area":null,"auv":null,"climate":null,"style":null,"_bbox":[12.746795308359998,42.831902345687574,13.743655877161432,43.750702457212576]},"geometry":{"type":"Point","coordinates":[13.19857,43.31957]},"tippecanoe":{"minzoom":4}}
,
{"type":"Feature","properties":{"_area":9790664739,"OBJECTID_1":384,"Name_rgn":"Cerasuolo d'Abruzzo","official":1,"country":"Italy","class":"Denominazione di origine controllata","altname":null,"gen":18,"state":"Abruzzo","color":4,"ppt_yr":704,"ppt_gs":407,"GDD_1":1870,"latitude":42.3162,"elev":null,"GI_area":null,"auv":null,"climate":null,"style":null,"_bbox":[13.356521185720045,41.754346386618884,14.782844835292812,42.894630513377614]},"geometry":{"type":"Point","coordinates":[13.92388,42.25823]},"tippecanoe":{"minzoom":4}}
,
{"type":"Feature","properties":{"_area":2740410114,"OBJECTID_1":385,"Name_rgn":"Colline del Genovesato","official":1,"country":"Italy","class":"Indicazione geografica tipica","altname":null,"gen":18,"state":"Liguria","color":5,"ppt_yr":1371,"ppt_gs":737,"GDD_1":1597,"latitude":44.4678,"elev":null,"GI_area":null,"auv":null,"climate":null,"style":null,"_bbox":[8.571581227225826,44.216926323517484,9.574846024638585,44.676264101518626]},"geometry":{"type":"Point","coordinates":[9.34582,44.42955]},"tippecanoe":{"minzoom":5}}
,
{"type":"Feature","properties":{"_area":2791575160,"OBJECTID_1":386,"Name_rgn":"Forlì","official":1,"country":"Italy","class":"Indicazione geografica tipica","altname":null,"gen":18,"state":"Emilia Romagna","color":0,"ppt_yr":935,"ppt_gs":504,"GDD_1":1775,"latitude":44.0373,"elev":null,"GI_area":null,"auv":null,"climate":null,"style":null,"_bbox":[11.646040338868705,43.74062973433164,12.45737299244462,44.33077040853376]},"geometry":{"type":"Point","coordinates":[12.01776,44.02936]},"tippecanoe":{"minzoom":5}}
,
{"type":"Feature","properties":{"_area":10061942620,"OBJECTID_1":387,"Name_rgn":"Fortana del Taro","official":1,"country":"Italy","class":"Indicazione geografica tipica","altname":null,"gen":18,"state":"Emilia Romagna","color":1,"ppt_yr":973,"ppt_gs":556,"GDD_1":1632,"latitude":44.7148,"elev":null,"GI_area":null,"auv":null,"climate":null,"style":null,"_bbox":[9.1979420022852,44.22604092434786,10.897973554804073,45.13894764549801]},"geometry":{"type":"Point","coordinates":[9.94859,44.72707]},"tippecanoe":{"minzoom":4}}
,
{"type":"Feature","properties":{"_area":15038349664,"OBJECTID_1":388,"Name_rgn":"Friuli","official":1,"country":"Italy","class":"Denominazione di origine controllata","altname":"Furlanija Julijska krajina","gen":18,"state":"Friuli Venezia Giulia","color":2,"ppt_yr":1348,"ppt_gs":874,"GDD_1":1973,"latitude":45.9705,"elev":null,"GI_area":null,"auv":null,"climate":null,"style":null,"_bbox":[9.983205609666705,45.414199233890095,13.918808237798155,46.32537138084404]},"geometry":{"type":"Point","coordinates":[13.15051,45.93341]},"tippecanoe":{"minzoom":4}}
,
{"type":"Feature","properties":{"_area":3206513379,"OBJECTID_1":389,"Name_rgn":"Friuli Grave","official":1,"country":"Italy","class":"Denominazione di origine controllata","altname":null,"gen":18,"state":"Friuli Venezia Giulia","color":3,"ppt_yr":1359,"ppt_gs":894,"GDD_1":1186,"latitude":46.0453,"elev":null,"GI_area":null,"auv":null,"climate":null,"style":null,"_bbox":[12.423236007482416,45.80946504127551,13.464811920262092,46.32537306483883]},"geometry":{"type":"Point","coordinates":[13.14218,46.08304]},"tippecanoe":{"minzoom":5}}
,
{"type":"Feature","properties":{"_area":2197212974,"OBJECTID_1":390,"Name_rgn":"Gioia del Colle","official":1,"country":"Italy","class":"Denominazione di origine controllata","altname":null,"gen":18,"state":"Puglia","color":4,"ppt_yr":578,"ppt_gs":282,"GDD_1":2081,"latitude":40.8669,"elev":null,"GI_area":null,"auv":null,"climate":null,"style":null,"_bbox":[16.343781665397493,40.69197753520115,17.2575734523016,41.03973020194301]},"geometry":{"type":"Point","coordinates":[17.01687,40.87061]},"tippecanoe":{"minzoom":5}}
,
{"type":"Feature","properties":{"_area":29930235789,"OBJECTID_1":391,"Name_rgn":"Lazio","official":1,"country":"Italy","class":"Indicazione geografica tipica","altname":null,"gen":18,"state":"Lazio","color":5,"ppt_yr":670,"ppt_gs":337,"GDD_1":2010,"latitude":41.9836,"elev":null,"GI_area":null,"auv":null,"climate":null,"style":null,"_bbox":[11.449620497332594,40.78476666572654,14.027442621220118,42.83843841360966]},"geometry":{"type":"Point","coordinates":[12.89411,41.9906]},"tippecanoe":{"minzoom":4}}
,
{"type":"Feature","properties":{"_area":32779911172,"OBJECTID_1":392,"Name_rgn":"Moscato di Sardegna","official":1,"country":"Italy","class":"Denominazione di origine controllata","altname":null,"gen":18,"state":"Sardegna","color":0,"ppt_yr":622,"ppt_gs":237,"GDD_1":2197,"latitude":40.0958,"elev":null,"GI_area":null,"auv":null,"climate":null,"style":null,"_bbox":[8.131272787592385,38.859130303818596,9.827053943699982,41.31212209395122]},"geometry":{"type":"Point","coordinates":[8.97461,40.40297]},"tippecanoe":{"minzoom":4}}
,
{"type":"Feature","properties":{"_area":2768005811,"OBJECTID_1":393,"Name_rgn":"Ravenna","official":1,"country":"Italy","class":"Indicazione geografica tipica","altname":null,"gen":18,"state":"Emilia Romagna","color":3,"ppt_yr":693,"ppt_gs":406,"GDD_1":2138,"latitude":44.3721,"elev":null,"GI_area":null,"auv":null,"climate":null,"style":null,"_bbox":[11.525019498599026,44.09907513869255,12.383510032471237,44.63038968011077]},"geometry":{"type":"Point","coordinates":[12.03299,44.37667]},"tippecanoe":{"minzoom":5}}
,
{"type":"Feature","properties":{"_area":2760415699,"OBJECTID_1":394,"Name_rgn":"Reno","official":1,"country":"Italy","class":"Denominazione di origine controllata","altname":null,"gen":18,"state":"Emilia Romagna","color":2,"ppt_yr":679,"ppt_gs":407,"GDD_1":2164,"latitude":44.5449,"elev":null,"GI_area":null,"auv":null,"climate":null,"style":null,"_bbox":[10.943191377201398,44.28277064782648,11.810077220525843,44.80471539330001]},"geometry":{"type":"Point","coordinates":[11.2638,44.58605]},"tippecanoe":{"minzoom":5}}
,
{"type":"Feature","properties":{"_area":6214647631,"OBJECTID_1":395,"Name_rgn":"Roma","official":1,"country":"Italy","class":"Denominazione di origine controllata","altname":null,"gen":18,"state":"Lazio","color":3,"ppt_yr":574,"ppt_gs":266,"GDD_1":2219,"latitude":41.9345,"elev":null,"GI_area":null,"auv":null,"climate":null,"style":null,"_bbox":[11.733545749378546,41.407570074759114,13.191506986436735,42.24112928308141]},"geometry":{"type":"Point","coordinates":[12.66601,41.84429]},"tippecanoe":{"minzoom":4}}
,
{"type":"Feature","properties":{"_area":12294289123,"OBJECTID_1":396,"Name_rgn":"Romagna","official":1,"country":"Italy","class":"Denominazione di origine controllata","altname":null,"gen":18,"state":"Emilia Romagna","color":4,"ppt_yr":823,"ppt_gs":463,"GDD_1":1884,"latitude":44.2652,"elev":null,"GI_area":null,"auv":null,"climate":null,"style":null,"_bbox":[10.803704924281229,43.73187762304496,12.755728358423394,44.80471539330001]},"geometry":{"type":"Point","coordinates":[12.01746,44.21958]},"tippecanoe":{"minzoom":4}}
,
{"type":"Feature","properties":{"_area":4613854656,"OBJECTID_1":397,"Name_rgn":"Rosso Piceno","official":1,"country":"Italy","class":"Denominazione di origine controllata","altname":"Piceno","gen":18,"state":"Marche","color":5,"ppt_yr":715,"ppt_gs":422,"GDD_1":2006,"latitude":43.2743,"elev":null,"GI_area":null,"auv":null,"climate":null,"style":null,"_bbox":[12.919471030199023,42.77184122761806,13.890343366376399,43.74721737513947]},"geometry":{"type":"Point","coordinates":[13.45468,43.24163]},"tippecanoe":{"minzoom":4}}
,
{"type":"Feature","properties":{"_area":3398777516,"OBJECTID_1":398,"Name_rgn":"Tarquinia","official":1,"country":"Italy","class":"Denominazione di origine controllata","altname":null,"gen":18,"state":"Lazio","color":0,"ppt_yr":365,"ppt_gs":165,"GDD_1":2169,"latitude":42.1466,"elev":null,"GI_area":null,"auv":null,"climate":null,"style":null,"_bbox":[11.449370412997993,41.73641464011342,12.42461514737185,42.476892090867416]},"geometry":{"type":"Point","coordinates":[12.13417,42.08713]},"tippecanoe":{"minzoom":5}}
,
{"type":"Feature","properties":{"_area":10019449045,"OBJECTID_1":399,"Name_rgn":"Terra d'Otranto","official":1,"country":"Italy","class":"Denominazione di origine controllata","altname":null,"gen":18,"state":"Puglia","color":1,"ppt_yr":562,"ppt_gs":248,"GDD_1":2517,"latitude":40.4168,"elev":null,"GI_area":null,"auv":null,"climate":null,"style":null,"_bbox":[16.696392673827177,39.78969357205039,18.520451447699543,40.89197804406877]},"geometry":{"type":"Point","coordinates":[17.80137,40.37259]},"tippecanoe":{"minzoom":4}}
,
{"type":"Feature","properties":{"_area":13099352654,"OBJECTID_1":400,"Name_rgn":"Trebbiano d'Abruzzo","official":1,"country":"Italy","class":"Denominazione di origine controllata","altname":null,"gen":18,"state":"Abruzzo","color":2,"ppt_yr":743,"ppt_gs":444,"GDD_1":1147,"latitude":42.2293,"elev":null,"GI_area":null,"auv":null,"climate":null,"style":null,"_bbox":[13.018453520935134,41.68210774917987,14.782844835292812,42.894630513377614]},"geometry":{"type":"Point","coordinates":[13.75437,42.29015]},"tippecanoe":{"minzoom":4}}
,
{"type":"Feature","properties":{"_area":3734919754,"OBJECTID_1":401,"Name_rgn":"Trentino","official":1,"country":"Italy","class":"Denominazione di origine controllata","altname":null,"gen":18,"state":"Trento","color":3,"ppt_yr":627,"ppt_gs":459,"GDD_1":1046,"latitude":45.985,"elev":null,"GI_area":null,"auv":null,"climate":null,"style":null,"_bbox":[10.490306267016802,45.67309787006187,11.601229374748232,46.29029518352295]},"geometry":{"type":"Point","coordinates":[11.02855,45.96422]},"tippecanoe":{"minzoom":5}}
,
{"type":"Feature","properties":{"_area":3105439744,"OBJECTID_1":402,"Name_rgn":"Trento","official":1,"country":"Italy","class":"Denominazione di origine controllata","altname":null,"gen":18,"state":"Trento","color":4,"ppt_yr":631,"ppt_gs":461,"GDD_1":1186,"latitude":45.9896,"elev":null,"GI_area":null,"auv":null,"climate":null,"style":null,"_bbox":[10.74804892210437,45.67309787006187,11.601229374748232,46.29029518352295]},"geometry":{"type":"Point","coordinates":[11.04278,45.97145]},"tippecanoe":{"minzoom":5}}
,
{"type":"Feature","properties":{"_area":43124823847,"OBJECTID_1":403,"Name_rgn":"Trevenezie","official":1,"country":"Italy","class":"Indicazione geografica tipica","altname":"Tri Benečije","gen":18,"state":null,"color":5,"ppt_yr":957,"ppt_gs":649,"GDD_1":591,"latitude":45.8704,"elev":null,"GI_area":null,"auv":null,"climate":null,"style":null,"_bbox":[10.453317031158527,44.792698648022125,13.918808237798155,46.6803715230784]},"geometry":{"type":"Point","coordinates":[12.21886,45.74898]},"tippecanoe":{"minzoom":3}}
,
{"type":"Feature","properties":{"_area":88648318797,"OBJECTID_1":405,"Name_rgn":"Black Sea","official":1,"country":"Ukraine","class":"Region","altname":null,"gen":18,"state":null,"color":4,"ppt_yr":453,"ppt_gs":279,"GDD_1":1622,"latitude":47.1333,"elev":null,"GI_area":null,"auv":null,"climate":null,"style":null,"_bbox":[28.83317899999976,45.95824599905718,35.10378099999979,48.23380499906276]},"geometry":{"type":"Point","coordinates":[31.07263,47.15214]},"tippecanoe":{"minzoom":3}}
,
{"type":"Feature","properties":{"_area":14974865372,"OBJECTID_1":406,"Name_rgn":"Transcarpathia","official":1,"country":"Ukraine","class":"District","altname":"Закарпаття","gen":18,"state":null,"color":0,"ppt_yr":1076,"ppt_gs":681,"GDD_1":1053,"latitude":48.4058,"elev":null,"GI_area":null,"auv":null,"climate":null,"style":null,"_bbox":[22.137110999999816,47.8968529990616,24.627657999999755,49.09642799906649]},"geometry":{"type":"Point","coordinates":[23.01981,48.43631]},"tippecanoe":{"minzoom":4}}
,
{"type":"Feature","properties":{"_area":1727171322,"OBJECTID_1":407,"Name_rgn":"Larnaca","official":1,"country":"Cyprus","class":"Προστατευόμενη γεωγραφική","altname":"Λάρνακα","gen":19,"state":null,"color":0,"ppt_yr":478,"ppt_gs":86,"GDD_1":3056,"latitude":34.9127,"elev":null,"GI_area":null,"auv":null,"climate":null,"style":null,"_bbox":[33.12732305841937,34.715601227742255,33.90240343738585,35.11718767820099]},"geometry":{"type":"Point","coordinates":[33.5646,34.96306]},"tippecanoe":{"minzoom":5}}
,
{"type":"Feature","properties":{"_area":1816169442,"OBJECTID_1":408,"Name_rgn":"Limassol","official":1,"country":"Cyprus","class":"Προστατευόμενη γεωγραφική","altname":"Λεμεσός","gen":19,"state":null,"color":2,"ppt_yr":606,"ppt_gs":111,"GDD_1":2720,"latitude":34.7786,"elev":null,"GI_area":null,"auv":null,"climate":null,"style":null,"_bbox":[32.64164973705027,34.56312346735336,33.277237691209955,34.96287358038637]},"geometry":{"type":"Point","coordinates":[32.9438,34.76534]},"tippecanoe":{"minzoom":5}}
,
{"type":"Feature","properties":{"_area":3419860719,"OBJECTID_1":409,"Name_rgn":"Nicosia","official":1,"country":"Cyprus","class":"Προστατευόμενη γεωγραφική","altname":"Λευκωσία","gen":19,"state":null,"color":4,"ppt_yr":515,"ppt_gs":101,"GDD_1":2820,"latitude":35.0858,"elev":null,"GI_area":null,"auv":null,"climate":null,"style":null,"_bbox":[32.56762096168375,34.887411211392475,33.59345173929738,35.28491473818346]},"geometry":{"type":"Point","coordinates":[33.13049,35.08073]},"tippecanoe":{"minzoom":5}}
,
{"type":"Feature","properties":{"_area":1820711770,"OBJECTID_1":410,"Name_rgn":"Paphos","official":1,"country":"Cyprus","class":"Προστατευόμενη γεωγραφική","altname":"Πάφος","gen":19,"state":null,"color":5,"ppt_yr":530,"ppt_gs":96,"GDD_1":2656,"latitude":34.908,"elev":null,"GI_area":null,"auv":null,"climate":null,"style":null,"_bbox":[32.27101638533679,34.65825260259151,32.79597430180936,35.17672971915341]},"geometry":{"type":"Point","coordinates":[32.54595,34.89774]},"tippecanoe":{"minzoom":5}}
,
{"type":"Feature","properties":{"_area":32835401417,"OBJECTID_1":411,"Name_rgn":"Vermentino di Sardegna","official":1,"country":"Italy","class":"Denominazione di origine controllata","altname":null,"gen":14,"state":"Sardegna","color":0,"ppt_yr":622,"ppt_gs":237,"GDD_1":2197,"latitude":40.0956,"elev":null,"GI_area":null,"auv":null,"climate":null,"style":null,"_bbox":[8.130814,38.859202,9.827047,41.313255]},"geometry":{"type":"Point","coordinates":[8.97479,40.40221]},"tippecanoe":{"minzoom":4}}
,
{"type":"Feature","properties":{"_area":6480278472,"OBJECTID_1":412,"Name_rgn":"Podravje","official":1,"country":"Slovenia","class":"Zaščitena geografska označba","altname":null,"gen":0,"state":null,"color":1,"ppt_yr":1067,"ppt_gs":750,"GDD_1":1423,"latitude":46.435,"elev":null,"GI_area":null,"auv":null,"climate":null,"style":null,"_bbox":[14.951686952468295,46.034507217912086,16.532565068817345,46.87666844740842]},"geometry":{"type":"Point","coordinates":[15.5866,46.34703]},"tippecanoe":{"minzoom":4}}
,
{"type":"Feature","properties":{"_area":3755424224,"OBJECTID_1":413,"Name_rgn":"Posavje","official":1,"country":"Slovenia","class":"Zaščitena geografska označba","altname":null,"gen":0,"state":null,"color":2,"ppt_yr":1198,"ppt_gs":811,"GDD_1":1429,"latitude":45.919,"elev":null,"GI_area":null,"auv":null,"climate":null,"style":null,"_bbox":[14.791526926727348,45.464166272154294,15.732483084265944,46.093769043301656]},"geometry":{"type":"Point","coordinates":[15.22499,45.78696]},"tippecanoe":{"minzoom":5}}
,
{"type":"Feature","properties":{"_area":2174246226,"OBJECTID_1":414,"Name_rgn":"Primorska","official":1,"country":"Slovenia","class":"Zaščitena geografska označba","altname":null,"gen":0,"state":null,"color":3,"ppt_yr":1503,"ppt_gs":916,"GDD_1":1784,"latitude":45.7358,"elev":null,"GI_area":null,"auv":null,"climate":null,"style":null,"_bbox":[13.476159323441435,45.42512601265649,14.044496854564743,46.067489947225994]},"geometry":{"type":"Point","coordinates":[13.77254,45.71484]},"tippecanoe":{"minzoom":5}}
,
{"type":"Feature","properties":{"_area":21322309280,"OBJECTID_1":415,"Name_rgn":"Vigneti delle Dolomiti","official":1,"country":"Italy","class":"Indicazione geografica tipica","altname":"Weinberg Dolomiten","gen":19,"state":null,"color":0,"ppt_yr":815,"ppt_gs":594,"GDD_1":450,"latitude":46.4171,"elev":null,"GI_area":null,"auv":null,"climate":null,"style":null,"_bbox":[10.381757473321926,45.67309787006187,12.749615733561692,47.09185067335443]},"geometry":{"type":"Point","coordinates":[11.05303,46.31666]},"tippecanoe":{"minzoom":4}}
,
{"type":"Feature","properties":{"_area":87284011179,"OBJECTID_1":419,"Name_rgn":"Central","official":6,"country":"Ukraine","class":"Region","altname":"Центр України","gen":21,"state":null,"color":3,"ppt_yr":545,"ppt_gs":350,"GDD_1":1348,"latitude":49.4888,"elev":null,"GI_area":null,"auv":null,"climate":null,"style":null,"_bbox":[29.266635999999774,47.97408099906188,33.891860999999786,51.531326999081365]},"geometry":{"type":"Point","coordinates":[30.9354,49.51778]},"tippecanoe":{"minzoom":3}}
,
{"type":"Feature","properties":{"_area":40455210078,"OBJECTID_1":420,"Name_rgn":"East","official":6,"country":"Ukraine","class":"Region","altname":"Схід України","gen":21,"state":null,"color":0,"ppt_yr":497,"ppt_gs":297,"GDD_1":1569,"latitude":48.3183,"elev":null,"GI_area":null,"auv":null,"climate":null,"style":null,"_bbox":[32.9590819999998,47.456764999060205,36.936510999999776,49.19341599906693]},"geometry":{"type":"Point","coordinates":[34.76781,48.33272]},"tippecanoe":{"minzoom":3}}
,
{"type":"Feature","properties":{"_area":102738675725,"OBJECTID_1":423,"Name_rgn":"Podyllia","official":6,"country":"Ukraine","class":"Region","altname":"Поділля","gen":21,"state":null,"color":2,"ppt_yr":645,"ppt_gs":445,"GDD_1":1156,"latitude":49.1407,"elev":null,"GI_area":null,"auv":null,"climate":null,"style":null,"_bbox":[23.545885999999786,47.724353499060975,30.02180899999977,50.59491999907476]},"geometry":{"type":"Point","coordinates":[27.02547,49.2164]},"tippecanoe":{"minzoom":3}}
,
{"type":"Feature","properties":{"_area":25430355039,"OBJECTID_1":424,"Name_rgn":"West","official":6,"country":"Ukraine","class":"Region","altname":"Захід України","gen":21,"state":null,"color":5,"ppt_yr":759,"ppt_gs":528,"GDD_1":1018,"latitude":49.7229,"elev":null,"GI_area":null,"auv":null,"climate":null,"style":null,"_bbox":[22.640723999999828,48.719562999064806,25.427870999999847,50.64856199907523]},"geometry":{"type":"Point","coordinates":[24.06722,49.77684]},"tippecanoe":{"minzoom":4}}
,
{"type":"Feature","properties":{"_area":1701255425,"OBJECTID_1":426,"Name_rgn":"Niagara Peninsula","official":1,"country":"Canada","class":"Appellation","altname":null,"gen":16,"state":"Ontario","color":3,"ppt_yr":933,"ppt_gs":577,"GDD_1":1454,"latitude":43.1153,"elev":null,"GI_area":null,"auv":null,"climate":null,"style":null,"_bbox":[-79.814312,42.96565569012771,-79.0434502,43.262455590375936]},"geometry":{"type":"Point","coordinates":[-79.31752,43.11232]},"tippecanoe":{"minzoom":5}}
,
{"type":"Feature","properties":{"_area":39748289065,"OBJECTID_1":null,"Name_rgn":"Guanajuato","official":6,"country":"Mexico","class":"Estado","altname":null,"gen":24,"state":null,"color":1,"ppt_yr":650,"ppt_gs":null,"GDD_1":null,"latitude":20.9077,"elev":null,"GI_area":null,"auv":null,"climate":null,"style":null,"_bbox":[-102.09703227699997,19.91275018100003,-99.67130261499993,21.839416719000017]},"geometry":{"type":"Point","coordinates":[-100.92956,20.85821]},"tippecanoe":{"minzoom":4}}
,
{"type":"Feature","properties":{"_area":187385622098,"OBJECTID_1":null,"Name_rgn":"Coahuila de Zaragoza","official":6,"country":"Mexico","class":"Estado","altname":null,"gen":24,"state":null,"color":2,"ppt_yr":400,"ppt_gs":null,"GDD_1":null,"latitude":27.3187,"elev":null,"GI_area":null,"auv":null,"climate":null,"style":null,"_bbox":[-103.96000191999995,24.542684066000025,-99.84314542699995,29.88002429000003]},"geometry":{"type":"Point","coordinates":[-101.91012,27.37453]},"tippecanoe":{"minzoom":3}}
,
{"type":"Feature","properties":{"_area":16826291470,"OBJECTID_1":null,"Name_rgn":"Querétaro de Arteaga","official":6,"country":"Mexico","class":"Estado","altname":null,"gen":24,"state":null,"color":0,"ppt_yr":475,"ppt_gs":null,"GDD_1":null,"latitude":20.8566,"elev":null,"GI_area":null,"auv":null,"climate":null,"style":null,"_bbox":[-100.59653571399997,20.01501828700002,-99.04307985299992,21.67000542700002]},"geometry":{"type":"Point","coordinates":[-100.06595,20.65332]},"tippecanoe":{"minzoom":4}}
,
{"type":"Feature","properties":{"_area":289919675378,"OBJECTID_1":null,"Name_rgn":"Chihuahua","official":6,"country":"Mexico","class":"Estado","altname":null,"gen":24,"state":null,"color":3,"ppt_yr":500,"ppt_gs":null,"GDD_1":null,"latitude":28.8397,"elev":null,"GI_area":null,"auv":null,"climate":null,"style":null,"_bbox":[-109.07488616699999,25.558843617000033,-103.30676879299995,31.784073728000056]},"geometry":{"type":"Point","coordinates":[-106.37812,28.41896]},"tippecanoe":{"minzoom":3}}
,
{"type":"Feature","properties":{"_area":6624011194,"OBJECTID_1":null,"Name_rgn":"Aguascalientes","official":6,"country":"Mexico","class":"Estado","altname":null,"gen":24,"state":null,"color":5,"ppt_yr":526,"ppt_gs":null,"GDD_1":null,"latitude":22.0068,"elev":null,"GI_area":null,"auv":null,"climate":null,"style":null,"_bbox":[-102.874176585,21.622266485000054,-101.83528944699998,22.459589684]},"geometry":{"type":"Point","coordinates":[-102.35616,22.01926]},"tippecanoe":{"minzoom":4}}
,
{"type":"Feature","properties":{"_area":199250172395,"OBJECTID_1":null,"Name_rgn":"Baja California","official":6,"country":"Mexico","class":"Estado","altname":null,"gen":24,"state":null,"color":4,"ppt_yr":278,"ppt_gs":null,"GDD_1":null,"latitude":30.5844,"elev":null,"GI_area":null,"auv":null,"climate":null,"style":null,"_bbox":[-118.36648469,27.999999985000024,-112.75555467599997,32.718626008000044]},"geometry":{"type":"Point","coordinates":[-115.84013,30.31899]},"tippecanoe":{"minzoom":3}}
,
{"type":"Feature","properties":{"_area":44896799292,"OBJECTID_1":null,"Name_rgn":"Central Coast","official":1,"country":"United States","class":"American Viticultural Area","altname":null,"gen":24,"state":"California","color":2,"ppt_yr":534,"ppt_gs":7,"GDD_1":1698,"latitude":36.3175,"elev":null,"GI_area":null,"auv":null,"climate":null,"style":null,"_bbox":[-122.52086552954398,34.395247221117096,-119.56587642785198,38.05821085445939]},"geometry":{"type":"Point","coordinates":[-121.40517,36.62556]},"tippecanoe":{"minzoom":3}}]}